	A	C	D	E	F	G	H	I	K	L	M	N	P	Q	R	S	T	V	W	Y
1	0.216704	-0.242472	0.136762	0.293710	-0.159323	0.052352	0.092326	-0.049120	0.378189	-0.028737	0.000000	0.106912	0.278898	0.339976	0.325873	0.257274	0.280153	0.113734	-0.321332	-0.122151
2	-0.158420	-0.527988	0.142817	0.137088	-0.511338	-0.094960	-0.110606	-0.225205	0.150001	-0.291175	-0.237666	0.003087	0.372028	0.010857	0.000000	-0.026858	-0.040839	-0.174114	-0.641896	-0.465872
3	0.148973	-0.360429	0.335299	0.343055	-0.189853	0.156563	0.115626	0.028455	0.316750	-0.091483	-0.070178	0.208912	0.275755	0.177610	0.253096	0.181354	0.180701	0.000000	-0.301831	-0.097323
4	-0.216450	-0.458325	0.059258	-0.046089	-0.308492	-0.137930	-0.093504	-0.292012	0.000000	-0.272054	-0.217200	-0.071466	0.175765	-0.127788	-0.000158	-0.137680	-0.184986	-0.268390	-0.394794	-0.267349
5	-0.191298	-0.726313	0.046135	-0.037946	-0.530535	0.000000	-0.226732	-0.413168	0.099702	-0.356842	-0.317302	-0.120010	0.337146	-0.120739	0.022153	-0.102084	-0.126705	-0.300052	-0.681303	-0.433600
6	0.159682	-0.338410	0.245272	0.196485	-0.084976	0.269718	0.140294	0.000000	0.359772	0.034318	0.091663	0.179441	0.410675	0.143891	0.291738	0.158047	0.156549	0.149674	-0.204163	-0.017325
7	-0.077636	-0.361385	0.229329	0.107214	-0.197148	0.092021	0.091440	-0.057926	0.281896	0.006142	-0.009468	0.131120	0.249959	0.000000	0.213788	0.024459	0.013283	-0.035680	-0.301881	-0.124101
8	0.215302	-0.273804	0.059489	0.236542	-0.011928	0.259346	0.134039	-0.029806	0.361335	0.003561	0.000000	0.042210	0.208451	0.220325	0.297461	0.166310	0.173426	0.125028	-0.146438	0.033771
9	-0.032146	-0.287286	0.152664	0.084782	-0.234404	-0.048039	-0.005488	-0.137996	0.224994	-0.131291	-0.100514	0.000000	0.373944	0.049252	0.194371	0.000328	0.025674	-0.075396	-0.323033	-0.150377
10	-0.082300	-0.438485	0.127735	0.105616	-0.442644	0.013310	-0.118657	-0.274853	0.221286	-0.312725	-0.251335	-0.002146	0.441554	0.051381	0.150701	0.000000	-0.008496	-0.182795	-0.662663	-0.424403
11	-0.154854	-0.507382	0.198889	0.171593	-0.474476	-0.032902	-0.036950	-0.228150	0.243029	-0.219236	-0.183897	0.034103	0.325137	0.000000	0.155689	-0.035882	-0.054997	-0.150545	-0.630934	-0.416999
12	0.004160	-0.281167	0.352105	0.367464	-0.178835	0.128252	0.000000	-0.050780	0.366118	-0.028473	-0.020205	0.250609	0.331254	0.225409	0.258389	0.113326	0.135143	-0.009068	-0.404720	-0.174869
13	0.268547	-0.122138	0.534560	0.439404	-0.000013	0.390540	0.326931	0.088989	0.533307	0.000000	0.121267	0.441248	0.651952	0.343507	0.481970	0.345530	0.298444	0.172234	-0.157544	0.042091
14	0.325881	-0.084265	0.600848	0.446506	0.040123	0.484989	0.369556	0.035108	0.554626	0.000000	0.154983	0.517351	0.849500	0.377994	0.489310	0.382508	0.301733	0.130842	-0.112777	0.065136
15	-0.201358	-0.400484	0.343167	0.195171	-0.497280	-0.046203	-0.027384	-0.406421	0.145644	-0.394507	-0.337335	0.146258	0.592617	-0.010052	0.000000	0.016460	-0.013276	-0.255432	-0.618545	-0.439387
16	0.819977	0.319841	1.243012	1.164024	0.487890	1.008136	1.022122	0.473006	1.123111	0.431994	0.534485	1.164921	1.340426	1.017936	1.082004	1.033065	0.864839	0.602766	0.000000	0.659280
17	-0.337119	-0.801375	0.693441	0.352253	-0.960562	0.000000	-0.136618	-1.022261	0.244657	-1.003167	-0.808203	0.324535	0.707822	0.052817	0.131762	0.059975	-0.172324	-0.736495	-1.158585	-0.809368
18	0.367672	-0.033124	1.049294	0.764620	-0.063786	0.624113	0.573629	0.000000	0.838053	0.003855	0.130874	0.871286	1.301072	0.629796	0.755776	0.685688	0.595334	0.268037	-0.215560	0.018416
19	0.378631	-0.061096	1.035698	0.880585	-0.179326	0.644584	0.555455	-0.126039	0.858399	-0.072711	0.000000	0.840485	1.071239	0.736720	0.770871	0.714797	0.577047	0.154243	-0.368606	-0.037221
20	0.521241	0.102780	1.417054	1.070654	-0.079767	0.916729	0.842308	0.000000	1.165212	-0.037353	0.165046	1.200735	1.647390	0.908718	1.067781	0.957439	0.820069	0.315441	-0.146016	0.120850
21	0.554907	0.161141	1.409639	1.109937	0.114385	0.981212	0.946298	0.099346	1.212690	0.000000	0.268503	1.243685	1.772049	0.995577	1.122947	0.891382	0.660074	0.214740	0.032058	0.234783
22	-0.373956	-0.765034	0.889824	0.522427	-0.900360	0.000000	0.037454	-1.004254	0.337093	-0.954819	-0.775193	0.483024	1.242163	0.184741	0.234014	0.118469	-0.114954	-0.762150	-0.932441	-0.711163
23	0.448638	0.050951	1.337745	1.142663	-0.126704	0.863121	0.813603	-0.130120	1.195317	-0.111428	0.000000	1.126310	1.523390	1.025902	1.097082	0.898182	0.672613	0.137939	-0.213076	0.032520
24	0.452678	0.120767	1.429730	1.063779	0.005735	0.857915	0.829552	0.000000	1.164359	-0.035126	0.191580	1.183097	1.920413	0.916448	1.041408	0.898387	0.759629	0.297995	-0.066473	0.109244
25	0.261737	-0.053898	1.076524	0.887626	-0.137881	0.592616	0.492749	-0.145604	0.711771	-0.088662	0.000000	0.766825	1.210513	0.705418	0.587009	0.590794	0.449702	0.092617	-0.231837	-0.071501
26	0.281220	0.053319	0.998231	0.740517	-0.022488	0.572382	0.569451	0.000000	0.786905	0.040409	0.204312	0.845282	1.370646	0.647227	0.699068	0.594022	0.550774	0.267752	-0.099614	0.032507
27	0.212779	0.000000	0.824703	0.668000	0.043668	0.349980	0.526855	-0.037056	0.741060	0.006747	0.109547	0.667880	1.426473	0.611692	0.743796	0.450428	0.421931	0.109548	-0.024485	0.186788
28	-0.160004	-0.370984	0.531807	0.378595	-0.356751	0.016379	0.075891	-0.367153	0.274383	-0.386969	-0.266576	0.271504	0.924984	0.223044	0.244207	0.000000	0.025662	-0.230350	-0.496283	-0.330432
29	0.060902	-0.094298	0.611038	0.452160	0.110654	0.207312	0.366990	0.085614	0.421454	0.113113	0.136703	0.419439	0.878957	0.351675	0.395451	0.224564	0.257977	0.000000	-0.029662	0.131022
30	0.000000	-0.385762	0.388090	0.230189	-0.352969	0.449846	0.043831	-0.254499	0.291167	-0.287886	-0.194078	0.170522	0.905847	0.153865	0.207699	0.124838	0.078117	-0.059272	-0.549294	-0.334095
31	0.102537	-0.229671	0.182837	0.129311	0.038467	0.000000	0.173074	0.069624	0.447850	0.151408	0.205645	0.177950	0.837069	0.249100	0.435000	0.163019	0.220712	0.124788	-0.122139	0.062898
32	-0.037050	-0.233204	0.087840	-0.110180	-0.126097	0.083404	-0.059389	-0.189450	0.006108	-0.013048	-0.059692	0.000000	0.036522	-0.060557	0.023935	0.025157	0.034260	-0.153582	-0.175260	-0.120435
33	0.965239	0.365624	1.068431	0.948597	0.421927	1.252531	0.793758	0.343096	1.340692	0.000000	0.351923	0.849142	1.008810	0.804953	1.246971	0.889097	0.811289	0.489515	0.195405	0.263022
34	2.388893	1.722138	2.612163	2.484159	0.661262	2.523943	1.644706	1.982247	2.534793	2.241219	2.089411	2.281738	2.630947	2.447112	2.304626	2.121799	1.993055	2.061096	0.000000	0.252405
35	1.386437	0.974540	2.793329	2.823169	1.432904	2.562881	2.678891	0.082051	2.773530	0.400576	1.052743	2.811268	2.865666	2.391363	2.916222	2.477630	1.939316	0.000000	1.604924	1.864277
36	1.101393	0.955333	2.184573	1.284895	1.637842	1.732230	1.524436	1.104013	1.684642	1.691981	1.214806	1.350137	2.523077	0.788561	1.463866	0.736000	0.000000	0.622440	1.443917	1.643869
37	1.603996	0.987035	2.330719	2.165314	0.395774	2.023941	1.981695	-0.579751	2.233541	-0.228668	0.460970	2.295668	2.317202	2.024263	2.315873	2.290866	1.897202	0.000000	1.095793	1.255066
38	1.732968	1.434681	2.879385	2.607305	0.298179	2.376790	1.369930	1.375155	2.093908	1.305671	1.307718	2.121651	2.487327	1.977100	1.940795	2.031475	1.835206	1.466197	0.684003	0.000000
39	2.006260	1.450924	2.374758	2.397767	0.418596	2.333000	1.527830	1.634157	2.080807	1.725055	1.748275	2.122650	2.349688	2.152536	1.833854	2.223599	2.166262	1.656489	0.525068	0.000000
40	0.871564	0.980559	1.909705	1.964517	1.121695	0.000000	1.722749	1.410786	1.937988	1.135350	1.336276	1.640683	1.862333	1.780713	2.184324	1.421312	1.589117	1.425581	1.215464	1.291310
41	0.019253	0.408197	1.956153	1.554826	0.446872	0.908946	1.166513	0.659277	0.570690	0.638399	0.163172	1.028559	1.869872	0.460077	0.565190	0.666724	0.218742	0.000000	0.492281	0.741466
42	1.323582	1.088542	1.790950	1.677415	0.632078	1.979447	1.145465	1.184382	1.743707	1.067062	1.290202	1.512342	0.000000	1.564665	1.903321	1.651768	1.808042	1.324069	1.059492	0.681744
43	0.942626	0.635113	1.781428	1.653016	1.701212	1.432770	1.239975	0.038337	0.276045	0.513618	0.699338	0.725849	1.889826	0.746540	0.361791	0.424832	0.666168	0.000000	1.755851	1.715775
44	1.796088	0.955477	2.550174	2.539094	0.584561	2.270775	1.332699	0.611265	1.760439	1.096858	1.187899	2.087246	2.177434	2.035234	1.560911	1.740090	0.840951	0.475444	0.000000	0.195818
45	0.553605	0.329517	1.296307	0.698369	0.257956	0.999331	0.056737	0.108088	0.000000	0.554362	0.409736	0.755114	2.129890	0.292992	-0.018707	0.307663	0.203315	0.087685	0.472653	0.024131
46	0.270183	0.391252	0.000000	0.124408	0.359168	0.704265	0.312606	0.303173	0.455410	0.198205	0.396788	0.308939	-0.054675	0.373114	0.543516	0.296284	0.427342	0.360867	0.391871	-0.003217
47	0.000000	0.806088	0.577453	0.484019	1.438692	1.253170	1.488636	1.194687	1.853523	1.450997	1.034126	1.412609	2.520119	1.225441	1.947982	0.801952	1.189042	1.016577	1.475613	1.342978
48	0.420817	0.165174	-0.071727	0.000000	0.433490	0.921451	0.377697	0.158198	0.415768	0.584726	0.455064	0.295393	0.574487	0.261273	0.600735	0.251341	0.303530	-0.029893	0.339318	0.414252
49	0.018437	-0.227911	1.044074	0.671056	-0.241866	1.109422	0.871230	-0.178607	1.475697	0.167621	0.033683	1.203339	1.559339	0.905441	1.362762	0.621640	0.000000	-0.440562	0.300324	0.015361
50	0.066432	-0.226040	0.289846	-0.086120	-0.244866	0.467967	0.044374	-0.388932	0.449034	-0.442122	-0.266854	0.129186	-0.309302	0.072893	0.476128	0.146605	0.000000	-0.234633	-0.181434	-0.196627
51	1.805567	0.769616	2.117023	2.045251	0.391308	2.040888	1.418371	1.031592	2.026115	0.000000	0.473256	1.898818	1.732456	1.624937	2.047544	1.826739	1.332103	1.146711	0.764763	0.687259
52	1.410481	0.738492	1.630162	1.403851	0.000000	1.754065	1.211015	0.336206	1.717135	0.980789	1.046339	1.533528	1.882314	1.559544	1.633681	1.236225	0.863705	0.597845	0.363200	0.231079
53	0.281837	0.000000	1.432186	1.222142	0.368962	0.197201	0.979958	0.227888	0.845716	0.388845	0.381354	1.099170	-0.182943	0.954901	0.654383	1.114710	1.010291	0.107535	0.435878	0.490421
54	0.000000	-0.163762	1.609584	0.770340	0.256485	0.852578	0.247979	-0.002666	-0.770868	-0.110311	-0.575980	0.753011	1.743526	-0.365634	-0.945498	0.099421	-0.001519	0.033004	0.340759	0.180428
55	0.833409	0.787535	1.566805	1.675669	1.493542	1.138018	1.304245	1.171491	1.688595	1.232281	1.192998	0.874994	1.993431	1.223969	1.595565	0.000000	0.018124	0.972894	1.443066	1.436096
56	0.459729	0.259398	0.000000	0.143798	0.485016	0.445845	0.223914	0.495035	0.665596	0.619814	0.566582	0.241277	0.051898	0.416328	0.698853	0.436215	0.385271	0.490670	0.433914	0.365351
57	0.000000	-0.372246	0.452638	0.273068	-0.747017	0.533062	-0.166186	-0.601068	0.042650	-0.736099	-0.488235	0.193800	1.222064	0.022341	0.105770	0.262493	0.081796	-0.406576	-0.521701	-0.688612
58	-0.184980	-0.235456	-0.551816	-0.130208	-0.111351	0.009496	-0.139348	-0.017049	0.000000	-0.119244	0.013090	-0.372679	-0.264617	-0.040288	0.118415	-0.244036	-0.058972	-0.068320	-0.022536	-0.054391
59	0.000000	-0.157309	0.152536	0.168389	-0.300315	0.360817	-0.008283	-0.361272	0.334173	-0.293250	-0.193983	0.203478	0.071975	0.088754	0.339720	0.204915	0.105970	-0.078089	-0.666028	-0.331154
60	0.491866	-0.071263	-0.122104	0.198226	0.066869	0.162100	0.286562	0.415537	0.577570	0.269295	0.359057	0.028302	0.555719	0.295908	0.558177	0.200023	0.126736	0.535004	-0.013529	0.000000
61	0.249762	-0.036519	0.000000	0.154531	0.118996	0.487946	0.310839	0.144535	0.514241	0.124011	0.136093	0.363459	0.930485	0.247800	0.559394	0.305343	0.265374	0.218425	0.103189	0.174912
62	0.000000	-0.191290	-0.042606	-0.009016	-0.006419	0.029801	-0.013274	-0.000628	0.099304	-0.030762	0.024487	-0.015133	-0.199731	0.006678	0.156666	-0.009540	-0.011647	-0.000746	0.038906	0.064863
63	-0.023394	-0.338518	0.054558	0.000000	-0.156841	-0.192427	-0.049088	-0.008131	0.111081	0.007844	-0.025507	-0.052952	0.274109	-0.004581	0.126451	-0.158132	-0.146142	-0.025251	-0.108608	-0.099874
64	0.135184	-0.125480	0.145491	0.236706	0.077660	-0.046144	-0.078468	0.142754	-0.003608	0.199408	0.136656	-0.018028	0.148860	-0.007302	0.003814	0.013621	0.031829	0.000000	0.049419	0.051312
65	0.209169	-0.248455	0.292372	0.312950	-0.066518	0.460824	0.000000	-0.008752	0.370858	0.163819	0.102318	0.339795	0.390300	0.197799	0.302462	0.207941	0.220775	0.051924	-0.136006	-0.092862
66	1.094188	0.605532	1.125564	1.315682	0.575645	1.291702	0.626793	1.008683	1.233506	1.009345	1.150100	0.000000	1.774371	1.083425	1.122419	0.404324	0.796495	0.996639	0.653775	0.492555
67	0.594648	0.410269	1.539286	1.287439	0.564945	1.376677	1.278003	0.000000	1.487819	0.244257	0.452085	1.271016	0.989258	1.227782	1.489769	1.355094	1.276597	0.268927	0.670499	0.780097
68	1.931786	1.258664	1.953249	2.073059	0.449301	2.206576	0.965556	1.305226	2.212720	1.242024	1.508490	1.630616	2.484862	1.850027	2.198596	1.858868	1.656240	1.585833	0.000000	0.410257
69	0.000000	-0.264478	0.373827	0.708630	0.385765	0.399234	0.771756	-0.136725	0.635420	-0.139770	0.149352	0.253424	1.454963	0.524421	0.744464	0.188503	0.160938	-0.164271	0.668556	0.640580
70	0.239940	-0.233455	-0.142014	0.280665	-0.230645	-0.125638	0.078990	0.300605	0.475722	0.200010	0.152392	-0.138911	-0.128582	0.259439	0.380147	-0.029347	0.000000	0.390330	-0.430108	-0.251217
71	0.048198	-0.131018	0.503050	0.537997	-0.123801	0.108745	0.000000	-0.000345	0.216312	0.104588	0.106117	0.192296	0.224055	0.305759	0.143693	0.170280	0.253930	-0.025914	-0.145221	-0.135186
72	0.000000	0.054406	0.059220	0.027064	0.183737	0.323573	0.328191	0.488713	1.037882	0.518989	0.359702	0.439671	1.337073	0.341227	1.078321	0.308244	0.513680	0.531707	0.056909	0.237833
73	0.212891	0.000000	0.965888	0.836299	0.080383	0.795732	0.497053	0.864494	1.485840	0.670963	0.357756	0.921878	1.331903	0.734290	1.573163	0.610987	0.816026	0.604511	0.558428	0.369184
74	0.066680	0.003708	0.458870	0.222668	-0.298737	0.673963	0.391606	-0.288385	0.502465	-1.034975	-0.702981	0.544466	0.715342	-0.008749	0.415101	0.442550	0.406142	0.000000	-0.305811	-0.094679
75	-0.187155	-0.168303	0.229687	-0.137742	-0.232905	0.235353	-0.048000	-0.159590	-0.179018	-0.261601	-0.267135	0.098670	0.000000	-0.254175	-0.141203	-0.063500	-0.001740	-0.048823	-0.093452	-0.173489
76	-0.347249	0.097337	0.730314	0.428960	0.358110	0.338082	0.110960	0.009086	-0.189484	0.312735	0.110192	0.264639	0.463901	0.073207	-0.291212	-0.219827	0.000000	-0.075419	0.486235	0.236162
77	0.352137	0.321694	0.000000	0.360538	0.320404	0.590217	0.320614	0.492323	0.599188	0.512374	0.480108	0.226094	0.358261	0.378124	0.620420	0.241351	0.460075	0.476448	0.360901	0.385651
78	0.400040	0.488133	0.466224	0.451488	0.546858	0.505136	0.415836	0.580273	0.423756	0.489492	0.558867	0.468800	0.000000	0.433103	0.549516	0.366041	0.476956	0.532556	0.649763	0.620317
79	0.344166	0.303725	0.280469	0.389392	0.335656	0.340074	0.290264	0.577785	0.537191	0.572176	0.562648	0.000000	0.944428	0.397350	0.596646	0.270658	0.420409	0.532313	0.461779	0.413490
80	0.617724	0.648356	0.747781	0.782938	0.581371	0.605733	0.530343	0.798422	0.615494	0.742485	0.723820	0.596253	0.000000	0.594608	0.694180	0.587465	0.748837	0.870496	0.748422	0.744488
81	0.066739	-0.057730	0.101578	0.058754	0.001937	0.259747	0.077714	0.097541	0.304424	0.086868	0.104599	0.104808	0.175570	0.000000	0.325531	0.121030	0.194077	0.137288	0.000029	0.052584
82	1.334939	0.913466	0.546124	0.000000	1.504985	1.540704	1.549287	1.393965	2.253316	1.630043	1.465150	1.409671	1.709884	1.290216	2.207210	0.992252	1.162917	1.280542	1.225541	1.353557
83	1.280739	0.505790	1.114793	1.000413	0.248692	1.337466	0.691859	0.000000	1.322211	0.632755	0.664701	0.879441	1.707634	0.896438	1.217034	1.106765	0.529420	0.256927	0.232183	0.310746
84	0.126031	0.288225	-0.057242	0.051216	0.074424	0.444393	0.048372	0.327812	0.185600	0.351136	0.413372	0.000000	-0.139196	0.225088	0.229227	0.049219	0.150072	0.291330	0.158301	-0.012538
85	2.044756	1.270410	2.230250	2.320104	1.328117	2.096678	1.959980	0.944455	2.143738	0.000000	0.785005	2.039237	2.324856	1.937403	2.091491	2.216658	2.018678	1.342805	1.724843	1.793452
86	0.053123	-0.021648	0.258867	0.000000	-0.122333	0.577745	0.044013	0.173430	0.194487	0.003568	0.044341	0.220497	0.345663	0.147741	0.279332	0.307413	0.317090	0.136434	-0.050239	-0.163543
87	0.938528	0.658691	0.653871	1.031102	0.684454	0.405551	0.573778	1.845795	1.011122	1.139317	1.143769	0.000000	2.508772	0.995233	1.085997	0.981857	1.552578	2.000232	0.909088	0.697123
88	1.636530	0.832589	2.110755	2.104395	0.579814	2.191944	1.679599	0.540822	2.027904	0.239312	0.755690	2.015610	2.293288	1.838843	1.864741	2.009575	1.526526	0.000000	0.748783	0.943525
89	0.856092	0.021687	1.124502	0.237314	-0.135920	1.292339	0.299208	0.044923	0.829450	0.276677	0.217212	0.800291	2.322088	0.358939	0.841232	0.311168	0.000000	0.067603	-0.360550	-0.255774
90	-1.045215	-1.122809	0.531147	0.000000	-1.547932	0.040996	-0.648344	-1.589178	-0.157931	-1.738166	-1.550578	0.223863	1.150084	-0.235557	-0.254738	-0.076544	-0.352935	-1.511186	-1.201576	-1.772513
91	0.786511	0.132240	0.668221	0.000000	-0.116886	1.282721	0.327165	0.422221	1.004060	0.426715	0.521418	0.705489	1.245754	0.710911	0.991042	0.714878	0.785611	0.433763	0.092259	-0.380403
92	2.995026	2.049016	3.068915	3.277215	0.000000	2.816779	2.658410	2.100753	3.409162	1.939945	2.016387	3.015760	3.180110	3.150496	3.433982	3.089603	3.047857	2.532212	1.967049	1.567783
93	1.341605	0.716624	0.084067	0.944376	0.952576	1.797740	0.873392	1.463321	1.602695	1.565055	1.367860	0.000000	2.729319	1.218819	1.614675	0.939015	1.461593	1.496531	0.796566	0.804907
94	0.401573	0.056733	0.170308	-0.438699	-0.399238	1.215559	0.802952	-0.105580	1.508497	0.110845	0.000000	0.849444	1.260694	0.634188	1.386411	0.616057	0.189176	-0.243983	-0.497911	-0.259034
95	2.693267	1.877711	2.439702	2.529785	1.083396	2.798999	2.078091	2.540115	3.201326	2.627424	2.402976	2.295926	3.298218	2.839823	2.890079	2.525839	2.505590	2.597044	0.000000	0.659324
96	0.186120	-0.245105	0.434010	0.337761	0.206921	0.643180	0.172757	0.374185	0.000000	0.248818	0.138201	0.129883	2.515852	0.099108	0.162212	0.054256	-0.081815	0.360524	0.192396	0.104153
97	1.769210	1.252365	1.353344	2.047713	1.548162	1.988239	1.550644	1.926659	2.134026	1.919690	1.847298	0.000000	2.555987	1.821080	2.002730	1.206543	1.871971	1.956000	1.624231	1.862775
98	0.184408	0.023797	0.568697	0.472255	-0.744845	0.317587	-0.501048	0.483075	-0.020562	0.495878	0.334539	0.000000	0.109245	0.334162	0.090409	0.031560	0.122271	0.290982	-1.087412	-0.808622
99	1.971601	1.388312	2.865988	2.771312	0.433558	2.347781	2.223780	0.534140	2.845997	0.319723	0.000000	2.656312	2.797039	2.291264	2.875065	2.544887	2.145736	1.346686	0.916099	1.296131
100	0.924073	0.880157	1.430859	1.478056	0.704022	1.482978	1.308087	0.240161	1.630408	0.789620	0.932729	1.453910	1.762443	1.443192	1.637448	1.168147	0.931964	0.000000	0.751201	0.751085
101	0.256098	0.099596	-0.132104	0.000000	0.393271	0.329581	0.271348	0.437007	0.138779	0.479917	0.385289	0.076131	0.953461	0.175318	0.153719	0.191448	0.208285	0.439870	0.270429	0.340808
102	0.585438	0.945642	0.928900	0.714553	0.521485	1.280643	0.749282	0.586602	0.718317	0.656282	0.453679	1.093931	2.213252	0.000000	0.867593	0.770078	0.779428	0.874284	0.403619	0.518881
103	0.111382	0.384421	1.720863	1.738244	0.380585	0.913253	1.408423	0.174690	1.649786	0.307796	0.000000	1.588122	1.577641	1.313794	1.467976	0.910051	0.824997	0.380122	0.462633	0.801658
104	0.621885	0.112815	0.005922	0.292675	0.030668	0.816611	0.000000	0.279763	1.136250	0.268376	0.225534	0.320033	2.091781	0.568063	0.916057	0.502981	0.368612	0.367808	-0.274159	-0.228367
105	-0.463758	-0.449083	-0.342535	-0.473767	-0.391650	0.013671	-0.393374	0.024323	-0.328609	-0.211794	-0.333244	-0.454306	1.725422	-0.494562	-0.352021	-0.230710	0.000000	0.092026	-0.484610	-0.394526
106	1.049532	0.512293	0.000000	1.137905	-0.107367	1.394927	0.512843	0.621138	1.760959	0.757134	0.915058	0.670107	2.378332	1.281629	1.640690	0.962157	0.636623	0.823956	-0.086045	-0.169914
107	0.404643	0.238821	0.971565	0.847719	-0.242189	0.919777	0.539194	0.000000	1.463945	-0.039824	0.089960	0.751229	1.904946	0.630351	1.493726	0.505218	0.433514	0.466405	-0.017379	0.215040
108	0.095536	-0.224598	0.303399	-0.173498	0.125902	0.330309	0.025917	0.000000	0.226424	-0.042603	-0.237388	0.118305	2.023273	-0.296875	0.241692	0.442894	0.531426	0.272850	-0.014683	0.080526
109	-0.209080	0.022258	0.006146	-0.150686	0.221519	0.276532	0.172632	0.449042	0.179239	0.099728	-0.024268	0.036119	1.956037	-0.073405	0.168327	0.000000	0.336838	0.517475	0.095663	0.248422
110	0.060782	0.227995	1.141173	0.723775	0.548859	0.895972	0.668365	0.357065	0.287338	0.000000	0.027191	0.329918	1.661791	0.101892	-0.073347	0.268359	0.520171	0.506711	0.589330	0.831993
111	1.502523	0.832628	2.309262	1.994760	0.275482	2.139795	1.657764	0.505837	2.405925	0.504319	0.727450	2.114312	2.549777	1.852602	2.369060	1.768565	1.055196	0.404078	0.000000	0.849934
112	0.386308	-0.231430	0.000000	-0.235929	-0.201457	0.728570	0.046667	-0.085852	0.550074	-0.211084	-0.155279	0.262465	1.848379	0.082080	0.474523	0.509025	0.344273	0.107770	-0.179349	-0.129587
113	0.138921	-0.023494	0.193326	-0.023522	-0.200056	0.515612	0.198558	0.033303	0.686944	0.014060	-0.008880	0.408208	1.381874	0.000000	0.664739	0.346485	0.397307	0.275003	-0.369016	-0.113279
114	-0.460832	-0.440669	0.764710	0.312405	-0.462959	0.000000	0.013536	-0.273834	0.496177	-0.158513	-0.341738	0.401328	1.417218	0.146526	0.479359	0.049761	0.113800	-0.218247	-0.599923	-0.482337
115	1.051441	0.656716	1.591339	1.637249	0.528874	1.423780	1.354057	0.263832	1.542090	0.000000	0.452068	1.382130	1.801765	1.354554	1.633215	1.211501	1.136120	0.626571	0.891355	0.962869
116	-0.301297	-0.130020	0.309615	0.040746	-0.067231	0.186274	0.143403	0.025351	0.000000	-0.189490	-0.160852	0.277483	0.855956	-0.032221	0.036651	0.112676	0.258244	0.148205	-0.135677	-0.034516
117	-0.144966	-0.498886	-0.234309	-0.176782	-0.317751	-0.278372	-0.245105	0.013616	-0.010753	-0.133392	-0.183372	-0.282688	0.000000	-0.140105	0.010481	-0.155659	-0.071018	0.067619	-0.308088	-0.266011
118	0.127120	0.000000	0.905861	0.778864	0.296779	-0.011546	0.765951	1.057773	1.440091	0.961793	0.440901	0.480202	1.723122	0.788119	1.425185	0.077782	0.428012	0.805672	0.121691	0.387688
119	0.602396	0.548125	0.978012	1.159708	0.535408	1.289871	0.933788	0.410350	1.428502	0.626196	0.556912	0.765943	0.829269	0.866420	1.533483	0.741328	0.173699	0.000000	0.435528	0.696392
120	-0.186099	-0.107158	-0.474905	-0.194296	0.197161	0.173331	0.064852	0.161089	0.000000	-0.016824	0.042687	-0.246174	-0.297391	-0.065504	0.127297	-0.283955	0.006599	0.018974	0.333819	0.209195
121	1.544146	0.844370	1.972002	2.156440	0.713120	1.944861	1.754477	1.200009	2.246330	0.000000	0.736153	1.946223	2.338230	1.939862	2.280723	2.051098	1.988288	1.579544	1.120459	0.967549
122	-0.235917	-0.087544	-0.187167	-0.334474	-0.006061	0.013711	0.064177	0.126059	0.248362	-0.031383	-0.001687	0.121925	1.133901	0.017036	0.264136	-0.021944	0.000000	0.269100	-0.118080	-0.075511
123	-0.167347	0.029450	0.365993	0.180184	-0.105020	0.292051	0.338129	0.243288	0.541183	0.267986	0.230741	0.555566	0.000000	0.321714	0.751660	0.294364	0.518128	0.186814	-0.073097	0.035181
124	1.826486	1.171919	2.495050	2.473945	0.908327	2.369742	2.172538	1.175561	2.338414	0.000000	0.638339	2.327642	2.896766	2.059392	2.561487	2.168457	2.019813	1.469869	1.165999	1.698917
125	0.457451	0.000000	0.536094	0.423800	0.608960	1.166494	1.017704	0.443542	1.350911	0.427124	0.324432	0.732166	1.827076	0.789882	1.408735	0.794378	0.911452	0.550278	0.880439	0.753668
126	0.797100	0.556132	1.024760	0.393146	1.054061	1.060269	0.958805	0.454634	0.879047	0.869666	0.673473	0.912437	1.875175	0.513420	0.925109	0.770767	0.685039	0.000000	1.291872	1.216462
127	0.322041	0.155557	0.366682	0.295339	-0.132882	0.840386	0.322351	-0.300790	0.484668	-0.275389	0.055635	0.298627	0.510359	0.417575	0.531742	0.281982	0.000000	-0.192927	0.042347	-0.067927
128	1.989591	1.173605	3.160068	2.938983	0.515865	2.597552	1.810745	0.695168	2.114336	0.000000	0.304334	2.706218	2.952290	2.206734	2.270823	2.427127	2.248814	1.360175	0.854391	0.508086
129	0.191301	-0.360197	0.000000	-0.236790	-0.699605	0.642931	-0.359272	-0.523437	0.155473	-0.376469	-0.256281	-0.085658	1.697923	-0.132366	0.147848	-0.077129	-0.210753	-0.295602	-0.720755	-0.745596
130	0.181218	0.000000	1.426061	1.294837	0.634930	0.645056	1.448210	0.782840	1.640383	0.626499	0.478135	1.511674	1.904595	1.342402	1.661442	1.047930	1.142910	0.530821	1.036547	1.010798
131	0.301751	0.010956	0.653385	0.307452	0.017012	0.704997	0.000000	0.113536	0.277563	0.298836	0.183443	0.427570	1.434477	0.220969	0.224208	0.169789	0.137697	0.039116	0.056854	0.016679
132	0.157935	0.176561	0.113960	0.124771	0.154021	0.270926	0.085069	0.184562	0.089125	0.009761	0.149815	0.000000	-0.069756	0.080006	0.258986	0.052174	0.219441	0.215547	0.236192	0.251238
133	0.512299	0.129342	0.611262	0.601520	0.078770	0.781187	0.479694	-0.089259	0.911311	-0.125413	0.092214	0.594454	0.389404	0.626482	0.902690	0.611889	0.488961	0.000000	0.098382	0.079643
134	-0.019746	-0.312433	0.158975	0.070059	-0.301810	0.121913	-0.073779	0.049901	0.134985	-0.090216	-0.088259	0.022800	0.344090	0.034254	0.138938	-0.051815	0.000000	0.076109	-0.363051	-0.273584
135	0.514792	0.095499	0.618545	0.723458	0.100846	0.169218	0.467282	0.556919	0.681946	0.269925	0.335565	0.470066	0.912866	0.539842	0.599570	0.527971	0.544843	0.670148	0.127626	0.000000
136	0.331943	0.095241	-0.002356	0.204681	0.234289	0.275924	0.171631	0.364181	0.422057	0.383020	0.396512	0.000000	0.348227	0.312027	0.458688	0.149020	0.294994	0.356510	0.160381	0.302528
137	0.288377	0.026476	0.375430	0.378654	0.237273	0.474537	0.437800	0.000000	0.573657	0.246384	0.230332	0.394932	0.766820	0.332832	0.567861	0.219322	0.215586	0.105623	0.011124	0.196428
138	-0.002656	-0.080942	-0.031911	0.136052	-0.029807	0.030626	-0.000847	0.205379	0.137538	0.085439	0.115922	0.017210	-0.270916	0.095955	0.098880	-0.179663	0.000000	0.238140	-0.065617	0.004699
139	-0.043000	0.112113	-0.018999	-0.108275	0.144713	0.201462	0.041517	0.194686	0.163934	0.180465	0.148177	0.086965	0.292225	0.113189	0.203118	0.000000	0.175510	0.101377	0.085339	0.113152
140	0.065769	0.025105	0.000000	0.054374	0.048316	0.065672	0.100269	0.269827	0.404605	0.204299	0.165424	0.118179	0.601245	0.182638	0.417012	0.018677	0.156798	0.267428	-0.039944	0.031090
141	1.067389	0.332611	1.356740	0.937729	0.690463	1.045599	0.915600	0.830066	1.003841	0.308851	0.000000	0.894869	1.717643	0.672998	0.974356	1.072558	1.093030	0.888959	0.698403	0.710886
142	-0.062288	0.146153	0.399776	0.189511	0.077930	0.160281	0.063972	0.219780	0.000000	0.190455	0.106721	0.244743	0.605922	0.051151	0.057449	0.021017	0.163987	0.169618	0.064739	0.063611
143	0.612543	-0.058983	-0.141285	0.000000	0.076862	-0.065029	0.218476	0.705724	0.901425	0.592858	0.468770	-0.015686	1.413501	0.444730	0.880633	0.298600	0.343224	0.696123	0.142472	0.063342
144	0.380953	0.317747	0.622642	0.000000	0.648338	1.158678	0.847070	0.330933	1.053936	0.534074	0.363543	0.896002	1.710473	0.355931	1.109005	0.604568	0.706965	0.261632	0.402623	0.610522
145	1.414158	0.707053	2.034374	1.790428	0.080245	1.764214	1.301010	0.000000	1.595367	0.204761	0.319891	1.786785	2.017575	1.323685	1.445924	1.703803	1.406021	0.587397	-0.194777	0.169119
146	-0.121620	-0.637883	1.335564	0.735229	-1.446326	0.625239	-0.468700	-0.798620	-0.264438	-1.346926	-1.138413	0.444863	1.180928	-0.222386	-0.176964	0.012906	0.000000	-0.540858	-1.794220	-1.631425
147	0.029532	-0.368102	0.361262	-0.466368	-0.502162	0.687129	-0.187026	-0.581902	-0.288169	-0.495523	-0.429789	0.000000	1.867569	-0.415646	-0.345104	-0.061133	-0.091857	-0.507649	-0.505373	-0.483822
148	0.338383	0.000000	1.306278	1.250309	0.695665	1.066942	1.346710	0.740220	1.695429	0.828590	0.740048	1.357820	1.736154	1.396799	1.685525	0.990022	1.002981	0.536562	1.002013	0.994906
149	0.563464	-0.039086	0.507248	0.245550	-0.511708	1.006236	-0.041707	-0.057082	0.544946	0.106993	0.070572	0.303528	1.983648	0.239499	0.463801	0.000000	-0.155615	0.042981	-0.456601	-0.481397
150	1.575403	1.213267	2.568401	2.450850	0.201516	1.599989	1.776381	1.488994	2.346231	1.199597	1.117794	2.253177	2.436182	2.058376	2.134441	2.056922	1.691070	1.461529	0.370121	0.000000
151	0.407456	-0.219978	-0.142147	-0.395005	-0.496473	0.750798	-0.018816	-0.133547	0.620832	-0.177153	-0.094552	0.000000	1.402651	0.115482	0.616822	0.109803	0.082763	0.020401	-0.706587	-0.583119
152	1.161211	0.813014	2.148093	2.050472	0.565508	1.588192	1.366421	0.470113	2.039216	0.559657	0.850175	1.787491	1.999136	1.778310	1.916125	1.591871	1.081836	0.000000	0.826334	0.550256
153	0.158887	-0.223383	0.167097	0.155857	-0.629424	0.217437	-0.148069	0.142360	0.307607	-0.251722	-0.157441	-0.095049	-0.000506	0.140335	0.165211	0.006024	0.000000	0.269817	-0.678484	-0.719630
154	0.795615	0.395838	0.930149	0.852664	0.495005	0.768634	0.820604	0.849215	1.010558	0.443179	0.415747	0.790755	1.918206	0.674198	0.848335	0.406746	0.000000	0.833842	0.297360	0.533167
155	0.087043	-0.205871	0.097462	0.052178	-0.273061	0.313209	-0.007454	0.095539	0.406256	0.114601	0.052836	0.145596	0.282617	0.221191	0.361566	0.124508	0.165020	0.000000	-0.530449	-0.387392
156	0.072959	-0.430703	-0.297635	-0.067009	-0.239108	-0.084840	-0.189723	0.000000	0.178770	-0.115948	-0.026897	-0.275502	0.380696	-0.097262	0.161571	-0.205759	-0.135732	0.184909	-0.228337	-0.143086
157	-0.189317	-0.262868	-0.056945	0.009587	-0.207058	-0.092253	-0.120662	0.003617	0.073109	-0.081975	-0.106397	-0.122356	0.048423	-0.040513	0.000000	-0.161658	-0.050855	-0.013172	-0.214597	-0.154791
158	0.240009	-0.302049	0.000000	0.233325	-0.154283	-0.020524	0.071199	0.282873	0.512793	0.176780	0.161200	0.057913	0.767667	0.309721	0.441930	0.086426	0.133230	0.296659	-0.268405	-0.118876
159	-0.057160	-0.494893	0.182012	0.095342	-0.432891	0.127368	-0.214992	-0.312282	0.000000	-0.338944	-0.345669	-0.052118	0.655527	-0.134417	-0.036535	-0.032169	-0.147366	-0.314041	-0.397260	-0.313277
160	0.066387	-0.441318	0.397004	0.030693	-0.752638	0.322319	-0.359127	-0.360035	0.000000	-0.478622	-0.445931	0.147040	0.349208	-0.184445	-0.007913	-0.090311	-0.307147	-0.341206	-0.853589	-0.802364
161	0.066132	-0.261074	0.573617	0.269701	-0.260401	0.658686	0.154121	-0.269479	0.224685	-0.276591	-0.257371	0.493552	1.467803	0.000000	0.155865	0.317402	0.218218	-0.212629	-0.226375	-0.134337
162	0.262964	-0.107171	0.709062	0.147410	-0.179712	0.731599	0.052989	-0.075692	0.000000	-0.301222	-0.136089	0.216123	0.705119	-0.068559	0.028425	0.159764	-0.020137	-0.095257	-0.285552	-0.132227
163	1.031186	0.254621	2.086344	1.246811	0.332230	1.613332	0.636862	0.482014	1.182607	0.545134	0.447039	1.294075	2.234378	0.838630	1.140918	1.364452	1.166597	0.000000	0.590664	0.414538
164	0.656452	-0.023322	0.782864	0.462692	-0.097893	0.901922	0.173266	0.279929	0.452324	0.450679	0.325568	0.426696	1.923045	0.308786	0.428246	0.000000	-0.128635	0.248235	-0.075474	-0.014772
165	-0.610796	-0.108323	1.308515	0.760244	-0.415658	-0.188939	0.729092	0.207102	0.792708	0.149746	-0.228456	0.969480	1.766980	0.347193	0.832492	0.000000	0.465508	0.119145	-0.452931	0.145444
166	1.785892	0.872805	2.300729	2.203497	0.383214	2.295094	1.511555	0.408832	1.866576	0.000000	0.710414	1.849714	2.563762	1.739621	1.833801	1.885157	1.562605	0.942096	0.623020	0.617987
167	1.455298	0.761278	2.843297	1.791737	0.000000	2.285685	0.907432	0.919294	1.823084	0.326971	0.614446	1.977518	2.882897	1.598384	1.758269	1.940467	1.965016	0.986692	0.084935	0.324118
168	1.387257	1.003762	1.777541	1.918931	0.482654	1.443598	0.677980	1.727498	1.291567	1.335897	1.296186	0.755068	1.230906	1.437955	0.945724	0.894329	0.972259	1.672725	0.337042	0.000000
169	0.282302	0.536586	1.132689	1.036274	0.641607	0.788904	0.529376	0.581522	0.000000	0.741480	0.673994	0.605873	0.898197	0.600699	0.075045	0.142557	0.733934	0.768242	0.560304	0.642552
170	0.804953	0.474847	0.486178	0.598530	0.464651	0.887203	0.636453	0.595523	1.276462	0.000000	0.332909	0.791097	1.875019	0.612204	1.245468	0.680371	0.758434	0.970183	0.306865	0.428285
171	2.218564	1.584040	0.000000	1.853076	2.246209	2.277430	2.288960	2.525723	2.706030	2.659683	2.257938	1.341238	3.123573	2.392865	2.640588	1.838328	2.292850	2.544021	2.016441	2.350081
172	1.588405	0.781877	2.814774	2.637148	1.016395	2.357914	2.023717	-0.052687	1.928810	-0.202011	0.395806	2.248401	2.868942	1.903865	2.060796	1.871692	1.026139	0.000000	1.325824	1.403160
173	0.654565	0.191748	0.921969	0.216892	0.130477	1.043532	0.517609	0.119454	0.585264	0.413626	0.268508	0.895919	2.337964	0.319588	0.590312	0.558106	0.393241	0.000000	0.377013	0.249148
174	0.187173	0.484071	1.116459	0.572861	0.068535	0.593331	0.080987	0.613493	-0.135269	0.516480	0.378067	0.449589	-0.031371	0.000000	-0.141118	0.244660	0.637572	0.612193	0.120259	0.012503
175	0.601801	0.259976	0.372420	0.186875	0.586748	0.839038	0.611598	0.000000	0.838703	0.054708	0.305519	0.539912	1.273761	0.367758	0.875343	0.567834	0.506666	0.143417	0.709486	0.715119
176	0.233631	-0.119336	-0.099346	-0.016401	0.120392	0.000000	0.101009	0.236758	0.474268	0.238271	0.305415	-0.088562	0.955672	0.181294	0.496320	0.110243	0.239458	0.348408	0.112250	0.204925
177	0.072484	-0.202655	-0.010246	-0.001319	0.076606	0.000000	0.045217	0.147925	0.290819	0.171033	0.208214	-0.010215	0.100477	0.112613	0.316863	-0.022061	0.095592	0.147810	0.026497	0.163416
178	0.154917	-0.095835	0.093945	0.089649	0.097088	-0.019730	0.148134	0.240738	0.440732	0.290633	0.269558	0.000000	0.547898	0.220338	0.466695	0.021860	0.096149	0.117653	0.065319	0.141011
179	0.470364	0.243387	-0.260925	0.136449	0.594174	0.295536	0.374431	0.618063	0.676391	0.634244	0.609816	0.000000	0.838159	0.417449	0.701642	0.161011	0.380765	0.539204	0.461313	0.609739
180	-0.216202	-0.226442	-0.060585	-0.078185	-0.086095	-0.117787	-0.126539	0.028642	0.073458	-0.009263	-0.037917	-0.125134	-0.037681	-0.083185	0.000000	-0.233359	-0.079281	-0.037846	-0.113037	-0.066435
181	0.081944	-0.295739	0.105406	0.103986	-0.197052	0.146586	-0.007075	0.230498	0.285229	0.011844	0.021247	-0.063807	0.759151	0.114802	0.269657	-0.067076	0.000000	0.270420	-0.285363	-0.161157
182	0.395826	0.113018	0.274409	0.386683	0.248550	0.421500	0.364395	0.281371	0.512986	0.274164	0.271723	0.000000	1.206589	0.421248	0.520633	0.083072	0.340047	0.346793	0.207479	0.302167
183	0.337792	0.203092	0.858412	0.732296	0.359141	0.334893	-0.012767	0.394426	0.134672	0.247455	0.225543	0.051956	0.234174	0.299110	0.038132	0.000000	0.096787	0.375080	0.409695	0.341334
184	0.579116	0.300436	1.212063	0.675206	0.204203	0.804322	0.322181	0.545099	0.240293	0.220244	0.264399	0.635682	2.012571	0.000000	0.161143	0.230777	0.319828	0.549444	0.295993	0.300836
185	0.859666	0.463165	2.592341	2.155735	0.213186	1.766548	1.232400	0.787418	1.274320	0.681397	0.534271	1.714578	2.372475	1.361684	1.228388	1.317028	1.362593	0.353698	0.228298	0.000000
186	0.465378	0.161998	1.282209	0.423036	0.202430	1.174750	0.443801	-0.037365	0.198736	0.186666	0.029105	0.859868	2.323404	0.142122	0.000000	0.531979	0.394729	-0.012190	0.169845	0.104606
187	2.112505	1.620210	2.761879	2.644614	0.844853	2.439524	2.208866	0.805673	2.553766	0.000000	0.976041	2.410283	1.674893	2.378157	2.528129	2.310641	1.961359	1.391843	1.463304	1.572102
188	-0.015636	0.041496	0.710226	0.355814	0.155459	0.451450	0.223929	0.000000	0.129048	0.229132	0.243871	0.374525	1.085519	0.254568	0.094976	0.076800	0.242904	0.158282	-0.004114	0.055660
189	-0.716505	-0.423786	0.407380	0.252681	-0.719179	-0.256178	-0.024789	0.218281	0.656059	0.059743	-0.053175	0.000000	0.051570	0.181780	0.771669	-0.326131	-0.079073	0.099807	-0.946846	-0.419274
190	0.463013	0.000000	0.858676	0.893241	0.769684	1.042898	1.238873	0.814287	1.481689	0.975093	0.768380	1.006780	1.285107	1.135594	1.570594	0.657569	0.762991	0.660646	0.711430	0.925669
191	0.333003	0.161513	-0.096026	0.141825	0.099012	0.264091	0.220237	0.568229	0.467537	0.431920	0.391688	0.000000	1.126749	0.348925	0.548589	0.227021	0.453737	0.646883	0.169243	0.182940
192	0.417721	0.052940	0.434252	0.331433	-0.127344	0.397605	0.063728	0.302363	0.429040	0.391086	0.344151	0.205486	1.851848	0.294740	0.439424	0.026976	0.000000	0.312219	-0.118951	-0.199640
193	-0.124543	0.276306	0.951500	0.533309	0.285679	0.856529	0.296509	0.655892	0.228843	0.437018	0.023042	0.627903	2.110963	0.002293	0.295385	0.000000	0.682199	0.664225	0.418945	0.270513
194	0.000000	-0.173866	-0.339601	-0.537717	0.012978	0.437496	0.050704	-0.473424	0.167518	-0.225463	-0.182348	-0.037484	0.984907	-0.214670	0.333780	-0.165255	-0.307453	-0.446553	0.033766	0.055309
195	0.934223	0.511265	1.550733	1.593772	0.634949	1.336376	1.444237	0.000000	1.719196	0.105904	0.360542	1.442104	1.064127	1.339839	1.689397	1.110006	0.540400	0.165637	0.922557	1.078905
196	0.570528	0.420286	1.700343	1.055471	-0.298387	1.300637	0.427122	-0.102592	0.682376	0.213564	0.179404	1.125559	1.814386	0.645454	0.513523	0.514678	0.000000	-0.014678	-0.472389	-0.440235
197	0.870696	1.281551	2.421081	1.140249	1.207260	1.564705	1.587969	1.298832	1.744092	0.683556	0.083350	2.052798	2.536348	0.000000	1.961577	1.415356	1.889629	1.513560	1.221946	1.526049
198	0.000000	0.405294	2.025151	1.533054	0.412830	1.375413	0.967047	0.090972	0.525138	0.235187	0.083750	1.449178	1.747247	0.628006	0.609087	0.788295	0.830421	0.142740	-0.270255	0.530269
199	0.453045	0.000000	-0.348850	0.692287	0.270960	0.543733	0.171649	0.768938	1.229794	0.537398	0.708886	0.162053	-0.069981	0.981640	1.308790	0.146373	0.793424	0.742801	0.251151	0.387473
200	0.541210	0.204050	0.411103	0.382377	0.512675	0.769678	0.419290	0.150114	0.593121	0.425730	0.352949	0.563791	0.000000	0.448993	0.583901	0.473630	0.230368	0.143782	0.547845	0.518800
201	-0.144324	-0.476494	-0.324579	-0.288131	-0.216067	-0.185436	-0.260795	0.215878	0.000000	0.006140	-0.064254	-0.226155	1.081206	-0.209724	0.084623	-0.094185	-0.118452	0.206535	-0.398504	-0.256025
202	0.869193	0.060987	1.164834	1.247339	-0.224318	1.413558	0.659661	-0.185396	1.318404	-0.023044	-0.212639	1.212321	1.595790	0.781491	1.239268	1.037346	0.534806	0.000000	-0.905578	-0.390479
203	0.661836	0.167318	0.321769	0.773489	0.632414	0.630739	0.366794	0.677884	0.322778	0.672560	0.687902	0.311611	1.429437	0.474779	0.407169	-0.233254	0.000000	0.708198	0.586825	0.608988
204	1.394944	0.667935	1.016759	1.389922	0.000000	1.534083	0.925771	0.918026	1.980537	0.656268	0.840852	0.958734	1.299675	1.376800	1.903539	0.868662	0.467243	1.142929	-0.148617	0.188187
205	0.566407	0.160071	0.275359	0.000000	-0.000331	1.103521	0.272667	0.484979	0.711810	0.529086	0.471163	0.569868	2.140496	0.478778	0.685783	0.617829	0.562833	0.622824	-0.028282	-0.099355
206	0.343345	0.824894	1.402371	0.969500	0.916677	1.353924	1.124532	1.000903	1.285792	1.131199	1.071990	1.388204	0.000000	1.129953	1.320151	0.980594	1.277165	0.875695	1.004469	0.961732
207	0.510901	-0.062598	0.410988	0.148983	0.056110	0.505496	0.250080	0.000000	0.501773	-0.132249	0.002572	0.457351	0.302515	0.195464	0.486101	0.539743	0.367827	0.232316	0.171475	0.023970
208	0.072706	0.077321	0.333327	-0.122091	0.506266	0.667525	0.205024	0.384238	0.265680	0.426163	0.365737	0.260512	0.000000	0.091881	0.336323	0.182103	0.169836	0.290679	0.532900	0.410561
209	1.772935	1.022107	2.211245	2.101771	0.934185	2.060072	1.859782	0.000000	1.984220	0.339143	0.763011	2.006346	2.127188	1.823509	1.981430	1.988964	1.515992	0.580760	1.117982	1.360408
210	1.298375	0.933635	2.577487	1.776450	0.442312	2.017932	0.000000	1.177639	0.375770	1.266256	0.855827	1.132057	2.510862	0.647119	-0.249207	1.185508	1.471967	1.274897	0.477935	-0.110144
211	2.101338	1.611421	3.053352	2.920943	0.623645	2.659799	2.046807	1.284910	2.519320	0.724409	1.180711	2.462300	2.327363	2.346817	2.299317	2.518914	2.472490	1.782650	0.191325	0.000000
212	0.592367	0.000000	1.863648	1.365275	0.470586	1.006242	0.809933	1.047514	1.359581	1.045094	0.554340	1.092801	2.368989	0.952713	1.198514	0.903043	1.178703	0.709927	0.709922	0.456733
213	0.000000	0.610044	1.734322	1.556980	1.216637	1.409745	1.508333	0.888410	1.592245	1.027455	0.975316	1.495109	1.647037	1.329099	1.584460	0.665035	0.547106	0.101329	1.384352	1.224955
214	1.222415	1.069841	1.375189	0.956518	1.259114	1.335033	1.420650	1.252099	1.846929	1.261080	1.190630	1.347160	0.000000	1.285551	1.827925	1.358788	1.358198	1.171657	1.442886	1.399301
215	0.000000	-0.066092	0.208136	0.233955	-0.481919	0.645213	0.151153	0.047896	0.713274	0.114513	0.031204	0.345808	0.085076	0.378182	0.735395	0.255098	0.188714	0.076592	-0.421771	-0.190922
216	1.004971	0.357804	1.386190	1.378878	0.056440	0.000000	0.633395	1.082381	1.621084	0.841744	0.651646	0.812635	2.118301	1.145808	1.447509	1.024222	1.197703	1.196287	0.143110	-0.178646
217	1.693181	1.119106	1.795959	1.758909	0.000000	2.090150	1.060006	1.791464	2.330844	1.594380	1.336688	1.609807	2.614165	1.810401	2.141826	1.585834	1.627621	1.903587	0.784610	0.178663
218	0.000000	0.144748	1.891077	1.551212	0.444083	1.438201	1.256609	0.210197	1.482573	0.486984	0.538535	1.568909	2.338165	1.201864	1.463067	0.913779	0.798744	0.032982	0.776563	0.615649
219	2.285374	1.588693	2.837744	2.656527	1.279322	2.576121	2.565460	0.000000	2.639322	0.343824	1.012151	2.708971	2.998869	2.401323	2.753082	2.681774	2.574784	1.190435	1.853080	2.042624
220	2.041591	1.010735	2.605106	2.536485	-0.049081	2.340952	1.852973	1.226776	1.761205	0.000000	0.810038	2.362845	2.790870	2.028858	2.037279	2.134273	2.151714	1.723951	1.151656	1.417513
221	0.404918	-0.123131	1.959568	0.453405	0.212839	1.373538	0.684462	-0.241850	0.000000	-0.166210	-0.380847	1.318958	2.521184	0.029902	0.150804	0.881506	0.738532	-0.599193	0.343550	0.219408
222	0.748486	0.000000	0.314654	1.408627	2.079521	1.589979	2.048728	1.645172	2.527302	2.127294	1.749966	0.843155	1.718391	1.953797	2.653130	0.444235	1.325156	0.979971	2.115968	2.287153
223	0.405732	-0.220669	0.961777	0.648406	-0.075345	0.770224	-0.355398	0.490417	0.000000	-0.165543	-0.099787	-0.178056	2.190629	0.094457	0.076690	0.337810	0.207904	0.644013	-0.139911	-0.288911
224	1.364731	0.760985	0.000000	0.300694	1.289398	1.674439	1.422227	1.652744	1.953680	1.459419	1.266887	0.881825	2.605467	1.214740	1.989424	1.219825	1.339560	1.578350	1.149979	1.257553
225	-0.138864	0.128259	0.028845	0.000000	0.387874	0.189897	0.116196	0.284417	0.160692	0.344668	0.360673	0.213406	-0.531683	0.248018	0.362493	0.000199	0.165404	0.207405	0.348468	0.311473
226	0.053259	0.127936	0.427486	0.543659	0.119859	0.163130	0.017081	0.770777	0.000000	0.319621	0.168189	-0.089076	1.637538	0.075855	0.100810	0.151341	0.399484	0.799041	0.213911	0.084891
227	0.898107	0.341912	0.496470	1.384253	0.000000	1.501404	1.335792	1.677157	2.018549	1.626260	1.458145	1.175894	1.643880	1.657565	2.170056	0.796885	1.178642	1.796230	0.438437	0.916001
228	0.410694	0.354385	-0.075046	-0.196384	0.740090	0.473409	0.220779	0.842828	0.427150	0.579146	0.436998	0.000000	0.964803	0.006136	0.580077	-0.034525	-0.029018	0.795725	0.760571	0.698693
229	1.421978	1.369598	2.189990	2.128061	1.321503	0.000000	2.083526	2.089034	2.524973	2.006955	1.769870	2.221120	2.488276	2.241051	2.528003	1.925846	1.989754	2.121222	1.147914	1.519603
230	0.594206	0.058839	0.818698	0.374962	0.132022	1.069604	0.416461	0.219908	0.440266	0.469863	0.300652	0.742773	1.856108	0.241357	0.526037	0.190009	0.000000	0.039961	0.200156	0.089100
231	1.347277	1.042679	1.113065	1.224168	1.503300	0.000000	1.484032	1.604338	1.574249	1.625514	1.488195	1.326486	1.889524	1.488863	1.709903	1.203869	1.420563	1.626378	1.442056	1.604763
232	0.644796	0.288156	0.710601	0.457109	0.395476	1.185404	0.536439	-0.117219	0.424240	0.000000	0.325255	0.595846	0.512205	0.460686	0.650249	0.499182	0.218749	-0.201625	0.681665	0.513919
233	-0.071972	0.000000	0.889013	1.000874	1.722901	0.731364	1.665513	1.405263	1.790092	1.738862	1.116011	1.229234	1.477553	1.251784	1.831109	0.166849	1.028636	0.766077	1.627073	1.766370
234	0.404389	-0.039525	0.666592	0.548508	-0.069974	0.466593	-0.054273	0.298363	0.000000	0.196111	0.184703	0.037182	1.191384	0.176773	0.130188	0.123081	0.056764	0.252375	0.139891	-0.094547
235	0.715837	0.358808	0.197835	0.716262	0.628749	1.039127	0.387295	0.948381	0.500297	0.768335	0.704869	0.000000	2.141721	0.499155	0.704405	0.571712	0.873699	1.075674	0.631163	0.685248
236	1.844056	1.244662	2.572766	2.605408	1.897263	2.383874	2.393741	0.276549	2.298676	0.945630	1.419310	2.215661	2.253086	2.272495	2.470906	1.856060	1.385052	0.000000	2.242799	2.266811
237	0.403681	0.333344	1.908506	0.544602	-0.430769	1.172816	0.372876	0.215334	1.418774	0.393639	0.183108	1.453688	2.770902	0.589608	1.393883	0.000000	0.422457	0.121432	-0.848365	-0.835097
238	-0.161048	-0.251127	1.645529	1.191994	-0.281619	0.941968	0.440585	-0.707498	0.490029	-0.274071	-0.128480	0.864897	1.489874	0.583949	0.358166	0.149295	0.000000	-0.815007	-0.713965	-0.434833
239	0.914508	0.751930	1.884372	1.610317	0.962431	1.431038	1.363091	0.585047	1.527694	0.698706	0.498110	1.808121	1.732956	1.237240	1.365368	1.275513	0.832265	0.000000	1.119956	1.052973
240	0.315222	0.523911	0.642127	0.407694	0.252827	0.939915	0.384351	0.485377	0.292045	0.415927	0.382888	0.373542	0.793255	0.000000	0.213552	0.347653	0.460458	0.705281	0.216623	0.206312
241	0.080265	0.000000	1.350015	0.565166	0.887603	0.576621	0.862355	0.982306	0.822972	1.094059	0.289308	1.050636	1.664936	0.231899	0.741073	0.225035	0.624717	0.565564	1.062123	0.929238
242	1.768419	1.289653	2.273165	2.353359	1.226701	1.795898	1.818939	2.015047	2.187575	1.224751	1.399120	1.639865	2.372454	1.860380	2.087689	0.746612	0.000000	1.946392	1.311026	1.613090
243	0.221688	-0.056933	-0.769506	-0.470253	0.524613	0.346468	0.000000	0.353174	0.522337	0.538035	0.353536	-0.095324	-0.082197	0.089291	0.479174	0.051344	0.134575	0.322388	0.397619	0.445665
244	0.211875	0.909096	1.363976	1.288766	1.113159	0.000000	1.127946	1.309161	1.016281	1.300826	1.164238	1.130508	0.380878	1.179667	1.246936	0.848692	1.483326	1.368465	1.080173	1.176179
245	1.243555	0.546316	1.661590	1.674983	-0.114665	1.416674	0.769855	0.000000	1.410590	0.261583	0.397870	1.258256	1.848843	1.223797	1.377311	1.344872	1.120861	0.515071	0.074042	0.095818
246	0.418375	0.175167	1.042445	0.790590	0.301237	0.845907	0.227000	0.443691	0.000000	0.171952	0.335644	0.474344	0.465028	0.399764	-0.146428	0.663341	0.629986	0.473349	0.422032	0.205085
247	0.551669	0.422299	1.389278	1.160177	0.111986	1.065621	0.585375	0.386460	1.141044	0.094082	0.378832	0.706866	0.000000	0.756280	1.087201	0.763111	0.617793	0.587931	0.335440	0.533803
248	0.306959	-0.211420	0.156379	0.216345	-0.291930	0.258139	-0.041039	0.104156	0.589059	0.307262	0.184706	-0.043349	0.665748	0.316302	0.396564	0.124423	0.005298	0.000000	-0.492842	-0.469359
249	0.481889	-0.111441	0.582373	0.381076	-0.415311	0.633548	-0.022984	-0.357304	0.762733	-0.301043	-0.156508	0.311934	0.350400	0.262089	0.669135	0.443913	0.349016	0.000000	-0.784970	-0.456988
250	0.525854	0.503202	0.993175	0.849792	0.919030	0.623251	0.873885	1.055229	1.408779	1.270156	0.899670	0.464710	1.734926	0.655528	1.365157	0.000000	0.176554	0.724090	0.794974	0.879960
251	0.286780	-0.041926	1.367997	0.415569	-0.119033	0.605947	0.036354	0.459328	0.519406	0.355660	0.089748	-0.155184	1.746944	-0.070841	0.293121	-0.074269	0.000000	0.427121	-0.342760	-0.082241
252	0.354337	0.294871	1.537423	1.322743	0.475180	0.735772	0.414125	-0.574976	0.315375	-0.017105	0.216857	0.546006	1.293739	0.000000	0.475894	0.462170	0.157963	-0.542385	0.893862	0.778708
253	1.148014	0.781064	2.010209	1.883140	0.581434	1.647536	1.600338	0.375851	1.913161	0.000000	0.366394	1.838481	2.070639	1.545710	1.940630	1.472512	1.265613	0.748233	0.822000	0.963481
254	1.369311	0.801113	1.828085	1.833202	0.505333	1.627432	1.006267	0.123698	1.297282	0.000000	0.568385	1.401581	1.928174	1.254652	1.296342	1.343636	1.191121	0.760405	0.646030	0.649203
255	1.376660	0.455705	1.734532	1.485929	0.332038	1.580649	0.922582	0.162772	1.108525	0.000000	0.403315	1.223101	1.473289	1.031893	0.863163	1.170550	0.748576	0.307980	0.733770	0.509997
256	1.653022	0.626204	-0.341884	1.007182	1.514999	1.523582	1.422035	1.742565	1.849769	1.683166	1.536072	0.000000	2.468588	1.461520	1.879102	1.143537	1.703513	1.892163	1.380273	1.544783
257	0.966784	0.739989	1.978835	1.726988	0.589517	0.000000	0.475639	1.266354	0.765998	0.281911	0.566977	1.233137	2.092214	0.810123	0.964192	0.956493	1.232442	1.630776	0.510132	0.684886
258	0.362739	-0.142087	0.065321	0.045998	-0.437014	0.477763	0.114917	0.369299	0.537241	0.231676	0.084358	0.139107	0.484720	0.245208	0.541313	0.000000	0.191984	0.368108	-0.328186	-0.231235
259	1.259679	0.770657	1.649260	1.468951	0.893044	1.513403	1.473592	0.767303	1.483038	0.000000	0.706045	1.384788	1.464196	1.321628	1.504253	1.209850	0.895496	0.725169	1.360814	1.023877
260	0.000000	1.132554	1.140899	0.763181	1.117228	1.233126	1.028263	1.468341	1.487250	1.137461	1.051057	1.385518	1.514539	1.055802	1.545457	0.692613	1.248762	1.452215	0.928859	1.083049
261	-0.022227	-0.048136	0.315917	0.000000	-0.054758	0.340796	0.074019	0.005140	0.153296	0.080254	0.064141	0.301734	0.104434	0.122628	0.297274	0.126246	0.167242	-0.105693	0.072877	-0.020547
262	0.769867	0.130624	0.919108	0.957599	0.279180	0.000000	0.447759	0.400215	0.626168	0.373310	0.504885	0.418772	1.416875	0.686272	0.734958	0.547078	0.523889	0.489362	0.542450	0.498397
263	0.155287	-0.066843	0.425071	0.000000	0.238491	0.539918	0.207206	0.123296	0.227110	0.338887	0.142523	0.400705	1.117875	0.062627	0.355848	0.140175	0.147247	0.042633	0.272147	0.208383
264	0.946775	0.699846	1.567812	1.918720	0.567043	1.961127	1.427107	0.396614	2.157968	0.819945	0.945575	1.626563	1.030146	1.768263	2.313561	1.236574	0.238229	0.000000	0.940244	0.816264
265	0.187529	-0.040512	0.627058	0.375403	0.092032	0.529241	0.313802	-0.610110	0.024275	-0.439692	-0.257055	0.322144	1.041903	-0.055584	0.000000	-0.099306	-0.061493	-0.291782	0.165055	0.147750
266	1.766805	1.202134	2.193729	2.251197	0.716649	2.121785	1.924177	0.000000	2.382030	0.427360	1.006581	2.168723	2.401814	2.102648	2.415445	2.123587	1.904199	0.690893	1.357068	1.405421
267	-0.363081	-1.073655	0.178947	-0.166289	-2.492734	-0.248635	-1.211772	-1.012219	0.178795	-1.301059	-1.496963	-0.251821	0.182236	-0.557074	0.000000	-0.303368	-0.564934	-0.536344	-1.796024	-2.196022
268	0.643914	0.440047	1.475052	1.677853	0.060929	0.968966	1.030599	1.302315	1.916489	1.401071	0.953830	1.231171	1.974441	1.548305	1.922419	0.000000	0.268228	1.068553	-0.002552	0.534198
269	0.634281	0.461152	0.938605	0.000000	0.423249	1.282423	0.907724	1.086608	1.349808	0.715480	0.656673	1.231884	1.632163	0.685487	1.385313	1.159128	1.538968	1.216443	0.460802	0.342800
270	0.660562	0.216148	-0.543847	0.301831	0.615038	0.982095	0.539027	0.933009	0.824360	0.830629	0.704116	0.000000	1.916396	0.598677	1.021650	0.364250	0.899632	0.918333	0.703854	0.674700
271	1.263008	0.758045	1.397403	1.498041	-0.215909	1.237848	0.890999	0.000000	1.586186	0.811711	0.679567	1.416061	1.160222	1.440030	1.598632	1.382899	1.318106	0.719997	0.220973	0.235969
272	-0.202777	-0.254092	0.036137	-0.068902	-0.411735	0.065610	-0.184734	0.357213	0.013547	-0.188555	-0.264705	-0.034609	1.293973	-0.222434	0.132444	-0.156134	0.000000	0.526492	-0.484224	-0.365812
273	0.747735	0.101068	-0.258026	0.557465	0.613259	1.012921	0.663083	0.755366	1.160480	0.693347	0.627516	0.000000	1.900760	0.822541	1.246358	0.440753	0.948682	0.759308	0.564640	0.731910
274	-0.121488	0.050453	0.142388	0.480170	0.057380	0.244105	0.036084	0.539621	0.548245	0.880431	0.583412	0.000000	-0.197502	0.550478	0.645722	-0.261047	0.047210	0.205443	-0.153902	-0.085855
275	0.000000	-0.304238	0.024576	-0.025853	-0.071715	0.139212	-0.007357	0.332784	0.207533	-0.084753	-0.058545	-0.049703	1.547456	-0.045232	0.240514	-0.048589	-0.045590	0.438803	-0.135430	-0.080564
276	-0.202081	-0.788702	-0.276419	-0.558825	-0.681375	0.404611	-0.530280	-0.100487	0.000000	-0.004922	-0.324276	-0.225544	1.476506	-0.355066	0.073749	-0.458362	-0.318847	-0.226634	-0.556309	-0.724727
277	0.021463	-0.033861	0.790464	0.641190	-0.203181	0.654664	-0.018525	0.138160	0.117632	0.064528	0.089792	0.000000	-0.001126	0.304930	0.166780	0.063776	0.253016	0.087153	-0.054175	-0.269744
278	1.707610	1.171449	2.398823	2.269717	0.938402	2.125583	1.859118	0.000000	2.282356	0.735461	0.998254	2.186890	2.446638	2.007628	2.363595	1.990617	1.731022	0.648230	0.881249	1.148717
279	1.724706	1.092586	2.284123	1.963941	0.451763	2.160071	1.439861	0.000000	2.012497	0.171006	0.602305	1.907370	2.443979	1.544086	1.976469	1.764060	1.367855	0.687603	0.467194	0.610731
280	1.776639	1.321294	2.756115	2.667399	1.486737	2.545852	2.531036	0.310303	2.741690	1.092672	1.543145	2.802973	2.969297	2.575732	2.769468	2.581753	2.156672	0.000000	1.882596	1.970185
281	0.769128	0.229289	1.348511	0.904311	0.357014	1.152702	0.473559	-0.808453	0.558086	-0.565255	-0.034708	0.603674	1.928531	0.000000	0.639698	0.676149	0.052957	-0.347466	0.801365	0.768537
282	2.055572	1.389854	2.624762	2.609270	0.479221	2.345129	2.305737	1.461166	2.822765	0.000000	1.074162	2.237619	2.960735	2.401344	2.895470	2.243546	2.257332	1.907432	1.414164	1.612136
283	0.000000	0.486121	-0.071896	-0.106119	0.888746	0.735532	0.656952	0.968764	1.065145	1.100734	0.810566	0.362784	0.592391	0.514177	1.176456	0.086473	0.450539	0.749209	0.849413	0.919951
284	0.261279	-0.033541	0.390086	-0.019289	-0.187535	0.555681	0.071243	0.220838	0.164959	0.347397	0.148814	0.201548	1.841491	0.028692	0.229406	0.000000	-0.179433	0.001075	0.070235	-0.070736
285	-0.024121	0.313008	1.301940	0.528597	0.318226	0.820730	0.527182	0.279711	0.194215	0.285052	0.286292	0.837591	0.000000	0.390787	0.316657	0.233123	0.486727	0.179687	0.442476	0.288131
286	2.016856	1.376276	2.038257	2.276575	1.578057	2.222941	2.112538	0.293705	2.181454	0.977901	1.423777	2.055234	2.141526	2.108253	2.276957	2.158072	1.746312	0.000000	1.784306	1.946924
287	-0.060028	-0.077772	0.294750	-0.158588	-0.236523	0.129429	-0.072659	0.088852	0.112290	-0.152826	-0.081620	0.007183	0.040317	-0.101805	0.133510	-0.111814	0.000000	0.130601	-0.393092	-0.281018
288	1.418395	0.750266	2.650521	2.465854	0.044264	2.211792	1.821174	0.000000	2.447133	0.093332	0.091342	2.433236	2.597546	2.057210	2.478974	2.089832	1.947750	0.603954	0.262732	0.508600
289	0.334968	-0.346233	-0.083984	-0.658869	-0.499914	0.678651	-0.230564	-0.751995	0.623443	-0.395049	-0.235924	0.000000	1.553370	-0.039475	0.498365	0.135615	-0.239626	-0.631765	-0.574144	-0.609866
290	0.594280	0.000000	1.880817	1.906907	-0.229308	1.231480	1.373805	0.294239	2.351913	0.739666	0.562448	1.789175	1.980421	1.839155	2.260659	1.128769	0.838696	0.067132	0.527612	0.215909
291	1.015392	0.327427	0.975923	0.288232	-0.016109	1.506630	0.422787	0.000000	1.143811	0.441909	0.446485	0.861866	2.237981	0.555182	1.030793	0.788250	0.348920	0.108013	0.013942	-0.064355
292	0.582428	0.210111	0.518586	1.237121	0.230937	1.100959	0.295040	0.249730	0.238232	-0.053558	0.421778	-0.064287	2.030912	0.403234	0.000000	0.334975	1.149511	0.694208	0.146310	0.216111
293	0.279533	0.208008	0.217041	-0.091012	-0.046826	0.493095	0.121472	0.391637	0.676737	0.236718	0.215387	0.325898	0.000000	0.283738	0.566002	0.381703	0.447397	0.443009	-0.084039	-0.221225
294	0.871406	0.484723	0.882615	0.526561	0.667769	1.100857	0.846104	0.822899	1.649092	1.022174	0.523741	0.000000	1.491416	0.549847	1.560845	0.838646	1.113598	0.746902	0.583142	0.823684
295	0.672184	0.327045	-0.116811	0.495389	0.477078	0.767016	0.453514	0.629688	0.823288	0.707945	0.733418	0.000000	1.061073	0.621518	0.908571	0.463167	0.780593	0.691067	0.472486	0.564189
296	0.209754	-0.267397	0.261480	0.149178	-0.772777	0.360686	0.126857	-0.004124	0.727640	0.077436	-0.057461	0.000000	0.651510	0.313053	0.587256	0.155887	0.091859	-0.073793	-1.109511	-0.497010
297	0.415694	-0.149099	0.612923	0.333219	-0.118985	0.719595	0.103156	-0.171888	0.288596	-0.117497	-0.053240	0.296464	1.461606	0.170212	0.202442	0.180405	0.000000	-0.032650	-0.118724	-0.078690
298	-0.047769	-0.142482	0.969827	0.491133	-0.035240	0.567564	0.350755	-0.276159	0.259940	-0.158170	-0.192672	0.540514	0.021859	0.132421	0.000000	-0.006595	-0.096684	-0.645876	-0.163224	-0.066651
299	0.509185	-0.056288	1.362772	0.887026	-0.402768	1.053910	0.256174	-0.582132	0.000000	0.121108	0.002710	0.873408	1.831849	0.458078	0.163067	0.579045	0.230777	-0.565939	-0.190800	-0.175099
300	-0.249492	-0.421702	0.465139	-0.458248	-0.324934	0.384040	-0.133683	-0.431097	-0.221899	-0.583651	-0.487796	0.285649	0.287510	-0.381243	-0.083235	0.000000	-0.000883	-0.477132	-0.268343	-0.277249
301	1.423959	0.378176	1.456883	1.334141	-0.204023	1.422297	0.422349	-0.235735	1.455326	0.284222	0.491455	1.310238	1.517293	1.244697	1.428713	1.551225	1.111378	0.000000	0.148962	-0.156499
302	0.139496	-0.197393	0.453880	0.189039	-0.126589	0.689947	0.000000	-0.050204	0.252864	-0.107552	-0.072232	0.318147	0.293420	0.122390	0.194145	0.250554	0.097548	-0.109396	-0.277605	-0.151016
303	1.117592	0.611433	1.638521	1.659623	-0.090654	1.278026	1.046764	-0.007300	1.821792	0.000000	0.410906	1.572881	1.580214	1.527012	1.731045	1.352697	0.961155	0.407890	0.071367	-0.132261
304	0.437011	0.633281	1.354482	1.111810	0.552838	0.000000	1.067193	1.366542	1.161313	0.814061	0.867369	1.134974	1.793981	1.058350	1.192894	1.037065	1.479097	1.540349	0.410314	0.664723
305	0.280745	0.148522	0.544153	0.329343	0.334053	0.743785	0.397075	0.313915	0.406820	0.314645	0.425560	0.581811	0.000000	0.428883	0.517869	0.499457	0.555720	0.289819	0.443920	0.407339
306	0.535754	-0.064706	0.403983	0.569952	0.196326	0.000000	0.294267	0.746156	0.618412	0.546175	0.505840	0.225677	1.324596	0.523582	0.624532	0.529466	0.655341	0.805953	0.225924	0.330151
307	0.303805	-0.086426	0.673011	0.295347	0.126806	0.806295	0.387767	0.152668	0.541770	0.052074	-0.042228	0.499520	1.414305	0.000000	0.621236	0.431499	0.485925	0.259283	-0.104103	0.247899
308	0.000000	-0.799593	-0.294652	-0.417608	-0.733556	0.394218	-0.423281	-0.885478	-0.016096	-0.410696	-0.399970	-0.247896	0.562930	-0.289370	-0.049054	-0.280195	-0.696249	-0.839642	-0.616582	-0.732989
309	1.472191	0.713059	2.222705	2.230293	0.000000	2.181910	1.905484	0.361223	2.327700	0.436745	0.634370	2.233953	2.371713	2.101127	2.322335	2.252985	1.835481	0.597074	0.481447	0.767901
310	0.920478	0.345067	0.585288	0.452703	0.230861	1.210976	0.704937	0.323800	1.418480	0.158605	0.352553	0.641637	1.266851	0.561171	1.512457	0.590761	0.398784	0.630222	-0.203307	0.000000
311	0.000000	-0.416365	1.069142	0.949447	-1.121650	0.815194	0.171473	-0.935076	0.906203	-0.883820	-0.490862	0.635152	1.226459	0.595808	1.005350	0.298091	-0.042030	-0.714161	-0.423375	-0.258515
312	0.232205	-0.214998	1.225863	0.946580	-0.308868	1.102673	0.624103	-0.943239	0.610112	-0.723382	-0.551866	0.736994	0.622252	0.467784	0.430449	0.658289	0.000000	-0.786278	-0.397835	-0.096226
313	0.196434	0.106438	0.000000	0.091201	0.087224	0.777809	0.382919	0.088456	0.741624	0.281498	0.297871	0.493677	1.469411	0.442791	0.807219	0.216770	0.375002	0.172258	-0.398089	-0.072374
314	-0.216465	-0.429237	-0.154826	-0.083418	0.235856	0.000000	0.090140	0.398817	0.119656	0.527325	0.260638	-0.184631	1.817475	0.035579	0.160347	-0.539796	0.040273	0.482897	0.056705	0.240295
315	1.138225	0.553563	1.632317	1.471413	0.017546	1.478721	1.016532	0.000000	1.522798	0.515502	0.682311	1.467245	1.500704	1.248213	1.531561	1.294865	1.103783	0.399463	0.055666	0.266847
316	0.219708	-0.238224	0.030693	-0.180260	0.072772	0.451499	0.104758	0.000000	0.354112	0.119400	0.152614	0.180577	1.036387	0.018914	0.383306	0.192812	0.266107	0.216177	0.043733	0.128328
317	0.900832	0.323986	0.767117	0.760994	0.663946	0.000000	0.766045	1.055793	1.138104	1.006746	0.922923	0.693869	1.423023	0.882253	1.114718	0.857112	0.967738	1.073968	0.526044	0.735075
318	0.186536	0.009195	0.328200	0.000000	0.273042	0.593828	0.366330	0.190160	0.494608	0.320813	0.249476	0.433624	0.300455	0.242584	0.551469	0.252957	0.215138	0.086234	0.280719	0.353417
319	1.321209	0.490036	1.585854	1.621936	-0.014516	1.578984	1.101567	0.000000	1.606650	0.093715	0.455503	1.504747	1.176682	1.427647	1.500470	1.655235	1.465928	0.581439	-0.202693	0.017478
320	0.494792	0.136010	1.173219	0.573152	0.267407	0.858857	0.383200	0.316019	0.114833	0.115771	0.117742	0.678592	2.193707	0.253018	0.000000	0.610600	0.605781	0.331340	0.250641	0.265645
321	0.141975	0.097261	0.720018	0.241188	0.077769	0.442276	0.252373	0.028810	0.145242	0.156935	-0.025338	0.288858	-0.045579	0.000000	0.049377	0.275644	0.372598	0.115066	0.001934	0.089963
322	0.000000	0.345458	0.750898	1.097048	0.625232	0.752030	0.768969	0.702524	1.310473	1.023185	0.936186	0.521015	-0.179650	1.122869	1.304792	0.165411	0.658954	0.653101	0.211064	0.442820
323	0.335997	-0.182613	1.245890	0.123684	-0.151579	0.942605	0.000000	-0.210998	0.371570	-0.055946	-0.144717	0.645125	1.791072	-0.005234	0.213256	0.161478	-0.098582	-0.321248	-0.135778	-0.296392
324	0.271568	0.000000	1.741281	1.781639	1.101935	1.154582	2.057151	0.408277	2.226191	0.683955	0.590889	1.914652	2.120286	1.783721	2.387721	1.137369	1.258805	0.106490	1.327134	1.403308
325	0.566228	-0.058216	-0.091739	-0.300196	-0.237337	0.818837	-0.173525	0.289684	0.604518	-0.090191	0.086757	0.000000	1.868858	0.033616	0.570372	0.180523	0.159639	0.416631	-0.260625	-0.277058
326	1.398798	1.228937	2.361665	2.360771	0.921062	2.087211	2.109347	0.312690	2.397887	0.859752	1.026063	2.384135	2.442305	2.204619	2.376087	2.073534	1.596042	0.000000	1.475414	1.520452
327	0.422689	0.251619	-0.026460	0.447131	0.147239	0.645553	0.213909	0.503551	0.489735	-0.014004	0.311844	-0.128371	0.461044	0.512324	0.577699	0.000000	0.559373	0.635329	0.117837	0.206411
328	0.041101	0.227296	1.191057	0.533322	-0.047838	0.765246	0.375858	0.097278	0.000000	-0.072550	-0.028211	0.807025	1.682457	0.226812	0.041457	0.397758	0.597923	0.282066	-0.345467	-0.135629
329	-0.273195	-0.023732	0.078872	0.026002	-0.082498	0.064733	0.062792	0.140800	0.000000	0.001340	0.025205	0.044077	0.865656	-0.023254	0.067118	-0.138587	0.076780	0.163846	-0.190002	-0.091212
330	0.012870	0.272701	0.055974	0.000000	0.690256	0.822150	0.657172	0.396957	0.582324	0.080777	0.279735	0.676491	1.645020	0.307163	0.845245	0.459246	0.675572	0.474797	0.554789	0.765986
331	2.932296	2.232961	3.608198	3.534932	1.426892	3.250108	3.054728	2.274743	3.352089	1.627495	1.966647	3.489222	3.707740	3.160315	3.375809	3.175817	2.945453	2.544698	0.000000	1.937009
332	0.022622	-0.310412	-0.220533	-0.387919	-0.385456	0.646547	0.035713	-0.202383	0.423422	-0.395850	-0.389782	0.000000	2.302187	0.006276	0.411799	0.146566	0.227191	0.103462	-0.490671	-0.304554
333	-0.170433	-0.081627	0.022859	-0.133974	0.016966	0.447575	0.079692	0.078224	0.025203	-0.119547	-0.134383	-0.018730	2.258118	-0.001695	-0.011400	0.000000	0.262499	0.240592	-0.079347	-0.009726
334	-0.523508	-0.247468	1.525990	0.875046	-0.546798	1.292499	0.737179	-0.509181	0.986713	-0.877475	-0.776213	1.070685	2.398783	0.385660	1.006201	0.464715	0.000000	-0.546175	-0.290373	-0.192871
335	1.693226	1.119074	2.910951	2.565500	0.845055	2.468833	2.309495	0.580581	2.072582	0.000000	0.172282	2.473839	3.290039	1.678473	2.280793	2.083793	1.720644	1.146715	1.439898	1.804043
336	-0.001233	-0.123676	0.614870	0.143693	-0.568847	0.616156	-0.087903	0.131695	0.313417	-0.213017	-0.065593	0.410321	2.332755	0.000000	0.272378	0.367549	0.588959	0.372897	-0.679781	-0.646623
337	-0.321945	-0.000030	-0.038285	-0.039690	0.363367	0.558886	0.293764	0.448203	0.000000	-0.039986	-0.053325	0.115407	2.308746	-0.043816	0.197287	0.098046	0.441152	0.569962	0.284505	0.378804
338	2.014403	1.472216	2.758912	2.652561	1.159993	2.685106	2.478275	0.059208	2.663637	0.210327	1.043169	2.720493	3.134776	2.511347	2.704909	2.694886	1.879155	0.000000	1.555180	1.777777
339	0.000000	0.322475	2.185279	1.724701	0.645174	1.671218	1.474425	-0.083678	1.723823	0.388634	0.497272	1.796147	2.632840	1.570395	1.646334	0.941710	0.822143	-0.219629	0.700198	0.648253
340	0.116260	-0.077203	0.042189	-0.101302	0.095019	0.641229	0.237197	0.101619	0.225069	-0.184635	-0.244793	0.000000	2.672747	-0.009948	0.240394	0.266001	0.406111	0.334509	-0.049586	0.130035
341	-0.597337	0.158552	1.824528	0.344200	0.705816	0.942341	0.785251	0.639262	0.293819	0.467488	-0.028903	1.075788	2.864862	0.000000	0.345867	0.354020	0.745605	0.450431	0.745006	0.752379
342	2.156898	1.509073	2.825938	2.835366	0.655955	2.565515	2.641321	0.855516	2.917577	0.000000	0.750752	2.873772	3.164989	2.715933	3.015622	2.738525	2.620579	1.627145	1.672726	1.887498
343	1.671815	1.816159	2.980638	2.563369	1.596448	2.092145	1.671340	1.830868	1.268900	1.370202	1.350091	2.132959	2.547645	1.439602	0.000000	2.105049	2.163683	2.056362	1.436683	1.822498
344	-0.049759	-0.131223	0.284806	0.018802	0.125143	0.060538	0.054192	0.168119	-0.163170	0.207406	0.025826	0.056254	0.000000	-0.073812	-0.007730	-0.076643	0.206824	0.131877	0.185478	0.150581
345	1.237223	0.536155	1.690905	1.348623	0.107591	1.636822	0.951959	0.955934	1.668046	0.276930	0.450235	1.514432	1.959438	1.231084	1.721112	1.586287	1.683441	1.266201	0.413264	0.000000
346	1.870509	1.061977	2.094512	2.201497	0.000000	2.035310	1.888305	1.161489	2.609124	0.767649	1.126179	2.037399	2.109195	2.295413	2.625875	2.063312	2.065188	1.614509	0.921650	0.690799
347	-0.282921	-0.644169	-0.368002	-0.049700	-0.392722	-0.646393	-0.237670	0.117860	0.000000	-0.059352	-0.117267	-0.461346	0.158840	-0.130446	0.057161	-0.323413	-0.131503	0.046313	-0.406957	-0.395959
348	0.400292	0.022414	-0.081671	0.132522	0.251572	0.548299	0.081491	0.398578	0.377642	0.391629	0.413445	0.000000	0.772066	0.392224	0.441016	0.289451	0.392057	0.394135	0.078734	0.126537
349	0.459228	-0.241157	0.101697	0.216487	0.129205	0.138466	0.170914	0.660618	0.470932	0.438406	0.363295	0.000000	1.489024	0.330624	0.493042	0.210727	0.200505	0.625365	-0.122466	0.078878
350	0.248216	0.027139	1.048845	0.860234	-0.096225	1.182805	0.394504	-0.004592	0.476938	0.151343	-0.079713	0.791062	1.900012	0.386062	0.381369	0.276178	0.000000	0.048853	-0.274686	-0.197066
351	0.863748	0.280022	1.326477	0.682438	0.439569	1.514886	0.634626	0.000000	0.863414	0.364711	0.442224	1.030147	1.644944	0.539473	0.882912	0.770390	0.413405	0.067638	0.392492	0.499817
352	1.966707	1.280067	2.481572	2.482718	0.914573	2.286744	2.060747	0.000000	2.278634	0.578219	1.164029	2.436937	2.369852	2.271593	2.321388	2.411001	2.040496	0.579527	1.501172	1.420025
353	0.499276	-0.204838	1.159252	0.564483	-0.066894	0.824160	-0.011346	-0.192887	0.000000	0.182866	0.134676	0.150432	1.953831	0.190019	-0.101853	0.221029	-0.032082	-0.257710	0.123782	-0.112809
354	2.253892	1.405520	2.388338	2.532533	0.000000	2.338673	2.378677	1.420012	2.812032	1.363671	1.540713	2.473127	2.551577	2.518463	2.878568	2.343622	2.150869	1.667033	1.223929	1.500922
355	0.000000	-0.178952	0.678045	0.232946	0.132125	0.628332	0.292729	-0.207944	-0.010638	-0.087517	-0.173289	0.434326	1.945644	0.063646	0.057690	0.116757	0.099713	-0.245218	0.194250	0.113264
356	0.134550	0.420156	0.043807	0.240492	0.499698	0.260711	0.272402	0.574351	0.266158	0.541042	0.471856	0.000000	0.080047	0.273011	0.485551	0.015522	0.311431	0.345196	0.606757	0.508731
357	-0.046437	0.220361	0.747070	0.722994	0.267089	0.432823	0.298968	0.564814	0.585482	0.685719	0.539692	0.304077	-0.313695	0.590894	0.499964	0.000000	0.254458	0.182199	0.421882	0.260858
358	0.110622	-0.009423	0.324721	0.243310	-0.115881	0.286288	-0.038418	0.148660	-0.022237	-0.035708	-0.003909	0.106515	0.422718	0.089821	-0.040987	0.000000	0.074202	0.143922	-0.178834	-0.125088
359	0.483631	0.096743	0.476718	0.547097	0.310765	0.000000	0.481522	0.673669	0.751948	0.633352	0.537666	0.412301	1.470826	0.559069	0.763269	0.304609	0.507880	0.658403	0.238567	0.391415
360	0.552297	0.177940	0.594567	0.646235	0.362577	0.000000	0.571601	0.667061	0.786058	0.548173	0.541949	0.556513	1.136086	0.674783	0.782076	0.560903	0.785862	0.700219	0.316653	0.450143
361	-0.080934	-0.100083	0.000000	0.083270	0.016099	0.038174	0.024120	0.231369	0.199296	0.094709	0.118280	0.119461	0.054252	0.070736	0.175399	-0.224136	-0.144185	0.207827	-0.091638	0.033238
362	0.510097	0.151521	-0.087830	-0.003930	0.214042	0.716903	0.471331	0.062938	0.977091	0.000000	0.279166	0.438482	0.290284	0.494684	0.953478	0.546587	0.368682	0.180066	0.055799	0.191204
363	0.450754	0.327776	0.509294	0.000000	0.289636	0.852476	0.564440	0.479381	0.872126	0.631021	0.410181	0.595691	1.299578	0.362887	0.670301	0.588608	0.600323	0.457940	-0.063759	0.156222
364	0.362341	-0.131607	0.066059	-0.143484	0.145436	0.502525	0.051711	0.000000	0.241167	0.075079	0.139907	0.056522	1.504562	-0.088165	0.264487	0.215984	0.189035	0.130310	-0.019278	0.123817
365	0.392799	0.104080	0.728034	0.236701	0.247395	0.884016	0.519210	0.227542	0.408384	0.351834	0.166110	0.514028	1.828782	0.227657	0.334837	0.139155	0.000000	0.193959	0.043470	0.187869
366	0.247331	-0.518105	0.789209	-0.033986	-0.487003	0.677922	-0.068273	0.027580	0.660545	-0.481797	-0.507889	0.290135	1.669670	-0.086226	0.592756	0.154984	0.000000	0.065857	-0.538421	-0.596068
367	-0.728930	-0.653127	1.075641	1.090082	-1.389076	0.317287	0.000000	-1.236230	0.945063	-0.987484	-0.872129	0.601524	0.666449	0.584806	0.956468	0.047083	0.163031	-0.725800	-1.028601	-0.518323
368	0.170989	-0.213812	1.198338	0.765379	-0.670262	0.473227	0.120553	0.144079	0.641660	0.088495	-0.119966	0.548543	1.410671	0.352915	0.505867	0.000000	-0.036298	-0.139779	-0.777787	-0.681176
369	1.326484	0.445296	1.572249	1.526349	0.000000	1.514609	1.311097	0.859162	1.546573	0.860960	0.824254	1.460492	1.755564	1.442899	1.621933	1.282241	1.087905	0.884384	0.804909	0.828019
370	0.476339	-0.258514	0.575111	0.120564	-0.119714	0.709411	0.221447	-0.281482	0.619338	-0.412969	-0.090971	0.000000	0.948575	0.218900	0.640833	0.314596	0.267643	-0.157168	0.039050	-0.069700
371	0.421331	0.000000	1.433931	1.555118	0.760016	1.263840	1.766759	0.384358	2.191503	0.698333	0.586707	1.734568	1.795630	1.714952	2.290020	1.004484	1.215806	0.132128	1.132918	1.034504
372	0.341665	-0.205202	0.460442	0.236679	0.129449	0.000000	0.445793	0.790112	0.748666	0.366811	0.127025	0.332063	2.218081	0.346799	0.814639	0.750246	1.079751	0.903447	0.220802	0.182166
373	1.398298	0.587894	0.970099	1.261343	0.903049	0.000000	1.199932	1.214119	1.426352	1.164499	1.116620	0.644261	2.085385	1.303433	1.392561	1.149031	1.187829	1.364183	0.867453	1.056687
374	0.938675	0.742684	0.953827	0.000000	0.716960	1.575146	1.067464	0.497226	1.765233	0.612306	0.470071	1.465431	2.584046	0.486576	1.691468	0.966468	0.725640	0.626278	0.164816	0.560800
375	1.145590	0.539098	1.446311	1.139060	0.000000	1.632574	0.884627	0.435376	1.155717	0.711227	0.624979	1.072528	1.539018	0.883660	1.075891	1.057579	0.762443	0.491279	-0.600846	0.123559
376	1.595126	1.097690	2.696889	2.355456	0.000000	1.949374	1.685940	1.234461	2.536163	1.135732	1.166976	2.212784	2.528145	2.211934	2.410888	2.205433	2.160768	1.428153	0.929657	0.480973
377	1.423723	0.851152	1.762899	1.040108	-0.098198	1.774154	0.958286	1.026698	2.015648	0.436816	0.589872	1.460435	2.230649	1.038500	1.914033	1.347212	1.368270	1.346133	0.528639	0.000000
378	0.050975	0.000000	1.530107	1.391201	0.748524	1.100441	1.816345	0.477901	1.950206	0.640164	0.544114	1.701703	1.792128	1.571326	2.023583	0.701782	0.860966	0.255778	1.207770	1.243535
379	1.214689	0.402129	-0.647130	0.621943	1.021954	1.384865	1.058072	1.033863	1.163650	0.913600	1.003290	0.000000	1.859614	1.015317	1.313792	0.922745	1.321091	1.105436	0.936557	1.146579
380	0.002316	-0.028467	1.534159	1.496989	0.128692	0.519843	0.700430	-0.233639	1.051973	-0.529477	0.035559	0.650585	0.075407	0.999197	1.099635	0.268914	0.000000	-0.386178	0.298848	0.078184
381	0.195975	0.229828	0.214280	0.094690	0.210433	0.439306	0.392047	0.390893	0.526398	0.354905	0.323717	0.353632	2.303873	0.421356	0.595833	0.000000	0.144403	0.385882	0.085504	0.171267
382	-0.360152	-0.158971	0.695029	0.061775	0.070709	0.000000	0.054470	-0.068423	-0.085275	-0.323337	-0.207555	-0.070147	0.493871	-0.079912	0.130677	-0.016959	0.437036	-0.074232	0.110492	0.193222
383	2.194646	1.552096	2.894879	2.714497	1.315813	2.764445	2.624453	0.554064	2.950560	0.000000	0.831396	2.905840	2.972846	2.466706	3.031483	2.665939	2.458483	1.050922	0.744088	1.743985
384	1.946773	1.277374	2.210579	2.320460	0.000000	2.151760	2.074137	1.793533	2.549383	1.481839	1.415701	2.121267	2.373417	2.285537	2.616720	2.006423	2.056702	1.992803	0.713348	1.039962
385	0.601757	0.368033	0.010930	0.367606	0.874023	0.735780	0.591034	0.954632	0.764774	0.973048	0.807903	0.000000	2.085897	0.553291	0.927341	0.267442	0.666381	0.958758	0.743956	0.854655
386	0.424131	0.063547	0.922775	0.535789	-0.141968	0.634307	-0.022591	-0.097522	0.483340	0.264877	0.155051	0.248753	1.935031	0.141033	0.561330	0.000000	0.018248	-0.068206	-0.247099	-0.295235
387	0.610647	0.098962	0.759167	0.176264	0.168780	1.193914	0.487670	-0.045516	0.700378	0.236379	0.288902	0.651776	1.894990	0.276347	0.767090	0.244030	0.000000	0.016890	0.006387	0.147032
388	1.958379	1.000387	1.974368	1.960004	0.184386	2.198750	1.312530	0.784922	2.049835	1.047918	1.205466	2.056791	2.316638	1.813538	2.002316	1.882340	1.672453	1.183154	0.000000	0.399480
389	0.420054	0.200623	0.089408	0.000000	0.242969	0.517106	0.230732	0.668696	0.856847	0.584657	0.540400	0.322329	0.771480	0.444334	0.866908	0.294966	0.336103	0.607288	0.207321	0.140740
390	0.179497	0.181197	0.167810	0.349184	0.000000	0.324014	0.216589	0.201532	0.480468	0.436795	0.458356	0.217078	-0.350945	0.429635	0.583579	0.171970	0.320067	0.156698	-0.023136	-0.006990
391	0.840355	0.232265	-0.129753	0.348192	0.555846	0.094523	0.521956	1.067631	1.028862	0.877432	0.894459	0.000000	1.168017	0.784554	1.084341	0.525370	0.735075	1.022234	0.532404	0.552419
392	0.263279	-0.068837	-0.134750	0.045398	0.203914	0.148161	0.276016	0.367024	0.596600	0.522344	0.250796	0.198494	0.994999	0.225748	0.693919	0.000000	0.194220	0.293846	0.064843	0.128367
393	0.068048	-0.257350	0.001157	-0.017258	-0.109867	0.263015	0.061632	0.045633	0.314533	-0.013677	0.056414	-0.007276	0.555790	0.106941	0.337828	-0.041832	0.000000	0.055858	-0.154642	-0.088303
394	0.475475	-0.017359	0.138517	0.382643	0.330562	0.456178	0.445589	0.573291	0.715492	0.461364	0.454161	0.254892	0.563413	0.493772	0.716452	0.318660	0.378411	0.577504	0.000000	0.433219
395	0.392791	0.064040	-0.212581	0.102211	0.278814	0.235993	0.265864	0.368003	0.623302	0.428820	0.460386	0.000000	0.363961	0.343646	0.701369	0.104288	0.226797	0.295266	0.222751	0.348081
396	0.157627	-0.012509	-0.126197	0.018667	0.201981	0.189674	0.262408	0.260780	0.615813	0.349379	0.292373	0.000000	0.426432	0.256251	0.662206	-0.009579	0.098524	0.132312	0.137179	0.243833
397	0.291448	-0.021810	-0.061170	0.143927	0.057258	0.311361	0.254801	0.274114	0.614176	0.272522	0.252602	0.065901	0.790465	0.339265	0.606500	0.000000	0.077101	0.219360	-0.009426	0.102940
398	0.336228	0.053872	-0.223575	-0.005044	0.275721	0.238241	0.302730	0.384394	0.641305	0.357512	0.411990	0.000000	0.594772	0.364344	0.686618	0.085483	0.200815	0.330600	0.145649	0.297030
399	0.250407	0.096033	-0.034100	0.152890	0.249602	0.162033	0.253956	0.306316	0.539294	0.368297	0.345122	0.056968	0.517736	0.321894	0.551077	0.000000	0.111348	0.228302	0.141338	0.245585
400	0.089296	-0.225790	-0.003221	0.027824	-0.174779	0.222192	0.026919	0.217609	0.428693	0.068754	0.077153	-0.045696	0.552737	0.159203	0.413721	-0.061907	0.000000	0.190262	-0.247423	-0.151293
401	0.288147	-0.064054	0.170194	0.000000	0.204420	0.357663	0.341697	0.324381	0.625042	0.379133	0.275750	0.362778	1.008020	0.285782	0.652063	0.222006	0.201522	0.219959	0.095769	0.188819
402	0.565368	0.164195	-0.003503	0.141565	-0.069249	0.860114	0.051229	0.200897	0.513893	0.221980	0.258913	0.000000	0.874169	0.249088	0.637660	0.125946	0.054112	0.120351	-0.203856	-0.125479
403	1.894699	1.024831	2.311016	2.102138	0.383103	2.268948	1.439682	0.000000	1.921723	0.735353	0.952263	2.143147	2.644123	1.918908	1.904799	2.128199	1.587494	0.664494	0.609300	0.472207
404	0.637292	-0.012144	0.672837	0.248281	-0.290326	1.124221	0.153719	-0.244025	0.267778	-0.118572	0.075736	0.426671	1.184039	0.288520	0.168703	0.334594	0.000000	-0.210521	-0.351924	-0.383786
405	2.157887	1.164307	2.943531	2.683272	1.331879	2.540081	2.336497	1.075114	2.771571	0.000000	0.677244	2.503068	2.770544	2.285537	2.827157	2.517487	2.300897	1.480109	1.582728	1.854788
406	0.105261	-0.125705	0.454147	0.281236	-0.286084	0.542685	-0.133813	-0.066854	-0.038489	-0.236145	-0.002413	0.014032	-0.134660	0.000000	-0.057110	0.111195	0.145571	0.002942	-0.436012	-0.351212
407	0.329338	0.000000	1.208718	1.132826	1.033062	1.260854	1.605406	0.615977	1.760823	0.603097	0.640916	1.345891	1.951263	1.349999	1.778783	0.861497	0.851924	0.527288	1.108982	1.337475
408	0.452555	0.047054	0.554583	0.398002	0.121058	0.976128	0.224610	-0.019275	0.178812	0.094035	0.042611	0.450151	2.000328	0.020410	0.000000	0.259109	0.254446	0.175528	-0.254412	-0.031688
409	1.450392	0.832218	2.454271	1.730942	1.001904	1.866275	1.520699	0.000000	1.594734	0.363545	0.728757	1.910891	1.989755	1.369413	1.605729	1.596660	1.225403	0.309206	1.159460	1.161821
410	0.665130	0.543941	2.031523	1.688525	1.098494	1.232188	0.884522	0.566172	0.000000	0.748013	0.557699	1.152032	2.306123	0.592453	-0.174911	0.549406	0.568278	0.490420	0.942964	1.084821
411	-0.170266	0.221517	1.490394	1.157599	0.109940	0.169601	-0.158133	0.747432	-0.383810	0.595814	0.212434	0.460928	0.808292	0.000000	-1.137910	0.038342	0.290418	0.727918	0.288665	0.112257
412	1.466630	0.639459	2.270759	2.248732	0.121668	1.868142	1.685133	0.000000	2.229873	-0.001724	0.483159	1.662916	2.382705	1.754326	2.310567	1.365628	0.876059	0.534361	0.809603	1.253404
413	1.204708	0.436455	1.335349	1.126110	0.370297	1.307494	0.743809	0.000000	0.724818	0.421671	0.427740	1.035442	2.338089	0.659544	0.490061	1.043025	0.764724	0.330520	0.571719	0.571404
414	0.224457	0.283244	0.152787	0.282342	0.074157	0.450856	0.147627	0.628954	0.425456	0.446690	0.347232	0.000000	0.038739	0.220256	0.383657	0.079668	0.307937	0.632794	-0.097410	0.013122
415	1.120672	0.708425	2.141484	1.812188	0.849243	1.740094	1.355373	0.410088	0.685588	-0.090137	0.000000	1.591331	2.243026	0.894201	0.813631	1.516968	1.261161	0.490789	1.217234	1.312304
416	1.298354	0.628164	1.802158	1.857397	0.158012	1.455608	1.382110	1.871250	1.929092	1.459242	1.157181	1.715449	2.689472	1.625841	1.830066	1.761932	1.914946	1.870072	0.000000	0.653755
417	0.098279	-0.334329	0.189855	0.297995	-0.217471	-0.576694	-0.033510	0.476722	0.318351	0.251998	0.080486	-0.116903	1.098338	0.000000	0.235291	0.106214	0.266091	0.469622	-0.207502	-0.190644
418	0.650870	0.345935	0.765019	0.811108	0.672897	0.796137	0.568641	0.752723	0.333027	0.674825	0.469331	0.531734	2.192922	0.396447	0.000000	0.630966	0.717514	0.765118	0.812880	0.769798
419	0.000000	-0.110544	0.056324	-0.051770	0.100372	0.257349	-0.004660	0.045046	0.043228	-0.023643	0.065320	0.044188	-0.072394	-0.025089	0.096338	0.090555	0.069778	0.052935	0.092107	0.149470
420	0.561631	-0.177095	-0.193411	0.106309	0.161323	0.000000	0.146147	0.533127	0.536814	0.420013	0.444273	0.043690	1.664365	0.377553	0.576633	0.340653	0.307121	0.651120	0.071429	0.225743
421	0.529589	0.104453	0.986603	0.568323	-0.032307	0.667288	0.070649	0.084268	0.135141	-0.082530	0.086464	0.471477	1.454108	0.000000	0.163150	0.545816	0.340169	0.123741	0.005901	-0.033103
422	0.000000	0.106216	0.841787	0.892958	0.285830	0.727912	0.522327	0.400072	0.976923	0.663787	0.433407	0.627547	1.691815	0.531346	0.977376	-0.327002	0.123321	0.369374	-0.137869	0.156065
423	1.545290	0.543314	2.493782	2.032690	0.030822	2.104583	1.608742	0.000000	1.809471	0.307658	0.232803	2.084905	2.432580	1.544896	1.658560	1.995470	1.641003	0.409834	-0.170201	0.266808
424	1.668966	1.078240	2.543679	2.428086	0.458694	2.411470	1.439092	1.290831	1.621729	0.521640	0.761104	2.027162	2.494297	1.697801	1.565652	2.069525	2.241627	1.619234	0.515157	0.000000
425	0.000000	-0.385693	1.138815	1.017338	-0.645901	0.664403	-0.069106	-0.544867	-0.052570	-0.616085	-0.387891	0.227494	1.105671	0.353908	-0.589743	0.121234	-0.043325	-0.224600	-0.230246	-0.436581
426	0.889978	0.896374	1.579797	1.417199	1.346069	1.473808	1.389263	0.760841	1.410568	0.678571	1.026893	1.248930	0.000000	1.226836	1.527119	1.056084	1.044691	0.682409	1.522445	1.461255
427	0.888721	0.732411	1.457267	1.288894	0.996786	1.316384	1.204996	0.807708	1.537142	1.217323	1.060346	0.981817	0.000000	1.236522	1.530251	0.690471	0.468150	0.651378	1.118590	1.045665
428	0.160772	-0.042476	0.629628	0.036241	0.465373	0.421953	0.191637	0.000000	-0.031487	0.077009	-0.006078	0.162063	0.268225	-0.209366	-0.021682	0.114621	0.108829	-0.052093	0.560923	0.517755
429	0.258533	0.188558	0.217392	-0.119827	0.815936	0.353428	0.654742	0.505840	0.687760	0.625655	0.510082	0.390492	0.000000	0.262173	0.755520	0.184490	0.195212	0.314906	0.812489	0.855777
430	1.086966	0.447936	0.724565	0.833247	0.838291	0.000000	0.869932	1.134359	1.309464	1.214472	1.133326	0.717026	1.462121	1.050012	1.323848	0.914326	0.967245	1.134743	0.788775	0.862368
431	1.069548	0.677696	1.229811	0.710312	1.014391	1.454300	0.892530	0.283591	0.789081	0.854351	0.709989	0.921990	0.862807	0.572395	0.843539	0.902044	0.636351	0.000000	1.142129	1.141848
432	1.734214	0.715948	1.661570	1.684620	0.841812	2.053660	1.405679	0.000000	1.728194	0.293292	0.779249	1.608575	1.698917	1.427741	1.811366	1.624499	0.962295	0.429960	0.712362	1.004124
433	0.388267	-0.264283	0.847243	-0.085542	-0.257425	0.893162	-0.054788	-0.329585	0.240472	-0.026857	-0.021342	0.346774	1.462137	-0.016633	0.000000	0.161808	-0.032956	-0.253198	-0.306424	-0.375777
434	0.933888	0.000000	1.248240	0.926131	0.727271	1.347239	0.816413	0.434656	0.876468	0.470829	0.410577	1.179875	2.236763	0.579300	1.100260	0.942671	0.943038	0.440568	0.852127	0.730273
435	0.205663	-0.305782	0.283880	0.035008	-0.302462	0.626811	-0.143539	-0.331318	0.000000	-0.249097	-0.088686	0.047231	0.666489	-0.042229	0.020311	-0.009819	-0.189503	-0.297099	-0.194405	-0.274130
436	-0.259310	-0.814796	0.909202	0.544535	-1.015126	0.160840	-0.310262	-0.342808	0.325347	-0.685743	-0.816298	0.202839	1.229405	0.158397	0.218111	0.000000	-0.074522	-0.562344	-0.476025	-0.949415
437	0.545326	-0.063069	0.186207	0.261307	-0.097881	1.055258	0.189162	-0.219775	0.208224	-0.216527	0.067441	0.000000	1.855147	0.116088	0.304150	0.296459	0.235231	-0.101542	-0.109963	-0.066018
438	1.528622	0.975600	2.497621	2.471150	0.869852	2.402102	2.171766	0.000000	2.445690	0.137421	0.835855	2.272798	2.412048	2.175055	2.362006	2.369213	1.840581	0.231082	1.003073	1.378542
439	1.345879	0.942247	1.498006	1.778988	1.368612	1.794787	1.426509	1.446171	1.787986	1.712449	1.597995	0.955866	2.067351	1.537413	1.657614	0.683053	0.000000	0.903032	1.424658	1.362049
440	1.995842	1.395433	2.298001	2.280488	1.382539	0.000000	2.071854	1.671749	2.266723	1.532810	1.741217	2.137388	2.417766	2.179620	2.339511	2.308316	2.226733	1.914127	1.360780	1.627757
441	1.458439	1.027516	2.865976	2.676889	0.551098	2.350587	2.329074	0.655397	2.575053	0.000000	0.227014	2.620665	2.832364	2.224310	2.706060	2.401043	2.452315	1.321795	1.217320	1.384850
442	1.471003	0.839696	1.970703	1.657808	1.045140	2.041895	1.318256	0.000000	1.055971	0.611053	0.985350	1.529246	2.169818	1.201701	1.293289	1.523847	1.340542	0.409985	1.090953	1.231283
443	1.720570	0.883931	1.788815	1.858797	0.645083	1.821495	1.874776	1.113507	2.079198	0.000000	0.813288	1.897241	2.081179	1.802554	2.148381	1.877772	1.777001	1.338007	1.460029	1.518311
444	0.263353	-0.388831	0.495000	0.000748	-1.046238	0.400943	-0.572871	0.179038	0.088779	0.159749	0.010807	-0.067604	1.453198	-0.215236	-0.069173	-0.008924	0.000000	0.237899	-1.023192	-1.268369
445	1.285768	1.193270	2.688583	2.405029	1.299171	1.740479	1.458622	1.095551	0.230645	0.761019	0.860874	1.787088	2.074298	1.149572	0.000000	1.417724	1.539225	1.425659	1.343579	1.436060
446	0.313569	0.239831	0.000000	0.033196	0.693531	0.855560	0.654041	0.396074	0.608647	0.317162	0.422242	0.513440	1.457013	0.334336	0.764756	0.490192	0.523486	0.297077	0.710340	0.728896
447	-0.216582	-0.455320	-0.297706	-0.323723	-0.207536	0.000000	-0.195155	-0.297086	0.000549	-0.237858	-0.168086	-0.178230	-0.218743	-0.184299	0.075301	-0.237950	-0.166518	-0.284196	-0.160599	-0.134613
448	0.075743	-0.324697	-0.096650	0.029552	0.135929	0.000000	0.052864	0.112006	0.301406	0.168980	0.168959	-0.115217	0.410609	0.064079	0.336764	-0.167444	-0.047498	0.095605	0.170655	0.250246
449	0.178684	-0.094550	-0.057784	0.076842	0.206148	0.051444	0.156790	0.310236	0.363417	0.292915	0.315373	-0.054638	0.056536	0.218730	0.396316	0.000000	0.141187	0.253959	0.187161	0.253542
450	0.236753	-0.070160	-0.062488	0.062591	0.289091	0.073169	0.292666	0.490731	0.585650	0.454522	0.408494	0.000000	0.367242	0.296057	0.591919	0.145149	0.299372	0.432752	0.205583	0.344732
451	-0.227580	-0.435097	-0.373210	-0.230690	-0.081057	-0.346770	-0.149265	0.053871	0.000000	0.024393	-0.001135	-0.375497	-0.182836	-0.208104	0.052022	-0.370057	-0.263024	-0.056170	-0.068664	-0.033266
452	0.301319	-0.076510	-0.104706	0.054108	0.123783	0.158244	0.195946	0.331205	0.473676	0.377313	0.417261	0.000000	0.508209	0.304394	0.529198	0.087540	0.218175	0.320266	0.000849	0.165758
453	0.039653	-0.379961	-0.057709	-0.047958	-0.117289	-0.064631	-0.031064	0.010122	0.210540	0.034947	0.117929	-0.089462	0.175658	0.050333	0.271999	-0.040866	0.000000	0.040972	-0.122274	-0.079698
454	0.258817	-0.235882	0.373161	-0.039522	-0.369631	0.605456	0.100749	-0.202058	0.517183	0.045054	0.057582	0.317521	1.034509	0.151776	0.563714	0.000000	-0.097796	-0.265043	-0.369402	-0.360574
455	0.022821	-0.471849	0.470839	0.000000	-0.475411	0.629754	-0.204953	-0.853425	0.325771	-0.371937	-0.305194	0.203338	0.958647	-0.082958	0.475526	0.261273	-0.031192	-0.825567	-0.258026	-0.521679
456	0.567847	0.201186	1.173807	0.850664	0.230782	0.929932	0.632942	-0.057501	0.805414	0.433625	0.494394	0.737526	1.183914	0.612922	0.780315	0.504609	0.000000	-0.086880	0.250706	0.305271
457	2.297049	1.407867	1.944689	2.207136	0.000000	1.923203	1.983940	1.536302	2.476386	1.240795	1.615940	2.075087	1.935271	2.328172	2.534950	2.426237	2.512266	2.013573	1.493627	1.299194
458	1.008139	0.918772	1.996436	1.466071	0.447327	1.132016	0.661571	1.294742	0.543522	1.178147	0.852215	1.229946	1.673886	0.829495	0.000000	0.869537	0.928267	1.278551	0.565431	0.339144
459	0.734835	1.120489	1.827659	1.698387	1.550206	1.252331	1.715680	1.346933	1.598650	1.541239	1.455807	1.489800	0.000000	1.425510	1.708436	1.131852	1.534155	1.165274	1.752278	1.666669
460	0.007344	0.228815	0.486835	0.853159	0.989791	0.000000	0.511239	1.139169	0.603208	1.123797	0.873231	0.279844	0.961737	0.594880	0.467574	-0.165118	0.331027	1.157682	0.707549	0.771627
461	0.404280	0.403895	0.922300	1.008428	1.045403	0.000000	0.950304	1.209182	0.930289	1.196397	1.047052	0.666109	1.076050	0.875032	0.965856	0.499485	0.888784	1.112000	1.058153	1.137050
462	0.421337	0.009958	0.484076	0.590958	0.306403	0.000000	0.333323	0.564439	0.515459	0.536567	0.566499	0.381220	0.931706	0.452496	0.552001	0.461742	0.638083	0.605826	0.309274	0.435663
463	1.144528	0.691346	0.000000	0.798631	1.236725	1.203802	1.097910	1.352629	1.440391	1.401429	1.312505	0.540206	1.359488	1.085383	1.499109	0.967910	1.196845	1.335600	1.192815	1.257406
464	0.307453	-0.065786	0.295733	0.372390	-0.105253	0.346653	-0.016537	0.173845	0.594179	0.022318	0.000000	0.282955	-0.145840	0.241538	0.520127	0.397642	0.431498	0.475353	-0.345314	-0.150779
465	0.508487	0.670636	1.296100	1.004289	0.895220	0.821976	0.860731	0.795238	0.272107	0.585803	0.554168	0.916115	1.238836	0.498607	0.000000	0.762409	0.710161	0.848785	0.877800	0.914349
466	0.061159	-0.259415	0.000000	0.084676	0.083247	0.729288	0.376227	-0.532974	0.786960	-0.453027	-0.150603	0.329971	1.399182	0.244915	0.910426	0.409933	0.214829	-0.286897	-0.117558	0.131074
467	0.013955	0.131027	0.966255	0.642442	0.193384	0.212960	0.569850	0.123477	0.471541	-0.030946	0.091914	0.000000	0.923908	0.224120	0.349568	0.391021	0.681071	0.184757	0.297832	0.349364
468	1.059862	0.655353	1.431969	1.459182	0.471307	1.566161	1.249961	0.471263	1.548198	0.295889	0.590825	1.458927	1.436005	1.322936	1.454740	1.427586	1.156096	0.941343	0.000000	0.757665
469	0.134722	0.085290	1.591351	1.209544	-0.118536	1.249430	0.682700	-0.615963	0.264143	-0.356263	-0.450107	0.991065	1.873425	0.535588	0.000000	0.889066	0.671823	-0.112096	-0.120996	-0.139822
470	-0.583145	0.233811	0.947887	0.696924	-0.408059	0.133637	-0.287530	0.305925	0.820818	0.096424	0.023574	0.344630	1.491663	0.388023	0.766755	0.000000	0.695634	0.515969	-0.497021	-0.446188
471	1.161732	0.840424	1.063193	0.000000	1.332513	1.723978	1.509275	1.314054	1.990302	1.434814	1.266843	1.413430	1.941940	0.946923	2.022765	1.528927	1.774159	1.033838	1.425996	1.370149
472	1.803303	1.085908	1.983671	2.119452	0.974940	2.042793	2.003109	1.211847	2.185395	0.000000	0.952419	2.041923	2.268914	1.961900	2.325294	2.034126	1.865356	1.618656	1.540580	1.705928
473	0.540772	0.582118	1.510527	1.254569	0.492640	1.258061	0.824463	0.802066	1.722114	0.803887	0.809787	1.238010	1.352693	1.218983	1.763566	0.960420	1.327288	0.812191	0.708708	0.000000
474	-0.359317	0.235058	0.788936	0.268516	0.972252	0.315748	0.529991	0.684057	0.000000	0.487463	0.292782	0.484892	-0.500734	-0.123277	-0.057983	0.409718	0.847205	0.679550	1.030645	1.008570
475	2.745846	1.777010	3.043417	3.028795	0.815796	2.965897	2.045101	2.068181	3.295341	1.845836	2.182580	2.478690	2.984405	2.991024	2.939846	2.995154	2.823199	2.261056	1.458680	0.000000
476	1.224610	1.024988	2.807107	2.230323	1.393356	2.025494	1.146213	1.570248	0.000000	1.459426	1.127719	1.830950	3.145138	1.091930	0.148514	1.287474	1.366785	1.637786	1.343299	1.363841
477	1.230867	0.771717	2.358264	2.068563	1.439848	2.038841	1.919744	0.324743	1.822067	0.171033	0.672749	1.791584	1.480768	1.290897	1.889832	1.223686	0.518753	0.000000	1.758996	1.862848
478	1.425665	0.691354	2.756315	2.500411	1.114111	2.165720	1.540850	0.826668	0.905983	0.949167	0.899936	2.181320	2.768365	1.662229	0.649336	2.055340	1.763643	0.000000	1.324720	1.080632
479	-0.088651	0.112855	1.556520	-0.113408	0.449105	0.898595	0.673083	0.526822	0.000000	0.157242	0.141100	1.145486	2.264512	-0.198459	0.143200	0.720593	1.219774	0.524437	0.541706	0.479347
480	1.963626	1.065923	2.513169	2.393398	0.445876	2.389539	1.673054	0.000000	2.559150	0.353611	0.801779	2.207542	2.372204	2.052565	2.424913	2.212809	1.867233	0.797377	-0.302346	0.556157
481	0.392031	-0.293284	0.199378	0.000000	0.263398	0.839471	0.172058	-0.000899	0.487410	0.080537	0.124132	-0.052960	1.694489	0.065714	0.499170	0.416887	0.291006	0.067135	0.377840	0.054085
482	1.448320	1.513020	2.487432	2.496316	1.588514	2.032694	1.937771	1.959047	2.144180	1.863167	1.882106	1.807392	0.000000	2.127992	2.103311	1.869184	2.154823	1.955345	1.468303	1.517715
483	1.890652	1.005981	2.089215	2.176358	0.584200	1.927674	1.487082	0.000000	1.589320	0.404789	0.863428	1.856605	2.101796	1.713178	1.374990	2.040372	1.488498	0.760991	1.016802	1.026716
484	-0.071072	0.310502	1.844830	1.533583	0.973211	0.000000	1.246514	0.240789	0.708690	0.327151	0.418781	1.409604	1.731720	0.766398	0.536842	0.558430	0.661478	0.087141	1.101052	1.346349
485	1.472362	0.675575	1.953213	1.893087	0.250228	2.011513	1.396891	-0.291346	1.753920	-0.161886	0.291639	1.830234	1.595769	1.559009	1.848163	1.891871	1.354926	0.000000	0.625866	0.613614
486	0.000000	0.848021	1.861329	1.767992	0.861341	1.113868	1.755152	0.471880	2.162750	0.806354	1.050216	1.921550	1.437418	1.841385	2.004419	1.134868	0.841160	0.279610	1.513745	1.208529
487	1.779222	1.621240	2.389799	2.325637	1.747448	2.185356	2.049389	1.969074	2.069913	1.946352	1.874941	2.110140	0.000000	2.053964	2.209304	2.188894	2.498970	1.989927	1.959782	1.931790
488	1.030938	0.598657	0.387992	0.836802	1.760207	0.908222	1.146491	1.660776	1.776120	1.723662	1.491273	0.557934	1.804233	1.138111	1.657975	0.018572	0.000000	1.294671	1.742924	1.704552
489	-0.230457	-0.231795	-0.027830	0.191961	-0.145290	-0.090559	-0.101235	0.239272	0.138633	0.013777	0.008785	-0.197578	-0.295667	0.051011	0.000000	-0.172311	-0.077124	0.284714	-0.036615	-0.084430
490	0.000000	-0.322843	-0.103405	-0.253195	-0.120241	0.345510	-0.107382	0.032530	0.136809	-0.063332	-0.139980	-0.050580	1.397525	-0.218543	0.166200	0.107044	0.075649	0.122353	-0.060152	-0.060575
491	0.502626	0.727184	1.425019	0.910199	0.899562	0.970631	0.594553	0.992908	0.000000	0.961220	0.502560	0.794937	0.507004	0.158736	0.019444	0.695394	0.963140	0.950316	1.060658	0.960361
492	-0.211451	0.040481	0.329510	0.188891	0.322966	0.450536	0.305835	0.413650	0.114290	0.105090	0.047550	0.301661	1.007226	0.081470	0.000000	0.144891	0.539431	0.520043	0.540982	0.428228
493	-0.058707	-0.243307	-0.249149	-0.058948	0.023609	0.000242	-0.077644	0.081220	0.076204	-0.015641	0.009562	-0.187395	-0.025632	-0.061713	0.000000	-0.140310	-0.041693	0.073996	0.006050	0.061787
494	-0.140825	-0.405119	-0.384467	-0.241022	-0.201926	-0.130422	-0.316543	0.002684	-0.055835	-0.220172	-0.225832	-0.392959	-0.177781	-0.270704	-0.062315	-0.270619	-0.174645	0.000000	-0.205231	-0.144152
495	-0.222284	-0.623739	-0.408009	-0.296313	-0.410807	-0.551243	-0.421390	-0.013581	-0.093575	-0.312332	-0.320761	-0.489132	0.007103	-0.347416	-0.162149	-0.386740	-0.291628	0.000000	-0.455668	-0.354105
496	0.117633	-0.176448	-0.106234	0.000000	0.309937	-0.001820	0.232255	0.262509	0.506639	0.260911	0.299719	0.065225	0.265212	0.178795	0.548492	0.017328	0.081916	0.227097	0.321068	0.409683
497	0.036438	-0.396070	-0.000977	0.160960	-0.329394	-0.043736	-0.165304	-0.164382	0.155793	-0.208054	-0.081760	-0.114283	0.103397	0.060544	0.000000	-0.056326	-0.056201	-0.012000	-0.373936	-0.240482
498	-0.046749	-0.412125	-0.076984	0.000000	-0.258908	-0.012580	-0.102929	0.077567	0.320554	0.072685	0.015709	-0.017316	-0.010165	0.067434	0.277530	-0.121284	-0.129671	0.038572	-0.384860	-0.187264
499	-0.252868	-0.513509	-0.256047	-0.129331	-0.548022	-0.137306	-0.286421	-0.319926	0.000000	-0.353773	-0.273668	-0.229775	-0.287728	-0.103560	0.029889	-0.309011	-0.362671	-0.241924	-0.688291	-0.471813
500	0.031337	-0.196045	-0.131347	-0.004988	-0.169215	-0.003162	-0.074992	-0.240067	0.100752	-0.295832	-0.102885	-0.007731	-0.194952	0.079675	0.000000	-0.049144	-0.076096	-0.015126	-0.168147	-0.050232
501	0.000000	-0.039204	0.198124	0.138622	0.145939	0.118174	0.140485	0.281662	0.297155	0.143405	0.078440	0.125785	0.451885	0.083194	0.287542	0.097545	0.219773	0.257347	0.098523	0.232473
502	-0.061634	-0.324749	-0.052549	0.008720	-0.140343	-0.156078	0.004727	0.008256	0.119806	-0.191674	-0.121552	-0.086540	-0.149132	-0.021343	0.138234	-0.127288	0.020756	0.000000	-0.177558	0.036744
503	0.238044	-0.026078	0.172631	0.177729	0.166060	0.000000	0.251540	0.178054	0.565107	0.202820	0.244434	0.222343	0.035275	0.311141	0.589494	0.178937	0.293605	0.278987	0.076298	0.346970
504	0.076504	-0.263233	0.142869	0.191595	-0.055047	0.069615	0.191813	0.000000	0.477605	-0.041782	0.046559	0.191244	0.165576	0.217092	0.475851	0.128326	0.259073	0.153409	-0.103842	0.100266
505	-0.002369	-0.375279	0.187646	0.156054	-0.156550	0.000000	0.079827	-0.153235	0.418651	-0.119959	-0.061719	0.081164	0.179724	0.163293	0.378139	0.025604	0.033929	-0.073936	-0.208261	0.013749
506	0.000000	-0.298597	0.284262	0.212095	-0.065670	0.165050	0.159806	0.025665	0.415315	-0.061778	-0.017643	0.187683	0.364119	0.201467	0.400735	0.109306	0.086817	0.070560	-0.145942	0.048842
507	-0.062167	-0.326949	0.169885	0.165845	-0.140436	-0.079446	0.122256	0.099810	0.317434	-0.056177	-0.065175	0.117081	0.372438	0.086926	0.333497	-0.009824	0.050173	0.000000	-0.130104	-0.005583
508	0.186057	-0.149283	0.363265	0.257734	0.000000	0.384369	0.552539	-0.159876	0.575072	-0.098355	0.046718	0.461384	0.310870	0.384260	0.587282	0.253684	0.154453	-0.114357	0.163727	0.331848
509	0.279196	0.017245	0.712939	0.537142	0.158938	0.517737	0.425278	0.000000	0.510170	0.032452	0.037004	0.599053	0.888999	0.319326	0.481662	0.364799	0.325335	0.169680	0.198258	0.265254
510	0.057738	0.049187	0.656491	0.395248	0.125548	0.000000	0.197364	0.518690	0.485231	0.366039	0.212660	0.477992	0.290682	0.261043	0.513082	0.324405	0.549643	0.472982	0.094840	0.208503
511	1.504842	1.029400	2.123104	1.919311	0.000000	2.079101	1.716017	1.098988	2.174916	1.036023	1.192557	2.060666	1.404480	1.990875	2.182050	1.773749	1.635602	1.277065	-0.075891	0.506357
512	1.938626	1.116052	2.640270	2.654814	0.703384	2.404003	2.232354	1.609762	2.787577	0.000000	0.652287	2.387282	2.963727	2.307317	2.925169	2.528479	2.602026	2.035592	1.326091	1.425017
513	0.109546	0.868540	1.497040	0.796337	1.184300	0.000000	1.117486	1.176129	0.901997	1.124948	0.707006	1.212727	1.941253	0.485645	0.990315	0.455400	1.018422	1.168979	1.107291	1.331974
514	0.000000	0.750167	1.205158	0.583312	0.642466	1.103135	0.964029	1.126339	1.586453	1.283847	0.864921	1.151860	1.405623	0.965458	1.631208	0.584225	0.865410	0.922342	0.625950	0.444749
515	0.000000	0.938947	2.476799	2.079501	1.099861	1.623257	1.816552	0.519027	1.531043	0.805128	0.452972	2.058336	2.681182	1.418157	1.371952	0.970045	0.861107	0.710075	0.909781	1.178853
516	1.877834	1.500716	2.403660	2.450791	1.611075	0.000000	2.144426	1.914926	2.288866	1.739758	1.853346	2.075643	2.526413	2.284310	2.384290	2.105561	2.200448	2.031115	1.625093	1.814085
517	-0.282334	-0.801399	0.316556	-0.115495	-0.604670	0.272041	-0.332191	0.093316	-0.125368	-0.826480	-1.112689	-0.015464	1.511361	-0.397988	-0.042816	0.000000	0.321639	0.173330	-0.605270	-0.700768
518	0.498936	0.742301	0.936891	1.170169	0.871420	0.860398	0.794030	0.821787	0.709042	0.870410	0.790828	0.523369	0.800585	0.809447	0.684775	0.158833	0.000000	0.584041	0.941261	0.934099
519	1.613477	0.986362	2.912295	2.733242	0.801402	2.390390	2.164357	0.384320	1.950276	-0.413474	0.000000	2.311222	2.654101	2.240252	1.873259	2.566487	2.449038	1.272172	1.459205	1.632802
520	-0.478461	-0.534050	0.374557	0.043372	-0.304577	0.000000	0.012801	-0.172240	-0.032568	-0.331225	-0.366782	0.206236	1.628419	-0.128179	-0.150894	-0.118055	0.126390	0.024551	-0.417252	-0.233633
521	0.000000	-0.081613	0.404988	0.257394	-0.114931	0.630805	0.283515	-0.025117	0.466224	0.025659	-0.012464	0.463006	1.462017	0.250281	0.416318	0.353675	0.254597	-0.010999	-0.143096	-0.048060
522	0.000000	1.184413	2.222305	1.677727	1.330547	1.110647	1.826255	1.311667	1.943465	1.252305	1.124136	1.993114	2.510003	1.598832	1.885850	0.900535	1.343646	1.360575	1.197420	1.402333
523	-0.255660	0.196295	1.852741	1.350308	0.311968	0.684982	0.678681	-0.028694	0.378860	-0.303427	-0.258513	0.967423	2.588782	0.560436	0.265595	0.000000	0.564513	0.330967	0.470998	0.522932
524	-0.054124	-0.232233	0.705558	0.340007	-0.154972	0.303312	0.331680	0.115500	0.383908	-0.160592	-0.199933	0.528150	1.235982	0.171558	0.296192	0.238386	0.318456	0.000000	-0.100011	-0.016368
525	-0.392516	-0.212729	0.378738	-0.268855	-0.551365	0.158335	-0.197079	0.181590	0.476697	-0.115119	-0.384698	0.048331	1.195988	-0.604549	0.374982	-0.046838	0.000000	0.092913	-0.637571	-0.608789
526	1.453288	1.095183	2.194314	2.015406	0.827632	1.896102	1.511219	1.087412	1.845181	0.000000	0.776920	1.550304	2.524955	1.608860	1.740259	1.669052	1.507902	1.256661	1.327157	1.194802
527	-0.611801	-0.503759	0.156430	-0.115706	-0.556643	-0.330997	-0.255241	-0.134188	0.017635	-0.292164	-0.339196	0.082100	0.038227	-0.127721	-0.000344	-0.244502	0.000000	-0.165568	-0.686183	-0.502263
528	0.338187	0.112296	0.719649	0.265829	0.251953	0.587983	0.496065	0.055921	0.725501	0.245832	0.189634	0.609836	1.604952	0.374135	0.613051	0.543131	0.435090	0.000000	0.220060	0.307921
529	0.256589	0.121768	1.461056	0.485483	-0.157449	1.028460	0.306710	-0.056118	0.956043	-0.136350	-0.218322	0.357103	1.517030	0.000000	0.947251	0.592660	0.625785	0.215481	0.026622	0.106986
530	0.000000	0.139457	0.834128	0.620129	0.362599	1.112774	0.345271	0.248011	0.520923	0.570564	0.361641	0.654652	2.122937	0.391215	0.426246	0.384285	0.539362	0.098827	0.187148	0.187998
531	-0.211592	-0.505398	0.565957	0.390666	-0.517396	0.195448	0.001362	-0.116136	0.276403	-0.389200	-0.268464	0.304758	1.828988	0.156004	0.000000	0.155071	0.207815	-0.018042	-0.805722	-0.569217
532	-0.002607	-0.046624	0.657654	0.312165	0.151566	0.655228	0.205741	0.556072	0.261156	0.149270	-0.006660	0.279225	2.627243	0.000000	0.201564	0.342714	0.701741	0.677802	-0.130769	0.127372
533	1.055090	0.897515	1.456150	0.663920	0.957028	1.594425	1.124562	0.444937	1.595499	0.000000	0.429053	1.314700	2.263290	0.833375	1.467936	1.361577	1.279797	0.880960	0.945625	1.014446
534	0.539002	0.216129	0.913409	0.474133	0.332683	0.958652	0.617431	-0.034164	0.720843	0.000000	0.270267	1.121928	1.795259	0.546602	0.732872	0.744416	0.563170	0.035462	0.182413	0.256756
535	-0.045002	-0.019851	-0.095895	-0.062412	0.319677	0.455430	0.221100	0.244911	0.040722	0.018772	-0.046940	0.020733	2.159015	-0.054669	0.011561	0.000000	0.151583	0.315089	0.159258	0.313959
536	-0.609611	-0.407714	0.045657	-0.085161	-0.440019	0.000000	-0.498016	-0.666426	-0.809227	-0.788592	-0.646830	-0.202770	1.339829	-0.583347	-0.716547	-0.491018	-0.427736	-0.350643	-0.634719	-0.398788
537	0.797349	0.314879	1.377253	1.086739	-0.052624	1.297467	0.991769	0.000000	1.398835	-0.118992	0.289547	1.414009	1.590654	1.102922	1.332469	1.233974	1.110360	0.519851	-0.049499	0.323770
538	0.040944	-0.172212	0.555692	0.266898	-0.082187	0.328872	0.090277	-0.004495	0.089677	-0.149600	-0.125880	0.392986	1.568290	0.088965	0.000058	0.184990	0.201124	0.000000	-0.190629	-0.026833
539	0.019131	0.276173	0.498127	0.306272	0.332556	0.580556	0.221989	0.324588	-0.087013	0.237648	0.235792	0.287978	1.982480	0.000000	-0.084452	0.158470	0.321846	0.395268	0.324012	0.371900
540	0.092432	0.145134	0.463675	0.256737	0.122656	0.711320	0.322749	0.075416	0.564996	-0.085197	-0.058915	0.314111	1.970488	0.000000	0.294697	0.326021	0.362178	0.309661	-0.254005	0.164871
541	-0.342600	-0.570928	0.175495	0.126226	-0.733256	0.193300	-0.162704	-0.759616	0.421420	-0.870139	-0.563916	0.181572	1.219733	0.000000	0.357465	0.026422	-0.092245	-0.446733	-0.987384	-0.737616
542	-0.073288	-0.196776	0.211287	0.058431	-0.166158	0.069449	-0.120892	-0.141209	-0.103579	-0.238478	-0.199451	0.062573	1.291255	-0.036647	-0.152493	0.000000	0.042385	-0.102985	-0.162888	-0.106812
543	-0.285002	-0.079621	0.277261	0.038817	-0.095145	0.162014	-0.122084	-0.485857	-0.577040	-0.282269	-0.270274	0.000000	0.803077	-0.195657	-0.614684	-0.172377	-0.224489	-0.472436	-0.100528	-0.100702
544	0.565787	0.145629	1.150025	0.696135	0.186435	1.148284	0.867627	0.098144	1.051737	0.000000	0.144512	1.072303	1.889515	0.673422	0.919295	0.769109	0.632760	0.251675	-0.214441	0.230960
545	0.288580	0.036461	0.711189	0.547585	0.180258	0.623947	0.413940	0.184371	0.279286	0.000000	0.181336	0.570980	1.563022	0.390717	0.160307	0.381055	0.403975	0.289879	0.077401	0.247929
546	0.099155	0.159949	0.476640	0.385697	0.144944	0.330309	0.281133	0.067186	0.080470	0.014432	0.087181	0.342757	1.313745	0.213151	0.000000	0.164297	0.186435	0.138857	0.178476	0.236239
547	0.000000	-0.151471	0.952954	0.493278	-0.052671	0.657646	0.205243	-0.566105	-0.157694	-0.576205	-0.338199	0.282705	1.147833	-0.078960	-0.335692	0.207307	-0.092950	-0.440908	-0.081905	0.026217
548	0.636991	0.232206	1.078149	0.837350	0.308263	1.162367	0.813535	0.000000	0.851786	0.040016	0.306523	0.949491	1.789054	0.731361	0.778365	0.918538	0.874852	0.352000	0.136564	0.347837
549	-0.368120	-0.434545	0.309141	0.000000	-0.299864	0.024391	-0.090761	-0.371827	-0.190663	-0.590193	-0.474603	0.090733	1.383780	-0.158969	-0.204530	-0.138938	-0.038092	-0.199359	-0.396964	-0.242255
550	0.000000	-0.149591	0.560068	0.340507	-0.242988	0.381692	0.000842	-0.013404	0.086639	-0.188629	-0.136007	0.186153	1.340657	0.115953	-0.076726	0.102140	0.162506	0.145228	-0.260144	-0.217208
551	-0.077271	-0.553478	0.486681	0.342883	-0.704710	0.497947	-0.318260	-0.526770	0.090583	-0.452000	-0.303150	-0.135038	0.880521	0.000000	-0.071156	-0.029002	-0.095184	-0.388789	-0.667973	-0.757234
552	-0.031889	-0.146440	0.290022	0.258547	-0.122134	-0.039446	-0.090935	0.080512	-0.007366	-0.042108	-0.054755	0.063603	0.070405	0.000000	-0.085168	-0.021931	0.083944	0.081762	-0.109454	-0.064086
553	0.095068	-0.258170	0.323563	0.398875	-0.153702	-0.108308	0.000000	0.090742	0.303111	-0.024317	-0.015876	0.223466	0.838217	0.287434	0.168311	0.096409	0.090235	0.044572	-0.213933	-0.063856
554	0.177119	-0.142519	0.578906	0.294088	0.187270	0.405392	0.269807	-0.011103	0.258328	0.000000	0.104773	0.433876	1.092937	0.190175	0.166646	0.210948	0.196137	-0.009772	0.053385	0.159398
555	0.301497	0.136199	0.284062	0.388043	0.033376	0.423267	0.196555	0.181004	0.575533	0.000000	0.144770	0.309078	0.756145	0.306567	0.468368	0.244046	0.225382	0.344228	-0.310550	-0.021037
556	-0.201111	-0.188632	0.147451	0.057805	-0.206375	-0.058037	-0.062056	-0.114688	0.000000	-0.214787	-0.198518	0.043998	0.218183	-0.034468	-0.018599	-0.019205	0.072619	-0.014012	-0.393062	-0.201214
557	0.302234	-0.262951	0.334991	0.345440	-0.137936	0.303642	0.098780	0.099632	0.355689	0.000000	0.107916	0.194240	1.127228	0.293029	0.277071	0.164257	0.114907	0.130117	-0.274642	-0.157013
558	0.533814	0.165618	0.715375	0.780429	0.213527	0.871489	0.363922	0.304317	1.093206	0.261722	0.455866	0.738895	1.293302	0.844646	0.961878	0.291477	0.000000	0.388236	0.053187	0.219522
559	0.119292	0.110506	0.712012	0.423041	-0.047539	0.369142	0.091733	-0.042327	0.399646	-0.023263	0.026061	0.423246	0.253453	0.304083	0.227622	0.170488	0.248361	0.000000	-0.258572	-0.180800
560	0.225602	0.209679	0.650034	0.375280	0.180583	0.520958	0.334450	0.148702	0.447820	-0.018201	-0.090386	0.189476	0.844034	-0.118945	0.435386	0.374665	0.241043	0.245370	0.000000	0.483981
561	0.009470	-0.217363	0.829091	0.633800	-0.327938	0.000000	0.240165	0.142604	0.695872	0.212497	0.151409	0.502751	1.546240	0.478269	0.570979	0.356419	0.406108	0.153968	-0.641877	-0.279446
562	0.585849	0.182033	0.941849	0.675296	0.174524	1.029271	0.489385	0.000000	0.732846	0.023137	0.285298	0.851155	1.748770	0.561437	0.660195	0.754731	0.691748	0.354403	-0.199704	0.145222
563	0.404859	0.581398	1.213212	1.005961	0.791459	1.067282	0.628683	0.463069	0.000000	0.211286	0.367560	0.647888	2.414362	0.504302	0.009104	0.621826	0.711727	0.632029	0.707845	0.697601
564	0.003994	-0.159661	0.944381	0.564619	-0.479591	0.572304	0.211233	-0.404648	0.315055	-0.509110	-0.516997	0.526379	1.798178	0.000000	0.038042	0.386507	0.283511	0.062082	-0.451704	-0.361835
565	0.526279	0.123645	0.963576	0.776157	0.407174	1.105156	0.753907	0.101042	0.965733	0.000000	0.332325	1.047446	1.836634	0.775501	0.837514	0.797771	0.669781	0.291606	0.274600	0.428926
566	-0.055517	-0.163218	0.577808	0.041639	-0.067446	0.517864	0.165864	-0.493104	0.181232	-0.357645	-0.200599	0.451965	1.939172	0.000000	0.144194	0.341202	0.304196	-0.287658	-0.191138	-0.120835
567	0.000000	1.024959	1.633506	1.328496	1.123202	0.946897	1.381249	1.008662	1.515733	0.766754	0.704141	1.197864	2.363293	1.097552	1.461532	0.537569	0.961918	1.119210	1.103032	1.245331
568	-0.031501	-0.363341	0.677165	0.517709	-0.716521	0.513346	-0.169863	-0.437380	0.347986	-0.622591	-0.419589	0.244998	1.730714	0.171833	0.000000	0.246319	0.111028	-0.117387	-0.976233	-0.799009
569	0.037081	-0.129721	0.466998	0.286473	0.052624	0.534928	0.265849	-0.078325	0.316062	-0.278469	-0.182701	0.416795	1.683197	0.113856	0.256121	0.320156	0.319510	0.000000	-0.080790	0.077817
570	0.258347	0.172037	0.126954	-0.100053	0.185695	0.735774	0.464554	0.235497	0.667028	0.000000	0.052810	0.487090	2.193398	0.272582	0.680966	0.398184	0.566414	0.485433	0.298104	0.326710
571	0.000000	0.721897	1.625408	0.646486	0.526320	1.019797	1.036391	0.690380	1.550299	0.651152	0.345067	1.394744	2.561207	0.652407	1.388758	0.577353	0.779656	0.766089	-0.463149	0.501641
572	0.671779	0.043861	0.912864	0.569231	0.055806	1.243707	0.621266	-0.268020	0.967323	-0.363438	-0.106065	0.867900	1.858711	0.610877	0.831888	0.950177	0.701196	0.000000	-0.329280	0.022978
573	-0.053086	-0.351295	0.356920	0.000000	-0.150697	0.340398	0.105091	-0.149045	0.187314	-0.289221	-0.162295	0.352055	1.746469	0.054985	0.152039	0.211524	0.288787	0.070058	-0.321064	-0.208246
574	-0.145273	0.001368	0.090960	0.200060	-0.000172	0.211475	0.048051	-0.048292	-0.162971	-0.400500	-0.493454	0.105788	2.107531	-0.355503	0.000000	-0.100566	0.106866	0.293750	-0.283691	-0.019340
575	1.002611	0.702185	1.776988	1.537296	0.082911	1.716904	0.901358	0.531623	1.532116	0.216833	0.524603	1.652769	2.613194	1.258626	1.305755	1.525706	1.406709	0.997392	-0.036225	0.000000
576	0.787766	0.223125	0.944477	0.756284	0.533912	1.276713	0.819512	0.353340	0.938668	0.000000	0.380057	0.871835	2.294985	0.747251	0.908051	0.893886	0.869540	0.563410	0.502238	0.671556
577	0.067949	0.238938	0.462185	0.204726	0.423940	0.475495	0.240437	0.496004	0.000000	0.293770	0.193561	0.366755	2.249436	0.028443	-0.024177	0.255436	0.445421	0.592442	0.383229	0.398933
578	0.875127	0.420303	0.000000	0.460457	0.834232	1.486003	0.773799	0.007319	1.510481	0.334653	0.523100	0.602841	2.862372	0.939126	1.465336	0.922352	0.750779	0.272258	0.422527	0.582125
579	0.541851	0.301564	1.468584	0.390248	0.596781	1.363985	0.742290	0.282676	0.578217	-0.228789	-0.073168	0.910220	2.217402	0.000000	0.587342	0.922970	1.020330	0.503056	0.596883	0.700473
580	-0.178782	-0.295926	0.331120	0.186121	-0.391129	-0.009774	-0.123418	-0.027880	0.079811	-0.181978	-0.100950	0.190122	1.512619	0.000000	0.024892	0.102344	0.259637	0.122715	-0.515277	-0.419117
581	0.115727	0.320130	0.768278	0.543199	0.466607	0.839858	0.387918	0.095836	-0.366030	0.000000	-0.076853	0.397266	2.264759	-0.159170	-0.606207	0.252865	0.238875	0.213595	0.400815	0.584911
582	1.625581	1.313169	2.701129	2.363893	1.242502	2.119940	1.968259	1.363513	1.231113	0.000000	0.673537	2.247442	2.934289	1.659054	1.190333	1.900569	1.964187	1.845547	1.567278	1.680025
583	0.009940	-0.123274	-0.079588	-0.103647	0.113052	0.000000	0.017855	0.235491	-0.026211	0.147878	0.061780	-0.067433	1.707411	-0.077897	-0.045161	-0.042075	0.157233	0.364921	0.174183	0.259606
584	0.544308	0.397270	0.992194	0.706642	0.461296	0.875374	0.435223	0.000000	-0.000993	0.089175	0.305845	0.561862	1.893725	0.349006	-0.076622	0.474321	0.557601	0.389304	0.567470	0.542030
585	2.326596	1.955606	3.260144	3.091144	1.276337	2.988219	2.635566	1.964316	2.957153	1.767746	1.676527	2.873075	3.285289	2.734446	2.772065	2.720968	2.652247	2.308334	0.000000	1.506299
586	0.923593	0.581188	1.081576	1.233344	1.025147	0.000000	0.647311	1.362241	0.557878	0.940235	0.877046	0.534384	2.136989	0.733213	0.552677	0.946601	1.458820	1.504153	1.307971	1.174184
587	-0.025916	0.000000	1.695341	1.410971	0.654351	0.597318	1.575968	0.935698	1.894612	0.782624	0.609694	1.657624	1.659748	1.475943	1.982176	1.103743	1.380336	0.787352	1.082718	1.179392
588	-0.015907	0.002967	0.165805	0.091463	0.003597	0.263158	-0.022027	0.225601	0.071057	0.115341	0.073170	0.130979	0.980786	0.059184	0.089731	0.000000	0.198353	0.366149	-0.057625	0.042378
589	0.666614	-0.150635	0.494591	0.621764	-0.019820	0.000000	0.253459	0.580940	0.621763	0.338641	0.379734	0.254164	1.204601	0.569909	0.591643	0.463424	0.493345	0.767397	-0.010193	0.161564
590	0.142631	-0.110538	0.394510	0.042792	0.187633	0.495633	0.245646	0.196623	0.000000	-0.068452	-0.037076	0.295728	1.123388	-0.072414	0.143126	0.187660	0.383817	0.317653	0.276321	0.330665
591	0.838935	0.532681	1.045352	0.749050	0.573350	1.205703	0.777138	0.365731	0.860485	0.000000	0.346592	0.914429	1.017627	0.652304	0.792262	0.873008	0.774025	0.617208	0.614116	0.601247
592	0.998364	0.439099	1.983735	1.101550	0.588962	1.752024	0.961669	0.000000	0.718748	0.597233	0.534477	1.483997	2.290565	0.747317	0.644962	0.987524	0.734780	0.138997	0.538183	0.584116
593	0.695436	0.000000	1.684257	1.336530	0.065946	0.974658	1.080809	0.594890	1.457561	0.669130	0.635475	1.376138	1.857263	1.324118	1.587732	1.074113	1.125594	0.575122	-0.199477	0.132049
594	-0.407416	-0.397818	-0.136996	-0.325546	-0.314138	0.468244	-0.348312	0.057291	0.209490	-0.245310	-0.090825	-0.440278	-0.539329	-0.011642	0.178499	-0.245414	0.000000	0.103047	-0.163244	-0.342649
595	1.972467	1.432025	2.335471	2.357115	1.528277	2.142799	1.817051	1.655135	2.238738	1.377291	1.549892	1.855108	2.751332	2.043237	2.083340	0.957308	0.000000	1.756057	1.499781	1.717228
596	0.445489	0.289657	0.057914	0.499740	0.326459	0.648274	0.456570	0.671082	0.984256	0.522123	0.561557	0.000000	1.220691	0.733032	0.921541	0.081069	0.211746	0.865847	0.122881	0.177722
597	1.652791	0.922504	2.106794	1.685634	0.866845	2.367533	1.756217	0.019881	2.128711	0.289783	0.645387	2.074275	2.367483	1.628831	2.120710	2.015107	1.317262	0.000000	0.859533	1.101197
598	0.337088	0.476719	0.887512	0.250703	0.446364	0.857783	0.464086	0.390422	0.249071	0.308546	0.312593	0.720580	0.000000	0.237555	0.328992	0.475349	0.626443	0.430816	0.630328	0.458632
599	2.974340	2.317958	3.202306	3.199218	1.495995	3.307420	2.903089	2.422315	3.407758	2.451883	2.373367	3.290159	3.299710	3.178667	3.324177	3.080119	2.958747	2.331176	0.000000	1.775012
600	0.624008	0.155732	-0.195992	0.479614	0.378795	0.755596	0.283563	0.739814	0.656724	0.627521	0.623735	0.000000	-0.861396	0.569541	0.834663	0.425337	0.890650	0.825982	0.252006	0.511714
601	0.032137	0.217108	0.336040	0.068249	0.238873	0.439118	0.065706	0.212153	-0.100650	0.194601	0.152539	0.229129	-0.032016	0.096336	0.046168	0.000000	0.197176	0.186628	0.208982	0.173578
602	0.080179	0.089303	0.225486	-0.076657	0.020993	0.481856	0.150515	0.258178	0.134198	0.154395	0.083124	0.244216	1.992743	0.042162	0.275430	0.000000	0.294942	0.419094	-0.180641	0.061558
603	2.873892	2.508219	3.201574	3.109667	1.907490	3.417421	2.924656	1.991307	3.561915	2.723065	2.488052	3.171828	3.227687	3.096632	3.433828	2.983281	2.770165	2.102171	0.000000	1.967698
604	1.252765	0.928618	1.998393	2.219572	1.078884	1.425110	1.412025	1.286719	2.254257	1.007534	1.227320	1.255106	2.608988	1.827702	2.185175	0.000000	0.401162	1.601411	1.022534	0.988738
605	0.362489	0.374104	0.196881	0.479017	0.512133	0.242409	0.214908	0.790424	0.281710	0.642149	0.485730	0.000000	0.648715	0.255897	0.396967	0.191273	0.431209	0.715312	0.534158	0.540669
606	0.930177	0.746640	1.774110	1.477541	0.675370	1.566761	0.427163	0.840280	0.000000	0.476826	0.592564	1.018448	2.322420	0.713716	-0.038121	1.081296	1.033356	0.887781	0.658537	0.484640
607	0.815623	0.781068	0.594402	0.736616	0.998653	0.898989	0.849849	1.259041	0.792881	0.943374	0.968689	0.654996	1.256609	0.827169	0.733500	0.000000	0.051029	1.179060	0.888074	1.036470
608	0.133299	-0.275406	0.096473	-0.448287	-0.920494	0.698427	0.060103	-0.675343	0.760567	-1.356195	-0.728409	0.366933	0.424991	0.000000	0.709306	0.445359	0.156570	-0.346399	-0.984036	-0.930439
609	0.120525	0.318416	0.000000	-0.049388	0.300122	0.492724	0.280845	0.440537	0.347481	0.447291	0.385185	0.278606	1.228364	0.156168	0.422232	0.222017	0.319969	0.363080	0.103029	0.182306
610	0.666798	0.333905	0.345579	0.000000	-0.447306	0.956698	0.123203	0.627764	1.103744	0.788331	0.582354	0.694820	2.228530	0.556687	1.026063	0.553963	0.512018	0.652572	-0.995512	-0.886755
611	1.577999	1.419395	2.569173	2.184434	0.868061	2.417862	1.828840	0.000000	1.958211	0.553197	0.835494	2.080852	3.098525	1.705879	1.874536	2.198325	1.886601	0.784729	0.596343	0.978231
612	1.995043	1.482766	1.726458	1.609441	1.321224	2.459365	1.807345	1.410243	2.088123	1.399917	1.292400	1.726251	3.009357	1.730350	2.058875	1.883527	1.755662	1.742608	0.000000	1.140817
613	0.499674	-0.146025	0.433677	0.296800	0.168600	0.000000	0.125302	0.618095	0.230661	0.302974	0.298647	-0.356130	2.431634	0.230981	0.253239	0.143203	0.349975	0.695950	0.253181	0.182044
614	0.502525	0.018964	0.310502	0.117325	0.525682	0.727554	0.155762	0.166546	-0.001947	0.232467	0.251783	0.000000	2.077997	0.020360	0.169739	-0.002112	-0.166905	0.062878	0.508324	0.518988
615	0.863187	0.572181	1.053501	0.703736	0.640120	1.405415	0.619004	0.454967	0.530028	0.168501	0.000000	1.046770	2.026087	0.381949	0.490881	0.780337	0.658277	0.769597	0.042028	0.128142
616	1.909817	1.481668	1.720710	2.361101	1.882026	1.960394	1.613963	2.097143	1.509328	2.123874	1.939130	0.867719	2.425148	1.749989	1.200872	0.702567	0.000000	1.885961	2.049522	1.897527
617	2.529530	2.566046	3.127332	3.080616	1.675570	3.076946	2.743613	2.831726	3.260816	2.981698	2.618837	3.121642	2.684051	3.059691	3.048228	2.832808	2.902554	2.770726	0.000000	1.834494
618	0.335632	0.863477	1.195171	0.922338	0.920407	0.539263	0.734338	0.292433	-0.235388	0.000000	0.069257	0.695773	0.773964	-0.257100	-0.110622	0.390504	0.471220	0.701959	0.948954	1.112464
619	0.448811	0.622946	0.534098	0.024751	1.101170	0.930729	0.902754	0.724054	0.645634	0.631042	0.451935	0.948376	2.540146	0.000000	0.814794	0.700381	0.730158	0.829440	0.947234	1.107041
620	3.349609	2.785227	3.788077	3.629146	2.030766	3.782119	3.126785	2.745953	3.769853	2.742737	2.812615	3.608056	3.676150	3.553833	3.529212	3.476506	3.321521	2.846445	0.000000	1.918289
621	-0.707198	-0.418277	0.000000	-0.277455	-0.647643	0.350833	-0.444135	-0.580853	-0.850426	-0.447400	-0.817084	-0.029228	2.018580	-0.939038	-0.737094	-0.671345	-0.310893	-0.379459	-1.080055	-0.752272
622	0.376759	0.573555	0.829110	0.537427	0.601921	0.774484	0.542094	0.260786	0.000000	0.332948	0.334108	0.629868	2.075785	0.317595	0.085381	0.553242	0.576520	0.350380	0.668200	0.598806
623	0.383220	0.095170	0.682469	0.000000	0.006762	1.106771	0.308067	-0.567996	0.589823	-0.275436	-0.218647	0.744957	2.244674	0.141199	0.557077	0.559250	0.417522	-0.301841	-0.570457	-0.143723
624	1.288647	0.928228	2.280162	1.947438	0.926753	2.101605	1.778011	-0.368949	1.606995	-0.229996	0.219395	2.011256	2.710274	1.482995	1.462336	1.737191	0.915508	0.000000	1.093302	1.284385
625	-0.290323	0.200094	0.385849	-0.307530	0.366920	0.373495	0.135605	0.230297	-0.126386	0.179894	-0.054069	0.380189	2.221516	-0.142283	-0.123065	0.000000	0.439219	0.290609	0.102118	0.170164
626	-0.105172	0.113229	0.139739	0.032669	0.329279	0.282590	0.048096	0.002716	-0.486792	0.015505	0.009610	0.000000	-0.115493	-0.105544	-0.297752	-0.016805	0.092645	0.000458	0.316281	0.381963
627	1.602957	1.038054	2.240183	1.941489	0.520350	2.426506	0.766529	1.237544	1.174340	1.162327	1.270834	1.769558	3.242915	1.442126	1.265367	1.586910	1.561592	1.257878	0.363003	0.000000
628	0.054499	0.030925	1.470316	0.844439	-0.192934	0.956377	0.057939	-0.260101	-0.908363	-0.523471	-0.580767	0.608000	2.466543	-0.136158	-1.023918	0.157789	0.000000	0.075042	-0.523641	-0.229443
629	0.047605	0.074520	0.345522	0.297927	0.113217	0.234886	0.157778	0.317186	-0.015665	0.233111	0.143415	0.153161	0.985599	0.000000	0.021085	0.019108	0.253373	0.392769	0.055264	0.109517
630	0.346717	0.068373	0.559424	0.053539	0.158858	0.908213	0.026846	0.000000	0.080743	0.257933	0.190106	0.449520	2.229733	-0.082919	0.055400	0.356700	0.094514	0.192429	-0.058759	-0.041039
631	2.264566	1.947320	3.087219	2.957805	1.568615	3.122416	2.968784	0.000000	3.135687	0.578102	1.397632	3.081500	3.552368	2.838002	3.060918	3.153928	2.473011	0.743703	2.115174	2.288075
632	0.986896	0.756335	1.578986	1.203119	0.030465	1.620901	0.620520	0.884306	0.655622	0.714358	0.360421	0.684321	3.982428	0.515776	0.396753	0.790758	0.991074	1.273080	-0.101074	0.000000
633	-0.088397	-0.000690	0.307181	0.216888	-0.077592	0.240323	-0.130203	0.191200	-0.331429	-0.007229	-0.085884	-0.093219	2.270197	-0.150918	-0.417351	-0.141467	0.000000	0.299507	-0.183256	-0.093624
634	0.446286	0.564528	1.218168	0.765471	0.787942	1.534454	0.838213	0.704144	0.393614	0.000000	0.185858	0.893154	3.499355	0.291497	0.466960	0.739739	1.035067	1.007959	0.590272	0.798553
635	1.798421	1.320648	2.377863	2.257479	1.508845	2.234917	2.239657	0.000000	2.304834	0.607280	0.748024	2.213680	2.858376	2.100887	2.252580	2.310122	2.118503	0.904099	1.432210	1.745048
636	-0.159810	0.165277	0.960948	0.000000	0.253733	0.602192	0.323191	-0.356964	-0.198597	-0.070729	-0.129376	0.620151	2.584014	-0.161647	-0.223171	0.144281	0.217337	-0.197574	0.316149	0.335902
637	-0.002376	-0.065542	0.272528	0.000000	0.083080	0.625845	0.082540	-0.039864	0.048369	-0.105970	-0.090958	0.107746	2.272012	-0.104710	0.015444	0.163960	0.228611	0.199183	-0.067429	0.062962
638	0.366816	0.261504	-0.341556	-0.000437	0.127622	0.874175	0.373042	0.503068	1.204288	0.746320	0.504206	0.240870	2.364931	0.629231	1.150238	0.000000	0.586983	0.659304	-0.461258	-0.095382
639	0.309462	0.589074	1.539316	0.312633	0.490733	1.219056	0.646334	0.538238	0.418673	0.801975	0.146677	0.789971	2.486835	0.000000	0.220330	0.607040	0.835736	0.310898	0.444792	0.392158
640	-0.113320	0.066264	0.322237	0.041957	0.028589	0.435089	-0.021707	-0.144403	-0.246579	-0.161518	-0.153786	0.000000	1.818015	-0.135495	-0.419759	0.050682	0.198069	0.019664	-0.021216	0.048067
641	0.138184	0.149377	0.450351	0.173263	0.274023	0.694699	0.260546	0.091032	0.181948	0.081226	0.133395	0.298954	1.670210	0.000000	0.105017	0.293679	0.398811	0.294032	0.147091	0.278703
642	-0.033447	0.279508	0.275704	0.059465	0.166280	0.491347	0.194318	0.295038	0.289436	0.089315	0.145040	0.267558	1.531724	0.000000	0.037186	0.286688	0.560167	0.542664	-0.005993	0.119143
643	-0.090476	-0.057231	0.073557	0.000000	0.084757	0.188515	-0.009794	-0.164884	-0.224794	-0.194281	-0.122683	-0.090802	1.080874	-0.142684	-0.337562	-0.027533	0.037504	0.013475	0.044792	0.105655
644	0.061576	0.200354	0.355839	0.264159	0.272430	0.270629	0.173082	0.176560	0.000000	0.114964	0.141654	0.194539	0.939852	0.035399	-0.030287	0.181494	0.302816	0.252640	0.236539	0.287853
645	-0.023239	-0.068045	0.012669	-0.069767	-0.054902	0.127344	0.013191	-0.174809	0.123549	-0.092873	-0.056538	0.000000	0.878827	-0.033196	0.071491	0.047332	0.108626	-0.017586	-0.174173	-0.038074
646	0.108856	-0.046512	0.188659	0.000000	0.003772	0.297225	0.064223	-0.203200	0.082809	-0.193531	-0.081666	0.111097	0.704587	-0.016077	-0.005048	0.136229	0.130757	0.009433	-0.119061	-0.001575
647	0.029668	0.072630	0.310393	0.201288	0.176776	0.269360	0.192584	0.102756	0.159865	0.085485	0.133927	0.136902	0.868050	0.000000	0.086226	0.122587	0.276839	0.190391	0.177641	0.249604
648	-0.090076	-0.201539	0.000000	-0.002707	-0.057159	0.099989	0.051687	-0.156890	0.108496	-0.155356	-0.097118	0.044837	0.898603	-0.065910	0.087898	0.015154	0.057864	-0.055211	-0.122208	-0.027220
649	0.288359	0.071907	0.331338	0.235803	0.333621	0.409443	0.243251	0.057436	0.193624	0.000000	0.189587	0.237681	0.786366	0.137856	0.083813	0.219548	0.248478	0.172807	0.253607	0.298977
650	0.083362	0.032682	0.179002	0.084835	0.316779	0.220598	0.132289	0.021636	0.017029	0.000000	0.125860	0.034508	0.594502	-0.028850	-0.054026	0.008058	0.079057	0.076468	0.330889	0.324287
651	0.000000	-0.074262	0.128770	0.056729	0.117737	0.142064	0.059534	-0.020556	0.054836	-0.020350	0.026914	-0.040594	0.707894	-0.068971	0.015943	0.013945	0.061003	0.088376	0.087445	0.155629
652	0.260587	0.005651	0.320392	0.287209	0.213138	0.406999	0.293051	0.074287	0.348082	0.000000	0.162498	0.261956	0.784395	0.200822	0.271413	0.211239	0.251813	0.173743	0.158947	0.258525
653	-0.080441	-0.328403	0.000000	0.037016	-0.224204	0.011772	0.033031	-0.220684	0.190271	-0.285188	-0.191084	0.072673	0.448332	-0.041324	0.173421	0.040437	0.104795	-0.102122	-0.306076	-0.157509
654	-0.280030	-0.386022	-0.073983	-0.079637	-0.420642	-0.265686	-0.165880	-0.291256	0.000000	-0.333641	-0.306681	-0.144561	0.220555	-0.196444	-0.024634	-0.193830	-0.142633	-0.249846	-0.541000	-0.370553
655	0.451231	0.062164	0.355838	0.445432	0.431056	0.554105	0.608311	0.336090	0.691843	0.244766	0.352988	0.473379	0.685197	0.478408	0.678563	0.449830	0.474055	0.433759	0.000000	0.631577
656	0.000000	-0.181611	0.149202	0.104853	-0.091265	0.204893	0.078247	-0.153596	0.232771	-0.156166	-0.099435	0.029480	0.567846	-0.009355	0.185547	0.060830	0.063858	-0.002687	-0.197815	-0.018933
657	-0.004264	-0.145523	-0.007227	-0.006959	-0.035383	0.016369	0.058955	0.086555	0.308476	0.080653	0.020253	0.003476	0.756082	0.050706	0.245173	0.000000	0.157994	0.120632	-0.182304	-0.015655
658	0.235239	-0.045417	0.337770	0.227623	0.114900	0.309877	0.355003	0.054806	0.583861	0.000000	0.165444	0.358694	0.687692	0.274242	0.528360	0.269367	0.336517	0.124306	0.056264	0.200987
659	0.494326	0.058241	0.518376	0.517345	0.440317	0.619420	0.633522	0.325741	0.699121	0.265416	0.354163	0.531914	0.684496	0.484199	0.662524	0.533111	0.498432	0.468204	0.000000	0.587247
660	-0.075596	-0.187764	0.044330	0.009399	-0.159470	-0.173228	0.039690	0.037838	0.252381	0.089694	0.012646	0.000000	0.650382	0.029129	0.225928	-0.042046	0.089677	0.037618	-0.278066	-0.122448
661	0.628743	0.293600	0.631250	0.642067	0.475115	0.685755	0.700979	0.660432	0.851467	0.513010	0.533657	0.697362	0.895710	0.652412	0.792220	0.676618	0.783332	0.784449	0.000000	0.605733
662	0.413643	-0.031242	0.325006	0.401107	0.000000	0.455173	0.499440	0.165126	0.698582	-0.016232	0.222511	0.378067	0.631992	0.475879	0.684119	0.436623	0.510037	0.410723	-0.021592	0.298706
663	0.112737	-0.076543	0.036373	0.097377	0.089950	0.084385	0.158662	0.110825	0.302383	0.210513	0.202568	0.000000	0.586028	0.142404	0.256125	0.044687	0.126322	0.178045	-0.100721	0.095659
664	0.303681	-0.086785	0.381466	0.335902	0.047348	0.310740	0.378252	0.000000	0.693352	0.011803	0.164135	0.399117	0.278317	0.367696	0.674328	0.378663	0.447301	0.242073	-0.120750	0.169341
665	-0.075788	-0.286926	0.171516	0.131539	-0.245806	-0.019355	0.031017	-0.060607	0.266089	-0.111752	-0.065561	0.085878	0.390578	0.075946	0.215917	0.000000	0.081570	-0.016959	-0.443829	-0.201884
666	-0.053150	-0.303937	0.173499	0.130220	-0.273282	-0.032243	0.046320	-0.143718	0.170126	-0.135624	-0.034774	0.046982	0.323912	0.000000	0.111353	0.042613	0.078433	0.005540	-0.391178	-0.208867
667	0.923948	0.458135	1.146173	1.122878	0.553419	1.029750	1.045145	0.759741	1.253975	0.634681	0.778420	1.196332	1.120455	1.097561	1.218395	1.096166	1.060825	0.912741	0.000000	0.734544
668	0.330614	0.056127	0.647995	0.430757	0.146797	0.485652	0.521458	0.151318	0.707204	0.000000	0.253242	0.607974	0.638746	0.451982	0.659322	0.475289	0.471695	0.291907	0.019562	0.214597
669	0.465755	0.164825	0.512159	0.485882	0.398804	0.490946	0.560288	0.577617	0.576679	0.481058	0.496958	0.549721	0.948121	0.518197	0.533257	0.534941	0.578001	0.679370	0.000000	0.522844
670	0.380720	0.106437	0.678641	0.652186	0.029199	0.571325	0.484352	0.178155	0.690535	0.087685	0.265948	0.591461	0.627475	0.489405	0.634358	0.583751	0.554955	0.430801	-0.096073	0.000000
671	0.370082	-0.004233	1.031637	0.705170	0.022765	0.764783	0.717002	0.000000	1.029152	-0.030753	0.176338	0.915409	1.204074	0.654507	0.959005	0.730004	0.657566	0.278275	-0.141498	0.162838
672	-0.537008	-0.668475	0.313352	0.037736	-0.806521	-0.191134	-0.190191	-0.880901	0.000000	-0.884212	-0.637276	0.070644	0.341574	-0.121265	-0.026786	-0.127816	-0.255944	-0.626232	-0.960262	-0.734487
673	0.519532	0.116733	1.174258	0.902292	0.115240	0.921125	0.749494	0.000000	0.986369	0.054571	0.324371	0.962332	1.359729	0.767810	0.914446	0.889446	0.789687	0.382208	-0.046890	0.220907
674	0.329336	0.091293	1.217783	1.003137	0.000000	0.688496	0.994444	-0.047718	1.156160	-0.083583	0.231247	1.148457	1.189950	0.972243	1.142206	0.827962	0.681498	0.135476	0.110665	0.409931
675	0.236315	0.079697	1.100131	0.755669	-0.009966	0.551480	0.663465	0.000000	1.027779	-0.053891	0.161764	0.921601	1.280168	0.664535	0.972905	0.654382	0.641895	0.348592	-0.107256	0.142337
676	0.172474	-0.007116	0.828329	0.572204	-0.037990	0.399095	0.465710	0.000000	0.792314	-0.022067	0.165782	0.714771	1.176408	0.511899	0.742694	0.529673	0.600679	0.380536	-0.155363	0.064391
677	0.655047	0.343755	1.527278	1.179553	0.239329	0.950948	1.021294	0.000000	1.241469	0.100993	0.442696	1.312655	1.553777	1.073972	1.179338	1.084862	0.948416	0.435594	0.229513	0.428855
678	0.347446	0.073910	1.351562	0.971765	0.015109	0.782699	0.814404	-0.134460	1.009170	-0.290382	0.010252	1.117713	1.456638	0.796462	0.944959	0.788581	0.593949	0.000000	-0.032160	0.228119
679	-0.276933	-0.409651	0.715879	0.471193	-0.367818	0.000000	0.212086	-0.591319	0.533544	-0.684041	-0.399475	0.386080	0.956806	0.252164	0.479257	0.126468	0.051066	-0.307954	-0.480667	-0.181473
680	-0.143618	-0.471321	0.944175	0.627934	-0.617326	0.000000	0.265338	-0.636099	0.641073	-0.709581	-0.409324	0.581658	1.033234	0.403560	0.581290	0.295664	0.142865	-0.331433	-0.625919	-0.311067
681	0.722444	0.391774	1.680052	1.336877	0.233950	1.143026	1.042707	0.137323	1.428299	0.000000	0.477384	1.464431	1.538811	1.233852	1.360953	1.172638	0.990189	0.441047	0.127504	0.355963
682	0.597960	0.306890	1.378213	1.070472	0.285831	1.085747	0.926007	0.000000	1.217626	0.092697	0.457336	1.219376	1.633168	1.011612	1.130705	1.024235	0.913049	0.398631	0.236521	0.440045
683	-0.163435	-0.239619	0.942538	0.696120	-0.366371	0.000000	0.349664	-0.338185	0.808073	-0.415548	-0.142626	0.699647	1.331549	0.519532	0.730074	0.371359	0.217796	-0.152294	-0.371755	-0.103914
684	0.585515	0.292471	1.449067	1.231311	0.261889	0.796546	1.086793	0.298916	1.347257	0.000000	0.463267	1.319537	1.600238	1.134995	1.307611	0.955855	0.796789	0.524775	0.210030	0.452209
685	-0.863192	-0.898321	0.473520	0.202889	-1.313702	-0.541728	-0.371389	-1.150598	0.167734	-1.333236	-0.921469	0.038929	0.307457	-0.100676	0.000000	-0.300468	-0.424431	-0.830654	-1.294242	-1.142590
686	0.471082	0.215819	1.485885	1.262607	0.072541	0.878275	0.873202	0.000000	1.254614	0.017089	0.387219	1.224751	1.755972	1.071075	1.198866	0.972142	0.811917	0.379790	0.053721	0.241226
687	0.155098	-0.008196	1.459847	1.162933	-0.315285	0.399176	0.837854	-0.100724	1.215891	-0.290887	0.025928	1.292174	1.605013	0.989182	1.148438	0.782063	0.576204	0.000000	-0.318384	-0.147016
688	0.337960	0.073412	0.987946	0.752451	0.000000	0.624378	0.708617	0.155983	0.914856	-0.005586	0.289360	0.842926	1.351437	0.738904	0.894388	0.668610	0.613651	0.415550	-0.020428	0.235745
689	0.000000	-0.010983	0.787345	0.605547	-0.206484	0.475327	0.280940	-0.078512	0.716550	-0.225029	0.059730	0.600323	1.351277	0.490748	0.694511	0.436772	0.337950	0.220506	-0.301462	-0.133965
690	0.406641	0.197181	1.677198	1.521916	-0.080206	0.839847	1.068129	-0.191101	1.573968	-0.299026	0.119206	1.487601	1.828749	1.306994	1.518192	1.028375	0.693745	0.000000	-0.091248	0.132265
691	0.607716	0.314382	1.628049	1.407854	0.081889	1.069533	0.973732	0.076073	1.457245	0.000000	0.428403	1.406473	1.816050	1.249516	1.346574	1.069792	0.809243	0.335773	-0.081602	0.108074
692	-0.241306	-0.305679	0.353355	0.144681	-0.386650	0.002621	-0.015454	-0.126150	0.284558	-0.330051	-0.195981	0.072816	1.116629	0.096749	0.242956	0.000000	0.109731	0.011904	-0.523233	-0.363102
693	-0.102426	-0.334667	0.777316	0.660832	-0.510018	0.253783	0.191793	-0.108332	0.635121	-0.406853	-0.154948	0.624005	1.261289	0.509189	0.577713	0.305446	0.313562	0.000000	-0.660834	-0.495232
694	0.511884	0.159062	1.464808	1.147637	-0.185886	1.025448	0.744957	0.000000	1.230422	-0.119927	0.255596	1.297243	1.597039	1.076149	1.120947	0.962408	0.904024	0.416512	-0.423306	-0.148705
695	-0.220828	-0.432763	0.345551	0.158029	-0.616076	0.084211	-0.229887	-0.391515	0.131999	-0.545636	-0.298603	0.000000	1.110858	0.043999	0.086609	-0.053264	-0.019335	-0.159653	-0.850430	-0.616793
696	-0.129580	-0.282182	0.186253	0.105743	-0.182545	0.092832	-0.042741	-0.006074	0.148403	-0.219724	-0.126858	0.035136	0.913738	-0.013848	0.000000	-0.037047	0.085600	0.151976	-0.328669	-0.171417
697	0.066120	-0.354153	0.545418	0.426000	-0.321454	0.392211	0.178379	-0.203440	0.492367	-0.488466	-0.235033	0.416568	0.670576	0.342129	0.436835	0.214570	0.297551	0.000000	-0.579052	-0.271943
698	-0.090480	-0.393331	0.445664	0.260543	-0.487263	0.181761	-0.081216	-0.297413	0.179436	-0.347405	-0.203792	0.127104	0.590495	0.110838	0.000000	0.007137	-0.003181	-0.174149	-0.578860	-0.431211
699	0.007855	-0.218986	0.103194	0.125161	-0.076317	0.004557	-0.012033	0.133507	0.247656	0.186843	0.177802	-0.070617	0.525349	0.000000	0.194321	-0.062828	0.032180	0.128246	-0.125716	-0.031973
700	0.142167	-0.269161	0.063201	0.176157	0.015113	0.000000	0.047051	0.113692	0.336080	0.123201	0.159067	0.029508	0.137089	0.139148	0.336778	0.061047	0.165770	0.206679	-0.086210	0.144447
701	0.293927	-0.074335	0.084347	0.264733	0.062899	0.131380	0.244791	0.238222	0.423977	0.231114	0.280127	0.222764	0.067965	0.275826	0.386078	0.256846	0.293169	0.258861	-0.040284	0.000000
702	0.033899	-0.256524	0.003189	0.095558	-0.030789	-0.057394	0.047801	0.065022	0.291163	0.061896	0.095669	-0.064514	0.343963	0.138309	0.260886	0.000000	0.129857	0.053507	-0.042474	0.051394
703	0.030405	-0.275546	0.004636	-0.021880	0.024251	0.067187	0.073055	-0.008615	0.272725	0.027096	0.069262	0.016967	0.000000	0.044836	0.242656	0.014178	0.059682	0.023872	-0.034427	0.085682
704	0.096530	-0.314797	0.006236	0.122314	0.050258	0.071526	0.131198	0.042191	0.342160	0.000000	0.170852	0.039185	-0.048533	0.178590	0.305137	0.021417	0.064047	0.040395	-0.028265	0.115017
705	0.059088	-0.208026	-0.005446	0.046974	-0.004969	0.021569	0.013656	0.063786	0.249430	0.103218	0.114132	-0.055184	0.119035	0.080302	0.223135	0.000000	0.111643	0.058560	-0.053341	0.030885
706	0.104350	-0.327405	-0.260556	-0.078195	0.000000	0.012914	0.120155	0.151929	0.257153	0.114545	0.226102	-0.124657	-0.167166	0.075405	0.277723	-0.023270	0.086756	0.177762	0.064083	0.237945
707	-0.035233	-0.320790	-0.024979	0.060407	-0.189054	-0.018475	0.010694	-0.013206	0.276662	0.043587	0.084404	-0.057451	-0.124540	0.000000	0.212329	-0.054305	0.019314	0.004604	-0.229450	-0.094628
708	-0.076862	-0.336758	-0.102522	0.013367	-0.062368	0.018699	-0.027849	0.012823	0.266787	-0.017575	0.044570	-0.102144	-0.152979	0.019000	0.248686	-0.063928	0.000000	0.054311	-0.173674	-0.005046
709	-0.214185	-0.482523	-0.351030	-0.104002	-0.301251	-0.299769	-0.196240	-0.112571	0.106333	-0.142199	-0.082081	-0.339411	-0.215756	-0.122282	0.000000	-0.246931	-0.190242	-0.115077	-0.358318	-0.232485
710	-0.072203	-0.380756	-0.187413	0.036905	-0.148601	-0.025504	-0.016097	0.036299	0.339013	0.026762	0.079160	-0.111614	-0.165768	0.098616	0.313264	-0.023457	0.000000	0.037972	-0.247830	-0.088505
711	0.097438	-0.205901	-0.075376	0.085433	0.025170	0.024298	0.082565	0.069234	0.230188	0.090923	0.136096	-0.011427	0.000000	0.093604	0.212135	0.040132	0.026935	0.091021	0.010014	0.097503
712	0.029544	-0.170423	-0.060958	0.075890	-0.011841	-0.083288	0.119454	0.138296	0.315788	0.144748	0.197643	0.000000	-0.165046	0.178993	0.316756	0.082047	0.168090	0.087722	-0.022175	0.121259
713	0.304302	-0.000325	0.143600	0.319621	0.170943	0.204490	0.261851	0.213016	0.365089	0.256652	0.310143	0.179435	0.000000	0.315025	0.344459	0.264595	0.229558	0.246281	0.197085	0.227584
714	0.086749	-0.234647	-0.033538	0.052364	0.034329	0.000000	0.083949	0.041403	0.270295	0.135924	0.187067	0.017944	0.061780	0.158735	0.314673	0.123351	0.217638	0.147165	0.042502	0.194092
715	0.033062	-0.341116	-0.069809	0.000000	-0.045512	-0.046600	0.082945	-0.042706	0.248881	-0.018125	0.069865	-0.006066	-0.161434	0.085289	0.273856	-0.004265	-0.010639	-0.041930	-0.047687	0.048728
716	-0.021763	-0.329276	-0.401024	-0.209073	0.012277	-0.232784	-0.102182	0.005627	0.090001	0.000000	0.087784	-0.254519	-0.377537	-0.101967	0.116381	-0.200028	-0.157362	-0.061766	0.026214	0.033843
717	0.252520	-0.069990	0.000000	0.191106	0.197850	0.075673	0.262756	0.278380	0.468099	0.248703	0.318483	0.206674	0.250166	0.270659	0.477554	0.259136	0.294769	0.272350	0.181477	0.270612
718	-0.211329	-0.469903	-0.226341	-0.048062	-0.310878	-0.285849	-0.093852	-0.201107	0.100053	-0.204026	-0.128956	-0.184359	-0.359303	-0.055418	0.000000	-0.156408	-0.144749	-0.181154	-0.352651	-0.187533
719	0.040021	-0.330106	-0.004394	0.021283	-0.079465	0.071246	0.112235	-0.074459	0.242430	-0.023627	0.013653	0.009788	0.000000	0.091464	0.210959	0.063339	0.037155	-0.055942	-0.150327	-0.010338
720	-0.001873	-0.379869	-0.190187	-0.096863	-0.041253	0.000000	0.034764	-0.143906	0.260313	-0.047712	0.058032	-0.091064	0.190451	0.051687	0.273020	-0.000437	-0.008788	-0.077740	-0.193119	0.034615
721	-0.195198	-0.456600	-0.278314	-0.132372	-0.270194	-0.296206	-0.113796	-0.159228	0.089742	-0.112931	-0.080935	-0.194544	-0.231990	-0.077826	0.000000	-0.121302	-0.108899	-0.160153	-0.347650	-0.214109
722	0.029976	-0.367166	-0.211091	-0.083592	-0.118780	-0.025499	-0.051037	0.000000	0.167045	0.025336	0.036684	-0.115497	0.199751	-0.067723	0.137014	-0.030757	-0.004770	0.074061	-0.256590	-0.100195
723	0.158606	-0.160417	-0.104806	0.000000	0.182083	0.038661	0.222295	0.014498	0.323501	0.096326	0.197973	0.086580	-0.018426	0.168160	0.375563	0.102457	0.033129	0.025347	0.035134	0.204045
724	0.176688	-0.178704	0.005352	0.000000	0.097501	-0.028635	0.197003	-0.030440	0.242936	-0.056887	0.107566	0.080536	-0.078745	0.142509	0.265978	0.109523	0.022065	0.026033	0.052016	0.162988
725	0.047437	-0.261759	-0.065741	0.000000	0.084050	-0.106673	0.179815	0.026020	0.307658	0.034747	0.094370	0.040841	0.063030	0.128157	0.315328	0.045283	0.018210	0.013975	0.043849	0.140293
726	0.054035	-0.243859	-0.007437	0.069933	0.042698	0.000000	0.102807	-0.037750	0.304020	0.041743	0.114381	0.014155	0.114250	0.117937	0.320750	0.057035	0.050468	0.008902	-0.038530	0.159432
727	0.027269	-0.340918	-0.090741	-0.044506	-0.007801	0.000000	0.021935	-0.054131	0.207339	0.034734	0.083459	-0.086272	0.148079	0.025606	0.225055	-0.013069	-0.004587	-0.028954	-0.104253	0.074203
728	0.020116	-0.308748	-0.057761	0.000000	0.087466	-0.081470	0.145961	0.126962	0.253652	0.085436	0.141899	-0.037703	-0.013732	0.084949	0.274640	0.002696	0.042803	0.086858	0.047256	0.168916
729	-0.010519	-0.230366	-0.063236	0.014950	0.000597	-0.016791	0.104428	0.058874	0.272196	0.102465	0.110323	-0.045195	0.096895	0.000000	0.263078	-0.030485	-0.018540	0.025293	-0.044089	0.091682
730	0.119577	-0.155158	0.000000	0.197643	0.195176	0.012083	0.206206	0.243655	0.320918	0.194581	0.225667	0.081758	0.043500	0.152004	0.345942	0.121830	0.148563	0.214682	0.138355	0.287868
731	-0.191635	-0.415445	-0.122216	0.012798	-0.138632	-0.252143	-0.015115	-0.248146	0.064775	-0.192883	-0.139342	-0.165846	-0.315850	-0.075673	0.000000	-0.179787	-0.181770	-0.229042	-0.207315	-0.036883
732	-0.101688	-0.522582	-0.017215	-0.006770	-0.127712	0.000000	-0.054747	-0.194058	0.097678	-0.131410	-0.047798	-0.116111	0.125386	-0.018410	0.065797	-0.083385	-0.049301	-0.156246	-0.291123	-0.054028
733	-0.117978	-0.436567	-0.076137	0.077331	-0.168461	-0.181995	-0.043897	-0.099504	0.073663	-0.141368	-0.037977	-0.178792	-0.116908	-0.017381	0.000000	-0.113127	-0.051309	-0.059800	-0.249010	-0.079252
734	0.026439	-0.262889	0.217902	0.254714	0.028592	-0.016727	0.060472	0.034462	0.195723	0.054741	0.046118	0.003944	0.295593	0.108334	0.157304	0.000000	0.055450	0.009971	-0.078237	0.088761
735	0.126721	-0.322820	0.182981	0.129838	0.057277	0.200264	0.168889	0.000000	0.248701	0.014074	0.101656	0.097722	0.103898	0.066865	0.262184	0.132649	0.193941	0.130024	-0.001417	0.131628
736	-0.163447	-0.290222	-0.119277	-0.041746	-0.001424	-0.143720	0.002872	-0.001926	0.067900	-0.025413	0.042834	-0.146617	0.021266	-0.070592	0.000000	-0.115635	0.020129	0.011513	-0.117489	0.056558
737	0.092355	-0.289072	0.069491	0.058009	0.095870	0.158159	0.069052	0.018079	0.170321	0.000000	0.124408	0.025481	0.219640	0.037532	0.151057	0.048044	0.049740	0.020388	0.005775	0.102311
738	0.175734	-0.148151	0.250585	0.187979	0.229405	0.201374	0.293781	0.023622	0.326559	-0.010915	0.119412	0.187125	0.219306	0.146343	0.357297	0.167566	0.216891	0.000000	0.217393	0.331328
739	-0.021391	-0.295174	0.274879	0.086596	-0.274162	0.188764	-0.023738	-0.208013	0.132031	-0.207608	-0.168260	0.086906	0.332165	0.016305	0.087510	0.000000	0.044554	-0.141657	-0.510353	-0.282117
740	-0.037250	-0.577671	-0.118981	0.038660	-0.151741	0.000000	-0.101818	0.016622	0.169609	-0.042265	-0.003518	-0.201305	0.757934	0.046083	0.126235	-0.254534	-0.115262	0.109324	-0.421083	-0.131500
741	0.430339	0.002877	1.021380	0.930626	0.000000	0.720377	0.649632	0.197940	0.487313	0.066439	0.299728	0.896020	0.372244	0.774647	0.493116	0.610534	0.653985	0.386945	-0.069574	0.312221
742	0.388300	0.081801	1.005725	0.822105	0.144278	0.588771	0.647441	0.127116	0.691517	0.000000	0.322922	0.882028	0.656895	0.715588	0.708785	0.610030	0.543342	0.297075	-0.069789	0.243162
743	0.000000	-0.116138	0.480871	0.174451	-0.041058	0.432829	0.008719	0.012328	0.116271	-0.049739	-0.003916	0.164638	1.193663	-0.019722	0.077406	0.172375	0.165165	0.131680	-0.241100	-0.090461
744	-0.120105	-0.146502	-0.008009	-0.096177	0.146737	0.195320	-0.002520	0.119094	-0.123085	0.000000	0.011968	-0.014153	0.952973	-0.212697	-0.125961	-0.071361	0.042286	0.168228	0.073832	0.155381
745	0.000000	-0.198422	1.020719	0.704681	-0.324406	0.521272	0.546890	-0.484183	0.629135	-0.534350	-0.201238	0.798870	1.179932	0.554982	0.630893	0.547146	0.421468	-0.213268	-0.368610	-0.097520
746	0.954324	0.532513	1.663268	1.359941	0.497892	1.315885	1.283384	0.763591	1.310768	0.463115	0.684703	1.543742	2.057378	1.283294	1.249914	1.371700	1.329948	0.958537	0.000000	0.635780
747	-0.324698	-0.420690	0.000000	-0.119990	-0.273333	0.149767	-0.126993	-0.136183	-0.093369	-0.342595	-0.281834	-0.048278	1.272596	-0.193165	-0.143940	-0.066896	0.086420	-0.020511	-0.325121	-0.262379
748	-0.701455	-0.905517	0.000000	-0.123691	-1.108959	-0.303993	-0.418405	-0.922623	-0.166580	-1.037689	-0.832741	-0.101497	0.767081	-0.306486	-0.208236	-0.286220	-0.345834	-0.667997	-1.160951	-0.961958
749	0.626589	0.358073	1.363522	1.154046	0.230518	1.073636	1.096718	0.033612	1.488187	0.000000	0.424991	1.403590	1.712166	1.232566	1.409335	1.032666	0.785392	0.278880	0.176321	0.388083
750	-0.031043	-0.273562	0.797444	0.341133	-0.324220	0.550322	0.218471	-0.487813	0.244205	-0.570401	-0.319050	0.392591	1.309393	0.181106	0.000000	0.302149	0.178134	-0.262796	-0.499520	-0.333037
751	-0.060875	-0.103291	0.107245	0.135873	0.077515	0.130075	0.016071	0.314440	0.010926	0.104234	0.078796	-0.042501	1.399784	0.024053	-0.124099	0.000000	0.203860	0.395546	-0.033921	0.064141
752	0.513948	0.190161	1.067921	0.789994	0.155200	0.924883	0.693827	0.156301	0.819846	0.000000	0.319109	0.934706	1.634645	0.735748	0.689817	0.731206	0.714553	0.393940	0.086166	0.276145
753	0.095372	0.000000	1.175336	0.824556	-0.114714	0.422040	0.687067	-0.001751	0.936792	-0.222687	-0.022961	1.063139	1.507909	0.700889	0.923511	0.589586	0.626675	0.197570	-0.181961	0.124604
754	0.318536	-0.014793	0.450517	0.181282	0.247871	0.818108	0.391417	0.155909	0.394183	0.000000	0.158647	0.386985	1.617987	0.240769	0.260494	0.367409	0.371776	0.324740	0.031488	0.167979
755	0.169648	-0.115179	0.187269	0.041666	0.000000	0.495687	0.292602	0.402648	0.263210	0.157971	0.206477	0.278266	1.336775	0.197882	0.222619	0.312949	0.536647	0.626679	-0.031205	0.151226
756	-0.542482	-0.535061	0.666517	0.510632	-0.756998	-0.220349	0.148298	-0.856546	0.465901	-0.991596	-0.636177	0.415545	1.004072	0.340731	0.444938	0.000000	-0.107395	-0.542478	-0.764524	-0.518196
757	0.583943	0.372270	1.593561	1.196114	0.015058	1.054758	0.991150	0.382236	1.248634	0.077784	0.372890	1.444558	1.829586	1.049255	1.167169	1.145444	1.105746	0.643203	-0.084578	0.000000
758	-0.086828	-0.248669	0.327511	0.322895	0.106605	0.372902	0.000000	0.067798	0.063446	-0.172130	-0.052437	0.104794	1.465411	0.050372	-0.097108	0.093461	0.210669	0.198624	-0.057075	0.134430
759	-0.170499	-0.276763	0.800222	0.529317	-0.126472	0.315894	0.240518	-0.157453	0.158074	-0.384087	-0.274577	0.394638	1.446688	0.093250	0.000000	0.188245	0.231690	-0.037940	-0.231672	-0.006585
760	0.743290	0.391901	1.764461	1.569905	0.280625	1.306447	1.257547	0.068934	1.627446	0.000000	0.421630	1.633873	2.157436	1.429228	1.538263	1.204015	0.891839	0.283225	0.282720	0.472806
761	0.008058	-0.253785	0.906000	0.467336	-0.254247	0.626523	0.239379	-0.367269	0.205487	-0.491721	-0.283716	0.435539	1.518074	0.191514	0.000000	0.322338	0.202825	-0.149696	-0.399990	-0.240083
762	-0.183912	-0.384058	0.000000	-0.012028	-0.087055	0.111268	0.006456	0.008283	0.076460	-0.203828	-0.191762	0.019178	1.293383	-0.103249	0.040870	0.040002	0.115180	0.130041	-0.306528	-0.112060
763	0.265477	0.054032	1.079156	0.817084	0.000000	0.641099	0.767110	0.205118	0.746757	0.052671	0.217489	1.009055	1.562057	0.751844	0.691239	0.657096	0.695464	0.385803	0.095078	0.331409
764	0.379103	0.025152	1.369454	0.999598	-0.065320	0.813235	0.750942	0.000000	1.026721	-0.054485	0.168472	1.145301	1.756189	0.819034	0.976303	0.814296	0.786690	0.310231	-0.171313	0.081194
765	0.088505	-0.063460	0.276322	0.065705	0.240248	0.447064	0.271136	0.093346	0.127195	0.000000	0.132585	0.214621	1.318575	0.096259	0.060548	0.131388	0.175105	0.187097	0.101049	0.182120
766	-0.188904	-0.359982	0.280420	0.081720	-0.238773	0.099209	-0.086825	0.000000	-0.100468	-0.143626	-0.154997	0.030699	1.171594	-0.145372	-0.204349	-0.028383	0.157806	0.254188	-0.341182	-0.179590
767	0.000000	-0.151891	1.441542	1.121154	-0.152579	0.616036	0.751577	-0.364387	0.891285	-0.456385	-0.147252	1.094041	1.451377	0.813572	0.867187	0.614892	0.420201	-0.155597	-0.160336	0.085339
768	-0.371696	-0.495766	0.718633	0.351422	-0.701029	0.087547	-0.030280	-0.595605	0.149649	-0.680140	-0.505365	0.342228	0.996728	0.062451	0.048351	0.086150	0.000000	-0.422299	-0.733821	-0.632159
769	0.003989	-0.222592	0.474167	0.347947	-0.141031	0.234010	0.112642	-0.117519	0.202854	-0.180156	-0.052054	0.240849	1.057195	0.150530	0.000000	0.210528	0.184184	0.083005	-0.339422	-0.168624
770	-0.258439	-0.510997	0.783510	0.562118	-0.598212	0.161826	0.109639	-0.571669	0.313320	-0.602849	-0.439476	0.468140	1.186674	0.268572	0.201938	0.162270	0.000000	-0.357524	-0.700013	-0.487733
771	0.167910	-0.134432	0.940354	0.747520	-0.176769	0.410100	0.511358	-0.049059	0.740460	-0.206151	-0.043303	0.813877	1.128058	0.576295	0.698949	0.477855	0.462113	0.000000	-0.268778	-0.033833
772	-0.178097	-0.334172	0.391176	0.000000	-0.230909	0.193426	0.078217	-0.314541	0.157224	-0.358300	-0.244258	0.237970	1.018506	0.006976	0.091042	0.025892	0.038007	-0.162651	-0.412749	-0.270776
773	0.082832	-0.229060	0.232864	0.107099	0.007183	0.332950	0.106855	0.108121	0.208108	0.000000	0.052156	0.179867	1.141420	0.090116	0.125641	0.070381	0.124852	0.170430	-0.141513	-0.022935
774	0.359495	0.056244	0.889352	0.695033	0.129027	0.710977	0.666350	0.018270	0.881947	0.000000	0.243275	0.874919	1.273764	0.703030	0.812146	0.559699	0.529828	0.139735	0.074829	0.258578
775	-0.226745	-0.621558	0.425000	0.113962	-0.628338	0.000000	-0.146419	-0.525328	0.085247	-0.597487	-0.439784	0.127652	0.773695	-0.040682	-0.029307	-0.002233	0.044179	-0.291779	-0.754261	-0.516046
776	-0.146562	-0.358457	0.289729	0.181492	0.017635	0.245278	0.000000	-0.263775	0.036845	-0.225888	-0.124699	0.127886	0.772645	0.033345	-0.095455	-0.065308	-0.013067	-0.209507	-0.128488	0.021710
777	-0.083796	-0.408575	0.294385	0.225427	-0.321773	0.165072	-0.033888	-0.188850	0.186443	-0.331771	-0.282867	0.102585	0.861887	0.060500	0.107563	0.000000	0.086707	-0.064608	-0.469341	-0.243157
778	-0.129318	-0.332716	0.488087	0.268736	-0.270950	0.023862	0.180479	-0.449417	0.287311	-0.428287	-0.332665	0.281843	0.597678	0.146185	0.254255	0.000000	-0.003138	-0.364028	-0.258458	-0.091716
779	0.363166	-0.104227	0.687380	0.500058	0.139708	0.672939	0.508937	0.135683	0.625272	0.000000	0.162315	0.568406	1.009088	0.440131	0.549774	0.372658	0.352565	0.158130	0.068481	0.199235
780	-0.176390	-0.404588	-0.036809	0.010679	-0.094368	0.063125	-0.031089	-0.059712	0.000000	-0.124649	-0.064236	-0.123368	0.449163	-0.042172	-0.015608	-0.140222	-0.119355	-0.067596	-0.247019	-0.067694
781	-0.018934	-0.385424	0.390274	0.300662	-0.227031	0.000000	0.077522	-0.189719	0.365483	-0.202644	-0.137051	0.188877	0.842658	0.166742	0.323260	0.095369	0.169072	-0.091770	-0.353111	-0.069224
782	0.468459	-0.021977	0.946598	0.782049	0.198810	0.677151	0.746073	0.133153	0.862182	0.000000	0.263657	0.840597	0.986695	0.702009	0.836075	0.585441	0.510229	0.183961	0.188713	0.343779
783	0.000801	-0.304813	0.324525	0.152699	-0.102900	0.343314	0.131321	-0.230540	0.184897	-0.254140	-0.125077	0.154616	0.660826	0.077661	0.000000	0.110887	0.078980	-0.122687	-0.259672	-0.106145
784	0.099893	-0.256594	0.103282	0.098635	0.048565	0.216601	0.124107	0.072278	0.220555	0.000000	0.081999	0.072888	0.722977	0.080655	0.179336	0.043669	0.077385	0.096611	-0.124225	0.019904
785	-0.116672	-0.443551	0.584984	0.364172	-0.333514	0.000000	0.219627	-0.421677	0.425212	-0.426279	-0.332929	0.384597	0.855508	0.192124	0.384206	0.138405	0.138496	-0.316587	-0.428628	-0.123709
786	0.905298	0.341503	1.418296	1.167742	0.398340	1.260830	1.128104	0.591131	1.131917	0.448702	0.576071	1.315640	1.667967	1.094439	1.071599	1.131900	1.053852	0.689801	0.000000	0.576672
787	-0.135150	-0.423626	0.093484	0.000000	-0.034761	0.076369	0.064442	-0.176920	0.114311	-0.226611	-0.155370	0.017045	0.634423	-0.010046	0.059718	0.002729	0.033802	-0.155459	-0.175707	-0.021125
788	-0.215400	-0.468379	0.364346	0.187925	-0.497537	0.002621	-0.116278	-0.361120	-0.015694	-0.451660	-0.419025	0.108721	0.658714	-0.035751	-0.096826	0.000000	0.036168	-0.269742	-0.634877	-0.424542
789	0.516701	0.173125	1.215968	0.996799	0.352819	0.875124	0.979791	0.145332	1.101711	0.000000	0.299535	1.141701	1.596377	0.919228	1.044276	0.796638	0.684689	0.254182	0.316926	0.502651
790	-0.047033	-0.210319	0.482305	0.133835	-0.049682	0.454615	0.185322	-0.371037	0.000000	-0.328988	-0.152674	0.269413	0.924473	0.027291	-0.031452	0.134344	0.055738	-0.234363	-0.157313	-0.079280
791	0.284984	-0.048954	0.460112	0.472537	0.096394	0.514264	0.324335	0.284633	0.331819	0.219627	0.220709	0.414828	1.070213	0.300706	0.211733	0.413789	0.410215	0.415156	-0.002280	0.000000
792	0.652589	0.233072	1.472006	1.252133	0.251220	1.223920	1.032533	0.042141	1.220350	0.000000	0.319062	1.310678	1.907143	1.076551	1.127129	0.973892	0.785630	0.234443	0.230317	0.422370
793	-0.236486	-0.610370	0.566894	0.357963	-0.679989	0.000000	-0.030450	-0.591185	0.228742	-0.687545	-0.512831	0.242319	1.016135	0.083270	0.142852	0.076878	0.059279	-0.337062	-0.764454	-0.531247
794	-0.111952	-0.314920	0.165105	0.019999	-0.219845	0.154188	-0.002261	-0.289975	0.024354	-0.285293	-0.177155	0.000000	0.963708	-0.020522	-0.029531	-0.004692	-0.008452	-0.164610	-0.434307	-0.224060
795	0.316879	0.032627	0.864175	0.543187	0.227668	0.898984	0.543751	0.158665	0.563632	0.000000	0.185999	0.708795	1.571935	0.419005	0.486845	0.533664	0.502772	0.259599	0.033674	0.241996
796	0.523921	0.314599	1.379509	1.180894	0.325239	0.924278	1.090798	0.120886	1.277524	0.000000	0.360520	1.292783	1.617171	1.081805	1.222500	0.883815	0.747951	0.269198	0.356666	0.538691
797	-0.089763	-0.210621	0.347336	0.122857	-0.168093	0.147431	0.148765	-0.034825	0.127381	-0.165055	-0.094047	0.220396	0.904677	0.024560	0.092473	0.052076	0.183466	0.000000	-0.271553	-0.151945
798	0.002926	-0.116421	0.180543	0.136165	0.093772	0.228417	0.138194	0.178784	-0.008812	0.071671	0.076635	0.108839	1.018888	-0.018356	-0.091888	0.109836	0.185029	0.257842	0.091459	0.000000
799	0.744972	0.264108	1.378417	1.313218	0.369983	1.134983	0.996443	0.252594	1.031388	0.181134	0.435782	1.227633	1.622289	1.069028	0.974879	1.034278	0.883894	0.482940	0.000000	0.575871
800	-0.198480	-0.444840	0.822612	0.589199	-0.701215	0.000000	0.196999	-0.473041	0.638115	-0.624408	-0.455429	0.570536	1.162656	0.354224	0.548050	0.241774	0.189828	-0.277410	-0.741209	-0.456400
801	0.052503	-0.186332	0.450802	0.302493	-0.174661	0.412056	0.134118	-0.358765	0.172444	-0.328072	-0.109273	0.193581	1.160538	0.174189	0.000000	0.155704	0.058357	-0.141132	-0.298604	-0.196829
802	-0.314608	-0.512284	0.390835	0.000000	-0.292836	0.253940	-0.017641	-0.341790	-0.014417	-0.460255	-0.373445	0.121885	1.039817	-0.161094	-0.078982	0.007360	0.012461	-0.261452	-0.466058	-0.300274
803	0.309183	0.120222	0.915903	0.757748	0.218854	0.639004	0.696340	0.131334	0.798190	0.000000	0.260992	0.822559	1.376604	0.670271	0.738572	0.512082	0.463668	0.226588	0.205245	0.367217
804	-0.548727	-0.604058	0.395899	0.026885	-0.887248	-0.209424	-0.144107	-0.606685	0.000000	-0.746210	-0.627696	0.190281	0.786506	-0.130844	-0.069017	-0.136006	-0.182785	-0.484436	-0.879231	-0.792956
805	0.011405	-0.154346	0.229616	0.131635	0.041965	0.269451	0.082765	0.000000	0.091615	-0.008736	0.074915	0.076682	1.072036	0.039017	-0.031729	0.087962	0.162676	0.228836	-0.074431	0.048748
806	-0.193560	-0.215366	0.427739	0.206641	-0.217977	0.150325	-0.031151	-0.219698	0.045693	-0.266522	-0.167831	0.125115	1.138499	0.005068	-0.052775	0.000000	0.078353	-0.027912	-0.385247	-0.216581
807	0.000000	-0.175987	0.987151	0.745225	-0.395815	0.394622	0.477306	-0.299330	0.790932	-0.404136	-0.192969	0.746714	1.392164	0.548030	0.749303	0.410042	0.210419	-0.080636	-0.423106	-0.178553
808	-0.033805	-0.146405	0.296043	0.093717	0.007544	0.279818	0.121701	0.000000	0.106120	-0.109671	-0.024354	0.165353	1.075127	-0.038107	0.070475	0.085107	0.192585	0.270237	-0.063210	0.034123
809	-0.104339	-0.110688	0.189948	0.056572	-0.061380	0.248167	0.024681	-0.151526	0.059046	-0.131664	-0.055862	0.000000	1.125214	0.005722	0.008285	0.019813	0.084852	0.000675	-0.177082	-0.038842
810	0.286958	0.011392	0.796932	0.644477	0.137607	0.700784	0.587202	0.044084	0.755938	0.000000	0.209767	0.783076	1.650759	0.610932	0.685377	0.483373	0.393221	0.144198	0.065115	0.236236
811	0.093970	0.000000	1.084429	0.937725	-0.192555	0.340010	0.623324	0.059018	0.911929	-0.032830	0.022691	0.918941	1.343449	0.714497	0.874321	0.506710	0.538859	0.166833	-0.144046	0.051887
812	-0.576488	-0.794770	0.000000	-0.122419	-0.672526	-0.183762	-0.334965	-0.812961	-0.324738	-0.870805	-0.687844	-0.226989	0.744417	-0.367712	-0.381012	-0.341816	-0.456637	-0.637105	-0.772767	-0.660827
813	-0.301812	-0.328953	0.372588	0.149626	-0.367737	0.214068	-0.037378	-0.246005	0.092962	-0.368955	-0.281558	0.160284	1.083268	-0.013342	0.019996	-0.012593	0.000000	-0.027240	-0.545384	-0.351793
814	0.559698	0.372609	1.428903	1.296565	0.343717	1.003934	1.168941	0.000000	1.432896	0.084023	0.411856	1.355927	1.792093	1.195173	1.431010	1.014353	0.889992	0.412096	0.314379	0.578093
815	0.000000	-0.060992	0.641138	0.411306	-0.055475	0.333991	0.240594	-0.023979	0.273039	-0.126008	-0.028353	0.353089	1.407198	0.183186	0.197075	0.243289	0.215365	0.165671	-0.155614	-0.000093
816	-0.250576	-0.212376	-0.112020	-0.195462	-0.008569	-0.068535	-0.081529	0.000000	-0.244926	-0.033954	-0.068192	-0.175642	1.049133	-0.281424	-0.277811	-0.217924	-0.018018	0.183067	0.002847	0.044862
817	0.000000	-0.098624	0.615369	0.363829	-0.151601	0.587883	0.254224	-0.227036	0.383043	-0.216595	-0.062656	0.483862	1.367526	0.274078	0.358748	0.334239	0.268048	0.090173	-0.344344	-0.091606
818	0.196472	0.067258	1.156381	0.953423	-0.131167	0.589161	0.792413	-0.180751	1.048889	-0.329325	0.005816	1.018236	1.373076	0.827977	1.025123	0.696660	0.559355	0.000000	-0.107663	0.108075
819	0.000000	0.072157	0.496554	0.215386	0.180020	0.284380	0.222208	0.058699	0.043073	-0.045725	0.030678	0.271136	1.322528	-0.020114	0.061311	0.182399	0.184787	0.195955	0.099869	0.206360
820	-0.306529	-0.376443	-0.086984	-0.282754	-0.196947	0.000000	-0.191583	-0.263811	-0.183674	-0.202832	-0.179921	-0.183250	1.017911	-0.224651	-0.214763	-0.190433	-0.069906	-0.085613	-0.361337	-0.196781
821	0.595386	0.291428	1.302646	1.261379	0.358335	0.977827	1.056017	0.422621	1.262439	0.314639	0.529764	1.325862	1.678373	1.191245	1.227083	1.046409	0.941083	0.545730	0.000000	0.593653
822	-0.330803	-0.402124	0.916270	0.584142	-0.731652	0.194768	0.196711	-0.758672	0.401942	-0.813379	-0.518223	0.519026	1.087227	0.313933	0.342073	0.176938	0.000000	-0.527525	-0.721586	-0.549250
823	-0.358834	-0.278979	0.000000	-0.094860	-0.194689	-0.025992	-0.120614	-0.233526	-0.206741	-0.295432	-0.196297	-0.052394	1.068207	-0.214833	-0.193969	-0.174681	-0.128506	-0.143322	-0.270643	-0.202763
824	0.002261	-0.130468	0.584934	0.389220	-0.387993	0.313213	0.101254	-0.086024	0.183061	-0.161817	-0.057611	0.370363	1.345324	0.211361	0.000000	0.202119	0.204286	0.113336	-0.608757	-0.422951
825	0.124077	0.053321	1.363826	1.053950	0.221624	0.624441	0.915918	-0.055838	1.073229	-0.261836	-0.082797	1.054026	1.644895	0.755868	1.050775	0.588232	0.477895	0.000000	0.121030	0.406714
826	0.395222	0.200134	1.038894	0.691961	0.095890	0.704055	0.520518	0.000000	0.511484	0.048673	0.247753	0.690555	1.675378	0.502678	0.442601	0.555917	0.518892	0.375355	0.007072	0.094641
827	-0.123751	-0.008088	0.290728	0.000000	0.139171	0.109514	0.219430	0.294312	0.194538	0.192232	0.145689	0.259369	1.434787	0.090614	0.158591	0.124082	0.336260	0.339641	-0.056303	0.064769
828	0.297470	0.072221	0.923607	0.640660	0.051236	0.731701	0.532944	0.076082	0.696884	0.000000	0.193757	0.825511	1.737631	0.592014	0.588467	0.598491	0.515882	0.282923	-0.099156	0.069414
829	-0.266809	-0.472258	1.043996	0.949995	-0.767031	0.000000	0.370331	-0.686869	0.937422	-0.825619	-0.539501	0.770394	1.344046	0.612496	0.861231	0.299118	0.052671	-0.391664	-0.782240	-0.452989
830	-0.203568	-0.343533	0.443635	0.198292	-0.463458	0.160825	-0.027227	-0.472112	0.126140	-0.471691	-0.305658	0.142302	1.157767	0.000000	0.001999	0.066054	-0.036016	-0.224427	-0.674387	-0.531032
831	0.133326	0.025242	0.558259	0.398682	0.060703	0.511561	0.238714	0.056340	0.211800	0.011243	0.093477	0.370905	1.485732	0.268031	0.000000	0.350878	0.394972	0.311198	-0.147617	0.010473
832	0.628176	0.342217	1.746378	1.534910	0.338098	1.190507	1.288578	-0.038456	1.497893	0.000000	0.409592	1.614724	2.069524	1.388249	1.431939	1.166942	0.835410	0.178784	0.393065	0.566427
833	0.092035	0.000000	1.392113	1.189814	-0.350080	0.494382	0.690311	-0.034153	1.203583	-0.205539	-0.028655	1.225731	2.000788	0.948873	1.091480	0.737645	0.591409	0.092349	-0.436715	-0.269514
834	0.036478	-0.063415	0.360142	0.215297	0.032151	0.374631	0.182507	0.034240	0.184902	-0.132481	-0.055402	0.179381	1.520215	0.101134	0.000000	0.201210	0.194057	0.233724	-0.222081	-0.022066
835	0.000000	-0.324843	0.524198	0.203520	-0.352870	0.486701	-0.007930	-0.222589	0.091834	-0.310196	-0.213713	0.322135	1.414595	0.078259	0.002433	0.247888	0.173862	0.078878	-0.561692	-0.361308
836	0.680754	0.388578	1.735944	1.475751	0.174692	1.198538	1.153538	0.000000	1.553713	0.001883	0.380250	1.555869	1.941020	1.325949	1.525292	1.213904	1.068046	0.451738	0.116944	0.382764
837	0.403061	0.024770	0.888666	0.643436	0.159051	0.700872	0.508323	0.223893	0.546951	0.000000	0.181353	0.638035	1.496955	0.494354	0.480064	0.484841	0.555273	0.429575	0.000549	0.217464
838	-0.157645	-0.215622	0.062913	0.041844	0.153400	0.022139	0.000000	0.152273	0.107874	0.043268	-0.029956	-0.001365	0.951929	0.012747	-0.022676	-0.108892	0.072467	0.161617	0.013406	0.144137
839	0.490065	0.085329	1.014739	0.811037	0.099179	0.932273	0.643501	0.000000	0.747190	0.064085	0.196397	0.873087	1.255734	0.655049	0.649954	0.676005	0.627548	0.322953	-0.069875	0.238625
840	-0.205833	-0.541033	0.170252	0.098265	-0.576117	-0.104349	-0.150914	-0.253917	0.051923	-0.344464	-0.341277	0.067995	0.000000	-0.060903	-0.024805	-0.120089	-0.063999	-0.169538	-0.665687	-0.472567
841	0.091471	-0.122868	0.179194	0.210442	0.024608	0.187441	0.086243	0.092920	0.146056	0.082798	0.142566	0.061241	0.262379	0.141452	0.000000	0.063863	0.069506	0.134205	-0.128917	0.016418
842	-0.044935	-0.328582	0.253370	0.140433	-0.191438	0.260512	0.012762	-0.170875	0.178118	-0.174166	-0.087399	0.106034	0.703611	0.107905	0.000000	0.070029	0.040593	-0.042638	-0.449753	-0.230044
843	0.337653	-0.115721	0.672170	0.486925	0.041751	0.521832	0.487396	0.000000	0.729922	0.044576	0.197349	0.590809	0.880975	0.518309	0.660500	0.461269	0.455898	0.207878	-0.145842	0.093211
844	-0.068445	-0.497560	0.496576	0.259567	-0.637489	0.260774	-0.003670	-0.417659	0.222704	-0.493809	-0.391315	0.223715	0.718062	0.095068	0.000000	0.105963	0.062315	-0.279882	-0.941084	-0.655025
845	-0.105586	-0.289650	-0.034784	0.003632	-0.062170	0.038756	0.039166	0.071802	0.195466	0.090283	0.068063	-0.070308	0.531198	0.000000	0.158661	-0.033831	0.067445	0.051307	-0.192134	-0.047094
846	-0.193111	-0.562481	0.064459	-0.025520	-0.380329	0.000000	-0.209200	-0.199702	0.086577	-0.249069	-0.245341	-0.093753	0.416013	-0.104080	0.057350	-0.104392	0.013822	-0.090017	-0.571689	-0.300380
847	0.415599	-0.015883	0.635931	0.564972	0.000000	0.684407	0.654787	0.137720	0.756360	0.072014	0.252259	0.652661	0.675302	0.637305	0.774827	0.524311	0.525422	0.262625	0.063659	0.321656
848	-0.084663	-0.407588	0.144780	0.000000	-0.245071	0.138651	-0.032104	-0.302153	0.104731	-0.337034	-0.253312	0.001701	0.503107	-0.025992	0.067984	-0.052973	-0.088539	-0.201089	-0.376008	-0.233040
849	-0.092248	-0.238111	-0.025700	0.050686	-0.095446	0.045583	-0.046115	0.014028	0.115927	0.016236	0.031617	-0.114804	0.375269	-0.017688	0.000000	-0.048481	0.038911	0.065113	-0.182246	-0.074019
850	0.000000	-0.358438	0.289094	0.151777	-0.222866	0.302532	0.046735	-0.242870	0.246442	-0.287033	-0.167376	0.141335	0.568764	0.073821	0.190520	0.128558	0.095343	-0.076992	-0.371192	-0.137410
851	0.235779	-0.162832	0.502491	0.366297	-0.061213	0.388148	0.193381	0.090442	0.407846	0.000000	0.094143	0.299490	0.629803	0.227077	0.312168	0.207190	0.146789	0.101619	-0.109637	0.002572
852	0.167227	-0.126437	0.225101	0.170041	0.106613	0.157313	0.224173	0.097375	0.313798	0.000000	0.114483	0.144743	0.402243	0.116795	0.310558	0.098762	0.167016	0.123270	0.070329	0.187320
