	A	C	D	E	F	G	H	I	K	L	M	N	P	Q	R	S	T	V	W	Y
1	0.315295	-0.141097	0.183467	0.243203	0.113238	0.277548	0.254429	-0.161285	0.325153	-0.146598	0.000000	0.156171	0.090889	0.356067	0.305942	0.309916	0.300080	0.061309	0.046542	0.197267
2	0.299785	-0.514721	0.446770	0.318970	0.021771	0.000000	0.242074	0.053924	0.301001	-0.059752	-0.145920	0.241940	0.106770	0.375003	0.365520	0.335520	0.304076	0.129572	0.010976	0.003527
3	0.034117	-0.517745	0.139947	0.113566	-0.080487	0.118339	0.075920	-0.120089	0.335662	-0.183825	-0.130209	0.028645	0.259284	0.133283	0.251809	0.000000	-0.000770	-0.033213	-0.258258	-0.027890
4	-0.120590	-0.465920	0.134078	0.117481	-0.160645	-0.119859	0.072202	-0.163860	0.286515	-0.165310	-0.162321	0.000000	0.466151	0.096513	0.263285	-0.075283	-0.042019	-0.196288	-0.116159	-0.041491
5	-0.332341	-0.657241	-0.129132	-0.060616	-0.398391	-0.218089	-0.128128	-0.407089	0.000000	-0.439430	-0.384551	-0.180863	-0.164200	-0.127109	-0.007416	-0.246415	-0.276868	-0.404524	-0.398832	-0.286446
6	-0.023426	-0.384082	0.240400	0.295109	-0.137806	0.105455	0.140730	0.094808	0.438918	0.031268	-0.059275	0.161390	0.541883	0.233427	0.344493	0.000000	0.029181	0.002218	-0.233284	-0.028181
7	-0.248166	-0.648176	0.038161	0.057987	-0.538023	0.106446	-0.176711	-0.442878	0.000000	-0.394692	-0.380724	-0.075990	0.247822	-0.038320	-0.071155	-0.142483	-0.287245	-0.452320	-0.599325	-0.503557
8	-0.121135	-0.466288	-0.067555	0.058591	-0.199126	-0.087864	-0.081172	-0.170093	0.059046	-0.211527	-0.226354	-0.071618	0.000000	-0.041815	0.026277	-0.115582	-0.142225	-0.132083	-0.149547	-0.071218
9	-0.272811	-0.561430	-0.299439	-0.102416	-0.349674	-0.098543	-0.166608	-0.318613	0.000000	-0.312405	-0.269326	-0.243685	-0.024337	-0.128870	-0.000653	-0.266464	-0.306180	-0.323920	-0.354147	-0.251745
10	0.068694	-0.245116	0.000000	0.229589	0.033588	0.099011	0.131092	0.015630	0.294961	0.021723	0.066048	0.110499	0.080557	0.154953	0.310182	0.092571	0.131264	0.038561	0.102975	0.145990
11	0.000000	-0.302326	0.014953	0.110137	-0.061662	0.217396	0.069234	-0.104892	0.269796	-0.092554	-0.029526	0.006856	0.064437	0.070561	0.271601	0.046857	0.022708	-0.035501	-0.057822	0.064611
12	0.046172	-0.157092	0.053526	0.192261	0.026379	0.022375	0.058123	0.100304	0.216352	0.090515	0.077184	0.016206	0.057702	0.137457	0.207420	0.000000	0.089247	0.072326	0.021117	0.122354
13	-0.076415	-0.348522	0.067337	0.151061	-0.112018	-0.079364	0.076775	-0.026635	0.231807	-0.002978	-0.015533	-0.021274	0.219248	0.000000	0.184221	-0.041598	0.031476	-0.015660	-0.034047	0.017647
14	-0.194798	-0.466545	-0.146057	0.032228	-0.284196	-0.123925	-0.113290	-0.246159	0.101939	-0.228404	-0.186624	-0.177014	-0.042184	-0.070054	0.000000	-0.162889	-0.136657	-0.209653	-0.355465	-0.210605
15	-0.175465	-0.454128	-0.103086	0.043901	-0.223130	-0.119687	-0.075543	-0.206183	0.121756	-0.205574	-0.183284	-0.134681	-0.029462	-0.059260	0.000000	-0.140085	-0.123763	-0.216367	-0.249305	-0.135912
16	-0.247986	-0.457443	-0.129303	-0.034466	-0.208721	-0.112318	-0.060886	-0.365804	0.079892	-0.321413	-0.250772	-0.163264	0.120231	-0.105308	0.000000	-0.175308	-0.158557	-0.336672	-0.253939	-0.146870
17	0.076915	-0.119363	0.047906	0.229014	0.210241	0.062511	0.130278	0.144528	0.197243	0.158144	0.169041	0.003529	0.119230	0.147583	0.169405	0.000000	0.028300	0.112174	0.240412	0.305305
18	0.176712	-0.194209	0.217426	0.245074	0.148979	0.324434	0.270327	0.034533	0.278388	0.000000	0.116358	0.183760	0.467690	0.192343	0.251902	0.125197	0.094028	0.033497	0.206254	0.214072
19	-0.113766	-0.366783	0.070375	0.000000	-0.111428	-0.007449	0.062223	-0.164630	0.089804	-0.147930	-0.106180	0.029428	0.022634	-0.009595	0.103394	-0.051207	-0.013266	-0.168037	-0.064398	0.002873
20	-0.074756	-0.332199	0.125997	0.127776	-0.095730	-0.011494	0.081928	-0.136112	0.107680	-0.107762	-0.077413	0.083714	0.000000	0.033254	0.101186	0.003482	0.002720	-0.108444	-0.087288	0.005477
21	0.000000	-0.192330	0.108732	0.139173	-0.073397	0.170542	0.104907	-0.151853	0.218901	-0.068002	0.000132	0.131838	0.050313	0.109750	0.219505	0.090517	0.008212	-0.151435	-0.069936	0.007765
22	-0.034092	-0.305787	-0.080278	0.000000	-0.002493	-0.016666	0.114180	-0.120263	0.251987	-0.087511	-0.025190	-0.012714	-0.039506	0.084923	0.254105	-0.002994	-0.012358	-0.094494	-0.025622	0.068945
23	-0.055247	-0.321458	-0.035556	0.002277	-0.204730	0.030108	0.062725	-0.282270	0.230754	-0.194660	-0.114343	0.000000	0.160248	0.077572	0.251671	0.006700	-0.015816	-0.252505	-0.247165	-0.116673
24	-0.001771	-0.166151	-0.019731	0.141001	-0.034188	-0.027237	0.084854	0.084862	0.261065	-0.026812	-0.005631	0.039535	-0.112851	0.066777	0.251586	0.056113	0.087211	0.000000	-0.008063	0.048432
25	-0.167152	-0.381377	-0.029334	0.105721	-0.046632	-0.148973	0.000000	-0.121245	0.237054	-0.080966	-0.055728	0.034023	0.084988	0.073680	0.176795	-0.059752	-0.046623	-0.211679	-0.094643	0.002731
26	0.045222	-0.326323	0.139789	0.120773	-0.010943	0.000000	0.157418	-0.159419	0.310355	-0.019256	0.044911	0.109150	-0.064332	0.150124	0.331657	0.170987	0.172102	-0.166338	-0.000861	0.116078
27	0.000000	-0.329895	0.088378	0.150318	-0.154099	0.060175	0.130430	-0.027374	0.384187	-0.026062	0.013397	0.088072	-0.095489	0.154918	0.379772	0.139868	0.099650	-0.107689	-0.093145	-0.011491
28	0.132343	-0.223444	0.191267	0.246764	0.122097	0.000000	0.281160	0.054354	0.479243	0.117818	0.188241	0.174509	0.358295	0.287514	0.488703	0.242302	0.266287	0.005796	0.190554	0.286388
29	0.167951	-0.259535	0.220876	0.256137	0.062053	0.000000	0.248906	0.045713	0.523118	0.091604	0.142751	0.201649	0.217633	0.321832	0.528720	0.218970	0.255698	0.037141	0.061485	0.190748
30	0.053108	-0.394896	0.089859	0.152555	-0.080932	0.000000	0.152948	-0.099143	0.417372	-0.050274	0.040556	0.075745	0.249230	0.209491	0.424639	0.141400	0.152278	-0.092150	-0.121841	0.052627
31	0.000000	-0.480964	-0.020508	0.066432	-0.272660	-0.014108	-0.013809	-0.116884	0.263312	-0.135014	-0.091096	-0.105596	0.070192	0.061553	0.298526	0.014178	-0.104417	-0.310372	-0.229797	-0.189613
32	0.243922	-0.181931	0.059336	0.207355	0.000000	0.167231	0.423683	0.192769	0.459550	0.146822	0.236693	0.207881	0.283478	0.349391	0.469063	0.270364	0.238983	0.138460	0.210947	0.315286
33	-0.034099	-0.326728	0.091669	0.037428	0.013599	-0.130478	0.162259	-0.099041	0.102508	-0.042618	0.021066	0.060097	0.000000	0.065341	0.164678	-0.180034	-0.004162	-0.101250	0.024646	0.068474
34	0.000000	-0.280949	0.256660	0.227887	-0.128165	0.182207	0.128739	-0.172408	0.160172	-0.151482	-0.037820	0.198803	0.096387	0.128590	0.305031	0.150104	0.085297	-0.237427	-0.102117	-0.031054
35	0.041810	-0.198971	-0.080198	0.108124	0.039823	-0.064421	0.083217	-0.001257	0.232163	0.049643	0.073421	-0.049266	-0.010372	0.118189	0.266886	0.000000	0.065414	-0.049911	0.017283	0.096558
36	-0.128763	-0.462942	0.041659	0.158163	-0.342665	-0.199066	0.015175	-0.228528	0.186689	-0.170422	-0.130217	-0.050633	0.020597	0.000000	0.142372	-0.103475	-0.130664	-0.239771	-0.261860	-0.196858
37	-0.067368	-0.198560	0.102647	0.224123	0.032323	-0.107570	0.158555	0.162200	0.265489	0.147458	0.168604	0.068972	-0.022494	0.180967	0.303689	-0.198119	0.000000	0.077678	-0.014033	0.061183
38	-0.154291	-0.519072	-0.063341	-0.046790	-0.261612	-0.117938	-0.008500	-0.265555	0.125937	-0.232269	-0.176398	-0.049784	0.000000	-0.035788	0.103970	-0.064593	-0.130271	-0.234668	-0.299028	-0.146998
39	-0.013279	-0.246582	0.001855	0.145369	-0.083249	-0.096992	0.057316	0.007885	0.211540	0.031960	0.038430	0.022421	-0.021801	0.128616	0.200345	0.000000	0.024104	-0.073214	-0.129498	-0.007609
40	-0.190657	-0.562214	-0.147420	0.019655	-0.589962	-0.673210	-0.127908	-0.322802	0.000000	-0.399708	-0.288955	-0.196898	-0.248025	-0.005974	-0.017653	-0.097619	-0.162772	-0.317437	-0.546352	-0.467673
41	-0.048365	-0.483773	-0.034985	0.099553	-0.164067	-0.085520	0.010821	-0.167766	0.176428	-0.131064	-0.087720	-0.064862	0.000000	0.034024	0.150490	-0.035917	-0.090023	-0.151997	-0.127104	-0.059820
42	0.000000	-0.321335	-0.020001	0.091311	-0.140575	0.032995	0.081258	-0.221232	0.201370	-0.123213	-0.044250	-0.009030	0.033096	0.091453	0.123547	0.062783	-0.051158	-0.209521	-0.065771	-0.031458
43	0.077046	-0.047179	-0.008957	0.222619	0.156803	-0.116760	0.156782	0.329328	0.219615	0.259720	0.234423	-0.035699	-0.039411	0.155316	0.279828	0.000000	0.059085	0.233791	0.259709	0.286780
44	0.000000	-0.252964	0.169759	0.231705	-0.193887	0.105762	0.136259	0.057989	0.326639	-0.000936	0.078962	0.102564	-0.889719	0.206834	0.350612	0.102329	0.090211	-0.056307	-0.096068	0.028480
45	-0.056322	-0.465463	0.000000	0.109021	-0.233547	-0.131064	0.053841	-0.165486	0.114147	-0.136988	-0.069636	0.034238	0.164211	0.078792	0.147008	-0.324800	-0.061701	-0.192022	-0.174645	-0.175601
46	-0.107278	-0.526982	0.364582	0.332815	-0.270048	0.000000	0.127266	-0.271049	0.281721	-0.193043	-0.074024	0.242567	0.594126	0.277656	0.327134	0.131492	0.199826	-0.274915	-0.226186	-0.188330
47	-0.240589	-0.424378	0.210168	0.272025	-0.143715	0.077440	0.000000	-0.001068	0.241007	-0.010127	-0.008943	0.151608	0.315776	0.189525	0.185671	0.048969	0.142470	-0.201626	-0.208098	-0.177821
48	-0.247360	-0.520841	-0.085555	0.045609	-0.479465	-0.273023	-0.096244	-0.293285	0.108541	-0.305243	-0.242008	-0.124039	-0.067937	-0.023970	0.000000	-0.143464	-0.147708	-0.303489	-0.441952	-0.351419
49	-0.150528	-0.491080	0.102287	0.139966	-0.272200	0.000000	0.027354	-0.205640	0.280315	-0.169717	-0.082541	0.057499	0.073787	0.130985	0.265682	0.108871	0.105584	-0.209556	-0.334761	-0.157837
50	-0.086707	-0.399935	0.119700	0.126870	-0.149729	-0.041209	0.114136	-0.128618	0.165895	-0.081633	-0.022927	0.069162	0.000000	0.111846	0.170295	-0.106804	-0.036052	-0.156565	-0.148152	-0.103711
51	-0.021028	-0.260147	-0.115766	0.071424	-0.042323	-0.103019	0.049088	0.022100	0.257091	0.053880	0.058442	-0.046501	0.213626	0.117494	0.263696	0.000000	0.039354	-0.054174	-0.058856	0.026020
52	0.000000	-0.419782	0.096799	0.174872	-0.225458	0.052743	0.128516	-0.264077	0.381583	-0.186799	-0.074730	0.102348	-0.080052	0.209967	0.402797	0.136071	0.040682	-0.211048	-0.243299	-0.114564
53	0.000000	-0.421873	0.036790	0.163044	-0.158606	0.017038	0.058991	-0.084113	0.329964	-0.058337	-0.002436	0.005001	0.214530	0.130668	0.340240	0.083797	0.040377	-0.091928	-0.185826	-0.095188
54	0.245546	-0.180787	0.061952	0.226944	0.000000	0.266923	0.382498	0.151033	0.427876	0.146743	0.223624	0.204329	0.329706	0.319033	0.439171	0.226261	0.216613	0.149821	0.188955	0.287766
55	0.000000	-0.371482	0.088887	0.134652	-0.197490	0.134345	0.095401	-0.178032	0.312285	-0.105293	-0.031397	0.104867	0.031537	0.141500	0.329086	0.130572	0.062108	-0.159723	-0.186536	-0.070730
56	-0.070188	-0.374087	0.064605	0.060923	-0.123517	0.012735	0.078911	-0.168988	0.179799	-0.090827	-0.060256	0.037352	0.000000	0.030973	0.194098	0.001519	-0.041206	-0.173830	-0.152889	-0.050210
57	0.000000	-0.286195	-0.042962	0.086133	-0.100246	0.090883	0.105320	-0.226338	0.272842	-0.118078	-0.003898	0.019403	-0.111891	0.111929	0.325959	0.067687	-0.026650	-0.206475	-0.088590	0.001632
58	0.000000	-0.352705	-0.044645	0.081143	-0.155022	0.119174	0.113950	-0.239576	0.330721	-0.176442	-0.051165	0.032348	0.074914	0.130521	0.392772	0.084344	-0.001066	-0.183424	-0.156930	-0.040571
59	0.000000	-0.346642	-0.027678	0.101037	-0.146640	0.072255	0.073160	-0.150834	0.297493	-0.122247	-0.013955	0.006215	0.051729	0.098543	0.347853	0.033086	-0.025269	-0.131681	-0.181571	-0.025998
60	-0.200198	-0.642465	-0.038024	0.000000	-0.489084	-0.124998	-0.099064	-0.220498	0.132826	-0.203218	-0.186025	-0.087674	-0.095248	-0.005176	0.098472	-0.127416	-0.125394	-0.256736	-0.527711	-0.342175
61	-0.069347	-0.409408	0.010968	0.068260	-0.140169	0.050020	0.041252	-0.243481	0.154592	-0.139063	-0.072167	0.015125	0.000000	0.038877	0.164022	-0.004457	-0.076749	-0.235545	-0.223415	-0.071922
62	-0.259564	-0.447802	-0.121049	-0.036789	-0.257467	-0.162089	-0.104200	-0.266266	0.000000	-0.187405	-0.144560	-0.160485	-0.137439	-0.080900	0.022038	-0.158409	-0.184642	-0.348079	-0.347209	-0.217487
63	0.046666	-0.297589	0.044764	0.134130	0.074956	0.073740	0.084362	-0.022066	0.113710	0.000000	0.113599	0.003034	0.026969	0.071958	0.108223	-0.005311	0.010924	-0.038505	0.133195	0.143002
64	-0.026665	-0.415795	-0.086515	-0.044600	0.000000	-0.013936	0.202704	0.035147	0.130898	0.061170	0.087088	-0.030780	-0.130263	0.023064	0.163622	-0.062637	-0.002826	-0.054065	0.205382	0.280735
65	-0.074459	-0.500354	0.140788	0.024066	-0.103636	0.000000	-0.002455	-0.195771	0.108289	-0.076418	-0.043058	0.010145	0.210145	0.002042	0.131531	-0.000607	0.051921	-0.162401	-0.123743	0.001256
66	-0.000038	-0.463019	0.173171	0.114476	-0.048230	0.000000	0.072582	-0.049323	0.175320	0.031160	0.052680	0.029708	0.265965	0.088767	0.209284	0.058356	0.147560	-0.061830	-0.025348	0.070961
67	-0.023579	-0.425404	-0.216849	-0.089071	0.000000	-0.021891	0.155808	0.023467	0.053813	0.026952	0.057284	-0.120377	-0.134149	-0.006600	0.086672	-0.132600	-0.063556	-0.035260	0.214949	0.269465
68	-0.039166	-0.324592	0.052666	0.029330	0.002165	0.017211	0.128654	-0.082407	0.213329	-0.005848	0.008564	0.000000	0.105784	0.084906	0.246766	-0.006917	0.060582	-0.119374	0.007986	0.108974
69	0.076058	-0.184897	-0.037745	0.128986	0.191396	0.029183	0.157264	0.179619	0.223453	0.195369	0.181713	0.007387	0.156618	0.167664	0.214732	0.000000	0.097386	0.084683	0.255213	0.240693
70	0.052583	-0.182295	0.061431	0.158626	0.190493	0.090943	0.184531	0.124816	0.250710	0.199729	0.164175	0.068580	0.251429	0.177186	0.277417	0.000000	0.092415	0.008134	0.208290	0.240599
71	0.091948	-0.288792	0.000000	0.221017	0.073806	0.080337	0.223908	-0.025763	0.274049	0.070011	0.127970	0.153628	0.377518	0.220373	0.271498	0.113724	0.125051	-0.065885	0.141463	0.101190
72	-0.066216	-0.162308	-0.073142	0.086069	0.083266	-0.063776	0.076194	0.059518	0.194613	0.123213	0.133138	-0.041863	0.004691	0.100321	0.209555	-0.040467	0.000000	-0.013286	0.147599	0.145005
73	0.087334	-0.059755	0.062772	0.196847	0.173515	0.144851	0.180572	0.104120	0.176122	0.073617	0.086869	0.089213	0.009446	0.083987	0.237617	0.046551	0.131244	0.000000	0.293839	0.266976
74	-0.026855	-0.191178	-0.027034	0.122090	0.143589	0.079150	0.168198	0.036134	0.216316	0.072950	0.131350	0.014983	0.171900	0.129164	0.260897	-0.037857	0.000000	0.001296	0.198194	0.207276
75	0.103645	0.051489	0.233726	0.333771	0.202207	0.048729	0.069886	0.205209	0.164975	0.213090	0.226469	0.056908	0.055451	0.114608	0.116660	0.000000	0.019944	0.099755	0.287074	0.226358
76	0.010016	-0.263201	0.271862	0.290064	-0.091614	0.060913	0.175686	-0.017524	0.340779	-0.046147	0.010922	0.151423	0.000000	0.176140	0.321030	0.109468	0.151885	0.009504	-0.060002	-0.019821
77	-0.163150	-0.303886	-0.001736	0.108693	-0.001968	-0.047005	0.115161	-0.008901	0.190834	0.056610	0.065714	-0.018675	0.100552	0.000000	0.201328	-0.068703	-0.013454	-0.078582	0.093947	0.089315
78	-0.191748	-0.233786	0.086179	0.158649	-0.008926	-0.089914	0.052692	-0.075536	0.058464	-0.108413	-0.088120	-0.038678	0.062941	-0.028884	0.000000	-0.083678	0.018969	-0.057469	-0.027669	0.034689
79	0.000000	-0.218663	-0.038554	0.040457	-0.031952	0.151740	0.074087	0.019203	0.260591	-0.013490	0.009443	0.016194	0.156762	0.015432	0.286827	0.045935	0.057972	0.035506	-0.028353	0.103961
80	-0.022683	-0.207040	0.062885	0.050475	0.134777	0.000000	0.188701	0.090403	0.352293	0.143201	0.174588	0.087531	0.043634	0.123283	0.396947	0.089041	0.141667	0.006652	0.139869	0.251214
81	-0.160973	-0.324804	0.051203	0.026239	0.088846	-0.151345	0.155903	0.080682	0.191283	0.094545	0.069403	0.050896	0.000000	0.032108	0.213234	-0.015744	0.043343	-0.038280	0.137975	0.161784
82	-0.020978	-0.369631	-0.168270	-0.056716	0.027688	-0.026610	0.074850	0.094934	0.255369	0.000000	0.050798	-0.053611	-0.059762	0.024641	0.219063	-0.044153	-0.005170	-0.026498	0.015591	0.080388
83	0.000000	-0.207836	-0.087817	0.006042	0.173612	0.045749	0.181533	0.093110	0.290817	0.087768	0.154954	0.006338	-0.051671	0.087801	0.346880	0.061969	0.047498	0.018321	0.187767	0.270924
84	0.133034	-0.296021	0.108690	0.135582	0.149240	0.000000	0.201926	0.083473	0.427159	0.081042	0.178866	0.054899	0.486448	0.214801	0.442745	0.111931	0.092688	0.065197	0.064603	0.239699
85	-0.176159	-0.548627	-0.012701	-0.148063	-0.203173	0.000000	-0.030487	-0.306514	0.098593	-0.205738	-0.154642	-0.056642	0.328105	-0.090256	0.103249	-0.111741	-0.193544	-0.358002	-0.233277	-0.100876
86	0.107028	-0.173178	0.359040	0.231680	0.236958	0.341843	0.262711	0.140607	0.227403	0.122906	0.061337	0.272458	0.115348	0.118437	0.289404	0.198149	0.181685	0.000000	0.121774	0.261900
87	0.125915	-0.447640	0.472554	0.122921	0.039312	0.737612	0.218428	-0.182690	0.213699	-0.140709	-0.192903	0.313086	0.559603	-0.039094	0.163559	0.329029	0.000000	-0.168226	-0.077566	0.026820
88	0.893317	-0.144268	0.886957	0.069377	-0.231145	1.589621	0.412378	-0.804848	1.295505	-0.306351	-0.054431	1.018198	1.624717	0.611876	1.146244	0.868693	0.000000	-0.717366	-0.218709	-0.351147
89	1.647753	0.306001	4.103644	2.808173	0.000000	3.143375	1.537993	1.555521	2.862460	0.837946	0.794539	2.872706	4.123434	2.473347	2.485022	2.501185	2.567063	0.749267	-0.177801	-0.530771
90	2.414845	0.914848	3.762054	2.600974	1.752588	3.696436	2.557627	0.220592	2.111880	1.113450	1.322062	3.086157	4.034754	2.340304	2.017100	2.452968	1.207533	0.000000	1.857362	1.628492
91	0.000000	1.573236	3.768239	3.371931	3.369653	2.224120	3.736247	2.928762	3.679272	2.958235	2.910441	3.713103	3.382455	3.622594	3.711077	1.631154	2.403919	1.940904	3.438964	3.469260
92	2.451946	1.108156	4.106928	3.301654	2.296156	3.322591	2.727725	1.013874	0.984857	0.000000	0.957730	2.993598	3.555276	2.217028	1.048422	2.675721	2.174067	1.524252	2.324486	2.330030
93	2.648007	1.568651	3.638071	2.892948	0.712384	3.360190	1.761706	2.461313	2.533614	2.515417	2.155456	3.006833	3.760860	2.638960	2.171158	2.979041	2.804560	2.156116	0.954509	0.000000
94	1.539180	1.376579	0.000000	1.501969	2.521641	1.590193	1.876202	3.050384	2.389385	2.954355	2.511183	1.007774	1.221006	2.116478	2.509437	0.999276	1.513208	2.851745	2.223831	2.503726
95	2.816772	1.771071	3.518946	2.800907	0.611550	3.168790	1.535291	1.805144	2.989635	2.182609	2.199424	2.654397	3.463498	2.732333	2.618493	2.870520	2.828098	1.543371	0.606451	0.000000
96	0.767987	0.208384	0.647938	0.000000	0.548527	1.522193	0.605998	0.231187	0.812196	0.580620	0.571246	0.792850	2.004515	0.567481	0.877379	0.625075	0.391783	0.136372	0.606405	0.408255
97	-0.838316	0.615981	2.278206	1.163306	1.746797	0.338437	1.291346	1.460393	-0.048705	1.599161	0.769102	1.564571	0.786930	0.458408	0.148269	0.000000	0.961575	1.129941	1.776282	1.892558
98	-0.175047	-0.369381	1.418781	0.865026	1.247224	0.729720	0.841701	-0.272020	0.077125	0.620903	0.354476	0.533965	1.095614	0.160524	0.000000	-0.139868	-0.510666	-1.109690	1.366023	1.292892
99	0.015454	-0.371856	0.662877	0.894810	-0.261527	0.092565	0.220157	1.099000	0.582649	0.365937	0.113444	0.307832	2.178319	0.408309	0.421108	0.028695	0.000000	1.060806	-0.009610	0.212630
100	-0.067935	0.119126	0.093668	0.000000	0.826995	0.439715	0.560137	0.542717	0.396239	0.542375	0.552724	0.375180	-0.041114	0.360649	0.661196	0.140569	0.410870	0.369415	0.771870	0.832898
101	0.277896	-0.204816	0.184626	0.361885	-0.260521	0.028494	0.039063	0.479414	0.297897	0.281022	0.062824	0.212966	2.412598	0.226881	0.285236	0.275871	0.000000	0.515858	-0.215079	-0.291863
102	0.300284	-0.145231	0.000000	-1.461643	0.613575	0.086416	0.419498	0.883385	1.011018	0.306001	-0.109894	0.707787	1.522687	-0.673071	1.014143	0.108290	0.078463	0.777376	0.613009	0.835187
103	3.104734	1.995696	3.618224	3.507992	1.842356	3.307610	3.374924	1.374670	3.325482	0.000000	1.221626	3.523765	3.531979	3.257633	3.364652	3.406907	3.135008	1.841224	2.731655	2.680078
104	0.973581	1.456196	2.243913	1.909704	2.453321	1.152759	2.032785	2.244548	1.704971	2.423391	1.827162	1.874211	1.459536	1.640464	1.833568	0.000000	0.774324	1.952908	2.370862	2.577105
105	3.110454	2.227378	4.026847	3.874993	0.000000	3.520485	3.848693	1.578824	3.652667	1.549932	1.456499	3.784902	3.503762	3.773443	3.617854	3.541192	3.375991	1.978620	3.524180	3.218975
106	1.149529	0.835534	2.583079	2.002776	1.278823	2.127652	1.118697	1.062239	0.000000	0.979241	0.951007	1.455968	3.657072	0.983794	0.320925	1.091537	0.984447	0.738231	1.631822	1.368663
107	1.042117	1.386228	3.658753	1.959516	2.097327	2.610538	1.992810	1.278164	0.000000	1.574696	1.090665	2.614872	3.155905	0.888687	0.516116	1.613569	1.545666	1.053478	2.280867	2.079838
108	2.399411	1.173979	2.377113	3.105689	1.860138	0.000000	1.768460	3.628973	2.535783	2.719075	2.361904	1.684742	3.774844	2.582926	2.543777	2.238940	2.651052	3.508245	1.933725	1.865968
109	2.478868	2.005520	0.440004	0.000000	2.699928	2.863752	2.471260	3.302530	3.948700	3.323310	2.142729	2.396640	3.753525	1.433413	3.791101	2.272459	2.353644	2.937455	2.004709	2.780591
110	1.197596	0.284236	2.477969	1.091695	0.517144	2.434920	0.621124	-0.179429	0.107074	-0.719957	0.035489	1.372420	1.608161	0.613369	0.000000	1.300873	1.003431	0.177108	0.680262	0.423777
111	3.585638	2.503536	3.877101	3.629872	1.217743	3.465405	3.678582	0.913255	3.795053	0.000000	1.206699	3.903040	3.626449	3.729705	3.887831	3.957456	3.770152	1.657178	3.195937	2.924534
112	0.704627	0.371540	1.881520	0.427275	0.583935	1.996413	0.879558	-0.139403	0.345652	0.009314	-0.048996	1.427193	3.622369	0.000000	0.287817	1.011759	0.599385	-0.132543	0.584719	0.569773
113	2.397883	1.523744	3.334884	2.988786	2.528465	3.614349	3.284149	0.000000	2.875501	0.371135	1.504126	3.096546	2.618508	3.050339	2.979053	3.173063	2.602677	0.434303	2.909488	2.806099
114	1.741412	0.451211	2.020216	1.553886	0.721429	2.564399	1.529755	-0.598407	1.534666	-0.740262	0.102675	1.851245	3.044648	1.510767	1.579921	1.990928	1.330597	0.000000	0.912622	0.877675
115	1.151423	0.381235	-0.658163	0.687897	1.247139	1.340421	1.223281	1.261386	1.286219	1.216639	1.052382	0.000000	2.747228	1.087588	1.344887	0.560097	1.168429	1.241827	1.146707	1.344816
116	-0.016614	-0.075764	-0.140421	0.351604	0.569988	0.583802	0.361111	0.641553	0.258119	0.606334	0.080591	0.000000	1.448027	0.036451	0.368771	0.021631	0.251018	0.559971	0.402021	0.604719
117	0.338687	0.302098	0.335694	0.360552	0.986133	0.762435	0.728323	0.746826	0.524218	0.517786	0.495325	0.441226	2.789067	0.345526	0.678489	0.039115	0.000000	0.779475	1.006087	1.015674
118	0.274875	0.131596	-0.477611	0.000000	0.296572	0.154514	-0.188692	0.415606	0.360531	0.431286	0.260378	-0.178739	1.319225	-0.120900	0.440282	0.111522	0.303417	0.466457	0.222352	0.122400
119	-0.233214	0.137159	0.062940	0.020987	0.704868	0.000000	0.119210	0.368615	-0.324810	0.372759	0.237368	0.051473	-0.627099	-0.210087	-0.122367	-0.180287	0.042305	0.233055	0.854410	0.810643
120	0.555638	-0.038329	0.000000	0.400623	-0.027307	0.900806	0.186474	0.634649	0.723039	0.624835	0.592118	-0.103654	1.568151	0.570089	0.767775	0.453606	0.536691	0.511067	0.032249	-0.264477
121	3.114318	2.578350	3.626276	3.100467	1.691976	3.444347	2.771271	2.457870	3.201638	2.728261	2.507821	3.113010	3.407576	2.934493	2.889321	2.949306	2.772276	2.531230	0.000000	1.424419
122	2.131049	2.051797	4.099353	3.749604	1.124954	3.815320	2.537056	1.303742	2.659188	1.470194	1.606458	3.650021	3.806841	2.916155	2.850271	2.751577	2.768947	1.628487	0.000000	1.035854
123	2.691591	0.873787	3.392193	1.540342	0.407229	3.681333	1.817916	0.915814	2.229297	0.000000	0.792022	2.975319	4.099811	1.875821	2.267621	2.804901	2.349247	1.218029	0.263375	0.224961
124	0.000000	0.648327	4.015319	3.711191	2.607374	1.662920	3.468439	1.847027	3.643088	2.250986	2.311070	3.865713	4.026206	3.533505	3.442698	2.302305	2.663052	0.686132	2.816810	2.520085
125	0.705924	-0.145575	2.306508	0.639953	-0.163138	1.984953	0.000000	-0.499229	-0.126442	-0.218111	-0.282213	1.235770	3.721633	0.120144	-0.528172	0.753549	0.159200	-0.525476	0.094377	-0.262675
126	1.846332	1.415496	2.588853	3.190928	2.898746	2.455259	1.763590	1.992744	1.245865	1.704358	2.200414	0.858952	3.666088	2.115721	1.620371	0.000000	1.957390	2.277151	3.147717	2.752827
127	1.883924	0.924687	2.051470	1.327948	1.186764	2.634713	1.809659	0.917765	2.247719	0.000000	0.664011	2.236449	3.182851	1.592512	2.257256	2.197294	1.665398	1.206689	1.492443	1.389372
128	-0.058556	0.170656	0.678830	0.208201	0.377101	1.074125	0.329862	-0.089689	-0.168831	-0.340475	-0.065773	0.466287	2.908031	0.038252	0.039005	0.000000	-0.073210	-0.030518	0.650676	0.478058
129	2.815214	2.238248	2.522193	3.226081	3.006071	2.442282	2.375300	2.981899	2.489650	2.746399	2.783435	1.583952	3.640370	2.746853	2.418645	0.980462	0.000000	2.910358	3.143250	2.934377
130	1.695176	0.732904	1.565680	1.702737	1.640361	0.000000	1.041387	3.007985	1.323183	1.437989	1.283817	1.048160	3.650205	1.244803	1.677960	1.568668	2.413761	3.159507	1.974600	1.760511
131	0.157616	0.302940	0.880023	0.507957	0.964789	1.011401	0.583250	0.885305	-0.211916	0.216271	0.098752	0.506393	3.960493	0.000000	-0.261715	0.598588	0.894790	0.833335	1.232687	1.000946
132	0.791848	0.211714	1.448695	0.564513	0.455046	1.628618	0.603859	0.276472	0.530632	0.712386	0.365365	1.127883	2.933791	0.322644	0.387042	0.268639	0.000000	0.278222	0.437738	0.381029
133	2.964195	2.516228	4.122632	3.888889	2.167088	0.000000	3.299828	2.951931	3.542952	2.697009	2.696388	3.699690	3.993540	3.592708	3.575676	3.500452	3.553202	2.978044	2.500184	2.516409
134	2.724360	1.766393	3.223563	2.863115	0.460282	3.307142	2.089016	1.952909	2.684709	1.915289	1.769257	2.742530	3.591935	2.609255	2.263049	2.696421	2.564776	2.109277	-0.744805	0.000000
135	3.008571	2.511270	3.472301	3.617837	2.205186	3.720958	3.486226	0.000000	3.545792	1.632350	2.473696	3.604012	3.320413	3.669716	3.508356	3.671688	3.170811	0.218328	3.176757	3.090634
136	2.258942	1.751175	2.781195	2.823961	2.290186	2.977757	2.515537	2.533289	2.551566	2.516879	2.482256	2.531271	0.000000	2.611501	2.636304	2.536819	3.073500	2.698843	2.377831	2.343616
137	-0.195446	0.762749	2.616881	2.026872	1.436065	0.999491	1.192471	1.800536	0.751357	2.426824	1.456689	1.356776	1.289768	1.281078	0.405140	0.000000	1.100183	1.143825	1.355311	1.390551
138	0.507200	0.451645	1.280505	1.478139	1.384671	0.780255	0.703886	0.858100	0.370772	0.764606	0.776131	0.000000	2.192183	0.596389	0.435540	0.302468	0.904347	1.053212	1.398300	1.406769
139	1.488548	1.734082	3.478211	3.944539	0.439261	2.914492	1.878857	1.839486	3.143143	0.633059	1.093226	2.737051	4.000106	3.058821	2.821562	2.373860	2.625118	2.133702	1.707731	0.000000
140	2.512687	1.623748	3.981199	3.817172	1.795818	3.705233	3.742344	0.598554	3.774571	1.284789	1.880613	3.994848	3.849342	3.678936	3.823123	3.438318	2.723372	0.000000	3.353381	3.213553
141	0.000000	1.588173	2.775562	1.591051	2.154915	2.264864	2.113670	2.066699	1.916219	2.144551	1.564735	2.439348	3.723325	1.382434	1.814383	1.255370	1.989267	1.756927	2.380113	2.164939
142	0.474962	0.805454	1.194134	0.441165	0.869435	1.368334	0.680343	0.785020	0.360962	0.539492	0.705708	1.118309	0.000000	0.434840	0.516476	1.073886	1.224838	0.819934	1.122209	0.877443
143	-0.630929	-0.104070	0.494319	-0.387822	0.190646	0.545326	0.519474	-0.168772	0.748370	0.128420	-0.029385	0.864467	1.168898	0.206235	0.891250	0.000000	0.142608	-0.565443	0.045764	-0.017694
144	0.834271	0.446204	0.000000	0.592953	1.000611	0.092670	0.741332	1.310070	0.903657	0.992081	0.940700	0.337726	1.804296	0.720776	1.062980	0.587794	0.712817	1.268321	0.978623	1.028988
145	0.872442	1.081753	1.150817	1.341013	1.543508	0.680725	1.288591	1.825129	1.588369	1.505659	1.333984	1.358405	2.786636	1.392074	1.620729	0.000000	0.630168	1.802477	1.240019	1.537141
146	0.508210	0.625326	0.676495	0.913307	0.362900	1.275041	0.744208	0.000000	1.183049	-0.145916	0.268495	0.727114	0.446983	0.906098	1.384257	0.951833	0.932319	0.427969	0.433774	0.446891
147	-0.382643	0.236286	0.118619	-0.345368	0.346740	0.506853	0.286025	0.570370	0.442334	0.078542	0.134924	0.529700	1.309382	0.000000	0.389968	0.301720	0.448262	0.608094	0.480085	0.034410
148	0.000000	0.968297	2.326018	2.020758	1.748872	1.358983	1.799186	1.477089	1.452936	1.654403	1.349829	1.431861	2.424821	1.543167	1.530069	0.353275	1.001021	1.113766	1.837310	1.710294
149	0.359036	0.246544	1.216754	0.000000	0.148398	1.325290	0.256804	1.114293	0.678437	0.201041	0.301443	0.570468	2.542163	0.085571	0.950857	0.861516	1.668451	1.277781	-0.017763	-0.027899
150	0.146850	0.371177	0.139326	0.000000	0.850831	0.737774	0.562548	0.386671	0.373676	0.429405	0.580952	0.387425	-1.142675	0.321762	0.672238	0.114177	0.419444	0.461529	0.911025	0.902012
151	2.374953	1.808326	3.169049	3.048164	1.032461	3.028107	2.129226	2.511009	2.899590	2.817644	2.544785	2.590847	2.201692	2.936021	2.718400	2.604093	2.605651	2.369262	0.000000	0.885106
152	3.533618	2.667746	3.902884	3.898885	0.738668	3.909516	2.367329	3.382663	3.585767	3.404615	3.228225	3.045013	3.646644	3.727981	3.116580	3.535839	3.742370	3.420564	0.929373	0.000000
153	0.849586	0.727505	2.827457	2.518414	0.000000	1.050942	0.882343	1.914715	1.612378	0.729829	0.784820	2.073660	3.100458	1.532777	1.840750	1.368442	2.018604	1.976711	0.528356	0.491470
154	1.701381	1.555342	1.922709	2.063457	1.741793	0.000000	1.817885	2.523220	1.988084	2.019146	1.896358	1.850906	2.468135	1.847447	2.087409	1.809370	2.088181	2.658531	1.905428	1.921802
155	0.483611	0.669035	1.315469	1.321525	0.918009	0.766820	0.594791	0.995479	0.000000	0.771394	0.668446	0.547708	0.725000	0.567568	0.149790	0.244535	0.334488	0.958610	1.068368	0.998251
156	1.218582	0.835007	2.642112	2.227196	1.088622	2.418386	1.715331	0.000000	1.375238	0.016111	0.206137	2.091974	2.775049	1.398580	1.345926	1.642910	1.162076	0.529784	1.071051	1.267637
157	1.176862	1.354280	1.360468	1.535305	2.277839	0.803345	1.559456	2.272639	1.026441	1.582124	1.562251	1.139383	1.340614	1.173714	0.901269	0.087142	0.000000	2.110111	2.358281	2.416911
158	1.629464	1.495747	3.015539	2.419905	0.889726	1.954933	1.283819	1.654675	0.658497	1.270429	1.339704	2.148064	1.629247	1.483750	0.000000	1.902382	1.885211	1.843669	0.982485	0.948995
159	0.751329	1.060140	2.174510	1.826287	0.750077	1.371530	0.748348	0.944190	0.334571	0.737660	0.914191	1.363501	1.636281	1.091632	0.000000	1.022423	1.199508	0.997539	0.316199	0.502043
160	0.386988	0.530443	0.280673	0.000000	1.252566	1.103646	1.037174	1.043067	0.904104	0.914011	0.635527	1.036869	2.459848	0.377285	0.983149	0.895800	0.778417	0.879329	1.007741	1.168145
161	-0.612986	-0.103132	1.869922	1.601580	1.587021	0.810127	2.201081	0.819233	2.405059	1.079380	0.961999	2.078604	2.780437	1.967110	2.350736	0.000000	-0.025805	0.248629	1.766938	1.863609
162	1.083991	0.784399	0.286125	0.000000	1.746094	1.740430	1.348346	0.699433	1.359086	1.026146	0.986280	0.984838	2.915814	0.731770	1.350274	1.138018	0.928734	0.723711	1.706118	1.723823
163	1.141775	1.293288	2.163666	1.961116	1.395773	1.742728	1.433901	1.148725	0.671233	0.977548	0.928984	1.444197	3.153491	1.182306	0.000000	1.306442	1.370640	1.264903	1.606679	1.503714
164	1.300582	1.085905	2.735575	1.960592	1.242482	2.424829	1.725373	0.942219	1.451239	0.000000	0.581546	2.115500	3.194071	1.574703	1.422501	1.954360	2.096086	1.474417	1.438233	1.207902
165	2.801272	2.194920	3.065704	3.052807	2.361002	2.779422	3.058383	1.499494	2.662075	0.000000	1.574265	3.090919	3.046417	2.819582	2.812989	3.005822	2.848901	2.076940	2.964036	3.027128
166	1.397147	0.963637	2.483109	2.012999	1.634259	1.510498	1.668489	0.871682	0.967133	0.000000	0.460577	1.534975	3.077670	1.210888	0.848833	1.183668	1.022929	1.142496	1.842272	1.779444
167	0.214976	0.511279	0.850248	1.137023	1.044033	0.649031	0.212253	0.676877	-0.355953	0.219603	0.476250	0.000000	2.561152	0.326790	-0.511709	0.299863	0.870584	0.633772	1.289324	1.127054
168	0.000000	0.147560	0.298656	0.117824	0.432731	0.418959	0.157591	0.208996	0.002706	0.252740	0.298791	0.244563	-0.853865	0.108496	0.188548	0.101850	0.293149	0.156182	0.517663	0.531331
169	-0.147228	0.092787	0.073567	0.000000	0.540202	-0.145505	0.221710	0.612239	-0.145216	0.263943	0.217651	-0.011615	1.623327	-0.070714	0.063861	0.008377	0.232298	0.524674	0.627348	0.590167
170	0.743943	0.493432	2.369911	1.446481	0.938182	1.490242	0.832920	0.847293	0.901454	0.416564	0.384284	0.000000	2.729309	0.512078	0.735103	0.547623	0.604693	0.654180	1.184844	1.076383
171	0.368886	0.533139	0.668393	0.389277	1.102929	0.713941	0.763833	0.356426	0.363355	0.591277	0.630060	0.582029	0.000000	0.409566	0.593174	0.398066	0.530425	0.199989	1.407335	1.200112
172	0.174070	-0.010444	0.771168	0.339950	0.522774	0.894874	0.417447	-0.268548	-0.153462	-0.268551	0.023890	0.395530	-0.301996	0.111577	0.000000	0.426417	0.355555	-0.288066	0.752897	0.635046
173	2.866679	2.125754	2.828905	2.983083	2.252760	0.000000	2.731418	2.958351	2.925654	2.721635	2.652439	2.666404	2.651221	2.932385	3.029441	2.782062	2.844496	3.054738	2.392737	2.536261
174	1.069412	1.550674	2.820131	2.724005	2.271058	2.233586	2.459312	2.128110	2.522986	2.087319	1.876128	2.048493	2.988974	2.228939	2.348543	1.012564	0.000000	1.881375	2.481163	2.403912
175	3.022034	2.398190	3.612762	3.508839	0.000000	3.475780	3.207419	2.526321	3.683859	2.591286	2.484129	3.612299	3.115034	3.600031	3.633635	3.525635	3.559574	2.608559	2.073044	1.374253
176	0.634206	0.140592	2.223517	2.009667	0.707352	0.650511	2.046551	0.371337	2.310358	0.000000	0.578114	1.977828	2.274521	1.922212	2.379865	1.437655	1.378649	0.125124	1.622447	1.236919
177	2.000374	1.580641	3.126393	3.173510	1.931081	2.985567	3.234091	0.007558	3.146808	0.650188	1.464959	3.281442	3.118777	3.144091	3.175529	2.988505	2.393740	0.000000	2.691172	2.656334
178	1.770001	2.059916	3.215830	2.244906	2.341416	1.952299	1.744798	2.085351	1.110807	2.041386	1.637326	2.572197	2.568705	1.334824	0.000000	1.874577	1.710487	2.118397	2.528825	2.402788
179	1.053152	0.865502	0.581089	0.000000	1.297116	1.736591	1.234822	1.057327	1.596824	1.003264	1.079393	1.360736	2.198324	1.038006	1.642821	1.380646	1.390816	0.942734	1.411643	1.147102
180	0.385041	0.174868	-1.318348	0.338204	1.225601	0.672733	0.812752	1.259806	1.142279	0.851358	0.718757	0.201281	1.273815	0.868022	1.298899	0.000000	0.787372	1.161835	1.456174	1.372577
181	0.520661	0.679051	0.361239	0.000000	1.051540	0.724964	0.741726	1.005203	1.041660	0.817469	0.735959	0.901492	0.414849	0.575487	1.152412	0.651019	0.777272	0.869693	0.966914	0.955859
182	0.405828	0.122329	-0.374951	-0.081046	0.105812	0.445303	0.037037	0.767940	0.712746	0.304491	0.262518	-0.035595	1.714891	0.304379	0.736416	0.119061	0.000000	0.747065	0.148200	-0.009363
183	-0.185679	-0.516502	-0.422174	-0.631175	-0.410299	0.334017	-0.169990	0.090622	0.537912	0.207377	-0.027380	-0.010362	1.333195	0.012103	0.569373	-0.227792	0.000000	-0.052941	-0.246101	-0.345291
184	-0.005410	0.273665	0.237631	0.134647	0.571588	0.468597	0.313363	0.330787	0.000000	0.362025	0.395792	0.316795	-0.252904	0.180984	0.272383	0.136492	0.350288	0.258046	0.721204	0.606991
185	1.575464	0.842602	0.655998	1.030220	1.204230	0.000000	0.993902	2.317635	1.638658	1.902591	1.651552	0.698498	2.083122	1.421298	1.759252	1.258067	1.462708	2.373809	1.389280	1.227218
186	0.000000	-0.205752	-0.871664	-0.784250	0.489409	0.247545	0.142924	1.164154	0.976099	0.846383	0.291196	-0.222215	1.690235	-0.124977	1.044756	-0.110793	0.400129	1.106343	-0.162947	0.418317
187	2.799730	1.861344	3.834362	3.529742	0.373113	3.257072	2.007254	2.221542	2.763484	1.305380	1.666337	2.938579	2.907727	2.836567	2.576704	3.084432	3.141884	2.492021	0.640746	0.000000
188	0.703499	0.000000	1.088943	-0.227505	1.174483	1.886220	1.639950	-0.371897	1.970564	0.505829	0.541399	1.673800	1.847233	0.960653	1.801906	0.833666	-0.049332	-1.076610	1.511684	1.396548
189	3.122490	2.393520	3.143404	3.205727	2.089246	3.276972	3.480716	1.232818	3.200511	0.000000	1.552723	3.395711	3.254780	3.261879	3.360237	3.481023	3.441794	1.855933	3.306541	3.481235
190	0.188531	0.898899	0.980654	1.674982	2.304322	1.752884	2.072527	1.550056	2.420603	2.051248	1.828144	1.956303	2.427161	2.140733	2.358330	0.000000	0.813926	1.158666	2.257037	2.091085
191	2.470891	1.715200	3.001298	2.792643	2.016722	3.020094	2.948295	0.007081	2.971949	0.736917	1.352241	3.067325	2.620123	2.745192	3.001226	2.839621	2.108952	0.000000	2.614837	2.574646
192	-0.215503	0.289979	1.737124	1.192286	0.683827	0.681232	0.335829	-0.475907	-1.072981	-0.635284	-0.520653	0.649456	1.213989	-0.803103	-1.255150	0.000000	0.023123	-0.390186	0.850886	0.827609
193	1.168166	0.216802	0.000000	0.709297	0.692310	1.437309	0.999147	0.594809	2.096530	1.306777	1.063534	0.949161	2.379741	1.412070	2.187248	0.774227	0.512654	0.546782	0.357114	0.309488
194	1.491635	0.827177	1.622622	1.154256	0.000000	1.963055	0.889129	1.041929	1.401572	1.061366	1.044263	1.403745	2.533930	1.231093	1.260154	1.358484	1.469470	1.182546	-0.074177	0.048886
195	1.811005	0.961696	0.000000	0.831744	1.242097	1.634296	0.964515	1.695116	2.038470	1.753382	1.739993	0.728990	2.725675	1.472640	2.055497	1.012272	1.088084	1.679322	1.171426	1.160789
196	-0.401155	-0.126675	-0.213303	-0.429416	0.013177	0.062304	-0.033723	-0.158904	0.039353	-0.100186	-0.013846	0.000000	-0.592570	-0.040480	0.278451	-0.131786	0.001541	-0.300382	0.150481	0.057748
197	0.000000	-0.214541	-0.213479	-0.323104	0.031425	0.206589	-0.037964	-0.111025	-0.020396	-0.034477	-0.002724	-0.091107	0.707752	-0.172809	0.104791	-0.059510	-0.182298	-0.236245	0.230171	0.060733
198	0.426263	-0.000835	0.580425	0.334156	0.194828	0.487243	0.096727	0.136809	0.000000	0.141248	0.122618	0.081543	1.042449	0.093572	0.030238	0.000407	-0.379671	0.032145	0.344807	0.078436
199	1.409149	1.166617	1.366396	1.486382	1.760158	0.000000	1.557796	2.008615	1.436410	1.646248	1.599887	1.406213	1.595477	1.508901	1.694485	1.397635	1.757763	1.995636	1.926083	1.815143
200	0.250647	-0.060948	1.181790	1.072878	0.043555	0.826783	0.260795	0.147163	-0.661093	0.000000	0.105166	0.505732	0.290600	0.251082	-0.620243	0.278561	0.182009	0.014474	0.038384	-0.074847
201	0.537508	0.076388	0.526884	0.633844	0.081152	0.391695	0.003342	0.022349	0.318609	0.606655	0.230693	0.000000	1.894727	0.227040	0.055940	-0.024787	-0.292285	0.101382	0.387684	-0.132762
202	1.994795	1.142366	2.853966	2.716203	2.237596	2.812057	2.448842	0.679947	2.335003	1.614937	1.882689	2.513527	2.327828	2.177098	2.500702	1.957092	1.175095	0.000000	2.721923	2.480000
203	1.173883	0.524123	2.049438	1.250368	1.090161	1.938266	0.531077	0.345733	0.000000	0.703055	0.707379	1.227200	2.669158	0.639333	-0.057407	1.139825	0.643412	0.142832	1.050764	0.939489
204	2.043967	1.359513	1.533310	1.878512	0.638320	2.173862	0.000000	2.237875	2.268497	2.240475	2.033097	0.897508	2.267659	1.912750	1.504224	1.713964	1.820457	2.282813	0.395573	-0.029550
205	3.654159	3.049594	4.027032	4.040084	1.191700	4.018867	2.389087	2.738248	3.746168	3.054190	3.278497	3.535865	3.354124	3.856386	3.331684	3.652510	3.402710	2.970350	1.622751	0.000000
206	0.378494	0.089520	1.240167	0.174927	-0.217943	1.338782	0.160317	-0.427278	0.000000	-1.183121	-0.381596	0.802165	0.534936	0.169513	0.195571	0.863007	0.796911	-0.042178	0.191602	-0.159453
207	3.121005	2.514439	3.436211	3.509572	2.440927	3.477499	3.286877	0.000000	3.158889	1.503908	2.273168	3.319997	3.248725	3.405349	3.157974	3.430678	3.265355	1.044879	2.821446	3.021341
208	0.229272	-0.507614	0.883274	-0.091045	-0.620543	0.808149	-0.532046	-0.321467	0.278033	0.020420	-0.191901	-0.079730	1.997003	0.071074	0.000000	0.116835	-0.252378	-0.482486	-0.709868	-0.852430
209	1.169298	0.975348	2.404656	1.640633	1.015227	1.853960	1.048534	0.677529	0.000000	0.735626	0.796531	1.393128	1.025130	0.910899	0.118478	1.227761	1.230083	0.687715	1.249566	1.020254
210	0.527036	0.510450	0.012113	0.777803	1.184952	0.610567	0.537125	0.838338	0.517676	0.000000	0.622321	0.392888	2.400961	0.741022	0.606183	0.099492	0.010356	0.959096	1.504660	1.180124
211	-0.034918	0.336118	0.000000	0.034132	0.847902	0.317044	0.389322	0.715907	0.115467	0.494905	0.532327	0.338424	-0.029912	0.188633	0.342606	0.180475	0.512405	0.662063	0.859197	0.904645
212	0.700571	0.187170	-0.453062	0.472504	0.769180	-0.187003	0.408210	1.421569	0.656611	1.051975	0.945327	-0.577821	1.547264	0.690212	0.754615	0.000000	0.476447	1.361630	0.688085	0.695247
213	2.083529	1.500576	1.758117	1.988042	2.267609	0.000000	1.916229	2.464812	1.773193	2.028884	1.997675	1.531945	2.485284	1.919697	2.114315	1.827150	2.182156	2.517221	2.479930	2.346097
214	1.322136	1.090091	1.613843	1.500125	1.319916	0.000000	1.174021	1.749993	1.046832	1.237507	1.197162	1.355844	2.459699	1.116669	1.259852	1.312009	1.594516	1.844799	1.413358	1.297328
215	2.916224	1.719965	3.735351	3.619817	0.000000	3.362312	2.622155	1.592904	3.415031	1.217070	1.732656	3.286124	3.161537	3.406635	3.333989	3.318512	3.048814	1.555080	0.841899	0.308101
216	0.960770	0.552164	2.254265	0.591813	0.377673	1.832819	0.841947	0.552868	1.314594	0.801977	0.598067	1.712057	2.813590	0.518187	1.253511	0.999164	0.628135	0.512426	0.494478	0.000000
217	2.880601	2.264683	3.602638	3.423437	2.335604	3.633896	3.330845	0.000000	3.216107	1.032309	1.817343	3.530706	2.957997	3.243925	3.373482	3.275856	2.735737	1.016323	2.963032	3.063869
218	0.240980	0.458738	-0.319752	0.523943	1.506205	0.742442	0.499639	1.315482	0.906928	1.563336	1.365869	-0.137210	0.800053	0.709467	0.989323	-0.409504	0.000000	0.834746	1.707963	1.457828
219	0.199362	0.072183	0.097461	0.022242	0.524636	0.420764	0.154362	0.538262	0.164287	0.528316	0.473235	0.225064	-0.744715	0.272066	0.305533	0.000000	0.308002	0.549146	0.310602	0.434024
220	0.214934	0.011876	0.181413	0.189380	0.523941	0.350868	0.212294	0.364357	0.051532	0.193964	0.258142	0.142515	1.649948	0.095794	0.000000	0.119532	0.184552	0.496810	0.374950	0.405412
221	0.303930	-0.351689	1.036571	0.840052	-0.057581	1.017910	-0.391763	-0.629287	-0.480185	-0.479904	-0.286613	0.072371	1.715074	0.045837	-0.472333	0.288566	0.000000	-0.241388	0.041181	-0.201564
222	0.634668	0.080219	1.592766	0.475977	0.017764	1.173799	0.424439	-0.254797	0.180573	0.099350	0.047721	0.951932	1.131609	0.000000	0.103632	0.466387	0.153949	-0.313125	0.129016	0.063230
223	2.487517	1.521149	3.172137	3.002148	0.000000	2.768581	1.735262	2.854757	2.492685	2.255366	2.177570	2.936818	3.495263	2.750510	2.581615	2.748182	2.932655	2.797658	1.146492	1.016448
224	-0.120885	0.248886	-0.398198	-0.196349	0.544304	0.194836	0.325096	0.326130	0.119343	0.161376	0.237415	0.000000	-0.178035	0.073141	0.444465	-0.197679	0.113692	0.326052	0.594592	0.695577
225	1.566341	1.254236	0.815612	1.677799	1.909293	1.085280	1.477252	2.371130	1.809921	2.052396	1.869205	0.395773	2.879993	1.715905	1.760449	0.000000	0.297718	2.283285	1.928099	1.820529
226	2.671806	2.209692	3.168180	3.063423	2.049012	2.989359	3.193274	0.935481	2.889847	0.000000	1.534479	3.306546	2.546453	3.017105	3.197973	3.047693	2.992974	1.681083	2.683831	2.931523
227	0.071334	0.561785	0.807967	0.362344	0.594532	0.380084	0.345479	0.256779	-0.253493	0.338724	0.389933	0.724013	0.338477	0.000000	-0.259628	0.111943	0.338302	0.365488	0.405593	0.535919
228	-0.006261	0.659590	-0.037519	-0.361669	1.393844	0.703743	0.884668	1.081725	0.687644	0.671173	0.523154	0.971217	2.389364	0.000000	1.003474	0.498447	0.963515	1.117515	1.253614	1.388584
229	1.650288	1.726407	4.151284	4.097545	1.718362	2.941542	3.490989	1.179413	3.689240	0.000000	0.525039	3.949782	4.323310	3.380016	3.717291	3.345254	3.239572	1.948404	2.642662	2.519377
230	2.317622	1.764334	3.454000	3.277743	2.057287	3.378923	3.173886	-0.153345	2.752044	0.331494	1.417852	3.210924	3.402782	3.057503	2.764726	3.080082	2.179981	0.000000	2.320844	2.547194
231	0.000000	0.159901	0.190482	0.134978	0.546646	0.830625	0.257126	0.372607	0.055345	0.091922	0.093339	0.128312	3.204404	0.110815	0.011037	0.228404	0.450024	0.555181	0.482830	0.479520
232	2.343241	1.965821	3.400466	3.263235	0.810829	2.733396	0.730098	3.301272	2.391893	2.968169	2.706780	2.619371	4.002350	2.809752	2.028051	2.728166	3.155576	3.131663	0.757761	0.000000
233	1.552533	1.513998	4.177261	4.213189	0.402624	2.383804	1.852652	1.822263	3.303129	1.132314	1.690398	2.961451	3.332549	3.277986	3.217168	2.521831	2.633096	1.917773	0.867225	0.000000
234	0.136775	0.384101	2.343407	1.221814	0.734553	1.115225	0.731785	0.280008	-0.164488	0.250602	-0.275204	1.272806	2.943329	-0.002734	-0.303101	0.000000	0.405959	0.352866	0.912505	0.913255
235	0.391049	0.260126	0.840043	0.387125	0.656470	1.065435	0.539964	0.171630	0.000000	0.097291	0.117409	0.577448	2.826312	0.090547	0.160697	0.476907	0.350078	0.220761	0.803769	0.725327
236	1.268385	0.539963	1.812014	1.704387	0.578596	1.868232	0.000000	1.183244	1.076282	1.513378	1.374110	0.543243	2.350531	1.287887	0.747946	0.821215	0.643427	0.716747	0.665303	0.354246
237	0.000000	0.708699	0.527779	0.521389	1.049237	0.568743	0.692133	1.145843	0.552878	0.988184	0.813922	0.579463	0.273290	0.515459	0.684624	0.323301	0.734738	1.019401	1.088352	1.141811
238	-0.303603	-0.222617	0.000000	0.390941	0.190448	-0.115557	-0.280707	0.642353	0.317641	0.166431	0.110482	-0.409029	1.426309	0.101519	0.470691	0.205414	0.778735	0.675690	0.417392	0.159924
239	2.421619	1.935454	2.490909	2.656898	2.035156	0.000000	2.396339	2.359192	2.529678	2.317774	2.351649	2.361384	2.414621	2.556589	2.732593	2.420471	2.462147	2.428107	2.143828	2.264794
240	2.121039	1.619419	2.991195	2.876225	2.096330	2.500807	2.917281	1.338300	2.726005	0.000000	1.336010	2.854772	2.939542	2.654891	2.840148	2.568758	2.213791	1.591771	2.963499	2.876441
241	-0.100014	0.000000	0.641071	0.414690	0.574812	0.471297	0.464994	0.066205	0.362003	0.340930	0.375833	0.721333	-0.378584	0.476925	0.507774	0.054114	0.305374	-0.145815	0.743636	0.571256
242	-0.354394	-0.324743	0.569438	0.200386	0.382517	0.621781	0.000000	0.278695	1.023657	0.609913	0.238318	0.189281	1.398617	0.254052	0.852495	-0.400990	-0.434717	-0.202402	0.353846	0.198980
243	0.855685	1.213880	2.573043	1.626927	1.587768	1.712858	1.500172	0.615193	0.124704	1.084215	0.882807	1.810500	0.900950	0.859584	0.000000	1.183801	1.036116	0.445463	1.734730	1.654948
244	3.115726	2.434648	3.221427	3.251249	2.142553	3.060770	3.389923	1.216796	3.111878	0.000000	1.653530	3.234701	3.119844	3.273365	3.355676	3.324318	3.282757	2.132874	3.384187	3.273019
245	0.773201	0.698712	1.239511	0.732872	1.121925	1.389743	0.749448	0.456609	0.537624	0.482662	0.728754	0.720914	2.603220	0.629622	0.577954	0.340516	0.000000	0.684527	1.306277	0.958246
246	-0.174644	0.094319	0.642179	0.090956	0.480921	0.720275	0.073608	0.185048	-0.394329	0.177227	-0.029294	0.278010	2.408430	-0.252726	-0.409719	-0.013337	0.000000	0.147318	0.578789	0.337556
247	1.215103	1.376552	2.570348	2.488667	2.203021	2.069181	2.488467	0.724491	2.020177	1.587740	1.662790	2.205784	0.866369	2.036924	2.120757	1.664766	1.091685	0.000000	2.512820	2.514862
248	-0.211921	0.000000	2.138464	1.684736	1.530367	1.683485	2.056043	0.555531	1.725457	0.556174	0.749553	1.911408	1.806627	1.324322	1.909461	1.110168	0.797605	-0.154927	1.985161	1.628197
249	0.499562	0.607681	0.907070	0.795273	0.739580	0.804276	0.518698	0.679339	0.132845	0.923373	0.768550	0.664594	0.000000	0.469921	0.277296	0.537401	0.848102	0.696350	0.692018	0.664995
250	0.113148	0.123882	1.004106	0.844201	0.469864	0.608369	0.049958	-0.015897	-0.671571	0.367508	0.167677	0.412755	0.930581	0.081900	-0.785583	0.044843	0.000000	-0.086438	0.433543	0.323426
251	-0.145337	0.260015	0.418714	0.241204	0.378852	0.463626	0.103398	0.168752	-0.114237	0.149347	0.162823	0.193460	-0.487419	0.078411	0.014382	0.000000	0.319751	0.172509	0.589447	0.400445
252	0.236283	0.806983	1.456646	1.241654	1.370806	1.348684	0.812218	0.271496	0.000000	0.513983	0.659870	0.737073	0.176552	0.665812	0.380495	0.504635	0.379287	0.107884	1.651788	1.347787
253	2.060552	1.599946	2.395104	2.287729	2.119821	2.252970	2.111837	1.719613	1.933112	1.693398	1.848171	2.148909	0.000000	2.084762	2.087478	2.265477	2.387833	1.877550	2.261602	2.217441
254	-0.222662	0.216006	0.131197	0.096314	0.481741	0.459438	0.105496	-0.119690	0.190169	-0.396067	0.078852	-0.042509	-0.413187	0.000000	0.333860	-0.092640	-0.001105	-0.045816	0.706408	0.575277
255	0.178496	0.545921	-0.333045	0.046684	1.522673	0.858635	0.828625	0.993585	1.374879	1.016191	1.099110	0.514618	-0.711971	0.854239	1.489432	0.217689	0.000000	0.691163	1.458829	1.480754
256	0.040112	-0.207168	0.306441	0.407059	-0.243026	0.497121	-0.177566	-0.294664	-0.214876	-0.164000	0.013819	-0.410797	-0.256046	0.000000	-0.265338	-0.000065	0.103137	-0.101040	0.105943	-0.124532
257	1.033384	0.760636	0.667165	1.107514	0.749475	0.000000	0.989547	1.335058	1.702146	1.075070	1.030765	0.938965	1.692014	1.170232	1.711460	0.759020	0.892427	1.504818	0.820143	0.932601
258	1.828159	1.293965	1.903644	2.048521	0.879548	2.044320	1.953295	0.992845	2.315906	0.000000	1.058120	2.036964	1.551355	2.067434	2.399189	2.133280	2.099762	1.547719	1.483051	1.472085
259	0.000000	0.399833	0.924018	0.916727	0.460494	0.496097	0.560869	1.112147	0.942870	1.388775	0.896306	0.756234	1.412777	0.685257	0.772817	-0.079639	0.222126	0.826073	0.510105	0.385995
260	1.162555	0.942640	2.217205	1.839010	0.634692	2.078670	0.749051	0.791359	0.000000	0.818989	0.701393	1.569450	0.390190	0.928150	-0.024236	1.538892	1.645639	0.916598	0.764222	0.484982
261	0.993382	0.131125	0.000000	0.790892	0.425168	-0.154224	0.648556	1.367008	1.392291	1.061444	0.984031	0.362050	1.572840	1.055830	1.484344	0.874470	1.037842	1.380762	0.376113	0.465354
262	0.000000	0.183033	0.186810	-0.021700	-0.027579	0.553819	0.063093	0.023888	1.006339	-0.091213	-0.267395	0.511191	1.648556	-0.282513	1.078974	0.444632	0.362614	0.118650	-0.022507	0.025311
263	2.665609	1.669411	2.522620	2.748297	0.886973	2.872960	2.350216	2.113873	3.032689	2.166276	2.188586	2.603302	2.619102	2.797749	2.884467	2.543481	2.321489	2.171078	0.000000	1.282985
264	0.635639	-0.198706	-0.145059	0.000000	0.153763	0.760872	0.262093	-0.544374	0.470048	-0.343444	-0.010553	0.050526	0.706254	0.381523	0.565131	0.499190	0.511181	-0.361724	0.403614	0.046929
265	1.358661	1.028180	2.929308	2.110560	1.468200	2.406236	2.237702	0.000000	2.345938	0.244896	0.674165	2.617706	3.039547	1.807684	2.380425	2.220613	1.895303	0.222009	1.894095	1.716823
266	0.498916	0.575555	0.857942	0.933608	1.281678	1.075992	0.915094	1.065954	0.687216	0.882557	1.084065	0.935630	0.000000	0.958689	0.900571	0.613221	0.969368	0.966927	1.381222	1.302213
267	1.194637	1.302166	3.148396	2.470737	1.332686	2.143399	1.611988	1.044416	0.490078	1.084511	1.159693	2.219030	0.676786	1.751447	0.000000	1.820224	1.761538	1.181310	1.433304	1.210658
268	0.107026	0.240254	0.049107	0.000000	0.882539	0.471213	0.597367	0.996873	0.981154	1.005121	0.833033	0.655801	1.524320	0.693057	1.176227	0.239377	0.584629	0.811170	0.702734	0.799443
269	-0.237583	0.097142	0.837740	0.374727	0.018647	0.559277	0.078013	0.728487	0.563204	0.335400	-0.177195	0.500513	2.769960	-0.080659	0.554472	0.000000	0.399354	0.561886	-0.039417	-0.003476
270	2.624578	1.742553	3.682114	3.642968	1.168143	3.352137	3.309745	-0.006669	3.613692	0.000000	0.985937	3.637598	3.776585	3.472060	3.556038	3.382772	2.824422	0.727660	2.396440	2.383262
271	0.791747	0.238742	1.351235	0.895180	0.453788	1.737789	0.601369	-0.209677	0.110322	0.232515	0.243717	0.883980	3.040613	0.432435	0.000000	0.648676	0.045826	-0.303266	0.753158	0.574169
272	1.678206	0.815579	3.107263	2.417804	0.953393	2.746654	2.020008	0.908209	1.589385	0.000000	0.626432	2.586313	2.075667	1.953071	1.826702	2.382352	2.120784	1.153829	1.532481	1.280039
273	0.701066	-0.137734	0.727409	0.000000	0.303836	1.203528	0.406355	-0.208718	0.901712	-0.091945	0.099711	0.938545	2.842764	0.419507	1.044018	0.752752	0.361080	0.039209	0.496113	0.255557
274	0.987534	0.197724	1.932411	0.799217	0.532987	1.595329	0.755621	0.235982	0.367313	0.481625	0.368570	1.350299	3.186146	0.540528	0.345572	1.005607	0.599249	0.000000	0.660116	0.506660
275	1.017436	0.250220	2.385382	1.359452	-0.127998	1.738789	0.910996	0.104871	0.000000	-0.754496	0.056944	1.494823	0.888292	0.782939	0.399770	1.361492	1.417593	0.343060	0.618977	0.247806
276	2.369142	1.468654	3.337494	2.767555	1.758801	3.003854	2.701916	0.605233	2.459376	0.000000	1.033506	3.125298	3.203998	2.558557	2.516898	2.845826	2.240514	1.198172	2.145267	2.069536
277	1.185364	1.188277	2.459587	2.339136	1.629312	0.000000	1.871448	2.589753	1.606827	1.897515	1.794734	1.981060	3.359460	1.914281	1.674639	1.499474	2.344640	2.599881	1.809770	1.781242
278	0.456682	-0.059127	0.870361	0.093782	0.537821	0.957546	0.337958	0.155279	0.309098	0.708429	0.431543	0.630211	2.149063	0.000000	0.371781	0.006965	-0.096585	-0.114058	0.812549	0.563821
279	1.962426	1.498127	2.169945	1.903433	1.681770	0.000000	1.875404	2.382957	2.286574	1.926439	1.966216	2.082253	2.561832	2.179568	2.300902	1.905350	1.946871	2.463534	1.884342	1.770212
280	-0.209685	0.000000	0.330385	0.146411	0.091878	0.490491	0.071459	0.716097	0.871553	0.840406	0.522840	0.484452	0.629151	0.528441	0.809791	0.209233	0.261666	0.248074	0.124401	-0.027074
281	1.515926	0.944593	1.967764	1.401778	0.000000	1.900196	1.120121	1.709749	2.383975	1.456027	1.481031	1.730555	2.484781	1.792750	2.201943	1.698511	1.659762	1.570773	0.350811	0.230837
282	2.692454	2.293063	3.453272	3.385206	2.268480	0.000000	2.923408	2.990395	3.215628	2.946564	2.800411	3.254447	3.463494	3.261586	3.393625	3.049926	3.206915	2.831238	2.426600	2.457924
283	1.611385	1.082484	0.647527	0.000000	1.985919	1.958205	1.683039	1.635202	2.485568	1.846516	1.782996	1.652405	2.809159	1.424079	2.607340	1.177655	1.105379	1.361377	1.692720	1.801811
284	1.514870	0.896887	1.892620	1.928352	1.725322	2.249664	2.092815	0.118364	1.694842	0.247829	1.056394	1.974708	2.384169	1.715192	1.902132	1.636764	1.086971	0.000000	1.744232	2.000585
285	3.443403	2.647967	4.597962	4.108774	1.341247	4.206692	2.794864	2.879227	3.814311	3.012376	2.874722	4.130641	4.647231	3.861078	3.438045	3.574377	3.425045	2.733805	0.000000	0.958884
286	0.031820	0.238321	1.572796	-0.024039	0.282545	1.196325	1.033448	0.296059	0.615238	-0.010472	0.000000	1.573647	2.592123	0.293857	0.559587	0.572729	1.275542	0.572485	0.254384	0.275268
287	1.788253	1.911415	3.445125	3.196205	2.058421	0.000000	2.899258	2.229403	2.958412	2.237212	2.325740	3.128891	3.357044	3.066632	3.044058	2.788161	2.858992	1.979836	2.159859	2.288451
288	1.166062	0.181727	1.755355	1.158229	-0.057261	1.877514	0.326759	0.128518	0.561612	0.135312	0.240807	1.006073	3.114626	0.757497	0.514956	0.601891	0.000000	0.261380	0.151230	-0.375069
289	0.431694	0.236219	2.178247	2.350926	0.032683	1.824972	1.312096	-0.340838	2.135662	-0.067553	0.491662	1.974609	2.057801	1.947040	2.042706	1.503086	1.175090	-0.493762	0.000000	0.290891
290	0.821559	-0.033358	1.302209	1.471331	-0.032324	0.552422	0.745345	1.794351	1.439874	1.014284	0.827215	0.000000	2.454678	1.175039	1.322410	0.956399	1.842160	1.685623	0.492239	0.221290
291	1.358704	0.860034	1.082310	1.316697	1.558836	0.000000	1.293416	2.230280	1.436413	1.432182	1.324209	0.748905	2.578375	1.299942	1.616976	1.387820	1.918358	2.371345	1.896798	1.714136
292	0.353066	-0.060198	1.433780	1.069237	0.268590	0.917766	0.153276	-0.246965	-0.582026	0.309538	0.123950	0.566193	1.386802	0.259376	-0.375672	0.266054	0.000000	-0.463763	0.537133	0.279306
293	0.359961	-0.276271	1.087522	0.465851	-0.487579	1.630285	0.365999	-0.760585	0.584301	-0.255050	-0.443860	1.158264	2.497668	0.269249	0.506385	0.787080	0.000000	-0.687090	-0.427777	-0.524102
294	1.107000	0.586293	2.114157	1.301446	0.963288	1.870172	0.997277	0.076160	0.167738	0.158381	0.361402	1.260943	0.514073	0.707472	0.000000	1.169592	0.637504	0.130273	1.051504	0.880234
295	2.500948	1.537828	4.246886	3.914667	2.763505	3.686413	3.850287	1.450620	3.938415	1.925071	2.398779	3.860721	4.110662	3.807626	3.720526	3.755071	3.170343	0.000000	3.118429	2.998317
296	0.000000	0.308294	3.126698	2.869959	1.291248	1.898276	2.313494	1.028895	2.398033	1.023223	1.133094	2.329882	3.364091	2.273974	2.226977	1.392567	1.382919	0.553797	1.808407	1.557223
297	2.158956	1.751501	4.120533	3.993086	1.952715	3.395080	3.815390	0.000000	3.706722	1.063360	1.766035	3.962488	3.801157	3.792531	3.633396	3.582539	2.994300	0.583565	2.831055	2.899019
298	1.412844	0.620001	3.512228	2.791028	0.215430	2.660474	1.620540	0.190976	0.000000	-0.046522	0.409414	2.350384	2.950460	1.655340	0.571563	1.780414	1.478325	0.555542	0.517925	0.482996
299	0.293795	0.143312	2.613315	1.533390	0.641573	1.074203	1.128154	-0.445299	0.305852	0.078002	-0.161206	1.776225	2.850241	0.585094	-0.059598	0.808423	0.000000	-0.885950	0.531561	0.428288
300	2.185585	1.406223	3.420217	3.113929	0.116785	2.781229	2.240470	0.787209	2.754146	0.000000	0.625484	2.791174	3.334901	2.579504	2.747010	2.562011	2.375231	1.478451	1.131012	1.067139
301	0.646735	0.275622	1.440421	1.324803	0.181400	1.558029	0.442783	0.350339	0.000000	-0.071468	0.252397	0.586922	2.634775	0.776017	0.053536	1.033158	1.048033	0.625616	0.532145	0.105705
302	0.612082	0.873633	1.237169	1.123362	1.169205	1.099298	1.180428	0.793047	0.762239	0.761813	0.983286	1.186117	0.000000	1.155618	1.101091	0.738024	0.896034	0.599943	1.314339	1.263980
303	1.533817	1.100108	1.401530	1.796063	1.436312	0.000000	1.157355	2.367584	1.501088	1.797551	1.644956	1.080548	2.804410	1.501182	1.689497	1.512639	1.700821	2.283524	1.654170	1.606518
304	0.126249	0.161753	1.443642	1.028425	0.823429	1.346074	1.273575	0.198222	1.292639	0.299705	0.371949	0.971561	1.576165	0.844733	1.440542	0.356797	0.000000	-0.164483	1.190497	1.092837
305	0.088450	-0.338777	1.348753	1.279312	0.641600	0.981411	1.040028	-0.342504	1.087569	0.409345	0.000000	0.942917	1.051910	0.859580	1.023277	0.443593	-0.212706	-0.931184	1.067380	0.889506
306	0.611281	0.707607	0.620192	1.072662	1.230424	0.899614	0.700712	1.091234	0.419294	0.734035	0.969660	0.632318	0.686919	0.830322	0.499250	0.000000	0.302454	0.985174	1.295099	1.324939
307	0.180352	-0.104238	1.624735	0.845600	0.092995	0.877856	0.284522	-0.495195	-0.885276	-0.358638	-0.393325	0.645077	0.000000	0.047185	-1.144880	0.328344	-0.100573	-0.578180	-0.085202	-0.024201
308	0.134639	0.138387	0.223042	0.000000	0.290695	0.588202	0.252048	0.225967	0.046390	0.171875	0.207657	0.513435	1.318593	0.116868	0.252299	0.445056	0.354754	0.141603	0.290488	0.239292
309	0.000000	0.256936	0.825928	0.754204	0.684435	1.115313	0.666967	0.253790	-0.169737	0.084575	0.288500	0.691986	1.875078	0.404367	-0.136834	0.602947	0.542588	0.171519	0.783295	0.799040
310	2.583314	1.998911	3.797391	3.749951	0.000000	3.337927	3.248485	1.817368	3.571111	1.127993	1.467700	3.766334	4.302908	3.557041	3.456853	3.491462	3.304058	2.280062	1.682190	1.848047
311	1.075921	0.621010	2.332516	1.849605	0.821890	1.896169	1.161964	0.401490	0.496644	0.000000	0.264951	1.528891	3.358155	1.046789	0.254176	1.340653	1.136425	0.692726	0.942191	0.904103
312	-0.238333	-0.100267	0.864239	0.304465	0.241154	0.651753	0.238712	-0.060527	-0.325467	-0.103112	-0.112713	0.457436	2.906756	0.000000	-0.487917	0.274028	0.272684	-0.041453	0.288497	0.260936
313	-0.428669	-0.192260	1.103371	0.000000	-0.832982	0.645293	-0.275731	-0.621117	0.322849	-1.037355	-0.749121	0.680137	1.837950	-0.059934	0.349895	0.368742	0.214826	-0.340832	-1.024493	-0.887914
314	0.000000	0.221574	2.648376	2.271330	0.816598	1.679583	2.143842	0.156050	2.268426	-0.190642	0.102235	2.350971	2.864861	1.894136	2.301092	1.256970	1.033608	0.085413	1.148102	1.204907
315	0.009798	-0.046611	0.846772	0.334628	0.040975	0.745138	0.106562	-0.067301	-0.100220	-0.166163	-0.196191	0.320918	2.639592	0.000000	-0.304230	0.383637	0.473059	0.193160	0.090857	0.009910
316	0.650659	0.517142	1.374027	0.901418	0.794736	1.367599	0.896020	-0.062658	0.439391	0.143461	0.338149	1.016914	2.586347	0.671889	0.407238	1.049601	0.875588	0.000000	0.909802	0.968008
317	1.040700	1.109549	2.283579	1.758825	1.013581	1.970624	1.715837	0.381135	0.961491	0.161844	0.000000	1.809199	2.562504	1.068740	0.868634	1.347502	1.391560	0.962142	1.023349	1.301850
318	0.395771	0.818469	2.362187	1.719189	0.581435	1.386463	0.600401	0.655462	0.000000	0.669300	0.603263	1.260722	3.003164	0.866830	-0.231255	0.816539	1.218581	0.725086	0.425540	0.252371
319	0.167751	0.353705	1.038870	0.669802	0.850070	0.365310	0.481641	0.561482	0.000000	0.298527	0.188670	0.458955	2.518987	0.104492	0.062991	0.284644	0.339746	0.559229	0.952932	0.820726
320	1.735108	1.228303	3.338362	3.279258	1.520926	2.711045	2.878972	1.200298	3.211866	0.000000	0.852162	3.057538	3.267498	2.931234	3.277726	2.867869	2.541934	1.404855	2.520265	2.249891
321	1.726699	1.258881	1.924832	2.199859	1.306208	2.094012	0.965458	1.353082	0.563852	1.506646	1.386466	1.066916	2.970881	1.280176	0.000000	1.387226	1.369374	1.507507	1.030226	1.069051
322	1.616043	1.301342	1.815298	2.375199	1.456526	1.531156	0.000000	2.470214	2.139283	1.980406	2.097028	1.451194	2.925604	2.058339	2.131773	1.328776	2.173742	2.420112	1.617205	1.286828
323	-0.196863	-0.111896	0.113705	0.000000	0.221025	0.427090	0.085127	0.119651	0.078761	0.226670	0.207785	0.282047	-1.044935	0.158381	0.268845	-0.153246	0.092510	0.090256	0.151753	0.157280
324	-0.431419	-0.840212	1.493464	0.959618	-1.527536	0.413756	-1.159789	0.110629	0.000000	-0.427454	-0.456841	-1.029871	1.364704	-0.000965	-0.362397	-0.169467	0.178495	-0.070232	-1.109037	-1.792048
325	2.473281	1.586275	3.528034	3.367880	1.658155	3.143857	3.120167	0.022651	3.256029	0.000000	1.013108	3.334397	3.405183	3.095053	3.256258	2.990530	2.427161	0.620851	2.620264	2.649297
326	2.185312	1.288843	2.931412	2.642701	2.051136	3.137290	2.919109	0.064286	2.433911	0.088286	0.916227	2.879061	2.895656	2.279909	2.401098	2.681702	1.728259	0.000000	2.453671	2.610567
327	0.310115	0.823258	1.093597	0.623356	1.107604	1.269105	0.810535	0.343630	0.222447	0.478167	0.459853	0.727077	1.143058	0.000000	-0.041803	0.673545	0.255144	0.330845	1.325451	1.187463
328	2.814818	1.470154	3.271264	3.067150	1.173547	3.330812	2.650660	0.407828	2.773843	0.000000	1.026379	3.065399	2.560699	2.775080	2.877666	3.089930	2.238602	0.732009	1.820648	1.936710
329	2.517788	1.720815	3.606484	3.319130	0.327332	3.651285	1.716363	1.323341	2.206091	0.404899	1.173949	2.927616	3.120001	2.629904	2.076391	2.976492	2.872706	2.034334	0.964448	0.000000
330	0.000000	0.977900	2.653171	2.717917	1.732594	0.898849	2.494167	2.008786	2.597507	1.866570	1.834228	2.396209	2.728621	2.464138	2.581934	1.357922	1.717103	1.680151	2.079876	1.981954
331	2.330583	1.458401	3.709446	3.271035	0.986935	3.283690	2.531758	-0.045987	3.059091	0.881111	1.157238	3.417487	3.396033	2.849161	2.984286	2.809087	1.932681	0.000000	0.930034	1.080113
332	2.100459	1.186664	2.950105	3.201792	1.688864	2.537311	1.538775	0.743430	2.420552	1.738531	2.087494	2.117052	2.639055	2.535301	2.399672	2.166323	1.675401	0.000000	2.471588	1.725883
333	0.078238	0.040055	1.815602	1.511557	-0.453328	0.757205	0.626593	-0.285096	0.466954	-0.282113	-0.212074	0.969965	0.671276	0.828445	0.507540	0.000000	-0.072368	-0.259256	-0.916362	-0.589345
334	0.273437	0.681528	0.439418	0.000000	1.308767	0.701522	0.700623	1.017642	0.383710	0.942391	0.675659	0.785047	1.814001	0.209351	0.615555	0.213517	0.382297	0.819160	1.377177	1.259432
335	0.563036	0.740943	0.294524	0.000000	0.741578	1.083541	0.867582	0.806541	1.183682	0.922769	0.789434	0.752576	0.657550	0.690036	1.367531	0.356947	0.561301	0.478767	0.664266	0.505072
336	2.320572	1.755561	2.815084	2.735653	1.951908	2.534539	2.216422	2.248189	2.660894	2.241767	2.204046	2.306297	0.000000	2.562668	2.703793	2.449674	2.596821	2.295875	2.165968	2.131605
337	1.293960	1.114531	2.730559	2.421763	0.918408	1.705744	1.385409	0.000000	1.187670	0.505986	0.014744	1.869617	1.793051	0.897823	1.340744	1.697180	1.536868	0.648832	1.300947	1.244674
338	0.565264	0.230730	2.371243	2.019863	0.054883	1.791041	1.101718	-0.027162	1.232210	-0.618684	-0.736832	1.985957	3.011414	0.896177	1.503759	1.547296	1.721038	0.267516	0.224171	0.000000
339	2.501267	1.735716	4.028831	3.430710	1.890043	3.498094	3.164366	0.000000	2.376175	0.671590	0.945210	3.530766	3.668805	2.676013	2.721079	2.999901	2.720424	0.903517	2.122570	2.289024
340	2.183798	1.807645	3.515917	3.522373	2.338481	2.933198	3.407308	-0.258634	3.087451	0.871997	1.769836	3.474464	3.241955	3.329384	3.040223	3.350310	2.783796	0.000000	2.917692	2.992508
341	0.562971	-0.108935	2.158594	0.694817	0.170364	1.318108	0.882264	0.187611	0.685990	0.184583	-0.316236	1.368067	2.747923	0.167252	0.796345	0.664241	0.000000	-0.154983	0.537390	0.249055
342	1.539916	1.426164	1.228734	0.000000	2.578078	1.998873	2.116388	1.807222	2.333904	1.879552	1.600278	2.259068	2.509277	1.018577	2.408134	1.667788	1.493969	1.593658	2.384528	2.507221
343	2.217560	1.324386	2.718986	2.731129	0.374621	2.907255	1.904706	1.104975	2.797212	0.638776	1.231058	2.675722	2.398191	2.721089	2.684158	2.515844	2.369180	1.557314	0.835749	0.000000
344	1.148870	0.663206	2.368991	1.995396	0.482386	2.105162	1.188136	0.376684	2.128432	-0.031890	0.000000	1.829614	1.995415	1.649498	2.066523	1.688306	1.766993	0.853158	1.277670	0.731310
345	-0.110657	0.007166	-0.045810	-0.687150	0.808199	0.110230	0.297160	0.462550	0.544648	0.475513	0.387366	0.385684	-0.642283	0.101315	0.698082	0.000000	0.197997	0.223493	0.742462	0.698721
346	-0.024305	-0.574315	1.003335	0.586679	-0.491388	-0.032826	-0.322076	0.581972	0.000000	-0.472047	-0.367936	-0.208674	1.621374	-0.015029	0.035250	0.180694	0.545375	0.627113	-0.303589	-0.418366
347	1.836145	1.658146	2.019054	2.155262	1.919914	0.000000	1.970657	2.820472	2.259818	2.211156	2.053597	1.962057	2.483543	2.113782	2.255387	1.870187	2.306106	2.923095	1.964135	2.082846
348	0.555048	0.644223	1.099632	1.068128	1.644738	0.763649	1.244870	1.319301	0.983529	1.262435	1.133479	0.668996	0.813390	0.732756	0.690724	0.000000	0.084477	0.956637	1.753629	1.819797
349	2.747597	1.951058	4.384531	4.316589	1.840406	3.791367	4.127452	1.590043	4.072400	0.000000	1.500583	4.358809	4.038233	4.138058	4.094508	4.120556	3.623401	1.827787	2.953535	2.990664
350	1.197870	0.506890	1.471200	1.256434	0.518595	1.521414	0.629364	0.503604	0.641006	0.000000	0.629310	1.236902	2.457403	0.823121	0.494444	1.147686	1.285996	1.089242	0.619807	0.450841
351	0.305493	0.097498	0.000000	0.267394	0.746643	0.555752	0.483819	0.736430	0.413058	0.569733	0.575073	0.280545	2.282851	0.379181	0.534877	0.480430	0.568882	0.702966	0.645431	0.691531
352	3.010509	1.958351	3.855723	3.671908	0.000000	3.674379	2.736592	2.046550	3.613477	1.320293	1.861861	3.686164	3.957029	3.558143	3.439004	3.660436	3.113105	2.184684	1.169762	0.657601
353	2.815126	1.900370	3.701521	3.464319	2.108243	3.375266	3.381970	1.419112	3.103919	0.000000	1.438936	3.481733	3.541591	3.225021	3.105737	3.260090	2.999889	1.830115	2.576805	2.734595
354	0.280905	0.735589	1.686183	0.881021	0.766773	0.850475	0.613462	0.571821	0.000000	0.517248	0.320539	0.877400	2.692068	0.263105	-0.056726	0.588375	0.889358	0.748068	1.014605	0.796489
355	0.558742	0.720889	0.363695	0.737163	1.719456	0.000000	1.143321	1.829400	1.203159	1.578196	1.309863	0.530354	2.370535	1.011253	1.254545	0.013325	1.007237	1.768209	1.582165	1.783884
356	0.282525	0.205582	0.349154	0.000000	0.646703	0.828055	0.481287	0.535928	0.401202	0.594477	0.660251	0.627343	0.255245	0.402743	0.542516	0.558300	0.602328	0.457746	0.580179	0.639313
357	-0.492040	-0.408505	-0.476936	-0.808908	-0.061250	-0.006675	-0.165532	0.292332	-0.137445	0.015878	-0.144637	-0.036116	0.241665	-0.460884	0.054452	-0.088927	0.000000	0.257260	-0.114163	-0.009595
358	2.432234	1.634501	2.731755	2.772985	1.482182	0.000000	2.329451	2.142995	2.618018	2.021110	2.078608	2.520512	2.634378	2.560446	2.717577	2.550296	2.475697	2.275414	1.575380	1.785326
359	0.186578	0.364008	0.691991	0.503802	0.595753	0.387724	0.513452	0.455647	0.000000	0.218960	0.295207	0.446071	1.775435	0.314630	0.287628	0.463101	0.628239	0.541456	0.710130	0.586307
360	0.135779	-0.023135	0.202518	0.072140	0.124139	0.093741	0.089545	0.364634	-0.044155	0.231471	0.126256	0.152641	1.581174	0.005333	0.058026	0.130741	0.095553	0.348854	0.257397	0.000000
361	1.743364	1.218467	3.278074	2.692491	1.473181	2.874712	2.519770	0.783720	2.574440	0.000000	0.666213	2.851337	2.997464	2.173230	2.850478	2.562268	2.251184	1.101239	2.244945	1.974352
362	0.049845	-0.010009	0.096201	0.073897	0.240765	-0.222158	0.157536	0.157427	-0.089882	-0.054387	-0.070341	0.022073	0.847067	-0.232909	0.000000	-0.058644	-0.268246	0.041681	0.544793	0.459982
363	1.995109	1.019664	2.199228	2.015511	0.508139	2.572537	1.639391	0.616060	2.236951	0.000000	0.770923	2.348408	2.210185	1.909746	2.267408	2.323435	1.553415	1.021680	0.781632	1.055070
364	0.119984	0.142013	0.246245	0.132895	0.160177	0.148147	-0.000212	0.373258	-0.087807	0.348673	0.293773	0.356983	0.000000	0.016707	0.007746	0.076122	0.219293	0.394953	0.003832	0.159183
365	0.456205	0.423967	0.089330	-0.091043	0.788452	1.367111	0.597987	0.537420	1.244451	0.577394	0.404819	1.049229	2.445273	0.000000	1.412883	0.805663	0.377150	0.540722	0.642614	0.830417
366	1.923302	1.220978	3.162622	2.508292	1.463570	3.136138	2.410679	0.104875	1.557536	0.000000	0.708392	2.827517	3.426576	1.911327	1.519944	2.572728	2.024674	0.644752	1.626518	1.798674
367	1.855497	1.027614	3.349675	3.270436	1.389621	2.899370	2.718897	0.087439	2.586162	0.497875	0.811338	2.804922	3.523132	2.619798	2.569422	2.614358	1.890332	0.000000	1.568897	1.823097
368	0.559318	0.474560	0.000000	0.285659	0.301413	1.127074	0.459883	0.610182	1.015980	0.443890	0.480587	0.512549	2.792189	0.577694	0.813947	0.710925	0.790272	0.920529	-0.232907	-0.020965
369	1.898635	1.559738	3.765967	3.867542	1.127878	2.974542	2.872282	0.091989	3.279872	0.580759	0.000000	3.275707	3.656091	3.137979	3.344412	2.941287	2.717381	1.273845	1.825627	1.968405
370	0.000000	1.265127	3.688199	3.450291	1.620825	1.927544	2.922546	1.645181	3.120071	1.156184	1.439630	3.162142	3.773075	3.042723	3.066851	2.218223	2.748020	1.690649	1.800021	1.813076
371	0.000000	0.455058	1.824679	1.154281	-0.135882	1.030017	0.503550	0.133859	1.046258	0.168441	0.279739	0.882923	2.736221	0.724510	0.817753	0.187668	0.491323	0.186619	-0.263599	-0.424597
372	0.834805	1.113648	0.000792	0.542457	1.669137	1.062323	1.179193	1.420685	1.381229	0.997817	0.677088	0.875816	2.470762	0.000000	1.515522	0.898696	1.075808	1.730362	1.488112	1.758260
373	1.814031	1.859031	3.301148	3.283269	2.199298	2.867837	3.170153	0.000000	3.189932	1.451058	1.808647	3.238674	3.511015	3.194359	3.047050	2.904667	2.442728	0.665498	2.429303	2.731240
374	0.000000	1.231209	3.124620	2.972597	2.681053	2.071623	2.939318	1.452792	2.744233	1.410792	1.766675	2.829174	3.025067	2.712728	2.708528	1.432270	1.451604	1.209684	2.938781	2.969025
375	-0.105472	0.951261	0.513113	0.447652	1.548858	0.806224	0.880365	1.235596	0.466392	1.094376	0.620610	1.051479	3.386951	0.320175	0.329660	0.000000	0.464898	1.346667	1.468629	1.520300
376	0.487009	1.685800	2.343267	2.392314	1.935973	0.000000	2.289687	1.740480	2.068529	1.611389	1.833283	2.225693	2.538079	2.233390	2.279125	1.695645	2.092108	1.864505	2.066741	2.232949
377	2.115637	0.785810	3.312436	3.167124	1.432023	3.049127	3.099775	1.446203	3.293089	-0.053719	0.000000	3.036187	3.291582	3.074785	3.339973	3.116984	2.956058	1.580859	2.404808	2.285563
378	0.000000	1.251465	2.073496	1.741002	1.418856	1.398864	1.369359	1.062497	1.053402	0.953186	0.922934	1.402918	3.488899	1.162829	1.049107	0.706823	1.324925	1.129736	1.339219	1.344036
379	1.750681	1.575774	2.500342	2.408865	0.319812	2.770920	1.404514	2.074452	2.397611	1.867046	1.768965	2.402119	3.434280	2.301473	2.247978	2.449477	2.451777	2.061258	0.750901	0.000000
380	1.235698	0.488316	2.667269	2.376656	0.143511	2.268048	2.166623	-0.852184	2.204752	-1.279943	-0.689377	2.511522	2.234715	2.065410	2.265673	2.244795	1.946766	0.000000	1.195847	1.264150
381	0.588490	1.510534	1.731204	0.000000	2.003389	1.611233	1.786337	1.810536	2.130676	2.002489	1.286218	2.168445	3.481440	0.674868	2.182289	1.134309	1.713136	1.490738	1.878609	1.985454
382	0.619250	0.994762	1.727938	1.378291	1.131832	1.150615	0.994011	1.240327	0.210543	1.005008	0.761134	1.139177	3.482711	0.704144	0.000000	0.576133	1.085395	1.344332	1.311767	1.241731
383	0.683231	0.311939	2.979590	1.037610	1.500365	1.838741	1.055468	1.190476	0.587776	0.698953	0.000000	1.279176	3.230429	0.312300	0.768045	1.150491	1.327761	0.871029	1.643641	1.452456
384	0.662329	0.158596	0.672489	0.942055	0.726183	-0.481084	0.363623	1.505949	0.242256	0.874320	0.604387	0.000000	2.357937	0.417583	0.464480	0.701292	1.434525	1.451914	1.214227	0.988587
385	0.749102	0.267563	2.637774	1.043812	0.087851	1.809682	0.885385	0.298588	1.146458	-0.124230	-0.075906	1.669700	2.500386	0.737577	0.943414	1.441592	1.431213	0.417409	0.422994	0.000000
386	1.813222	0.977995	2.733581	2.339854	1.499372	2.713851	2.235911	0.159431	2.261971	0.956809	1.233758	2.464242	2.527185	2.165944	2.297125	2.070246	1.418322	0.000000	1.953376	1.787625
387	1.644322	1.282535	2.034877	2.342243	1.503360	1.661527	0.000000	1.886163	2.189962	1.507084	1.858414	1.508057	2.276067	1.825572	2.127560	1.800497	1.949076	1.853374	1.522129	1.380694
388	0.105081	-0.033409	0.944166	0.451369	-0.318674	0.090679	0.209826	0.226475	0.434030	-0.321955	-0.521371	0.841376	1.649022	-0.007389	0.000000	0.602714	0.422488	0.397745	-0.031875	-0.245928
389	1.313388	0.773984	0.000000	1.215906	1.231844	1.358657	1.532338	1.398548	1.883224	1.491221	1.328525	1.073569	2.266334	1.550480	1.892336	1.422197	1.491497	1.396409	1.347102	1.403454
390	3.149537	1.959973	3.912927	3.658028	1.674291	3.799722	3.527990	1.186374	3.502991	0.000000	1.398231	3.731903	3.123283	3.587354	3.517354	3.644781	2.798599	1.552253	2.818424	2.862314
391	0.375657	0.681010	2.351990	1.602714	1.122264	1.011531	0.505854	1.273740	-0.356356	0.939447	0.624962	1.316606	2.211710	0.414111	0.000000	0.636871	0.970191	1.101027	1.194712	1.012897
392	0.000000	0.868783	1.707392	2.147722	2.159649	0.619572	2.175516	1.367192	2.167629	1.114452	1.486374	1.938370	0.583726	2.021908	2.321847	0.581386	1.117552	1.269640	2.118594	2.339840
393	0.000000	0.202604	-0.331641	-0.699848	0.628894	-0.568357	0.172222	0.915796	0.666084	0.872065	0.449969	0.234985	0.249145	-0.118087	0.635268	0.052857	0.296065	0.787519	0.574334	0.657138
394	1.225210	0.745327	1.843049	1.725971	1.301796	1.807222	1.244131	0.768931	1.438354	0.966520	1.149729	0.000000	2.054401	1.378309	1.147043	1.228832	1.483698	0.921522	1.370784	1.572999
395	2.702063	2.084720	3.625881	3.669254	2.558865	3.272489	3.471127	0.000000	3.388489	1.358554	2.062919	3.394922	3.391626	3.504179	3.349782	3.268317	2.481340	0.354122	3.303301	3.241968
396	2.512906	1.233716	3.424199	2.792495	1.108141	2.861112	2.347706	1.246225	2.200274	0.000000	0.912999	2.841084	3.437458	2.318254	2.252502	2.789448	2.570864	1.521238	1.571557	1.342982
397	3.005281	1.839556	3.817744	3.860779	3.070189	3.582844	3.876122	0.116136	3.544247	1.180338	1.923706	3.765408	3.550251	3.544650	3.643255	3.590242	2.823302	0.000000	3.639203	3.741715
398	1.470039	1.525065	0.753363	1.449151	1.846427	0.000000	1.577536	2.585031	2.060555	2.056123	1.716585	1.555110	3.473945	1.748339	2.127474	1.469736	1.840496	2.639111	1.838593	1.810776
399	0.876598	0.914222	0.245342	0.000000	1.322775	1.209746	1.020192	1.545455	1.241527	1.423993	1.221213	0.832838	1.281209	0.836708	1.404557	0.979098	1.266837	1.452515	1.258697	1.316996
400	1.260924	0.822803	0.773441	1.264257	1.129157	0.463718	0.873497	1.667176	1.056117	0.859582	0.957424	0.000000	2.145993	0.909429	1.044496	1.117571	1.545334	1.965206	1.322873	1.125722
401	1.632346	0.378355	1.316144	1.819044	0.162002	1.000479	0.996615	1.173374	1.969230	0.000000	0.245239	0.825912	2.614988	1.311353	1.985426	1.538117	1.684310	1.662873	0.340914	0.375552
402	0.800401	0.593807	0.027507	0.096295	1.183039	1.258284	0.859547	-0.101502	1.120580	-0.132359	0.394056	0.746529	2.280711	0.582716	1.311678	0.648202	0.417639	0.000000	0.938579	1.107155
403	0.808572	0.000000	3.566237	3.517688	1.643706	2.483823	3.253349	0.407582	2.948167	0.382350	0.903636	3.121517	2.026008	3.009330	3.092509	1.854644	0.877352	-0.293329	2.577273	2.587916
404	1.779971	1.450260	3.701800	2.736033	1.971082	2.915910	1.908917	0.954834	0.000000	1.184877	1.181241	2.457860	3.191903	1.342478	0.202796	1.976146	1.752623	0.734314	2.055425	1.824028
405	2.092074	1.503262	2.951146	2.831887	1.526432	2.647770	2.681746	-0.866304	2.631799	-0.007121	0.788851	3.050796	2.740401	2.610085	2.737055	2.989527	2.490008	0.000000	1.746345	2.077132
406	0.000000	0.977044	1.583186	1.748699	1.864044	0.947029	1.907926	1.060791	1.935959	1.489517	1.201662	1.708325	2.194699	1.469602	1.863079	0.358563	0.412396	0.983518	1.989873	1.917841
407	0.867016	0.385551	0.000000	1.183654	1.106943	0.885594	1.223184	0.945423	1.391351	1.186351	1.013546	0.904338	1.754040	1.169521	1.669081	0.870923	0.972080	0.800386	0.943502	1.325686
408	1.778000	1.281650	2.701200	2.578720	0.000000	2.174250	1.724498	0.755204	2.411907	0.719269	0.990530	2.346490	2.333208	2.331801	2.407681	2.165529	1.698356	1.243156	0.793424	0.672089
409	1.130397	1.255747	2.097034	2.008380	1.107266	0.000000	1.252004	2.073399	2.006361	1.205290	1.088727	1.606198	2.465261	1.596631	1.926445	1.583808	2.131588	2.343508	1.535812	1.354476
410	1.649768	1.149369	2.643569	1.709617	0.860455	1.941927	2.053033	0.234522	2.097308	0.000000	0.464792	2.389786	2.439739	1.548265	2.214316	1.846760	1.446396	0.807646	1.182829	1.506329
411	0.000000	0.284095	0.917584	0.721847	0.236423	0.016886	0.680086	0.728006	1.349967	0.267953	0.303426	0.882507	0.137809	0.699884	1.479790	0.499690	0.646992	0.725129	0.144728	0.521818
412	-0.423135	-0.177610	0.353514	0.177268	-0.230506	-0.278677	0.047677	-0.057431	0.001896	-0.166377	-0.177255	0.257319	1.585157	0.061364	0.000000	-0.203266	0.126023	0.138288	-0.149910	-0.105871
413	1.207301	0.490057	2.224444	1.834712	0.784355	1.549522	1.528697	0.845693	1.601092	0.000000	0.494063	1.588970	2.232729	1.384718	1.658616	1.643649	1.491978	0.869358	1.030131	0.939080
414	1.858078	1.008705	2.529248	2.598423	0.582569	2.384918	2.019669	0.000000	2.134952	0.536284	1.081810	1.995441	2.643251	2.185442	2.122561	2.067633	1.803749	0.430610	1.353599	1.272313
415	-0.255945	-0.389212	0.251990	0.000000	0.163815	0.043806	-0.066268	-0.159476	-0.484673	-0.233933	-0.299366	-0.326989	0.796749	-0.365530	-0.379527	-0.381159	-0.474477	-0.401914	0.285865	0.067051
416	0.752551	0.419982	0.000000	0.750534	0.699968	1.116691	0.561009	1.097385	1.414146	0.967804	1.038169	0.588677	1.886063	0.977565	1.516701	0.524118	0.982226	1.104962	0.651963	0.628938
417	-0.326103	-0.379702	0.017534	-0.298402	-0.300466	0.133019	-0.156768	-0.505055	-0.389502	-0.300292	-0.234917	0.000000	-0.816327	-0.179138	-0.202333	-0.162183	-0.134302	-0.543199	-0.291067	-0.315513
418	0.400118	0.342759	0.227025	0.000000	1.060241	0.449533	0.711589	1.175089	0.839908	0.722076	0.543116	0.241220	1.917486	0.212366	0.921643	0.281500	0.476150	1.101860	0.995615	0.982139
419	0.613973	0.458767	2.011051	1.643613	0.443200	1.455724	1.036614	1.029590	1.730919	1.045805	0.710240	1.138343	2.219158	1.270209	1.716726	0.809391	0.968577	0.909673	0.083196	0.000000
420	0.213816	-0.106645	-0.512202	-0.051328	0.466498	0.697583	-0.074642	-0.009922	0.177460	-0.036694	0.154349	-0.131727	1.328298	0.095214	0.342043	-0.114211	0.000000	0.045932	0.334263	0.367928
421	0.000000	0.618790	1.810783	1.641960	0.539682	0.946279	0.954513	0.819622	1.539604	1.051149	1.091137	1.405754	-0.042678	1.532519	1.563398	0.561173	0.888467	0.648806	0.399291	0.403006
422	-0.260508	-0.485915	-0.081769	-0.122088	-0.298043	-0.231818	-0.167230	-0.280763	-0.104002	-0.569353	-0.545310	0.033064	1.095882	-0.347749	0.000000	-0.227394	-0.212600	-0.136083	-0.385717	-0.228746
423	0.156313	-0.539693	0.376942	0.181609	0.034478	0.276083	-0.011190	-0.229134	0.099591	0.058308	0.061812	-0.038681	1.539171	0.000000	0.097059	-0.021646	-0.237589	-0.435584	0.230254	-0.007827
424	0.478348	0.255315	1.059987	1.188990	1.334815	0.000000	1.205122	0.780254	1.113062	0.917995	1.024991	0.912465	1.211509	1.082983	1.257622	0.046268	0.590560	0.765253	1.241922	1.455903
425	0.000000	0.011389	0.293727	0.148632	0.561241	0.239208	0.297540	0.178683	0.177653	0.357773	0.331123	0.371287	0.057330	0.254187	0.319441	0.089311	0.267146	0.103382	0.514183	0.504641
426	-0.005398	-0.223382	1.005034	0.627519	-0.306015	0.498825	-0.144206	-0.109719	0.000000	-0.130829	0.086346	0.141933	1.266433	0.148646	0.087425	0.254282	-0.026101	-0.145314	-0.348531	-0.411279
427	2.478010	1.614530	3.382814	3.124977	0.000000	3.228596	1.641814	1.639494	2.681746	1.823628	2.011024	2.779523	2.657923	2.936352	2.413217	2.778308	2.431175	1.523486	0.130201	0.151058
428	0.971132	0.686756	0.802567	0.987940	1.086239	1.251128	1.067583	1.038831	1.478573	1.019767	1.120292	1.015860	0.000000	1.107668	1.454361	1.064251	1.180892	1.195650	1.109103	1.045404
429	1.638784	1.059393	2.994795	2.395982	0.449681	2.596522	1.669485	0.000000	2.056949	0.585089	0.915037	2.330558	2.681067	2.081270	1.665854	1.942035	1.430846	0.574831	-0.046695	0.103326
430	0.578097	0.411814	2.113840	0.559231	0.220400	1.827565	0.424882	0.147454	0.000000	0.207607	0.285183	1.095430	1.641107	0.413699	-0.193573	1.180601	0.926606	0.379281	0.438332	0.045875
431	2.263030	1.395936	2.930114	2.178022	0.865653	2.766062	1.478245	1.325565	2.350160	1.834194	1.825350	2.328815	2.813774	2.240714	1.886057	2.235612	1.765203	1.270076	0.000000	0.337486
432	0.095346	0.233534	2.393373	1.935485	1.056720	1.853122	1.570736	0.073249	1.219999	-0.034280	0.063919	1.442826	2.499434	0.763438	1.296513	0.585887	0.000000	-0.121978	1.475335	1.296814
433	0.000000	0.899017	-0.157575	0.429228	1.814931	1.709890	1.667371	1.611389	2.189634	1.801472	1.614861	1.795472	0.690493	1.868020	2.133268	0.693451	1.431820	1.519024	1.851893	1.509916
434	1.797833	1.241577	2.586993	2.231545	1.198582	2.552819	2.113675	0.838106	2.294461	0.876854	1.495142	2.468278	0.000000	2.451643	2.303223	2.075932	1.754573	0.983839	1.143922	1.172266
435	1.182548	0.950547	0.261108	0.000000	1.560829	1.266275	0.943507	1.595727	2.258394	1.578041	1.680590	1.365263	1.257668	1.403651	2.295642	1.422706	1.563146	1.387981	0.638290	1.245009
436	0.000000	1.103699	1.126024	1.440778	2.661220	1.755955	2.248758	1.979461	2.628776	2.454521	2.104822	1.984505	2.217692	2.003821	2.594863	0.979277	1.221483	1.121572	2.535723	2.501736
437	0.000000	0.490132	2.431382	2.209371	1.394193	1.747488	1.769080	0.232111	1.639440	0.364896	0.695843	0.973244	2.963399	1.556204	1.212527	0.787316	0.780823	0.240655	1.322479	1.339311
438	0.641444	0.327812	1.752919	1.157090	0.819140	1.603850	0.671070	0.299730	-0.149600	0.000000	0.290589	0.587233	3.164926	0.603772	-0.581469	0.885218	0.638677	0.449345	0.886296	0.727353
439	1.027268	0.093767	0.998961	0.626313	0.296840	1.288804	0.427857	1.177914	0.791391	0.744688	0.652586	0.599179	2.849236	0.658682	0.745064	0.732390	0.592314	1.080646	0.429317	0.000000
440	1.355241	0.311963	0.647795	1.042363	1.082712	0.000000	1.010269	2.188148	1.662289	1.619439	1.221351	0.621690	2.620328	1.282831	1.681615	1.239824	1.905528	2.357269	1.079823	1.007869
441	0.502772	-0.025236	0.678172	0.565672	0.536502	1.300231	0.415355	0.056715	0.126450	0.158380	0.257736	0.356161	2.534344	0.399312	0.000000	0.697286	0.738721	0.316987	0.587581	0.495510
442	1.662505	0.923455	1.818604	1.665338	0.000000	2.037252	0.948600	1.363750	2.173858	1.406067	1.358257	1.740789	2.352190	1.859501	1.955720	1.833252	1.812504	1.426538	-0.108674	0.027155
443	1.628326	0.912376	0.084938	1.121258	2.356846	1.235746	1.688623	2.299773	2.125850	2.139488	1.901931	0.571700	2.573139	1.719390	1.982226	0.314122	0.000000	2.199042	2.313038	2.101258
444	0.081158	0.627940	1.145310	0.893090	1.098030	0.967922	0.546325	0.000000	0.663143	0.653687	0.584984	0.678871	-0.062524	0.336176	0.788474	0.111852	-0.113715	-0.104580	1.043348	0.889902
445	-0.540236	-0.144682	0.170250	-0.396363	-0.210136	0.262348	-0.747454	0.346221	0.000000	0.222422	-0.011165	-0.075397	0.951661	-0.436418	-0.007460	-0.021643	0.146588	0.036566	-0.021481	-0.588865
446	0.530541	1.028680	0.684327	1.519296	2.807581	1.167028	2.048566	2.146192	2.259627	2.303792	1.854637	1.508553	2.798060	1.729840	2.259831	0.000000	0.512473	1.744448	2.758766	2.738200
447	2.284414	1.694008	0.000000	2.367108	2.722178	2.657282	2.603772	2.165600	2.755461	2.502725	2.505655	1.583957	3.081674	2.767823	2.608857	2.045932	1.996350	2.053989	2.593345	2.771965
448	1.740618	1.693962	3.431507	3.402064	2.786674	3.173433	3.164771	0.236270	2.892864	1.498204	1.879517	2.894308	3.521540	2.954798	2.743477	2.505701	1.740195	0.000000	2.981874	3.037004
449	2.603937	2.245632	2.859144	2.375595	1.462530	2.990910	2.320085	2.519697	3.501082	2.615609	2.345405	2.973960	3.637150	2.752571	3.247776	2.371896	2.345981	2.499064	0.000000	1.074291
450	0.137757	1.411660	2.764997	2.094963	2.437100	1.001924	1.786355	1.965128	1.732866	2.071018	1.239925	1.503304	2.215242	0.738464	1.800425	0.000000	1.249243	1.904302	2.365784	2.638729
451	3.256989	2.406656	4.852385	4.438841	0.000000	4.297753	3.825691	2.129508	4.300541	1.606453	1.793881	4.511880	4.529383	4.185248	4.155313	4.197174	3.598442	2.511859	1.826276	1.446115
452	2.131245	2.509001	3.725386	3.658328	2.715472	0.000000	3.247320	2.760923	3.328743	2.949730	2.953753	3.504549	3.231101	3.541714	3.497877	2.838873	3.090813	2.733858	2.843960	2.977675
453	2.146666	1.312145	3.159346	2.119788	3.196338	3.133427	3.350294	0.000000	2.678357	1.495566	1.751642	2.994231	3.634069	2.408262	2.656668	2.482707	1.937401	0.122719	3.400539	3.437569
454	2.070791	1.170283	3.266418	3.010780	2.158143	3.505252	3.268366	0.406595	3.102640	0.000000	1.081116	3.011125	3.683120	2.772185	2.837235	2.557261	0.530725	0.125070	2.752417	2.802384
455	2.839865	1.737927	3.751706	3.617975	1.637034	3.371603	3.423197	0.747355	3.580081	0.000000	1.014323	3.523424	4.027983	3.422020	3.685803	3.346932	2.822728	1.421017	2.558641	2.814920
456	0.027259	-0.460607	0.613742	0.126344	-1.495189	0.451104	-0.703538	-0.882976	0.914012	-0.785174	-0.497953	0.308847	1.138371	0.360096	0.546730	0.234877	0.000000	-0.699758	-2.091470	-2.302757
457	0.784267	0.667967	0.620311	0.000000	1.549019	2.039691	1.595625	0.410365	2.588049	1.157526	1.098428	1.736472	2.205801	1.152296	2.373463	1.041221	0.356841	-0.263244	1.591480	1.299391
458	3.408741	2.452392	4.171035	4.194105	1.773651	3.943035	3.943924	0.308311	3.872463	0.000000	0.986523	4.062707	4.213238	3.957388	3.993115	3.904905	3.553739	1.541282	3.269878	3.473519
459	-0.362965	-0.622221	1.774103	1.195227	-1.906928	0.820983	-0.004251	-1.243235	1.140996	-0.837673	-0.969778	1.031326	1.686113	0.847191	0.883191	0.454253	0.000000	-1.139523	-1.897539	-1.788779
460	1.501578	0.926249	1.382376	1.382157	1.956443	1.490017	1.707366	1.728075	2.088917	1.056772	1.122350	1.214473	2.385688	1.275814	1.968642	0.790478	0.000000	1.805203	1.475807	2.088603
461	0.939097	0.583697	2.014915	2.066565	0.754431	0.829573	0.597436	1.465799	0.000000	0.538025	0.636523	0.788409	2.014574	0.791479	-0.332934	0.992356	1.413148	1.647663	1.155131	0.648358
462	1.083111	1.812755	2.472992	2.477870	2.658885	0.000000	2.470157	2.724655	2.461795	2.662147	2.454988	2.255653	2.810520	2.491865	2.633688	1.672993	2.324643	2.569792	2.646315	2.729338
463	-0.365567	0.277312	0.717306	0.135727	0.757898	0.224872	0.487677	0.527146	0.271380	0.603619	0.158538	0.726392	2.471823	0.036579	0.000000	0.394293	0.673669	0.380715	0.675397	0.593773
464	-0.011926	-0.336625	-0.343735	-0.479076	0.293314	0.567751	0.016621	0.054703	0.259495	-0.193304	-0.024290	0.124779	-0.023908	-0.007402	0.166083	0.081673	-0.076920	0.000000	0.386445	0.257132
465	1.390238	1.728734	2.822304	2.697033	2.639888	2.323454	2.640124	2.186668	2.484675	2.040681	2.400046	2.586949	0.000000	2.503060	2.645662	2.278511	2.831887	2.084030	2.844970	2.909928
466	2.197694	1.488600	2.736015	2.659423	-0.080982	2.355266	1.266055	2.337051	2.477368	2.129334	1.881773	2.051802	2.459094	2.242913	2.130765	2.252867	2.263636	2.315355	-0.500885	0.000000
467	0.535933	0.456260	0.612702	0.418219	1.029072	0.861454	0.815100	1.141481	1.002497	1.146257	1.040673	0.924561	0.000000	0.736004	1.078643	0.830909	1.088742	1.010421	1.085794	1.061464
468	1.308509	0.630584	0.801354	1.007918	1.081455	0.000000	0.840617	1.829800	1.214912	1.472397	1.374589	0.763149	1.951785	1.115505	1.329059	0.998012	0.987321	1.858553	1.164159	1.119233
469	2.447816	1.053614	3.332197	2.915251	0.731374	2.877156	2.055721	1.221086	1.963302	0.312040	0.000000	2.648285	2.611056	2.033833	2.190489	2.601479	2.493492	1.767995	0.536945	1.021437
470	-0.592751	-0.658460	-1.153235	-0.801545	0.163622	-0.802369	-0.439321	0.279643	-0.441107	-0.060877	-0.199850	-0.894349	0.105269	-0.586387	-0.407858	-0.993896	-0.916937	0.000000	0.392987	0.236653
471	-0.297005	-0.183914	-0.434269	0.163045	0.433898	0.254335	0.177263	0.512381	0.265166	0.333132	0.357682	0.000000	-0.574648	0.232156	0.508048	-0.031594	0.370225	0.560784	0.369768	0.462434
472	0.318202	0.447612	0.392436	0.495842	0.624449	0.325795	0.367145	0.886361	0.137445	0.734656	0.515947	0.357681	0.796240	0.197924	0.000000	0.410035	0.533157	0.794944	0.555367	0.565073
473	1.189288	0.901694	0.654357	0.000000	1.679377	1.884139	1.495474	1.458069	1.659126	1.376178	1.065967	1.633900	2.920465	0.653348	1.786902	1.383024	1.245087	1.396670	1.388026	1.690243
474	1.626878	1.253481	3.038485	2.721315	0.560305	2.841477	2.352877	-0.302249	2.908136	0.569463	1.005348	2.949659	2.755548	2.640155	2.765407	2.577584	1.841192	0.000000	1.003436	0.668495
475	1.660087	1.064585	2.804438	1.971736	1.079722	2.502466	2.146466	-0.165298	1.613052	0.000000	0.430787	2.459786	2.520278	1.676132	1.370106	2.168357	1.501941	0.230675	1.096400	1.204096
476	-0.146741	-0.287100	0.000000	-0.399045	0.182311	0.622359	0.318048	-0.190869	0.204849	-0.119830	-0.144175	0.421120	2.607545	0.053944	0.182398	0.214050	0.099802	-0.157590	0.141002	0.106951
477	-0.404817	-0.389568	1.432519	0.303378	0.184677	1.153679	0.208865	0.013850	0.004625	-0.644836	-0.508573	0.397391	2.840955	0.000000	-0.097460	0.408035	0.715253	0.167649	0.293134	0.070059
478	2.038955	0.993619	3.185188	2.575576	1.622529	2.929252	2.704860	-0.347611	2.294603	-0.191169	0.589472	2.726460	2.804695	2.255686	2.255345	2.552442	1.797511	0.000000	1.967771	2.209368
479	0.120776	-0.306268	1.033407	0.000000	0.605259	1.087423	0.661195	-0.788724	0.226867	-0.780819	-0.496346	0.497577	2.439145	0.108099	0.183282	0.596991	0.342426	-0.473982	0.178879	0.394660
480	0.110892	0.510123	1.205496	0.945750	1.353235	0.944069	0.789611	1.256953	0.097149	0.676715	0.448107	0.561005	3.307375	0.338958	0.000000	0.644239	1.165195	1.275907	1.504340	1.393054
481	2.365310	1.541201	1.575594	2.110553	2.459077	0.000000	2.227883	3.304044	2.918828	2.729031	2.445352	1.880281	2.923701	2.530753	3.091882	2.252907	2.642439	3.265810	2.564208	2.570789
482	1.613571	1.139975	1.999046	1.699980	-0.037881	2.375511	1.162925	1.562232	2.067471	1.038994	0.960503	2.053187	3.582185	1.735509	2.075901	2.086789	1.953689	1.727534	0.354897	0.000000
483	0.832184	0.258571	1.813259	1.267467	-0.173294	1.268047	0.382189	-0.449735	0.298567	-0.867108	-0.508515	0.980780	1.376190	0.361690	0.000000	0.823794	0.259103	-0.043044	0.122369	0.108707
484	0.761760	0.741406	1.073404	0.380227	0.536474	1.325733	0.939235	0.506917	1.487805	-0.201770	0.000000	1.169400	-0.616808	0.685368	1.747158	1.120120	1.272482	1.032329	0.894925	1.106595
485	0.550059	0.825957	0.658663	0.415596	1.403118	0.761550	0.939942	1.384692	0.758012	1.107183	1.105147	0.896674	0.000000	0.682470	0.997620	0.821551	1.126100	1.329943	1.469796	1.513938
486	-0.193445	0.000000	0.927606	0.718856	0.813370	0.451924	0.474566	-0.266876	-0.891286	-0.525936	-0.433274	0.149487	-0.282103	-0.237694	-1.013599	0.253692	0.288414	-0.298223	1.053596	1.040179
487	1.312780	1.330410	1.534091	1.256956	1.547992	1.963464	1.575390	1.845458	2.202123	1.091726	1.448257	1.764603	0.000000	1.521537	2.335552	1.916988	2.172453	1.966657	1.649532	1.555102
488	0.245732	0.282050	0.541940	0.317618	0.509701	0.710019	0.418511	0.561327	0.291725	0.517182	0.521120	0.629058	0.000000	0.401011	0.441912	0.551820	0.662084	0.522698	0.682263	0.581366
489	0.284999	-0.033378	-0.418401	0.000000	0.301134	-0.522285	0.022419	1.041738	0.626979	0.741232	0.596297	-0.443554	1.177902	0.242481	0.698320	0.022378	0.236491	1.091890	0.367337	0.372765
490	0.000377	0.000000	1.313945	1.200477	0.491891	1.144211	1.437395	0.881048	1.827868	0.621221	0.242558	1.336611	1.334245	1.107608	1.886009	0.585255	0.317539	0.465218	0.387260	1.074451
491	1.890211	1.564420	1.614418	1.855443	2.084407	2.161965	1.868322	2.053335	2.262735	1.766782	2.058779	2.008749	0.000000	2.091802	2.505891	1.861051	2.107617	2.152185	2.184168	2.302319
492	-0.006463	0.307936	0.327668	0.000000	0.413607	0.315917	0.090973	0.173188	-0.279797	-0.011517	0.029528	0.331017	0.097499	-0.298338	-0.074038	0.239608	0.314129	0.267550	0.426761	0.537297
493	-0.262126	0.093258	0.150232	-0.008290	0.438888	0.257359	0.081334	0.428771	-0.157346	0.342925	0.246425	0.210583	0.224150	-0.003264	0.024390	0.000000	0.192381	0.373930	-0.117287	0.425222
494	3.020791	1.816999	3.653430	3.465519	1.508323	3.536625	3.377009	0.819266	3.388808	0.000000	1.429397	3.670634	3.198062	3.407692	3.469184	3.530106	3.219531	1.437975	2.065683	2.487198
495	1.842594	1.348007	2.539451	2.343295	0.074718	2.266384	0.000000	1.917928	2.151424	1.733833	1.781382	1.923484	3.100430	2.156600	1.666276	1.821371	2.010573	1.877990	-0.529583	-0.980671
496	-0.267917	-0.373045	0.000000	-0.061622	-0.171136	0.497871	-0.098199	0.074867	-0.197203	-0.234623	-0.287917	-0.192384	2.407701	-0.264639	-0.145749	0.033755	0.172896	0.222430	-0.180515	-0.123944
497	2.567607	1.608330	3.436160	3.424181	1.816915	3.538115	3.225590	0.113718	2.915246	0.000000	1.095831	3.316154	3.219761	3.031690	3.113647	3.310649	2.521821	0.744706	2.658666	2.691103
498	1.333544	0.939448	2.372132	2.033157	1.076129	2.251603	1.769864	-0.137132	1.675477	0.800794	0.000000	1.911641	2.216182	1.230321	1.685004	1.844439	1.578417	0.365612	1.267339	1.477865
499	0.581215	0.000000	0.513467	-0.170910	0.620462	1.305820	0.552738	-0.362119	0.833030	-0.488316	-0.524250	0.103020	2.674593	-0.009386	0.744037	0.717910	0.516020	-0.087300	0.733999	0.617572
500	0.062455	-0.144639	0.610504	0.425398	-0.053892	0.827713	0.019749	0.163964	0.168785	-0.378656	-0.227559	0.303600	2.279781	0.000000	0.245415	0.210041	0.493953	0.500349	-0.233097	-0.035959
501	0.225016	0.000000	2.296968	2.343075	1.412090	1.490571	2.171637	0.905651	2.381317	0.286237	0.436089	1.917502	2.251691	2.038753	2.348497	0.813564	0.230715	0.682512	1.938512	1.882239
502	2.116177	1.300182	3.280999	2.609086	0.637330	2.316381	1.877424	2.098594	2.431231	1.370544	0.666927	2.403720	3.159215	1.215556	2.346807	2.139244	1.965113	2.152406	0.000000	1.520430
503	-0.135180	0.610592	1.452771	0.305503	1.362144	0.844720	0.431452	1.010792	0.077367	1.081403	0.452263	0.774500	2.639910	-0.064021	0.000000	0.437247	0.802470	0.557549	1.692940	1.342558
504	0.138378	0.443998	-0.469897	-0.085121	0.272310	0.593721	0.032045	0.442162	0.000000	0.469080	0.338995	0.052018	-0.542330	-0.035428	0.168370	0.073942	0.096954	0.519924	0.519819	0.220927
505	0.299700	0.162049	-0.355046	0.000000	0.809928	0.937914	0.352892	0.246979	0.415368	0.153975	0.472266	0.006154	1.503345	0.349501	0.584020	0.181995	0.300984	0.302756	0.957684	0.842590
506	0.695991	0.960907	0.897277	0.229898	1.392228	1.084776	1.351873	1.558179	1.944993	1.235126	1.245752	1.696057	0.000000	1.218254	2.058414	1.251336	1.684088	1.598376	1.136366	1.375554
507	0.628345	0.614671	0.244838	0.000000	1.017965	0.828358	0.761690	1.260715	1.179246	0.984077	0.921456	0.610807	1.869965	0.789965	1.355557	0.672759	0.970241	1.237594	0.847903	0.911151
508	0.143408	-0.174886	0.136641	0.000000	0.191233	0.910511	0.185276	0.502030	0.163279	-0.334451	-0.201447	0.370879	2.320382	-0.078773	0.402478	0.269819	0.332230	0.637506	0.335157	0.275097
509	1.442639	1.635250	3.302232	2.721678	2.218458	1.976715	1.894300	1.962580	1.112541	0.924811	1.298757	2.115606	2.738693	1.783618	0.000000	1.859087	2.184675	2.143879	2.421573	2.242176
510	2.258557	1.335164	3.150141	2.951302	1.457899	2.513058	2.270196	1.804440	2.542181	1.760121	1.850538	2.582256	0.000000	2.682175	2.609378	2.654575	2.778679	2.006466	1.596985	1.536782
511	1.009798	0.903389	0.738129	0.993132	1.285110	1.051562	1.078412	1.474871	1.230371	0.994621	1.008694	0.852609	1.871000	1.079672	1.163336	0.164572	0.000000	1.504750	1.223062	1.289083
512	2.816950	2.027290	4.115243	3.972344	0.000000	3.617324	3.177318	2.192651	3.474114	1.545561	1.625118	3.672012	3.106071	3.594673	3.427650	3.321955	3.272802	2.469244	1.314809	1.988935
513	-0.244885	0.245477	0.351572	0.000000	0.249882	0.281243	0.252057	0.279226	-0.021131	0.089861	0.082508	0.659945	1.197616	0.028364	0.077456	0.027513	0.388255	0.377495	0.300108	0.286885
514	0.698647	0.605135	0.860433	0.580794	0.104936	1.466553	0.618922	1.194377	0.638482	1.002014	0.554896	1.000694	3.318000	0.351802	0.775314	0.837252	0.899261	1.180340	-0.005353	0.000000
515	2.831480	2.004332	4.201066	4.116888	2.372556	3.862520	3.991405	0.157250	4.094708	0.000000	1.257199	4.114076	4.092823	3.884898	3.928514	3.968771	3.173612	0.878695	3.036967	3.022537
516	0.190183	0.206467	1.325433	0.426210	0.248249	1.275801	0.375089	0.157508	0.245827	0.028284	0.214955	0.556132	2.972646	0.000000	0.201105	0.287842	0.581363	0.183686	0.418996	0.144369
517	0.000000	0.056601	0.490875	0.422733	0.271228	0.371073	0.032740	0.216534	-0.484543	0.139240	-0.001167	-0.031527	2.786637	-0.204425	-0.513397	0.029879	0.150786	0.294744	0.252265	0.331107
518	0.694056	0.319644	2.086694	1.251022	0.000000	2.197228	0.965240	0.207340	0.486474	0.265430	0.270159	1.590255	3.450726	0.644983	0.555208	1.094490	0.843881	0.269413	-0.222944	0.306295
519	2.991271	2.034842	3.464044	3.414465	1.835649	3.403533	3.386443	1.745445	3.404959	0.000000	1.493062	3.450100	3.520884	3.323863	3.371516	3.349843	3.061934	2.172750	2.512856	2.644990
520	0.323576	0.298476	0.365903	0.000000	0.453750	0.506944	0.315213	0.106665	0.101722	-0.095230	-0.052610	0.076273	2.539412	0.041279	-0.309684	0.189260	0.013287	0.258507	0.432998	0.228340
521	-0.037560	-0.121728	0.000000	0.229022	0.325650	-0.147588	-0.018320	0.589858	-0.186093	0.283988	0.117115	-0.355841	2.021157	-0.095356	-0.103127	-0.270461	0.150739	0.672417	0.343134	0.377060
522	1.550197	1.388410	2.983138	2.493078	0.273273	2.811617	1.836047	1.280129	2.440901	0.976514	0.958497	2.548877	2.920183	2.043637	2.120668	2.384573	2.341027	1.445568	-0.069020	0.000000
523	1.191518	0.686425	1.182615	1.234330	0.000000	1.215619	1.140547	0.976274	1.594115	0.712344	0.778115	1.190049	1.767002	1.209085	1.559694	1.229602	1.264209	1.162896	0.664307	0.509914
524	-0.043708	0.100730	0.017060	0.103649	0.308896	0.060908	0.017604	0.151850	-0.148386	0.235269	0.162734	-0.041964	0.946332	-0.067617	-0.162869	-0.156107	0.000000	0.128397	0.368138	0.246747
525	0.079971	-0.042605	-0.093789	0.130477	0.259107	0.076645	0.182428	0.223062	0.238312	0.222725	0.274711	0.042346	0.487849	0.164614	0.266521	0.000000	0.084756	0.090615	0.296019	0.303237
526	0.010520	-0.280045	0.102742	0.176270	0.016452	0.049405	0.086237	-0.059422	0.294333	-0.100336	0.087366	0.013700	-0.112804	0.185557	0.303532	0.044797	0.000000	-0.128680	0.088636	0.074501
527	0.287427	0.229556	0.208658	0.000000	0.567711	0.418652	0.592624	0.381072	0.767076	0.372657	0.435738	0.524521	0.732513	0.361815	0.839877	0.329058	0.331771	0.303528	0.585884	0.600780
528	0.268016	0.298696	0.365771	0.383846	0.497545	0.510235	0.530215	0.393140	0.604194	0.360691	0.428952	0.498182	0.000000	0.418060	0.725693	0.378717	0.548018	0.443422	0.515684	0.571219
529	0.101446	0.272032	0.175417	0.108696	0.197922	0.624251	0.211119	0.053469	0.076818	-0.192174	0.046831	0.281920	0.014514	0.000000	0.199793	0.358350	0.387879	0.198893	0.426623	0.200414
530	1.529319	0.970295	1.077505	1.020442	0.245294	1.663823	0.953187	1.223792	1.981562	1.368895	1.269180	1.316568	1.534339	1.394121	1.907946	1.446946	1.331105	1.238140	0.818027	0.000000
531	-0.211313	0.093461	0.616110	-0.184056	-0.224114	0.804135	0.119009	-0.058479	0.471777	0.085135	-0.033657	0.625378	1.009223	0.000000	0.584178	0.453621	0.343757	-0.395331	0.130853	-0.258318
532	0.287992	0.402251	0.273506	0.368810	0.674399	0.566443	0.561078	0.560365	0.526954	0.439881	0.567854	0.393093	0.000000	0.475504	0.659687	0.256974	0.549779	0.575980	0.742527	0.725493
533	-0.370582	-0.101649	-0.275078	-0.453988	0.325966	0.000000	0.254332	0.085065	0.480845	0.227130	0.181129	0.142520	-0.627645	0.114510	0.647565	-0.224105	-0.020836	-0.050805	0.190097	0.350117
534	0.200508	0.159233	0.058618	0.000000	0.407852	0.325433	0.444197	0.348092	0.645569	0.344383	0.415734	0.356200	0.866049	0.364668	0.791575	0.179105	0.292680	0.377000	0.300664	0.422871
535	0.080913	-0.027801	0.137356	0.050033	0.047088	0.063102	0.154736	-0.086866	0.342270	0.043782	0.025098	0.000000	0.568797	0.107306	0.472027	0.046754	0.068304	-0.112761	0.042413	0.122589
536	0.725718	0.340494	1.137787	1.089689	0.281084	0.727989	0.843421	0.157006	1.026228	0.000000	0.176424	0.946519	0.980766	0.805326	1.055945	0.858927	0.776756	0.322091	0.640393	0.584819
