	A	C	D	E	F	G	H	I	K	L	M	N	P	Q	R	S	T	V	W	Y
1	0.445480	-0.124668	0.308362	0.436224	-0.232700	0.435061	0.276948	-0.037700	0.532577	-0.127254	0.000000	0.325594	0.501336	0.507851	0.449494	0.460777	0.418562	0.210843	-0.388558	-0.145701
2	-0.346101	-0.773155	-0.310977	-0.246372	-0.797745	-0.266598	-0.362582	-0.614957	-0.060807	-0.710998	-0.570109	-0.282743	0.000000	-0.248330	-0.106466	-0.245824	-0.319515	-0.537675	-0.807229	-0.646392
3	-0.156047	-0.700603	-0.010362	-0.001898	-0.724247	-0.107175	-0.142204	-0.438473	0.148139	-0.533341	-0.421903	-0.047962	0.000000	-0.043922	0.116705	-0.084023	-0.195306	-0.395224	-0.726736	-0.548249
4	-0.169329	-0.718243	-0.042948	-0.032316	-0.696679	-0.012986	-0.201483	-0.453869	0.098179	-0.511792	-0.411664	-0.071553	0.000000	-0.082587	0.035861	-0.093630	-0.223210	-0.394705	-0.814619	-0.603062
5	-0.285480	-0.840374	0.007507	0.091248	-0.968989	-0.154361	-0.300204	-0.581596	0.195258	-0.691485	-0.598576	-0.112957	0.198216	-0.055853	0.000000	-0.147525	-0.259251	-0.526012	-1.134679	-0.883241
6	0.611438	-0.187938	0.979245	0.917195	-0.036833	0.847160	0.550933	0.112497	0.840629	0.000000	0.220515	0.799360	1.092968	0.745273	0.705848	0.701849	0.515002	0.155667	-0.186080	0.014167
7	0.668235	-0.211259	1.091426	0.983631	-0.048358	0.877793	0.606023	0.155222	0.913162	0.000000	0.211574	0.862125	1.350314	0.786814	0.761865	0.789611	0.595853	0.201330	-0.220855	-0.020110
8	0.717299	-0.044203	1.040504	0.918239	0.000000	0.993085	0.822590	0.277978	0.983482	0.223333	0.360139	0.985666	1.222274	0.880611	0.881242	0.910537	0.767196	0.326491	-0.067441	0.238924
9	0.793876	0.011991	1.228092	1.068339	0.000000	1.124687	0.928033	0.290157	1.077263	0.193968	0.384421	1.143182	1.242665	1.008688	0.992294	1.036867	0.876231	0.400153	-0.058245	0.276976
10	0.694305	-0.137410	1.294376	1.024755	-0.039883	1.068439	0.714782	0.184709	0.964991	0.000000	0.225825	1.047635	1.352519	0.853088	0.810741	0.895633	0.698104	0.263767	-0.198650	0.010701
11	0.525382	-0.224737	1.057038	0.871210	-0.058356	0.797850	0.560405	0.143677	0.776276	0.000000	0.171334	0.838890	1.287771	0.679073	0.627488	0.695914	0.550443	0.164687	-0.186317	-0.018177
12	0.679902	-0.049462	1.172058	1.014748	0.000000	0.988924	0.843907	0.359965	0.950933	0.234702	0.380680	1.018594	1.322767	0.909802	0.843467	0.897208	0.794282	0.407295	0.031617	0.290151
13	0.556103	-0.156512	1.067022	0.873036	-0.007571	0.853942	0.628200	0.212515	0.826917	0.000000	0.186517	0.868269	1.394560	0.702170	0.703810	0.708946	0.584979	0.260498	-0.116088	0.066484
14	-0.169079	-0.678687	0.386383	0.261536	-0.783830	0.084017	-0.163361	-0.366598	0.168049	-0.543833	-0.446952	0.114852	0.443299	0.063582	0.005042	0.069170	0.000000	-0.292457	-0.916583	-0.703358
15	-0.263713	-0.649091	0.095216	-0.009386	-0.697691	-0.105555	-0.188490	-0.414926	0.099965	-0.489221	-0.415679	0.017126	0.000000	-0.085996	0.012312	-0.096298	-0.149610	-0.380033	-0.756742	-0.570620
16	0.233667	-0.142006	0.379487	0.432301	-0.087955	0.299255	0.196015	0.099773	0.431292	0.021694	0.000000	0.264854	0.489737	0.315200	0.333258	0.260660	0.259570	0.194208	-0.142908	0.016164
17	-0.175276	-0.448429	0.053829	0.000000	-0.449970	-0.126507	-0.105161	-0.259150	0.197533	-0.336432	-0.295640	0.012967	0.365349	0.001855	0.120172	-0.104065	-0.125688	-0.271523	-0.425918	-0.359220
18	0.039875	-0.218657	0.258770	0.344050	-0.107405	0.057036	0.117275	0.142669	0.368763	-0.032923	-0.036923	0.241524	0.476165	0.196550	0.303430	0.109884	0.169069	0.000000	-0.132457	0.011774
19	-0.096645	-0.296776	0.056035	0.107472	-0.363534	0.061669	-0.080654	-0.197031	0.149346	-0.223838	-0.164609	0.032152	0.338796	0.043936	0.000000	-0.076065	-0.092396	-0.212139	-0.339603	-0.259476
20	-0.123283	-0.194989	-0.053354	-0.108687	0.061365	-0.020024	0.049693	-0.041108	0.111965	-0.015802	0.053818	0.110235	0.000000	-0.003020	0.147810	-0.046441	-0.046365	-0.072118	0.055603	0.132985
21	0.005874	-0.088631	-0.023028	0.000000	0.020171	0.119717	0.060338	-0.035006	0.205796	-0.064759	-0.023962	0.121213	0.332178	0.036976	0.238215	0.030972	0.023581	-0.097333	0.037762	0.092731
22	0.050145	-0.145329	0.053264	0.000000	0.071216	0.150224	0.129714	-0.014928	0.272360	-0.006766	0.089939	0.147736	0.186469	0.146114	0.326728	0.092227	0.040564	-0.071050	0.095758	0.134480
23	0.098779	-0.015807	0.549341	0.420071	0.021206	0.473601	0.439541	0.163687	0.790975	0.069409	0.157646	0.631033	0.000000	0.579662	0.812506	0.275809	0.431608	0.210424	-0.016374	-0.002000
24	0.551300	-0.036560	0.792215	0.421280	0.161289	1.046302	0.269214	-0.236429	0.087564	0.000000	0.080860	0.539732	1.327228	0.200135	0.073708	0.562769	0.267469	-0.197125	0.337370	0.208303
25	0.913880	0.476437	1.457909	1.116593	0.626334	1.403689	0.607200	0.220659	0.580548	0.324708	0.490104	0.934844	1.121277	0.714386	0.585101	0.796676	0.470988	0.000000	0.477928	0.519710
26	2.037999	0.982033	3.035270	2.467189	1.335131	2.936534	1.993882	0.056967	1.692065	0.701995	1.049829	2.599232	3.187817	1.996573	1.734177	2.419812	1.828786	0.000000	1.665946	1.488973
27	1.004204	0.604657	1.723689	1.217004	0.729243	1.609096	0.440282	0.326832	0.000000	0.644842	0.690534	0.768837	1.804029	0.546425	-0.190343	0.590767	0.131912	0.132910	0.761673	0.632247
28	2.036551	1.267109	3.546703	3.150815	1.599445	3.278781	2.761978	0.646285	2.336142	1.464917	1.525244	3.168324	3.557200	2.428617	2.358541	2.543770	1.463227	0.000000	2.510493	2.250105
29	0.097976	-0.429157	0.308936	0.000000	-0.683679	0.618152	-0.153814	-0.579999	0.091979	-0.612568	-0.481648	0.001544	0.787675	-0.134829	0.029690	0.225369	-0.418643	-0.745139	-0.481514	-0.588168
30	1.038475	1.059928	2.117374	0.000000	1.470518	2.067800	1.756091	1.184574	2.059917	1.239984	1.024183	2.379632	2.919328	0.698558	2.164963	1.542764	1.601461	1.060170	1.306700	1.387272
31	2.272975	1.215216	1.952589	2.503675	1.154217	0.000000	1.664192	2.784250	2.653903	1.825350	1.851471	1.751915	3.198908	2.341066	2.677175	2.216614	2.312631	2.815413	1.299672	1.283022
32	-0.228673	-0.150439	0.000000	-0.128924	0.396667	0.136353	0.133257	1.038417	0.228062	0.233399	-0.140890	0.333609	3.280984	-0.192882	0.348032	-0.019612	0.367356	0.939558	0.545247	0.556428
33	0.563466	-0.444275	-0.212094	0.540281	-0.521931	1.246280	0.414298	-0.249700	1.099535	-0.332929	-0.197677	0.000000	1.395579	0.569948	1.121097	0.440918	-0.146945	-0.042563	-0.775858	-0.304765
34	0.000000	0.270548	2.911264	2.766016	0.338493	1.730869	2.275154	-1.150196	2.537268	-0.565199	0.114346	2.637388	2.249701	2.490752	2.449096	1.932492	1.418755	-0.804117	1.241343	1.342301
35	1.005712	-0.071504	1.568709	0.822602	-0.291761	1.669318	0.635107	-0.058028	0.939331	-0.295942	-0.038877	1.181884	2.474282	0.788814	0.758310	0.941817	0.646683	0.000000	-0.539654	-0.262124
36	3.005967	2.071033	3.030828	3.184370	1.386306	2.965810	3.050681	1.427937	3.135559	0.000000	1.373412	3.101619	3.311470	3.148308	3.199750	3.205690	3.212092	2.136462	2.534786	2.572277
37	0.156819	-0.269330	0.222263	0.027555	-0.353182	0.637953	-0.084913	-0.281532	0.191035	-0.234525	-0.114747	0.098813	0.183447	0.000000	0.082161	0.107766	-0.002383	-0.111542	-0.487568	-0.355216
38	0.310479	0.000000	1.425181	1.337800	0.672677	1.000801	1.580068	0.883334	1.834071	0.581498	0.645396	1.517929	1.290361	1.412042	1.876998	0.870600	1.091998	0.664351	1.152234	1.260219
39	0.316088	0.080716	0.623977	0.563931	0.174053	0.591569	0.426620	0.167452	0.457258	0.000000	0.203739	0.534163	-0.352606	0.426481	0.467526	0.449707	0.512006	0.278967	0.380398	0.303222
40	-0.438685	-0.475904	0.032263	0.040131	-0.465779	-0.066832	-0.081682	-0.350848	0.000000	-0.454019	-0.429772	-0.018001	0.225334	-0.097540	-0.010381	-0.224219	-0.200459	-0.417278	-0.287733	-0.262268
41	-0.065827	-0.296883	-0.395560	-0.127158	0.031389	0.000000	0.117805	-0.177118	0.474150	-0.126127	0.008582	-0.043843	-0.078024	0.153530	0.513121	-0.076058	-0.044163	-0.141292	0.061970	0.176698
42	-0.113961	-0.223453	-0.084882	0.084640	-0.227926	-0.121831	-0.056583	0.043206	0.200178	-0.102090	-0.046577	-0.034909	0.111923	0.066513	0.191906	-0.076360	0.000000	0.058242	-0.199191	-0.088657
43	0.122708	-0.034939	-0.134959	0.065134	0.005906	0.002506	0.061627	0.384454	0.446823	0.172292	0.163811	-0.034261	0.467995	0.173804	0.443408	0.000000	0.200730	0.347994	0.005059	0.113330
44	0.040224	-0.200655	0.000000	0.239717	-0.086542	-0.019552	0.154242	0.095464	0.279418	-0.097886	0.005099	0.089373	0.227422	0.129640	0.324809	0.037971	0.100224	0.109857	0.053770	0.133762
45	-0.004800	-0.217687	0.018423	0.087981	-0.132630	0.000000	0.122008	-0.078010	0.339470	-0.103450	-0.007005	0.074584	0.489703	0.138446	0.357119	-0.013544	0.018187	-0.003322	-0.108297	0.079008
46	0.205906	0.173074	0.062794	0.163736	0.216559	0.268089	0.207147	0.272388	0.329176	0.303449	0.353977	0.181753	0.000000	0.199318	0.399000	0.176701	0.241346	0.293316	0.214088	0.312531
47	-0.194959	-0.323318	-0.187605	-0.093914	-0.247117	-0.082218	-0.183834	0.053583	0.165277	-0.036553	-0.032307	-0.209247	-0.335117	-0.073724	0.147010	-0.121605	0.000000	0.017994	-0.381759	-0.210036
48	-0.163463	-0.197031	0.022248	-0.063005	-0.381256	0.010701	0.002557	-0.027114	0.435072	-0.091389	-0.144450	0.123924	0.423883	0.000000	0.404453	-0.006414	0.102710	-0.131341	-0.326688	-0.272438
49	0.420542	0.116036	0.339379	-0.186002	-0.003462	0.758353	0.233718	0.077352	0.713531	0.252589	0.175893	0.381475	0.619567	0.000000	0.670536	0.388806	0.068091	-0.115823	-0.161824	-0.025074
50	1.384857	0.785548	1.149299	1.537148	0.166928	1.831919	1.145748	-0.347331	1.876211	0.000000	0.492718	1.339195	2.558342	1.334880	1.932432	1.104255	0.415033	0.026515	0.260644	0.304701
51	0.346178	0.031249	1.391798	0.024034	-0.035526	1.060273	0.440515	-0.254377	0.704147	-0.152339	-0.147255	0.860595	2.597686	0.068971	0.630743	0.206965	0.000000	-0.151730	-0.214761	-0.113688
52	3.380792	2.664109	3.460068	3.426730	1.536081	3.426622	3.335001	2.545280	3.720799	2.297990	2.537849	3.746574	3.358289	3.457374	3.618218	3.605139	3.606371	2.652200	0.000000	2.239969
53	0.315412	0.436560	2.069746	1.835451	-0.333476	1.221233	0.060161	1.013079	1.788741	1.163341	0.863651	1.020636	3.045528	1.578695	1.297040	0.000000	0.677031	0.651829	-0.158876	-0.779078
54	1.318910	0.815309	1.646056	1.619614	0.542892	1.699124	0.611652	1.043366	0.627956	1.032559	0.949524	0.928438	2.022007	0.973137	0.000000	1.217321	1.675621	1.106453	0.377044	0.461361
55	0.641711	0.186686	-0.014450	0.000000	0.330409	0.469185	0.453876	0.397491	0.936897	0.319393	0.418197	0.431228	2.028591	0.580240	0.969841	0.628860	0.559130	0.516344	0.421575	0.347255
56	0.952582	0.277168	-0.495588	0.604717	0.569751	1.021603	0.157397	0.904929	0.913142	0.636410	0.893320	-0.342388	2.235368	0.820428	1.027370	0.000000	0.542330	0.951959	0.591689	0.620824
57	0.417776	0.431989	1.124319	0.546281	0.626209	0.803158	0.656689	0.270872	0.570530	0.354732	0.403355	1.039382	0.000000	0.601916	0.748885	0.661862	0.868214	0.284361	0.628808	0.663262
58	-0.008797	-0.266209	-0.537791	-0.445192	-0.075171	-0.006646	-0.111134	0.502698	0.275236	0.000000	-0.038330	-0.258562	1.754772	-0.156819	0.380967	-0.194223	-0.082785	0.430723	-0.030308	-0.070581
59	0.238910	0.070333	0.381896	0.361900	0.168885	0.506762	0.100207	0.532183	0.000000	0.109208	0.052526	-0.029604	2.082641	0.034318	0.163111	0.264324	0.243458	0.557618	0.446954	0.210476
60	0.820852	0.969523	1.332565	1.321747	1.231892	1.398108	1.331751	1.384977	1.765412	1.760736	1.521795	1.426972	0.000000	1.504226	1.877789	1.013958	1.358537	1.176729	1.253536	1.238047
61	2.083393	1.169940	1.951087	2.064738	0.000000	2.218099	2.107427	1.651681	2.357093	1.731899	1.783049	2.177475	1.921961	2.257516	2.369279	2.127642	2.136892	1.836488	0.612267	1.319629
62	1.253899	0.790073	1.956553	1.933059	0.798866	1.894496	1.762341	0.437086	1.923242	0.000000	0.619923	1.873696	2.212610	1.762451	1.811061	1.784505	1.581996	0.613460	1.068167	1.174980
63	0.253098	-0.221711	0.787152	0.315577	-0.095229	0.881932	0.040251	-0.355857	0.000000	-0.160829	-0.060706	0.035141	1.641729	-0.080051	0.077407	-0.307395	-0.742337	-0.367468	-0.193008	-0.092027
64	0.598364	0.398228	2.193804	1.643171	0.871725	1.551669	1.777690	-0.236483	2.119050	0.000000	0.334522	2.000327	2.127188	1.488603	2.021870	0.830835	0.340423	-0.168390	1.099767	0.903854
65	0.329819	0.025459	0.707972	0.321325	-0.191986	0.601888	0.023630	-0.106286	0.104650	0.132600	0.080384	0.197913	1.382666	0.061828	0.074210	0.000000	-0.089880	-0.056532	-0.710577	-0.210585
66	0.295368	0.136923	0.814491	0.964553	-0.220318	0.635648	0.716852	0.242850	0.786353	0.000000	0.130101	0.783152	0.817825	0.489547	0.862441	0.371577	0.417291	0.245490	0.241439	0.445281
67	0.481018	0.069995	0.533180	0.799309	-0.142522	0.000000	0.172300	0.763084	0.977937	0.493258	0.454148	0.404945	0.709579	0.691476	0.911011	0.535731	0.594929	0.733436	-0.092634	-0.146977
68	0.394560	0.022921	0.944908	0.744558	-0.035915	0.837774	0.670926	0.266759	1.201153	0.000000	0.038955	0.922126	1.652502	0.646838	1.103758	0.647234	0.699033	0.349233	-0.351321	0.135373
69	0.167666	0.128380	0.355285	0.339897	0.377394	0.201914	0.352599	0.459304	0.319944	0.419028	0.387117	0.398295	0.000000	0.302738	0.378820	0.247935	0.363254	0.349115	0.365628	0.459791
70	0.221796	-0.113152	0.624339	0.689734	-0.163281	0.000000	0.096838	0.604369	0.716205	0.487776	0.276843	0.006150	1.444554	0.377800	0.577258	0.205213	0.583599	0.769907	-0.221672	0.080667
71	0.928717	0.539943	1.547933	1.681145	0.528846	1.291600	1.374301	0.098034	1.780529	0.000000	0.556680	1.541274	1.402188	1.518673	1.817811	1.352057	1.053814	0.261951	0.996776	0.917587
72	-0.138577	-0.177748	0.997129	0.652723	-0.060979	0.000000	0.387520	0.375563	0.757875	0.278743	0.139152	0.635824	1.657021	0.399327	0.565398	0.469462	0.636603	0.407653	-0.562782	-0.070823
73	1.146940	0.726010	1.708187	1.708173	0.651043	1.552013	1.551014	0.000000	1.763126	0.257446	0.726947	1.690565	1.728941	1.600547	1.720979	1.639862	1.496370	0.376035	0.914815	1.079076
74	-0.057674	-0.090916	0.879845	0.506457	-0.040931	0.834578	0.000000	0.308792	0.648328	0.067883	0.120031	0.765058	1.957523	0.257165	0.417267	0.357730	0.687634	0.231915	-0.251348	-0.102791
75	1.007445	0.702416	1.406545	1.733078	-0.334773	1.637409	0.655417	-0.464536	1.820356	-0.184580	0.000000	1.392036	1.650043	1.282433	1.864918	1.296764	1.059662	0.218270	-0.289471	-0.074558
76	0.239469	0.033281	0.447230	0.338619	0.085188	0.212375	-0.162717	0.792121	0.344636	0.156450	0.189796	0.279878	1.459848	0.085451	0.000000	-0.098253	-0.330076	0.843411	0.270328	0.131062
77	0.465200	0.618650	0.625930	0.463587	0.830012	0.723764	0.490179	0.802889	0.550954	0.715206	0.738620	0.585849	0.000000	0.440266	0.596265	0.631511	0.889551	0.821734	0.881138	0.855302
78	-0.168261	-0.685597	-1.139859	-0.702879	-0.527539	-0.844131	-0.668541	0.259023	-0.173864	0.000000	-0.072810	-0.852159	0.618278	-0.476855	-0.123886	-0.601967	-0.658065	0.087292	-0.320960	-0.467669
79	0.000000	0.393148	0.723278	-0.110448	1.078124	0.226077	0.802626	0.720137	0.989981	0.840306	0.666207	0.717191	1.735915	0.292130	0.997119	0.063453	0.331145	0.538982	1.131550	1.043989
80	1.031882	0.709196	1.923733	1.845970	0.787226	1.649503	1.666977	0.000000	1.864811	0.591402	0.750445	1.573113	2.057885	1.434467	1.836035	1.394783	0.745567	0.212591	0.919636	1.079371
81	1.047380	0.349728	1.346107	0.902729	0.390813	1.590111	0.826618	0.644403	0.972461	0.544270	0.635768	1.169811	2.199891	0.945533	0.842882	1.154667	0.988143	0.671718	0.000000	0.369039
82	2.188632	1.350446	2.928830	2.765723	1.242791	2.827902	2.551052	0.809083	2.604497	0.000000	1.053509	2.643512	2.199926	2.488174	2.645699	2.776167	2.493324	1.118338	1.817900	1.904414
83	0.464454	-0.027816	1.684970	0.827696	0.000000	0.777621	0.732230	0.118246	1.014997	0.280937	0.334091	1.239372	2.125655	0.716737	0.834293	0.915101	0.763156	-0.075766	0.118244	0.183350
84	1.979931	1.409921	3.100110	2.999459	1.207949	2.661972	2.417678	0.000000	2.665593	0.299670	0.843005	2.812409	2.584669	2.517372	2.631310	2.670458	2.365944	0.943107	1.548402	1.602071
85	0.730613	0.115574	1.005771	0.799518	0.000000	1.112793	0.693959	0.391157	0.727899	0.385077	0.386899	0.764933	1.965238	0.706603	0.605132	0.749466	0.717635	0.485025	0.303159	0.293705
86	0.505860	0.125031	0.436095	0.684648	0.450165	0.398688	0.368768	1.038930	0.435106	0.648412	0.535517	0.000000	1.942914	0.448934	0.518886	0.508473	0.922572	1.098961	0.468248	0.541351
87	1.413299	0.961272	3.318075	3.323180	1.330426	2.602477	2.705076	0.313559	2.926969	0.472855	0.845282	2.910065	2.988376	2.841169	2.897302	2.344198	1.708692	0.000000	1.886657	1.874754
88	0.263904	0.234398	0.375456	0.173064	0.554442	0.459791	0.289931	0.559026	0.098611	0.275506	0.068669	0.388969	1.551123	-0.211904	0.144578	0.000000	-0.070258	0.363851	0.602428	0.679745
89	-0.475072	-0.169415	0.287565	-0.088135	-0.112636	0.257614	-0.030170	-0.449417	-0.100170	-0.391089	-0.162077	0.240971	-0.274835	0.000000	0.031313	-0.091594	-0.064481	-0.471118	-0.010794	-0.122604
90	-0.026069	-0.097471	-0.283859	-0.266669	0.154157	0.205606	0.068560	0.404679	0.329896	0.205986	0.138646	0.056818	1.365917	0.000000	0.430361	0.062928	0.229765	0.377441	0.025849	0.139380
91	0.708997	0.005236	-0.644261	0.602089	-0.430270	1.097137	-0.315198	0.906282	1.521631	0.556695	0.000000	-0.017497	2.111555	0.391763	1.414920	0.734874	0.902114	1.095625	-0.624924	-0.406100
92	-0.248547	0.916588	1.170857	0.852279	2.103577	0.000000	1.458563	2.012830	1.396404	1.859150	1.197249	0.870435	2.188578	0.724874	1.626212	-0.100338	1.332665	1.741166	1.963935	2.214283
93	2.420977	2.499691	3.479701	3.298599	3.302134	0.000000	3.383104	3.435771	3.471483	3.534538	3.176764	3.383301	3.409672	3.293036	3.718297	2.618448	2.904022	3.099785	3.353014	3.480206
94	2.368488	1.786532	2.962162	2.959678	0.000000	3.034992	2.454309	1.762987	2.834053	1.752153	1.942096	2.779047	3.057073	2.873181	2.646041	2.895154	2.817391	2.157933	1.543146	0.859254
95	4.224593	3.218372	4.855732	4.585256	1.554784	4.683657	3.177033	2.065923	4.345931	2.686672	3.232771	4.253601	3.987314	4.365912	3.927797	4.516233	3.905551	2.622924	1.983289	0.000000
96	2.086469	0.606963	2.867541	2.000744	-0.867906	2.666421	1.235971	0.874845	1.578329	0.000000	0.272745	2.273598	3.199525	1.372065	1.434003	2.039340	1.779316	1.101182	0.090974	-0.138513
97	0.464956	0.000000	1.680862	1.285927	-0.531577	0.621656	0.483926	1.064529	1.757448	1.179229	0.805450	1.259594	1.208296	1.284956	1.601062	0.741286	1.083516	0.580052	-0.888627	-0.724612
98	0.254435	0.523411	1.350651	1.030170	0.395262	1.052708	0.221585	0.667977	-0.175753	0.364178	0.240798	0.523693	2.036093	0.000000	-0.444822	0.267673	0.590401	0.771157	0.421398	0.399695
99	-0.253864	0.176879	0.502373	0.474790	0.384317	0.354469	0.155123	-0.118751	-0.098858	-0.179952	0.000946	-0.158488	0.000000	-0.078921	-0.099922	-0.086438	0.011447	-0.236077	0.387311	0.489444
100	0.139114	0.689235	1.353466	1.161220	0.546895	0.000000	0.706191	1.099079	0.840233	0.645215	0.598235	1.002302	1.980810	0.792159	0.784463	0.638828	1.091930	1.169561	0.764199	0.714569
101	0.435619	0.547884	0.346599	0.606669	0.388491	0.629949	0.307690	0.567304	0.621458	0.247821	0.540118	0.503313	0.000000	0.609780	0.729753	0.418823	0.465476	0.629279	0.334558	0.391292
102	0.734318	0.956009	0.626659	0.441720	1.200158	0.900225	0.990167	1.162164	1.228032	0.963301	1.066642	0.991741	0.000000	0.742279	1.434639	0.786909	0.978460	1.119757	1.341093	1.356556
103	0.205051	0.094666	-0.316620	-0.052096	0.270433	-0.254230	0.111297	0.490483	0.614047	0.396012	0.419433	-0.066756	0.586745	0.265066	0.657806	0.000000	0.033792	0.401437	0.175876	0.261826
104	0.025753	-0.030496	-0.243899	0.000000	0.295676	-0.169529	0.199787	0.307610	0.464828	0.141058	0.144985	-0.019746	0.585259	0.053035	0.509416	-0.114811	-0.049793	0.164824	0.336830	0.411713
105	0.156353	0.146176	0.158473	0.322523	0.248499	-0.050359	0.027171	0.332238	0.000000	0.172175	0.267431	0.022889	0.051404	0.087706	0.109127	0.166827	0.246453	0.313261	0.354909	0.280408
106	0.000000	-0.028245	0.120828	0.302604	0.054068	-0.302951	0.079769	0.189402	0.343015	0.003375	0.145643	-0.053726	0.456543	0.156502	0.337271	0.077096	-0.004147	0.172106	0.151660	0.172335
107	1.163799	0.972222	1.363019	1.344845	0.720113	1.533744	1.238071	1.270781	1.373882	0.952506	1.035998	1.371129	1.601267	1.130542	1.474196	1.281760	1.299233	1.287513	0.000000	0.785025
108	0.231830	0.172509	1.067407	0.629621	-0.097390	0.827543	0.214883	0.096528	-0.043535	-0.063849	-0.129490	0.629395	1.741490	0.000000	-0.152483	0.419253	0.411885	0.201170	0.022539	-0.009470
109	0.329581	-0.066092	1.231275	0.684560	-0.687159	0.950835	-0.124689	-0.125490	-0.347501	-0.893608	-0.480558	0.337514	0.000000	-0.145341	-0.375952	0.535620	0.752558	0.343697	-0.031097	-0.176923
110	-0.032951	0.488366	1.363312	0.958460	0.790728	0.000000	1.053802	0.100544	0.938250	0.231496	0.430537	0.745506	1.468899	0.345623	0.961253	0.654275	0.866643	-0.068511	0.877051	1.047218
111	0.194598	0.144340	1.855005	1.350936	0.159141	1.389154	0.473987	0.184637	0.190428	0.506906	0.136404	0.969195	1.795285	0.434284	0.033815	0.738224	0.613474	-0.009652	0.000000	0.082579
112	0.426200	0.893779	1.967957	1.717116	1.443583	1.675442	1.712249	0.516285	1.606872	1.016637	1.166845	1.595281	2.038523	1.482193	1.581121	0.234096	0.000000	0.278721	1.623116	1.647324
113	2.047356	1.305730	2.463401	2.582303	1.476569	2.760685	2.677524	0.094851	2.787572	-0.609759	0.947064	2.433476	2.509241	2.552700	2.792422	2.669941	2.114970	0.000000	2.323063	2.330000
114	1.732792	1.291630	1.487532	1.779696	1.821833	2.043381	1.572395	1.388828	1.820723	1.863112	1.722696	0.000000	2.591581	1.519003	1.509398	1.114001	1.392744	1.386977	1.837146	1.972906
115	2.415833	1.963961	2.436741	2.710708	2.092268	2.651007	2.599157	0.366250	2.762742	1.628770	2.077874	2.483031	1.779882	2.698725	2.902008	2.442583	1.926417	0.000000	2.398963	2.384479
116	0.495602	0.380909	0.592797	0.000000	0.487596	1.080737	0.651850	0.147540	0.691189	-0.007178	0.238853	0.792980	1.735637	0.394859	0.807789	0.796425	0.726565	0.232600	0.630380	0.501627
117	1.401470	1.036592	1.000717	1.326957	1.565910	0.000000	1.363712	1.709530	1.710238	1.605756	1.643568	1.033182	1.714960	1.492287	1.864547	1.206059	1.255980	1.611124	1.761550	1.646637
118	0.606735	1.114718	1.261230	1.703815	1.656660	0.957643	1.414968	1.764728	1.627761	1.890448	1.605331	0.835456	1.855537	1.484673	1.529174	0.000000	0.586848	1.554394	1.690148	1.724583
119	0.852418	0.290501	0.238906	0.594027	0.829725	0.000000	0.638409	1.061631	0.955809	0.788109	0.805181	0.223240	1.650125	0.642767	1.085353	0.807863	0.858319	1.101773	0.908621	0.872877
120	0.604767	0.171020	0.455469	0.000000	0.750026	1.126344	0.650100	0.546331	1.347460	0.814968	0.693787	0.615690	1.628018	0.470536	1.345979	0.449574	0.259000	0.236770	0.732292	0.573314
121	0.869197	0.276162	0.798598	0.625873	0.565184	1.222620	0.697993	-0.293361	0.851303	0.000000	0.177294	1.020114	1.867462	0.524867	0.604669	1.055516	0.747754	0.123426	0.113906	0.456536
122	2.288119	1.751379	2.732326	2.704271	0.000000	2.635400	1.594284	2.040072	2.764546	2.272652	2.119876	2.279781	2.576340	2.603540	2.545117	2.341155	2.236735	2.023146	0.312637	-0.047390
123	0.338413	0.247087	2.240120	1.961905	-0.427499	1.502361	0.552525	0.411852	0.288843	0.073737	0.213928	1.645070	2.160775	1.002780	0.000000	0.874116	0.900768	0.334333	0.330000	-0.166507
124	1.593461	1.023568	2.334462	1.951370	0.273142	1.913566	1.600317	1.359019	1.179849	0.895342	0.952865	1.923141	2.074573	1.398118	1.139185	1.707273	1.706923	1.481621	0.000000	0.862983
125	0.273464	0.008700	-0.100584	0.288264	0.810776	0.608531	0.174418	0.714315	-0.016895	0.486930	0.518621	0.000000	2.345285	0.129406	0.106491	-0.073988	0.242974	0.739628	0.841120	0.819855
126	0.396937	0.387326	0.996144	0.501785	0.309808	1.317112	0.599928	-0.193377	0.506354	-0.507843	-0.041457	1.020274	0.598448	0.496511	0.672135	0.747180	0.528576	0.000000	0.220211	0.289012
127	0.064924	0.047579	0.190131	0.122920	0.136251	0.201716	0.134010	0.472557	0.104266	0.121885	0.116920	0.110510	1.924139	0.073309	0.273160	0.000000	0.255157	0.557752	-0.014732	0.071855
128	0.330880	0.193922	0.000000	-0.146951	0.474958	0.445546	0.552433	0.759000	0.845774	0.444931	0.349178	0.590385	2.045989	0.155501	0.932869	0.243186	0.189370	0.643047	0.506218	0.470625
129	0.780322	0.593425	1.616274	1.624426	-0.091376	1.351802	1.195216	0.374385	1.697628	0.000000	0.140646	1.469977	1.936584	1.138300	1.794758	1.053161	0.962864	0.561409	-0.302042	0.202148
130	-0.180779	-0.425941	-0.088798	-0.093693	-0.468525	0.000000	-0.339442	-0.083243	0.382449	0.203626	0.179087	-0.034835	0.632014	0.134524	0.378251	-0.197525	-0.233969	-0.287682	-0.609861	-0.595855
131	0.280431	-0.179213	0.317574	0.268365	-0.084772	0.000000	0.191643	0.252814	0.624073	0.202927	0.264150	0.275432	0.487256	0.460623	0.598538	0.357949	0.375492	0.223049	-0.158283	-0.049510
132	0.338557	-0.022101	0.082782	-0.130779	0.093982	0.541982	0.331059	-0.047043	0.606896	0.000000	0.144653	0.473058	0.754435	0.181593	0.600062	0.351670	0.246340	-0.049737	0.030278	0.095847
133	0.082456	-0.017133	0.959840	0.860379	0.101773	0.000000	0.799866	0.696476	1.177213	0.680944	0.648774	0.784212	0.470781	0.931275	1.168280	0.558363	0.804301	0.472323	-0.120324	0.222098
134	0.490133	0.000000	0.377626	0.582491	1.142650	0.679637	1.207793	1.094084	1.388765	1.050506	0.925282	0.731091	0.851812	0.931756	1.543484	0.583549	0.899724	0.740641	1.471516	1.379934
135	0.079650	-0.377487	0.017943	-0.059768	-0.001568	0.000000	0.003436	0.030378	0.263590	0.006121	0.091553	-0.016682	0.211323	0.034906	0.288488	0.040104	0.074361	0.059615	-0.002719	0.073942
136	0.078679	-0.275358	0.022502	0.075336	-0.014623	0.032628	-0.036101	0.120423	0.117121	0.000000	0.081412	-0.005137	0.051258	0.013251	0.093311	-0.073638	-0.085621	0.047278	0.065306	-0.007291
137	-0.001292	-0.185755	0.219658	0.216485	-0.082832	0.062888	-0.060909	0.119453	0.000000	0.044524	0.053783	0.008493	0.169062	0.024964	-0.039051	-0.015555	-0.015708	0.036791	-0.039126	-0.080002
138	0.195730	-0.067922	-0.034920	0.120365	0.138010	0.044149	0.106898	0.233239	0.359056	0.152167	0.250413	0.000000	0.369035	0.192337	0.394753	0.104097	0.193163	0.199882	0.177659	0.219186
139	-0.173913	-0.371747	-0.061563	0.057045	-0.308979	-0.088010	-0.107413	-0.230868	0.123304	-0.254843	-0.150106	-0.100871	-0.090595	-0.025494	0.000000	-0.168970	-0.162830	-0.222443	-0.291142	-0.221204
140	0.118889	-0.191999	0.090240	0.173274	-0.171105	0.063044	0.008496	0.086003	0.216229	0.009501	0.045629	0.039313	0.262263	0.142972	0.170924	0.000000	0.049048	0.033955	-0.133759	-0.099589
141	0.111101	-0.082808	0.019410	0.166827	0.057586	0.006810	0.130525	0.156913	0.319941	0.114114	0.170754	0.023335	0.030342	0.198159	0.316646	0.000000	0.044070	0.048106	0.106554	0.127270
142	-0.139177	-0.392123	-0.014319	0.000000	-0.200452	-0.142225	0.034808	-0.119035	0.141137	-0.182161	-0.117859	-0.039676	0.286874	0.005080	0.127669	-0.135947	-0.146482	-0.163744	-0.095766	-0.093922
143	-0.014138	-0.357330	-0.026998	0.049351	-0.154376	0.000000	-0.007577	-0.137389	0.223032	-0.117403	-0.013258	-0.031806	0.180581	0.051218	0.233608	-0.035161	-0.021329	-0.120938	-0.150526	-0.042178
144	0.094564	-0.206575	0.017710	0.168017	-0.024721	0.066695	0.156449	0.010818	0.328159	0.018831	0.100660	0.074018	0.000000	0.180119	0.341634	0.034406	0.005063	0.003314	0.060265	0.088028
145	0.098983	-0.116245	-0.009640	0.150797	0.036070	-0.015674	0.129498	0.135404	0.335287	0.091832	0.143736	0.007421	0.149871	0.191461	0.329731	0.000000	0.054740	0.061409	0.068006	0.105443
146	0.046784	-0.208555	-0.047418	0.075649	-0.047718	-0.034862	0.097244	0.066197	0.306180	0.005094	0.061591	0.026144	0.073871	0.163463	0.278394	0.000000	0.037377	0.027163	-0.017935	0.022463
147	0.172910	-0.083466	0.108055	0.190344	0.189047	0.143112	0.288104	0.213824	0.464035	0.165249	0.259026	0.148480	0.000000	0.236188	0.474502	0.111410	0.151194	0.198257	0.274867	0.301933
148	0.100007	-0.086537	-0.099960	0.134418	0.123583	-0.016632	0.179431	0.235816	0.427021	0.218248	0.247055	0.015253	0.169333	0.219117	0.390534	0.000000	0.055930	0.114236	0.154413	0.199020
149	0.191237	-0.162591	0.162712	0.288616	0.053097	0.000000	0.201973	0.167037	0.450835	0.154978	0.199538	0.129896	0.145556	0.271195	0.422808	0.165189	0.210459	0.160536	0.079382	0.190977
150	-0.242390	-0.463957	-0.124672	-0.002537	-0.340288	-0.302005	-0.134658	-0.154003	0.000000	-0.207970	-0.140397	-0.208316	-0.338989	-0.102715	-0.004428	-0.245224	-0.239014	-0.242068	-0.253701	-0.211684
151	0.062663	-0.230138	-0.073173	0.028952	-0.023825	0.007972	-0.008704	0.056626	0.206252	0.000000	0.118107	-0.026547	-0.055137	0.027997	0.189185	-0.046131	-0.057955	-0.028646	0.078037	0.051974
152	0.133199	-0.161891	0.124713	0.161521	-0.049534	0.344960	0.093983	-0.039830	0.267885	-0.005584	0.000000	0.137624	0.090356	0.176462	0.224244	0.119667	0.067153	0.018221	-0.063697	0.016650
153	-0.028579	-0.168149	0.182400	0.125534	-0.154861	0.218782	-0.157230	-0.034429	-0.133827	-0.066313	-0.046956	0.006040	0.077031	-0.035750	-0.160571	0.000000	-0.013150	-0.040934	-0.267907	-0.160955
154	0.031955	-0.048629	0.526530	0.398342	0.283717	0.508854	0.433722	0.183157	0.334318	0.143301	0.167146	0.489970	0.000000	0.383793	0.410992	0.396974	0.438364	0.146664	0.334001	0.242749
155	0.902269	0.646060	1.772702	1.597607	0.998119	1.754332	0.847628	0.032263	0.000000	0.574149	0.662586	0.946546	1.610178	0.636297	0.033639	1.017943	0.266099	-0.085511	1.108880	1.148936
156	2.273411	0.954738	1.915875	2.367860	1.015770	2.641352	2.036303	0.093601	2.663310	0.000000	0.979580	2.284523	2.283689	2.292040	2.721064	2.566920	1.561506	0.389875	1.745332	1.566900
157	2.538182	2.323712	3.203415	3.173955	0.987682	2.991200	1.756470	2.239407	3.350712	2.463464	2.535595	2.699234	3.176220	2.985792	2.908265	2.634550	2.382860	2.243106	0.718661	0.000000
158	2.004289	1.067842	2.723758	2.367734	0.544337	2.438561	1.644740	-0.062223	2.496603	0.780865	1.213255	2.417042	2.543426	2.187345	2.405656	2.105633	1.353866	0.000000	1.512050	0.790535
159	2.758133	2.236802	3.422503	3.180296	1.485100	3.170130	2.522749	2.684039	2.781145	2.527062	2.374722	3.071937	3.434506	2.861175	2.523538	2.943791	3.008214	2.688369	0.000000	1.309886
160	0.000000	-0.323292	0.530663	0.338802	-0.088262	0.728952	-0.070182	-0.282085	-0.077162	-0.185589	-0.020775	0.160113	2.053574	0.030060	-0.163812	-0.063473	0.093762	-0.352924	0.084567	-0.165237
161	0.027760	-0.207412	0.151780	0.264380	-0.107440	-0.213278	-0.111613	0.615707	0.000000	0.162429	0.172765	-0.431760	1.103080	0.028566	0.075096	0.183203	0.467049	0.540236	0.064648	-0.116578
162	0.841922	0.240843	0.000000	0.456483	0.695906	-0.187123	0.564440	1.475888	1.082312	0.912034	0.822329	0.197635	2.073043	0.654828	1.113980	0.807943	1.020696	1.473793	0.681354	0.672984
163	0.147884	0.473121	1.031615	0.719392	0.659965	0.439027	0.507576	0.914394	0.046659	0.706104	0.451069	0.618167	2.350740	0.300696	0.000000	0.451590	0.778641	0.735216	0.669001	0.616018
164	0.350615	0.211153	1.604609	1.750338	0.703627	1.458001	1.629930	-0.127721	1.669261	-0.901608	0.220122	1.678028	0.000000	1.561532	1.982276	1.398082	1.198606	-0.169879	1.387464	1.248414
165	0.373299	-0.130604	0.849969	0.000000	0.211374	1.165710	0.566972	-0.269275	0.485160	0.213217	-0.040366	0.845636	2.230086	0.199026	0.448479	0.560853	0.184360	-0.523871	0.341277	0.207207
166	0.473378	0.196187	1.286679	0.400966	-0.623221	1.164920	0.266743	0.000000	0.485279	-0.582144	-0.015694	0.974112	0.491918	0.419945	0.427351	1.010048	0.995468	0.138499	-0.014222	-0.641530
167	2.644334	1.965019	2.224124	2.370176	1.142861	2.890135	2.128186	2.033543	3.076380	2.033427	2.171492	2.568280	2.899477	2.578929	2.961212	2.672016	2.558080	1.967868	0.000000	0.915477
168	0.510008	0.194402	0.279806	0.000000	0.300235	0.690815	0.263142	0.526251	0.623950	0.282744	0.409276	0.333236	0.781606	0.316617	0.739167	0.331551	0.114888	0.449382	0.323115	0.202840
169	0.393667	0.056944	0.257234	0.131537	0.331466	0.000000	0.205349	0.961054	0.469827	0.413797	0.364908	0.253708	1.953417	0.191192	0.567536	0.475095	0.542514	0.965901	0.482329	0.395256
170	0.317222	0.174549	0.214686	0.000000	0.259983	0.908653	0.349001	0.238359	0.578682	0.229472	0.375542	0.486409	0.254951	0.392075	0.662603	0.421616	0.330979	0.198674	0.143078	0.231121
171	0.746824	0.659025	1.252341	0.685136	0.420007	1.362010	1.054981	0.196525	1.414728	0.109271	0.341784	1.323717	0.000000	0.917444	1.444721	1.164199	0.897533	0.214778	0.137818	0.589810
172	0.802201	0.566272	0.730138	0.667610	0.828022	1.048982	0.915592	0.771747	1.039158	0.711211	0.788956	0.883339	0.000000	0.814341	1.109556	0.841538	0.935895	0.768334	0.933620	0.869857
173	0.295637	0.000000	-0.035255	0.263125	1.083948	0.651770	0.902011	1.015214	1.218748	0.788593	0.696505	0.434500	0.380423	0.651561	1.372414	0.453158	0.757848	0.680041	1.294685	1.290481
174	0.047235	-0.256314	-0.143642	-0.042454	-0.189976	0.172063	-0.128149	-0.041627	0.158650	0.000000	0.155740	-0.295259	0.065602	-0.012101	0.150743	-0.215916	-0.264928	-0.157857	0.071203	-0.154714
175	0.026580	-0.020075	0.141640	0.030584	0.129577	0.250835	0.170452	0.173045	0.189307	0.027911	0.159228	0.207685	0.000000	0.080313	0.244172	0.135259	0.136325	0.146046	0.207979	0.200562
176	0.098430	-0.012612	0.075490	0.123255	0.177115	0.294344	0.183462	0.172646	0.237228	0.186501	0.283788	0.174882	0.000000	0.163014	0.262068	0.161382	0.188129	0.121108	0.259650	0.248855
177	-0.153752	-0.206945	-0.196808	0.054707	-0.093242	-0.128044	-0.073726	0.005023	0.098018	-0.038621	0.046463	-0.166830	-0.047534	-0.047287	0.000000	-0.169528	-0.108512	-0.058957	-0.054055	-0.003866
178	0.145873	-0.066713	0.000000	0.267328	0.178935	0.115048	0.230503	0.262747	0.446637	0.172283	0.268940	0.141598	0.301119	0.247961	0.425238	0.147361	0.165895	0.181657	0.235560	0.302385
179	0.144354	0.007914	-0.109196	0.161811	0.202765	0.008899	0.126599	0.351388	0.396952	0.319449	0.342020	-0.037370	0.226402	0.221257	0.350248	0.000000	0.097715	0.226628	0.197894	0.244466
180	-0.065277	-0.258125	-0.256021	-0.011021	0.008382	-0.174957	-0.074161	0.088466	0.119093	0.000000	0.117298	-0.159085	-0.169523	-0.027498	0.083122	-0.190644	-0.153818	-0.083946	0.038203	0.074970
181	0.136195	0.047190	-0.076802	0.084918	0.204171	0.124579	0.109116	0.380962	0.366880	0.357610	0.391136	0.000000	0.566247	0.201070	0.331936	0.050162	0.148107	0.226834	0.106990	0.265633
182	-0.088859	-0.180627	-0.137728	0.002117	-0.099775	-0.158420	0.002667	-0.116586	0.204876	-0.016844	0.072569	-0.069373	-0.067674	0.000000	0.173068	-0.082866	-0.073484	-0.193519	-0.106135	-0.014454
183	0.052266	-0.088837	-0.018092	0.079306	-0.131493	0.026017	-0.034436	0.021761	0.284540	0.033308	0.099547	0.051520	0.343176	0.104575	0.232301	0.000000	0.018609	-0.107703	-0.154463	-0.091894
184	0.104702	-0.207724	0.065062	0.139488	-0.034144	0.083801	0.032251	-0.004026	0.229672	0.000000	0.154749	0.075963	0.016678	0.088222	0.180939	-0.006560	-0.056116	-0.097607	-0.029105	0.008698
185	0.252259	0.032673	0.308605	0.425559	0.194766	0.215220	0.225823	0.309966	0.319601	0.210453	0.292769	0.212204	0.272499	0.312730	0.285230	0.000000	0.131214	0.228823	0.171516	0.241922
186	0.117628	-0.267717	0.960300	0.850320	-0.182835	0.246040	-0.262476	0.360291	-0.469034	0.026268	-0.089285	0.071719	0.094277	0.000000	-0.814827	0.241095	0.259417	0.379871	-0.023163	-0.164001
187	-0.233548	-0.295600	0.000000	0.163518	-0.081189	-0.061218	0.109600	-0.381970	0.298765	0.189068	-0.045540	-0.031084	0.642713	-0.257566	0.378083	-0.625784	-0.987643	-0.651312	-0.163124	0.060285
188	1.269499	0.305411	2.257982	1.822539	0.432626	1.953675	1.022611	-0.210921	0.845319	0.000000	0.362914	1.850796	2.270440	1.265098	0.847776	1.591250	1.221382	0.147662	0.547758	0.383983
189	0.827907	0.155327	0.626814	0.619262	-0.099765	1.115437	0.233923	0.243758	0.614857	0.567094	0.521042	0.437806	1.780970	0.533617	0.441979	0.381898	0.000000	0.230882	-0.250008	-0.192186
190	0.485328	-0.098829	2.046949	1.706019	0.680630	1.738375	1.709066	-0.419648	1.578182	-0.284687	0.000000	1.900554	1.977457	1.498519	1.515022	1.313967	0.595464	-0.536898	1.218490	1.070971
191	0.000000	0.234075	0.614878	0.301802	0.286397	0.767954	0.238045	0.468250	0.039236	0.174475	0.246748	0.417182	0.103196	0.185081	0.190709	0.314594	0.442122	0.358486	0.438525	0.344263
192	0.132683	0.367492	1.018140	0.052587	0.672674	0.923255	0.789045	0.256341	0.717694	0.310689	0.358877	0.996615	0.000000	0.361108	0.853220	0.466199	0.494827	0.067034	0.851416	0.751347
193	1.718082	0.912331	1.615412	1.886507	1.262917	0.000000	1.432857	2.258598	1.929996	1.612085	1.537939	1.312566	2.803411	1.743652	1.982972	1.725202	1.979783	2.243134	1.355857	1.396553
194	0.142928	0.289298	0.380457	0.487879	0.789021	0.406434	0.708712	1.100615	0.782569	1.108322	0.467286	0.764598	2.554350	0.519518	0.810220	0.000000	0.358574	0.810241	0.715232	0.852377
195	0.749213	-0.133625	0.908358	1.115878	0.411878	1.226894	0.825793	0.172534	1.117332	0.523127	0.559846	0.644873	1.583895	0.969889	0.975913	0.452980	0.000000	0.215488	0.174141	0.409451
196	1.768522	0.963566	3.258873	3.141482	0.564322	2.591012	2.526879	-0.090260	2.851644	0.000000	0.576472	3.111009	3.304551	2.742272	2.777086	2.641362	2.156372	0.340597	1.146388	1.411723
197	1.173866	0.228357	1.920643	1.157744	0.459771	1.558771	1.048708	0.636741	0.987860	0.689344	0.600002	1.666890	2.493452	1.020852	0.911050	1.123795	0.921556	0.666840	0.000000	0.557312
198	2.158317	1.248842	2.956648	2.912972	0.507861	2.434897	2.462371	0.660136	2.753983	0.000000	0.553773	2.885358	2.807598	2.625041	2.800486	2.709270	2.466814	1.276347	1.556859	1.523013
199	0.146534	0.139130	0.599175	0.157051	0.321620	0.709098	0.383130	-0.016992	0.458152	-0.051939	0.040184	0.240026	0.023355	0.008006	0.287749	0.000000	-0.103985	-0.024871	0.568830	0.409413
200	0.601611	0.000000	1.578761	1.582653	0.216863	1.329602	1.507533	1.045163	2.209718	0.643915	0.659202	1.616598	1.775010	1.743772	2.097187	1.125359	1.342318	0.938457	0.750459	0.662023
201	-0.112751	-0.368238	1.046861	0.650534	-0.700453	0.000000	-0.578601	0.134837	-0.429553	-0.443868	-0.360338	-0.424696	0.890142	-0.075449	-0.886489	0.005067	0.219045	0.313830	-0.364870	-0.575667
202	0.079714	0.017090	0.622203	0.451465	-0.266685	0.659415	0.229485	0.046600	0.353230	-0.291031	-0.099558	0.402989	0.531840	0.295326	0.238410	0.342793	0.420390	0.000000	-0.000466	-0.047575
203	0.168544	0.258700	0.471675	0.342097	0.014763	0.698866	0.445997	0.406267	0.745926	0.219517	0.312970	0.660900	0.000000	0.536481	0.804060	0.472377	0.682844	0.493891	0.169061	0.120882
204	0.070600	0.141410	0.332690	0.353032	0.241655	0.175256	0.337257	0.238738	0.358144	0.082712	0.121838	0.252163	0.000000	0.312413	0.434447	0.236709	0.293553	0.184299	0.496014	0.446393
205	0.091923	-0.313029	0.000000	0.332413	-0.452066	0.054732	-0.087282	0.593240	0.477190	0.092175	0.100529	-0.121010	1.486146	0.239668	0.447080	0.135117	0.280941	0.544732	-0.273105	-0.277003
206	-0.059338	0.022462	0.331212	-0.113834	-0.196833	0.408924	-0.167067	-0.074509	0.346077	0.127844	-0.150471	0.114233	0.697351	-0.222026	0.282774	0.000000	-0.137153	-0.218790	-0.359878	-0.286135
207	0.514533	0.520389	1.659829	1.526884	-0.116834	1.366231	0.396123	0.115285	0.848472	-0.108543	0.220642	1.351720	1.597378	0.686221	0.975016	1.049291	0.760484	0.000000	-0.200732	0.074340
208	0.360817	0.882493	0.558474	1.042052	1.160537	1.028335	0.975981	1.533144	1.343036	1.633043	1.287074	0.251387	1.092234	1.073703	1.339339	0.000000	1.042335	1.359859	1.099232	1.093508
209	0.184067	0.117801	0.515508	0.556522	-0.269092	0.494898	0.050670	-0.107932	0.196518	-0.237781	-0.061614	0.130831	1.297756	0.137971	0.000000	-0.122064	-0.025931	0.069268	-0.333930	-0.230578
210	1.847653	1.360176	2.042457	2.100636	1.114640	0.000000	1.861730	1.867513	2.185753	1.576459	1.616600	2.044576	2.376454	2.113725	2.190429	2.153174	2.177628	1.922977	1.171044	1.351938
211	0.169346	-0.003777	0.548972	0.329450	-0.147882	0.680069	0.064322	0.058362	0.194897	-0.083482	0.009346	0.270998	0.000000	0.180326	0.161340	0.219686	0.240560	0.005505	-0.482473	-0.249683
212	1.024520	0.858337	2.377780	2.122655	0.453384	2.055283	1.717735	-0.286380	2.188191	0.000000	0.418964	2.001149	2.451082	1.708872	2.100323	1.674302	0.889202	-0.158090	1.061452	0.995574
213	0.772897	0.629040	2.250272	1.860609	0.921118	1.595693	0.977073	0.921697	1.669979	1.398412	1.079693	0.949570	3.084724	1.268467	1.525418	0.000000	0.015472	0.555639	0.845908	0.847640
214	1.932078	1.505572	2.701493	2.678277	0.971975	2.415046	2.501714	1.473567	2.742082	1.331122	1.496344	2.862924	2.606749	2.598031	2.679537	2.633006	2.495036	1.394084	0.000000	1.384619
215	-0.273209	-0.759476	0.998928	0.076059	-1.221854	0.603482	-0.339871	-0.978575	-0.850907	-1.568691	-1.466377	0.278934	1.994125	-0.699864	-1.228345	0.175660	0.000000	-0.987437	-1.036626	-1.041853
216	0.225419	0.510696	2.339457	1.749739	-0.640056	1.398164	0.000000	-0.395652	0.534000	-0.723086	-0.538615	1.383888	2.140809	0.399144	0.305502	0.887975	1.286983	0.060789	-0.719200	-0.309879
217	1.313386	0.565387	1.918596	1.367282	-0.272809	2.050824	0.708643	-0.161758	1.752502	0.050182	0.202740	1.701546	2.898717	1.282378	1.476996	1.573002	1.282444	0.000000	-1.015362	-0.665520
218	0.985075	0.790887	0.693066	1.700013	1.020917	0.469919	0.000000	1.560152	1.284855	1.014088	1.173402	0.113745	2.186545	1.113588	1.022236	-0.212114	-0.061204	1.664491	1.164163	0.906160
219	1.125024	1.079568	1.810964	1.954612	1.241165	1.687059	1.468503	0.940356	1.769759	1.139295	1.239601	1.767774	0.000000	1.736465	1.771183	1.420804	0.897850	0.551827	1.339658	1.314606
220	-0.079395	-0.362862	-0.096867	0.056290	-0.496218	-0.028054	-0.341250	0.330783	0.000000	-0.129019	-0.145077	-0.309249	1.965829	-0.101204	-0.004656	-0.164575	-0.243948	0.282089	-0.507045	-0.640727
221	1.119331	0.840895	1.305013	1.006408	1.014430	0.000000	1.151731	1.649959	1.464525	1.375549	1.250703	1.336386	2.491767	1.280690	1.576703	1.263605	1.431411	1.488670	1.339286	1.097894
222	-0.072359	-0.188066	0.143483	-0.085271	-0.140071	0.477676	-0.015043	0.038821	0.019189	0.184846	0.083348	0.091886	0.000000	0.032701	0.043733	-0.101047	-0.066807	-0.093010	-0.576232	-0.185365
223	0.283184	-0.149071	0.955931	0.360542	-0.249454	0.872293	0.112748	-0.522451	0.000000	-0.327699	-0.237898	0.632018	1.373136	-0.014485	-0.108986	0.457884	0.030259	-0.601476	-0.068757	-0.063777
224	-0.059471	-0.541477	0.084198	-0.139537	-1.046699	0.524100	-0.525367	-0.672417	-0.042872	-0.925689	-0.595861	-0.194071	0.312348	-0.300745	-0.120943	0.000000	-0.348017	-0.559477	-1.144791	-0.907257
225	1.430833	0.956448	2.041104	2.105595	0.890014	2.128833	1.882457	0.468756	2.103460	0.000000	0.704955	1.964959	2.112509	1.827123	2.103070	1.843322	1.523461	0.817432	1.010262	1.281692
226	0.208628	0.338535	1.663953	1.622951	0.633978	0.935634	1.582186	0.151762	1.631214	0.000000	0.474958	1.583724	1.732813	1.463113	1.568797	0.909622	0.887292	0.249131	1.122000	1.091612
227	0.432286	0.481275	0.685289	0.322409	-0.062733	0.879486	0.222800	0.479045	0.954710	0.568705	0.382320	0.343395	1.971325	0.075847	0.884995	0.000000	0.216670	0.540986	-0.620721	-0.182704
228	0.635925	0.607028	1.728208	1.557014	0.542464	1.306376	1.502102	0.090165	1.760806	0.000000	0.231267	1.641958	1.779056	1.200234	1.796250	1.009179	0.764959	0.159919	0.781388	0.950895
229	1.027708	0.435993	0.265252	0.000000	0.308651	1.466744	0.714206	0.570420	1.587210	0.457238	0.602901	0.784116	2.026028	0.732126	1.528989	0.732308	0.689813	0.768647	0.103661	0.288700
230	1.267303	1.060072	1.741790	2.321657	0.441586	1.884779	1.675448	0.204542	2.407286	0.000000	0.474787	1.792699	2.108340	1.800493	2.556447	1.473035	1.456697	0.582142	0.096467	0.789868
231	-0.371337	-0.035787	-0.512428	-0.189879	0.174462	-0.342768	-0.207971	0.520095	0.000000	0.075195	0.015014	-0.222802	0.451924	-0.201552	-0.018659	-0.748320	-0.703930	0.329907	0.341686	0.214242
232	0.235662	0.368351	0.000000	0.195101	0.631872	0.477606	0.542447	0.792134	0.806924	0.705669	0.607160	0.571636	0.248115	0.498335	0.926718	0.445906	0.646391	0.641961	0.608305	0.715613
233	1.376338	0.848112	0.000000	1.011688	1.268019	0.713613	1.242806	1.669281	1.964227	1.562582	1.489923	0.514727	1.765912	1.450752	1.950485	0.825001	0.891055	1.674714	1.057201	1.256599
234	-1.125828	-0.767921	-0.240716	-0.119964	-0.903623	-0.430118	-0.406160	-0.883447	0.061239	-0.760062	-1.042186	-0.238788	-0.273071	-0.399203	0.000000	-0.675758	-0.609815	-0.859306	-1.659853	-1.074836
235	1.477793	1.315864	1.480087	1.763227	1.431906	1.977488	1.640770	1.137853	1.732220	1.108022	1.284199	1.705319	0.000000	1.637038	1.977992	1.637892	1.719260	1.364841	1.635439	1.628953
236	0.000000	-0.148225	-0.327789	-0.040999	-0.159534	0.315572	-0.014279	0.415604	0.507979	0.251824	0.120470	-0.055154	0.215165	0.157992	0.493839	0.210967	0.322946	0.388724	-0.076607	-0.064267
237	1.667040	1.570274	2.289366	2.263949	1.768740	1.886796	1.566781	1.614409	0.980642	1.972660	1.674016	1.669296	2.111194	1.648840	0.000000	1.722104	1.497888	1.636724	1.810024	1.752412
238	0.427102	0.239545	0.000000	-0.072086	0.423860	0.869055	0.498372	0.479399	1.148920	0.578959	0.494195	0.543608	0.779868	0.411840	1.044965	0.357808	0.015822	0.314263	0.220265	0.407071
239	0.733637	0.499865	1.195300	0.988931	-0.474862	1.137946	0.973774	-0.190347	1.618453	0.026387	0.000000	1.296198	1.211245	1.132509	1.618309	1.136492	1.002487	0.213381	-0.157386	0.048837
240	1.407755	0.652726	1.206763	1.229360	0.627512	1.784154	1.103064	0.874135	1.495112	0.928338	0.820893	1.304947	2.344647	1.034977	1.315217	1.100022	0.662078	0.967732	0.000000	0.764228
241	1.244241	1.039354	1.998346	2.136415	0.722997	1.890479	1.824960	0.068866	2.092283	0.402194	0.893257	1.988002	2.045247	1.935364	2.155493	1.950030	1.709236	0.000000	1.260749	1.276302
242	0.676069	-0.041151	0.773096	0.692115	-0.244442	1.009100	0.272565	-0.117331	0.470384	-0.023092	0.000000	0.540325	1.593493	0.508492	0.250412	0.630733	0.483215	0.097465	-0.221142	-0.061700
243	0.177227	0.165961	-0.063249	0.000000	0.445788	-0.111909	0.297237	0.712101	0.452915	0.286858	0.309394	0.130205	0.884821	0.129995	0.457768	0.382028	0.571976	0.781355	0.384199	0.521658
244	0.006170	-0.145401	-0.179163	0.261376	0.271868	-0.420484	0.260155	0.803393	0.682689	0.738553	0.366286	-0.278710	0.768428	0.152898	0.716796	-0.347740	0.000000	0.621078	0.090920	0.216224
245	-0.366316	-0.514298	0.354433	0.093363	-0.477757	0.000000	-0.209706	-0.340780	-0.040246	-0.278161	-0.427914	0.005256	1.679683	-0.298326	-0.034319	-0.572094	-0.342470	-0.340821	-0.524831	-0.441592
246	2.439266	1.468292	2.674350	2.705216	1.209213	2.897703	2.589267	0.771911	2.651779	0.000000	1.092559	2.620618	2.350018	2.628284	2.690592	2.679020	2.175187	1.129452	1.866317	2.004364
247	1.374122	0.127948	2.348704	1.173813	-0.278790	2.181587	0.493077	-0.321587	0.950285	0.000000	0.165459	1.583554	2.838523	0.859742	0.627003	1.357790	0.908167	-0.083755	-0.557938	-0.434152
248	2.501794	1.740877	2.824288	2.846094	1.063004	2.448862	2.623969	-0.287691	2.571707	0.000000	0.925273	2.734161	2.620543	2.646055	2.694142	2.661408	2.451068	0.969718	2.008231	2.253566
249	1.522992	0.931544	1.514750	1.205369	1.314547	1.746449	1.312644	1.170361	1.734568	1.025030	1.208497	1.442149	0.000000	1.444226	1.763724	1.447830	1.341456	1.258584	1.425417	1.253359
250	0.101282	-0.176141	0.480737	0.531746	-0.033842	0.150897	-0.043421	0.395577	0.042912	0.313520	0.093527	-0.257814	1.680115	0.016837	0.000000	0.268604	0.283214	0.262758	0.323988	0.038391
251	0.000000	0.637790	3.076594	3.149657	2.119276	1.967686	2.584514	0.776350	2.715657	1.223720	1.472648	2.674240	1.796807	2.666039	2.782833	1.211633	0.949733	-0.044167	2.611148	2.256059
252	0.467007	0.494711	1.044974	0.883245	0.838426	0.383754	0.573787	0.945267	0.260240	0.637513	0.286789	0.706969	2.448624	0.205758	0.147091	0.417676	0.000000	0.574340	1.057110	0.775818
253	0.000000	0.376058	0.982978	0.639144	0.330620	0.837190	0.431019	0.204177	0.109546	0.038929	0.156949	0.836486	0.013122	0.382165	0.173740	0.591576	0.709873	0.221454	0.482889	0.467116
254	-0.156153	0.343027	0.105160	-0.012187	0.496171	0.383383	0.339835	0.487839	0.162478	0.276048	0.208280	0.268631	1.799600	0.000000	0.327842	0.096627	0.313765	0.452767	0.579307	0.528582
255	2.200350	1.739236	0.000000	2.095963	1.661116	2.682830	1.676683	3.012333	3.162835	2.614660	2.265335	1.623208	3.607209	2.499809	3.181199	1.891136	2.360654	3.139471	1.139765	1.528527
256	0.000000	0.763608	1.266166	0.415870	1.365629	0.718696	0.920546	1.375756	0.805072	1.425191	0.789863	1.124566	1.873904	0.295973	0.849370	0.345514	0.702693	1.033652	1.440681	1.384546
257	2.661299	2.392602	3.125618	3.232456	3.108851	0.000000	2.938705	3.452903	2.992006	3.416595	2.944153	2.925336	3.664898	3.002719	3.177969	2.678828	2.856347	3.188142	3.109204	3.150983
258	0.840761	-0.229799	0.741423	0.649666	-0.361745	1.636947	0.137064	-0.819410	0.000000	-0.571028	-0.306506	0.256753	1.187506	0.213810	-0.035520	0.416403	-0.350666	-0.602694	-0.200837	-0.269472
259	4.297916	3.761443	4.588776	4.440020	1.947694	4.453096	3.220723	3.321392	4.517220	3.635020	3.822788	4.247716	4.010216	4.441990	3.918820	4.487689	4.282248	3.654013	2.253039	0.000000
260	2.230726	1.743702	2.943764	2.410836	0.268387	3.027236	1.353370	1.192226	2.588616	1.545382	1.540743	2.474487	3.641707	2.100291	2.354216	2.013051	1.524842	1.410278	0.465398	0.000000
261	0.813395	0.000000	1.330942	1.197912	0.649332	1.547814	1.674474	0.597019	1.820702	0.750568	0.829705	1.546235	1.818273	1.547872	1.915468	1.108164	1.035036	0.351438	1.000590	0.923411
262	0.239353	0.054603	1.349961	0.988614	0.121716	0.891811	0.000000	-0.098329	-0.030719	-0.067542	-0.048316	0.512641	2.378142	0.065068	-0.135132	0.096939	0.030738	-0.031825	0.299176	0.250335
263	0.180878	-0.105598	0.870045	0.847183	-0.253930	0.688791	0.131837	-0.427286	0.177938	-0.470226	-0.204077	0.298339	1.463125	0.258680	0.000000	0.006917	-0.027214	-0.215476	-0.135953	-0.151722
264	1.016227	0.735333	1.111349	1.167562	0.875379	0.000000	1.198146	1.463501	1.537944	1.147805	1.155018	1.219057	1.854501	1.373966	1.540042	1.264982	1.513329	1.403361	1.073867	1.052384
265	0.325606	0.023140	0.015598	0.168825	0.270229	0.071316	0.118685	0.386537	0.163410	0.377494	0.394166	0.000000	0.487139	0.249721	0.282949	0.080123	0.253080	0.359044	0.320794	0.403940
266	0.746397	0.103797	1.029602	0.886238	0.005949	1.252721	0.425873	0.019211	0.509467	0.000000	0.183645	0.789491	1.977100	0.559869	0.481044	0.697065	0.513078	0.209279	0.153424	0.069165
267	0.701141	-0.072828	1.417650	1.009694	-0.232942	1.424882	0.608706	-0.286742	0.565631	-0.247918	-0.061711	1.088183	1.772566	0.649854	0.467916	0.468175	0.000000	-0.100552	-0.169347	-0.113540
268	1.222663	0.642146	2.417771	1.700426	0.305289	2.352165	1.082849	0.115604	0.745795	0.127071	0.000000	1.751262	3.281601	0.836562	0.736338	1.545686	1.154722	0.276598	0.542596	0.521477
269	0.088971	-0.245944	0.964659	0.187475	-0.984615	0.873378	-0.091441	-0.355978	0.531335	-0.366137	-0.278350	0.537561	0.840733	0.234495	0.397139	0.000000	-0.167538	-0.373852	-1.355790	-1.154611
270	2.805648	1.794528	3.384883	3.300293	0.000000	3.536897	2.600717	1.301934	3.235507	1.556024	1.717340	3.303590	3.099718	3.218646	3.112048	3.159285	2.668592	1.656668	1.061663	0.688928
271	0.735274	0.194536	1.349098	0.876638	-0.294747	2.099913	0.000000	-0.303958	0.483698	-0.270558	-0.033572	0.735999	3.300671	0.445605	0.256211	0.478740	0.229006	0.106283	-0.313822	-0.297624
272	3.708650	2.493136	3.440539	3.705126	2.517032	3.928001	3.861831	0.811748	3.961057	0.000000	2.048221	3.821300	3.320833	3.934274	4.145786	3.858100	3.344238	0.827671	3.541553	3.542975
273	1.044497	0.306319	1.043059	0.000000	0.728740	1.887988	0.586896	-0.159745	0.866720	0.386215	0.355829	1.163468	3.541357	0.358984	0.926890	0.873650	0.581398	-0.103529	0.814294	0.609433
274	3.120893	2.266782	3.013409	3.232790	1.925778	3.205434	2.952542	0.000000	3.264493	1.583576	2.192615	3.088165	2.816392	3.320142	3.361865	3.070076	2.629628	0.157907	2.518076	2.410996
275	0.271966	0.095303	0.715016	0.325902	0.068150	0.805603	0.198449	-0.579735	0.243295	-0.426248	-0.121819	0.508292	1.499433	0.253127	0.263856	0.320261	0.000000	-0.454161	0.188137	0.093817
276	0.000000	0.328092	0.634011	0.372337	0.488086	0.657558	0.352063	0.291800	0.204348	0.252069	0.319478	0.560485	-0.231812	0.291637	0.347276	0.345450	0.419374	0.165116	0.625361	0.548636
277	0.823290	0.731233	1.615556	1.358084	0.762969	1.134359	0.932366	0.546819	0.442102	0.458087	0.686869	0.956797	1.215961	0.927393	0.000000	0.982838	0.814880	0.510527	0.910123	0.773860
278	0.558951	0.123491	0.060352	0.541769	0.405802	0.637105	0.275665	0.465871	0.462879	0.398867	0.529462	0.009325	0.000000	0.489286	0.516748	0.192648	0.333503	0.489172	0.208784	0.462271
279	-0.102402	-0.114609	0.101636	0.073794	-0.246056	0.117024	-0.208560	0.102728	-0.254568	-0.031568	0.018959	0.052573	0.030035	-0.092790	-0.276050	0.009639	0.017447	0.000000	-0.508243	-0.297910
280	0.734133	0.566871	1.471598	1.395805	0.190906	1.057794	1.042694	0.214649	1.234611	0.000000	0.673856	1.483915	1.101858	1.339199	1.285614	1.129525	0.990581	0.502898	-0.185209	0.392532
281	0.889278	0.483971	1.244803	0.923860	0.703466	1.288771	0.843199	0.403666	0.727574	0.260374	0.628718	1.260369	1.570578	0.799622	0.703751	1.128184	0.874361	0.577805	0.000000	0.666636
282	0.550309	0.408932	0.454970	0.463618	0.268624	0.832252	0.000000	0.453050	0.525624	0.665245	0.631273	0.387927	1.477747	0.520884	0.250920	0.527746	0.579010	0.498073	-0.222886	-0.167439
283	1.412641	0.875122	1.785472	1.745997	0.676069	1.802307	1.281066	1.041000	1.484994	0.838720	1.173216	1.593722	2.314638	1.580536	1.430432	1.566740	1.417957	1.326448	0.000000	0.724963
284	1.181955	0.745628	2.069961	1.845656	0.778371	1.707080	1.548066	0.318759	1.782516	0.000000	0.651420	1.814148	1.881666	1.633077	1.813130	1.404379	1.202984	0.671638	0.457808	0.839698
285	0.714625	-0.009879	1.011504	0.672368	-0.139292	0.919939	0.267244	0.088494	0.427920	0.000000	0.263941	0.615052	1.506630	0.518059	0.439310	0.526995	0.371975	0.185485	-0.246944	-0.063627
286	0.294737	-0.140669	0.402399	0.162836	-0.015819	0.181731	-0.041981	0.182836	0.030496	0.139210	0.266155	0.082223	0.756331	0.132480	0.000000	0.191580	0.198816	0.143235	0.107654	-0.044744
287	0.108880	-0.444733	0.476690	0.036885	-0.366151	0.275144	-0.576054	-0.015237	-0.233069	-0.407651	-0.273162	-0.220184	0.999786	-0.236088	-0.257408	0.043904	0.000000	0.058973	-0.444579	-0.483730
288	0.830629	0.092829	1.089642	1.067733	0.324726	0.000000	0.304624	0.936040	0.597254	0.553910	0.656996	0.540184	1.292064	0.719160	0.639117	0.879266	1.086257	1.084060	0.149695	0.363504
289	0.444214	0.199091	1.001335	0.945756	0.247790	0.000000	0.642780	0.672372	0.971682	0.358003	0.536105	0.832133	0.984487	0.823178	1.076613	0.680111	0.808829	0.771531	0.075669	0.382233
290	1.289108	0.826973	1.609515	1.673157	0.848355	1.340759	1.360999	1.185902	1.627570	1.115452	1.276581	1.604762	1.599394	1.631906	1.644056	1.502847	1.508982	1.289938	0.000000	0.851186
291	-0.283216	-0.384579	0.717804	0.519808	-0.512342	0.040874	0.051965	-0.601082	0.000000	-0.745107	-0.318308	0.427587	0.484846	0.201394	0.083522	0.277552	0.185891	-0.379347	-0.608782	-0.436844
292	0.219795	-0.081431	0.758012	0.757794	-0.174223	0.369650	0.335713	-0.128042	0.587260	-0.225081	0.092288	0.642866	0.533300	0.621719	0.582294	0.479810	0.449628	0.000000	-0.539178	-0.143739
293	-0.586404	-0.785968	0.435327	0.363292	-1.019492	-0.274320	-0.182376	-1.173875	0.207444	-1.169917	-0.724187	0.266551	0.236469	0.185715	0.190783	0.000000	-0.140541	-0.969598	-1.204590	-0.883151
294	0.000000	-0.193712	1.206423	0.964503	-0.239774	0.520100	0.555089	-0.260629	0.879336	-0.492643	-0.113739	0.988907	1.317769	0.736661	0.907144	0.632553	0.526549	-0.030667	-0.487677	-0.135133
295	0.127297	-0.250549	1.140420	0.985996	-0.326893	0.431312	0.460143	-0.152944	0.742384	-0.430129	-0.059179	0.874399	1.397917	0.719932	0.713047	0.570691	0.549780	0.000000	-0.682406	-0.342013
296	-0.441182	-0.611164	0.898566	0.709217	-0.909512	-0.035899	0.103301	-0.888773	0.461941	-0.976160	-0.567587	0.590039	1.118776	0.438294	0.379982	0.209461	0.000000	-0.626524	-0.952742	-0.747277
297	0.639790	0.372570	1.680613	1.588726	0.331548	1.003240	1.179654	0.137558	1.505615	0.000000	0.483392	1.588409	2.075131	1.398920	1.474088	1.111381	0.887573	0.305437	0.219183	0.488263
298	0.000000	-0.255331	1.319742	1.093278	-0.425118	0.350240	0.530435	-0.225236	0.791767	-0.446665	-0.157169	0.963384	1.576822	0.734397	0.738362	0.581434	0.470632	-0.030838	-0.524478	-0.293815
299	0.569870	0.246838	1.745600	1.680391	-0.111285	0.895598	1.154166	0.150670	1.381058	-0.013070	0.313522	1.492026	1.954376	1.340618	1.336203	1.141629	0.895373	0.325818	0.070486	0.000000
300	0.825660	0.400556	2.205783	1.983430	0.247447	1.134513	1.400032	0.228294	1.633481	0.000000	0.516452	1.852806	2.275801	1.645110	1.569561	1.392663	1.129986	0.461958	0.288473	0.453445
301	0.607331	0.205871	2.000151	1.757218	0.069296	1.017142	1.300587	0.000000	1.720049	-0.046414	0.316930	1.739636	2.140352	1.514086	1.635941	1.295891	1.076913	0.290166	0.137390	0.322789
302	0.651764	0.298209	1.805059	1.716014	0.000000	0.889686	1.275890	0.461426	1.453782	0.165675	0.536615	1.657819	1.940895	1.548744	1.397812	1.219205	1.196595	0.629344	0.185726	0.341505
303	0.413269	0.000000	1.761382	1.483888	-0.237751	0.675429	0.904935	-0.040744	1.192804	-0.162157	0.068398	1.390650	1.648438	1.173351	1.088635	0.978024	0.902663	0.051314	-0.103414	0.087548
304	0.915101	0.409345	2.259420	2.106825	0.238856	1.404407	1.483457	0.141573	1.907283	0.000000	0.553964	2.063132	2.198462	1.854187	1.800613	1.581372	1.263374	0.346578	0.271472	0.441426
305	0.332005	0.000000	1.945728	1.810220	-0.227031	0.740221	1.165781	-0.161580	1.596829	-0.301922	0.014278	1.723683	1.965481	1.507625	1.497325	1.071633	0.944808	-0.037098	-0.126761	0.099742
306	-0.473762	-0.797187	0.818568	0.462022	-0.999786	-0.078086	-0.092648	-0.964289	0.084079	-1.059358	-0.797139	0.374158	0.872793	0.141777	-0.021040	0.000000	-0.135462	-0.841215	-0.974523	-0.832696
307	0.815432	0.288511	1.896414	1.727441	0.070901	1.208083	1.140782	0.172391	1.467230	0.000000	0.423750	1.673728	2.054006	1.455672	1.324349	1.286582	1.035773	0.383421	0.074855	0.252412
308	0.231629	-0.151940	1.088336	0.966424	-0.344374	0.559868	0.464428	-0.151025	0.756619	-0.382112	-0.084616	0.892678	1.104272	0.726168	0.665501	0.678960	0.600305	0.000000	-0.467565	-0.223304
309	-0.148842	-0.519753	1.060336	0.972812	-0.752112	0.000000	0.304700	-0.554812	0.705542	-0.680529	-0.386250	0.687723	1.263901	0.659933	0.607939	0.371257	0.270091	-0.301988	-0.683978	-0.486991
310	0.532947	0.030426	1.698980	1.556502	-0.436082	0.868315	0.807184	0.000000	1.286381	-0.117162	0.163840	1.396811	1.865863	1.218064	1.106274	1.032478	0.888258	0.322860	-0.436952	-0.315831
311	0.749499	0.220949	1.693411	1.476823	0.010408	1.212690	0.939472	0.221989	1.356776	0.000000	0.405098	1.503376	1.663316	1.290803	1.215296	1.193169	1.064932	0.480680	-0.143203	0.060761
312	-0.336753	-0.600140	0.842134	0.752739	-0.708174	0.209253	0.000000	-0.559399	0.419084	-0.684916	-0.410251	0.601826	0.702881	0.458252	0.231991	0.206986	0.177453	-0.392569	-0.787727	-0.603292
313	0.695911	0.172978	1.882245	1.661512	-0.098025	1.184866	1.029378	0.245889	1.329867	0.000000	0.330185	1.630459	1.983466	1.345548	1.139371	1.188016	0.998578	0.397797	-0.165615	0.001911
314	-0.773953	-1.099066	0.607191	0.409111	-1.473484	-0.128005	-0.397305	-1.269603	0.107414	-1.352058	-1.039142	0.251322	0.634178	0.000000	-0.126454	-0.130412	-0.348375	-1.029568	-1.607136	-1.406559
315	-0.071640	-0.439107	0.952269	0.901089	-0.738677	0.320639	0.053841	-0.520399	0.307387	-0.556068	-0.263147	0.591340	1.045071	0.512329	0.000000	0.391677	0.204917	-0.250108	-0.901304	-0.772537
316	0.000000	-0.314880	0.888371	0.624861	-0.621598	0.563524	0.026419	-0.103068	0.280518	-0.301645	-0.203439	0.512106	1.192134	0.314630	0.090037	0.392737	0.371014	0.069097	-0.816523	-0.605749
317	0.616389	0.171108	1.313196	1.126569	0.061555	1.065632	0.673719	0.246502	0.822635	0.000000	0.307587	1.018518	1.572267	0.919027	0.614976	0.847236	0.798401	0.483138	-0.119320	0.094623
318	-0.082934	-0.390228	0.515591	0.355653	-0.583122	0.246494	-0.048151	-0.061301	0.066801	-0.315131	-0.306103	0.307913	1.021449	0.123343	-0.087518	0.139794	0.232460	0.000000	-0.737381	-0.554483
319	0.253740	0.013630	0.799179	0.640592	0.168422	0.615527	0.345606	0.198491	0.174009	0.000000	0.167881	0.571616	1.228513	0.417602	0.031429	0.404164	0.448875	0.330818	0.072202	0.168355
320	0.182015	-0.061861	0.849380	0.736246	-0.204348	0.566610	0.189210	0.211039	0.273743	-0.015565	0.155104	0.599639	1.254903	0.495714	0.000000	0.443636	0.504194	0.427211	-0.396053	-0.261955
321	0.242334	-0.144342	1.012214	0.881193	-0.194336	0.621173	0.213077	0.098705	0.319688	-0.151750	0.043165	0.594989	1.164509	0.529536	0.000000	0.516296	0.553699	0.354182	-0.430830	-0.206186
322	0.192579	-0.102960	0.839546	0.746884	-0.119542	0.524571	0.137622	-0.068860	0.000000	-0.198002	0.005415	0.446686	1.043813	0.357802	-0.165110	0.439356	0.422295	0.174733	-0.261103	-0.142225
323	0.268310	0.043300	0.923352	0.868246	-0.010757	0.551653	0.226385	0.136953	0.298435	0.013493	0.147574	0.549225	1.110638	0.482840	0.000000	0.536294	0.577890	0.363860	-0.209512	-0.047085
324	0.070313	-0.039850	0.461254	0.396392	0.115634	0.337719	0.207617	0.162393	0.000000	-0.009975	0.099857	0.299468	0.713053	0.209051	-0.040683	0.262872	0.398186	0.317252	0.054822	0.169448
325	0.163219	-0.087381	0.485388	0.475545	0.087805	0.322253	0.203530	0.083748	0.185084	-0.012779	0.086054	0.299608	0.544568	0.283968	0.000000	0.298135	0.403282	0.269371	-0.019371	0.114351
326	0.160282	-0.205482	0.262840	0.374241	0.097505	0.215441	0.104345	0.134673	0.055528	0.017086	0.000000	0.103733	0.359560	0.173049	-0.053177	0.169566	0.339984	0.349528	0.012423	0.171842
327	-0.210201	-0.366331	0.013883	0.002893	-0.161927	-0.007025	-0.140311	-0.139519	-0.137858	-0.211467	-0.177441	-0.113429	0.185753	-0.111555	-0.195536	-0.120717	0.000000	-0.052853	-0.246897	-0.142409
328	-0.053876	-0.429965	0.000000	0.252579	-0.197879	0.039021	-0.038396	-0.035621	-0.087375	-0.082207	-0.055235	0.009446	0.233242	0.056992	-0.140287	-0.009649	0.089329	-0.002482	-0.250450	-0.144752
329	0.271403	-0.076677	0.440511	0.466743	0.251411	0.313267	0.264332	0.308236	0.156484	0.348615	0.320259	0.308821	0.000000	0.291890	0.090407	0.280147	0.322301	0.350525	0.198070	0.296070
330	-0.103960	-0.384073	0.138719	0.164222	-0.086641	-0.140688	-0.108087	0.049162	-0.075401	0.020412	0.017082	-0.036478	0.007801	0.017410	-0.179098	-0.071743	0.000000	0.058136	-0.170924	-0.103378
331	0.092284	-0.232888	0.282458	0.343626	0.032218	0.132999	0.133063	0.034562	0.153579	0.048066	0.116273	0.154950	0.111116	0.193814	0.000000	0.191849	0.239622	0.105101	-0.028600	0.063485
332	0.087481	-0.202423	0.257200	0.320623	0.064473	0.150006	0.147251	0.060150	0.159989	0.112431	0.142271	0.162802	0.176261	0.202093	0.000000	0.194946	0.237283	0.098131	0.024426	0.089045
333	0.315364	-0.206421	0.097522	0.288651	0.000000	0.373556	0.250795	0.308151	0.323677	0.322815	0.363433	0.203350	0.205570	0.339453	0.263551	0.290018	0.370517	0.313637	0.061990	0.211969
334	0.075210	-0.307579	-0.179275	0.026884	0.000000	0.083511	0.105213	0.105579	0.058807	0.121542	0.222144	-0.039406	-0.206827	0.122814	0.079587	0.050065	0.182196	0.140562	0.092554	0.216112
335	-0.012589	-0.327042	0.077700	0.171544	-0.101562	0.086862	-0.008123	-0.074921	0.000000	0.000292	0.069331	-0.008755	0.023649	0.081970	-0.012545	0.039027	0.029793	-0.064571	-0.187144	-0.088403
336	0.052487	-0.433613	0.034488	0.204004	-0.162530	-0.015629	0.001473	0.059029	0.162666	-0.060856	-0.027113	0.025476	0.085121	0.092726	0.092889	0.072572	0.144431	0.000000	-0.258272	-0.120997
337	-0.117379	-0.469917	-0.007869	0.053692	-0.251648	0.077997	-0.044804	-0.034243	0.160047	-0.063219	-0.031211	-0.000494	-0.008941	0.043838	0.109640	-0.004891	0.000000	-0.024829	-0.341990	-0.191368
338	0.114181	-0.264962	0.162522	0.250027	-0.064983	0.234122	0.197632	-0.024517	0.311313	0.019746	0.104034	0.196905	0.000000	0.246194	0.307683	0.168321	0.158281	0.018429	-0.019707	0.064887
339	0.063152	-0.343579	0.083320	0.166315	-0.069427	0.092544	0.151403	-0.068870	0.183994	-0.029191	0.040923	0.102589	0.000000	0.155819	0.184666	0.098938	0.049886	-0.055172	-0.016733	0.035075
340	0.233232	-0.171910	0.054525	0.225512	0.107903	0.109079	0.324756	0.011210	0.385864	0.049335	0.178966	0.212840	0.000000	0.327399	0.412768	0.227285	0.155628	0.068563	0.164701	0.248482
341	0.260760	-0.236184	0.160067	0.350366	0.069677	0.000000	0.313064	0.116460	0.574249	0.164784	0.309140	0.207250	0.374918	0.454359	0.558047	0.336132	0.318805	0.127423	0.118455	0.221585
342	-0.000562	-0.352284	-0.267477	-0.002642	-0.083914	-0.092093	0.069936	-0.118465	0.279962	-0.097027	0.012180	-0.082626	0.019257	0.142109	0.293842	0.000000	0.005910	-0.155582	-0.062646	0.025094
343	0.121627	-0.363380	-0.004174	0.160617	-0.137436	0.000000	0.147287	-0.058408	0.406273	0.003305	0.115787	0.090785	-0.103702	0.266561	0.398526	0.180862	0.160196	-0.032189	-0.138327	0.020713
344	0.138691	-0.255492	0.036883	0.183575	0.048449	0.105400	0.262244	0.048431	0.394543	0.115370	0.183354	0.179428	0.000000	0.279740	0.394942	0.191821	0.163888	0.057585	-0.030541	0.140605
345	-0.129768	-0.470294	-0.222774	-0.048595	-0.235063	-0.104421	0.008788	-0.282350	0.163715	-0.175597	-0.070693	-0.115589	-0.032172	0.000000	0.092459	-0.084890	-0.147805	-0.311146	-0.284877	-0.165380
346	0.068454	-0.385295	-0.125502	0.081201	-0.249810	-0.092447	0.088747	-0.204258	0.325386	-0.204583	-0.057444	0.000000	-0.013941	0.254017	0.336144	0.135858	0.121056	-0.116861	-0.328978	-0.131829
347	-0.106450	-0.507260	-0.073817	-0.044115	-0.195286	0.039347	0.033066	-0.263479	0.187816	-0.142527	-0.036378	-0.004689	-0.083242	0.000000	0.122351	-0.007598	-0.055294	-0.260211	-0.271685	-0.148035
348	0.367662	-0.155872	0.135205	0.323371	0.107213	0.347102	0.295106	0.174698	0.437616	0.228818	0.328005	0.272171	0.035849	0.311166	0.420718	0.370631	0.346611	0.218458	-0.025060	0.000000
349	-0.144611	-0.532281	-0.061138	-0.080713	-0.227333	0.000000	-0.049125	-0.370992	0.161417	-0.191011	-0.119016	-0.014300	0.028828	0.025157	0.112679	0.024380	0.020787	-0.345263	-0.508238	-0.208437
350	0.134278	-0.399476	0.060635	0.093730	-0.148430	0.060634	0.094765	-0.274591	0.208792	-0.232964	-0.043455	0.000000	0.281963	0.160992	0.199115	0.175408	0.115781	-0.201775	-0.200774	-0.115310
351	0.199456	-0.088918	0.228511	0.382874	0.116976	0.207848	0.329461	0.132259	0.466079	0.161965	0.218938	0.299962	0.172007	0.372949	0.437406	0.275067	0.295180	0.000000	0.053621	0.197311
352	0.138151	-0.281078	0.093983	0.256201	-0.026810	0.111747	0.153502	-0.007729	0.327266	0.000000	0.162847	0.179726	0.008323	0.290647	0.271676	0.158386	0.128579	-0.071567	-0.022509	0.018939
353	-0.088673	-0.414272	0.097064	0.127344	-0.392558	0.037421	-0.039431	-0.233364	0.153361	-0.187365	-0.131718	0.092765	-0.105625	0.134109	0.110583	0.000000	-0.004062	-0.282548	-0.384546	-0.311371
354	0.147083	-0.282374	0.192594	0.271071	-0.122044	0.248442	0.213989	0.002070	0.382673	0.000000	0.150820	0.236912	0.163371	0.319504	0.326984	0.161760	0.110001	-0.055031	-0.070683	-0.015394
355	-0.032534	-0.410295	0.011073	0.094019	-0.220238	0.020530	0.111473	-0.196994	0.206115	-0.165548	-0.063097	0.083680	0.000000	0.113093	0.168027	0.052585	0.005286	-0.150911	-0.237760	-0.084137
356	-0.088435	-0.430468	-0.014648	0.103336	-0.309324	-0.064968	0.073258	-0.182359	0.306879	-0.174059	-0.078982	0.063930	0.088653	0.165434	0.259324	0.040679	0.000000	-0.202107	-0.297940	-0.192412
357	-0.086065	-0.552274	-0.139897	-0.025126	-0.220425	-0.099380	0.032589	-0.319442	0.131191	-0.212418	-0.112886	-0.032100	0.000000	0.060448	0.100886	-0.037970	-0.146880	-0.275866	-0.245677	-0.149341
358	-0.141003	-0.438514	0.008630	0.145950	-0.242131	-0.127698	0.056837	-0.119669	0.253054	-0.098902	-0.039148	0.039923	0.168833	0.149450	0.191581	0.032931	0.000000	-0.174591	-0.229988	-0.166044
359	-0.020025	-0.378251	-0.174651	0.025180	-0.178755	-0.202750	0.045833	-0.094985	0.229205	-0.082135	-0.011530	-0.070876	0.109742	0.154001	0.213471	0.000000	0.026646	-0.153629	-0.134783	-0.111130
360	0.054166	-0.459006	0.206466	0.251169	-0.196938	0.000000	0.119274	-0.077292	0.349566	-0.040087	0.047249	0.150445	0.327332	0.259297	0.285819	0.152366	0.131095	-0.095376	-0.191525	-0.058440
361	0.238817	-0.241629	0.108358	0.269684	0.035404	0.233675	0.284109	0.007583	0.369040	0.000000	0.187819	0.173549	0.214909	0.290736	0.317181	0.158753	0.085919	-0.010985	0.096839	0.129874
362	0.030918	-0.405235	0.071192	0.148172	-0.115429	0.000000	0.101797	-0.101272	0.272160	-0.019814	0.064686	0.103280	0.085618	0.186127	0.233277	0.105851	0.099604	-0.106630	-0.174150	-0.009652
363	-0.116100	-0.524742	-0.107597	0.017264	-0.402652	-0.213303	-0.095314	-0.217204	0.119885	-0.250391	-0.172110	-0.091700	-0.091987	0.025938	0.000000	-0.068076	-0.065752	-0.214832	-0.439233	-0.345348
364	0.000000	-0.455058	0.061621	0.172983	-0.256774	-0.007851	-0.077014	-0.107400	0.081424	-0.094449	-0.044008	-0.042723	0.251566	0.052794	-0.005622	0.051914	0.021964	-0.107919	-0.255123	-0.208349
365	-0.109117	-0.434834	0.004017	0.101094	-0.293250	-0.080066	-0.045778	-0.178879	0.061838	-0.078391	-0.026113	-0.041063	0.142407	0.000000	-0.057138	-0.037230	-0.064312	-0.215438	-0.287038	-0.284499
366	0.099279	-0.241741	0.265425	0.403548	-0.062825	-0.019829	0.144491	0.125657	0.177853	0.107509	0.154601	0.170889	0.487632	0.255568	0.000000	0.201967	0.265532	0.078894	-0.066561	-0.031697
367	0.262204	-0.156836	0.311043	0.473447	0.245502	0.212311	0.328347	0.265326	0.211993	0.232812	0.246596	0.277841	0.263401	0.325797	0.145921	0.286545	0.251692	0.196315	0.000000	0.404826
368	0.000000	-0.386558	0.245394	0.279375	-0.247438	0.090762	0.009857	-0.172059	0.116421	-0.120453	-0.034284	0.118810	0.076662	0.137205	0.046268	0.094786	0.038423	-0.170349	-0.254037	-0.177144
369	0.000000	-0.401042	0.210354	0.263486	-0.247613	0.107216	0.045590	-0.146396	0.158031	-0.124769	-0.016216	0.101278	0.284337	0.161370	0.144474	0.104374	0.075860	-0.167093	-0.249883	-0.161581
370	0.003903	-0.492878	0.286214	0.275369	-0.251474	0.000000	0.019548	-0.171734	0.140175	-0.110520	-0.020859	0.104878	0.156770	0.171641	0.078979	0.081231	0.095555	-0.177322	-0.268896	-0.134721
371	0.190925	-0.221619	0.246122	0.342525	0.013667	0.169863	0.182011	0.031703	0.228993	0.000000	0.159963	0.186890	0.136508	0.276193	0.148416	0.124706	0.117795	-0.000103	-0.003695	0.067760
372	0.013296	-0.325503	0.055430	0.091309	-0.032233	0.000000	0.109705	-0.052903	0.287823	0.047408	0.108699	0.075072	0.110303	0.148357	0.291104	0.071412	0.111799	-0.092323	-0.081139	0.080325
373	0.026743	-0.419472	0.013943	0.134375	-0.129344	0.000000	0.127373	-0.068366	0.387923	-0.012035	0.053539	0.061136	0.199354	0.203168	0.406385	0.076514	0.117564	-0.101004	-0.149567	0.013176
374	-0.087970	-0.373240	-0.091039	0.062442	-0.101804	-0.051592	0.060834	-0.073377	0.238212	-0.068016	0.017585	-0.012423	0.039502	0.138162	0.230154	0.002615	0.000000	-0.116573	-0.136522	-0.029678
375	0.000000	-0.473644	0.029274	0.110976	-0.260492	0.151301	0.078362	-0.198234	0.302569	-0.203511	-0.080376	0.056086	0.247255	0.152600	0.284484	0.089665	0.030183	-0.171950	-0.267154	-0.133099
376	-0.156528	-0.665841	-0.044340	-0.039796	-0.361638	-0.137259	0.005355	-0.296808	0.179436	-0.298417	-0.215714	-0.012470	0.000000	0.036462	0.159708	-0.052432	-0.086715	-0.289570	-0.377324	-0.239060
377	-0.088306	-0.447005	-0.053016	0.032607	-0.224314	-0.153154	0.004812	-0.114494	0.175628	-0.139244	-0.078617	0.005583	0.044886	0.117861	0.169015	0.000000	0.069397	-0.167493	-0.223371	-0.135249
378	0.246423	-0.211244	-0.020949	0.144304	0.028847	0.270471	0.248122	0.117430	0.482840	0.034660	0.204310	0.149649	-0.026716	0.271191	0.448689	0.268423	0.308533	0.197150	0.020489	0.000000
379	-0.062078	-0.431793	0.003369	0.056721	-0.107868	0.000000	0.062760	-0.127589	0.309022	-0.041573	0.026356	0.021929	0.443388	0.139457	0.275325	0.085909	0.125817	-0.144683	-0.167234	-0.025721
380	0.247273	-0.266586	-0.026910	0.144524	-0.098576	0.198276	0.208911	-0.114619	0.438345	-0.120149	0.073949	0.000000	0.206751	0.278182	0.483469	0.164597	0.165612	-0.018860	-0.112168	0.052435
381	-0.025841	-0.259095	-0.134058	-0.046517	0.077343	0.097232	0.166592	-0.174202	0.278192	-0.005209	0.081812	-0.031172	0.000000	0.091224	0.318941	-0.022087	-0.040721	-0.149722	0.029785	0.165171
382	-0.066641	-0.417052	-0.194056	0.026439	-0.256463	-0.133586	-0.046774	-0.101999	0.230295	-0.094638	-0.026167	-0.105986	-0.025661	0.137824	0.210151	0.000000	0.059354	-0.155887	-0.293834	-0.200708
383	-0.045461	-0.386976	-0.110325	0.125110	-0.245994	0.014243	0.031785	-0.163924	0.312657	-0.163187	-0.034827	-0.027109	0.234251	0.225313	0.299046	0.000000	0.024928	-0.194755	-0.227819	-0.155155
384	0.045615	-0.360937	0.000000	0.273827	-0.223341	-0.045175	0.202486	-0.046136	0.472637	-0.070694	0.065621	0.138381	0.235957	0.322970	0.469541	0.145116	0.110627	-0.105522	-0.137138	-0.092631
385	0.041319	-0.275215	0.028192	0.355762	-0.205650	-0.138817	0.143345	0.117062	0.417756	-0.026567	0.041321	0.085040	0.311157	0.279014	0.375329	0.090537	0.154814	0.000000	-0.138335	-0.083096
386	-0.224412	-0.527264	-0.200234	0.018034	-0.480218	-0.287577	-0.082847	-0.279199	0.146432	-0.203548	-0.134536	-0.151228	-0.056471	0.000000	0.075583	-0.146687	-0.154116	-0.326152	-0.436402	-0.391228
387	0.000000	-0.336925	-0.004647	0.184634	-0.269508	0.034040	0.035936	-0.122621	0.283127	-0.131966	-0.025825	0.019281	0.335954	0.163617	0.275629	0.085824	0.050584	-0.113212	-0.225839	-0.163043
388	-0.046081	-0.429559	0.000000	0.210645	-0.405654	-0.013833	0.052338	-0.202239	0.226680	-0.183459	-0.055407	-0.006863	0.219785	0.186059	0.233467	-0.033022	-0.013602	-0.247436	-0.229418	-0.234960
389	-0.014419	-0.478759	0.297391	0.297310	-0.351101	0.000000	0.153174	-0.227413	0.297060	-0.079491	0.073607	0.156944	0.474397	0.306444	0.314158	0.101306	0.214658	-0.281705	-0.150387	-0.255180
390	0.000000	-0.422693	0.172505	0.268495	-0.354780	0.051198	0.003664	-0.121699	0.246856	-0.125887	-0.033981	0.105774	0.221537	0.203213	0.213042	0.111836	0.097031	-0.148001	-0.288453	-0.267737
391	0.151595	-0.277727	0.076176	0.059310	-0.183547	0.061448	0.138051	-0.040692	0.223953	0.000000	0.163082	0.077982	-0.125348	0.189185	0.214877	-0.082322	-0.038759	-0.117077	0.032538	-0.005895
392	0.109006	-0.381021	0.153506	0.242230	-0.178978	0.000000	0.060833	-0.103531	0.232211	-0.042306	0.064444	0.067936	0.275037	0.223943	0.223040	0.146905	0.147481	-0.095199	-0.107415	-0.031294
393	0.006805	-0.376390	-0.052294	0.152702	-0.197676	-0.012872	0.033900	-0.079890	0.239771	-0.095864	-0.015126	-0.054643	0.055983	0.155098	0.212824	0.000000	0.000697	-0.150878	-0.125146	-0.074339
394	-0.101340	-0.523697	0.006359	0.192743	-0.403616	-0.125424	-0.032001	-0.186593	0.146747	-0.203739	-0.111791	-0.043374	0.058372	0.113307	0.000000	-0.041002	-0.091861	-0.247073	-0.344055	-0.280212
395	-0.012535	-0.408487	-0.049298	0.136548	-0.379725	-0.063013	-0.084100	-0.164598	0.132615	-0.184311	-0.109166	-0.088059	0.023826	0.116252	0.075550	0.000000	-0.006900	-0.264851	-0.295370	-0.247584
396	-0.100685	-0.521097	-0.035477	0.042634	-0.342779	0.028704	-0.041046	-0.264077	0.029032	-0.195379	-0.142111	-0.062027	0.000000	0.018459	-0.017435	-0.077028	-0.159245	-0.299945	-0.298434	-0.222270
397	-0.089873	-0.432925	-0.147818	-0.013096	-0.271845	-0.094550	-0.029654	-0.160350	0.059120	-0.131690	-0.100086	-0.106201	0.000000	-0.004235	0.038290	-0.081515	-0.103274	-0.190591	-0.201428	-0.142168
398	-0.024770	-0.434375	-0.144441	0.006248	-0.178944	0.000000	-0.016439	-0.187720	0.186395	-0.115235	-0.013186	-0.099615	0.239557	0.074350	0.177999	0.007768	-0.006284	-0.179464	-0.181164	-0.040526
399	0.105390	-0.252162	-0.099953	0.163770	-0.153458	0.037022	0.101402	0.085295	0.314003	-0.018616	0.017958	-0.009457	0.134879	0.174236	0.269396	0.062025	0.063272	0.000000	-0.180650	-0.023327
400	-0.042022	-0.439455	-0.177201	-0.020912	-0.286421	0.000000	-0.106638	-0.202050	0.101817	-0.131195	-0.033106	-0.146969	0.103971	0.027108	0.092960	-0.044347	-0.042776	-0.178680	-0.363649	-0.148715
401	-0.140761	-0.386998	-0.281724	-0.087633	-0.311969	-0.168841	-0.129179	-0.128987	0.046841	-0.132230	-0.109465	-0.215636	0.000000	-0.067726	0.059023	-0.188154	-0.173398	-0.128750	-0.344324	-0.201135
402	-0.010008	-0.244139	-0.157207	0.000000	-0.057575	0.021821	0.053405	-0.045339	0.198905	0.004096	0.066420	-0.045731	0.292428	0.081470	0.227017	-0.079240	-0.089656	-0.085516	-0.110029	0.010676
403	0.037331	-0.226239	-0.214829	0.000000	-0.043384	-0.045573	0.026874	-0.006869	0.214884	0.004806	0.079963	-0.088108	0.073583	0.081370	0.244384	-0.056256	-0.044752	-0.011052	-0.159356	0.010326
404	-0.024090	-0.227538	-0.190836	0.000000	-0.002847	-0.096652	0.032424	-0.015777	0.159985	0.056780	0.094828	-0.101446	0.215681	0.047144	0.178001	-0.101240	-0.075487	-0.048019	-0.105844	0.038113
405	-0.092578	-0.277281	-0.247605	0.000000	-0.043191	-0.257339	-0.011043	-0.083592	0.070445	-0.022293	0.025032	-0.174248	-0.006121	-0.000463	0.102744	-0.170326	-0.137067	-0.125333	-0.080389	0.020667
406	0.036642	-0.303651	0.115676	0.152398	-0.107566	0.000000	0.046776	0.061403	0.250537	0.025904	0.039845	0.058761	0.432651	0.145883	0.205448	0.094943	0.215065	0.054696	-0.271675	-0.052603
407	-0.081143	-0.417963	-0.007444	0.000000	-0.187662	-0.063159	-0.010362	-0.014623	0.061557	-0.027777	-0.028667	-0.023582	0.109414	0.025476	0.075389	-0.081227	0.001804	-0.044063	-0.266988	-0.138313
408	0.054741	-0.234568	0.159095	0.178170	-0.031170	0.000000	0.082866	0.020060	0.206782	0.107452	0.142323	0.061739	0.371867	0.173507	0.186566	0.125616	0.219728	0.055514	-0.137621	0.026507
409	0.363192	-0.003961	0.117977	0.285431	0.076345	0.271731	0.254872	0.393097	0.366230	0.279056	0.379380	0.197502	-0.023075	0.298097	0.328747	0.321123	0.436180	0.476590	-0.025513	0.000000
410	0.044802	-0.133591	-0.105805	0.000000	0.087280	0.131996	0.098992	0.064070	0.181090	0.123590	0.172205	0.014800	0.286077	0.104996	0.221541	0.032814	0.094492	0.055267	-0.066091	0.078165
411	-0.070073	-0.295618	-0.106935	0.000000	-0.152716	0.084520	0.078351	-0.027290	0.173756	-0.035919	-0.042170	-0.028659	0.688466	0.035735	0.195188	-0.088871	-0.004551	-0.102372	-0.234497	-0.124670
412	-0.108563	-0.321159	-0.097003	-0.027484	-0.088680	-0.090720	0.030580	-0.183996	0.056426	-0.087159	-0.060541	-0.031666	0.000000	-0.015192	0.076675	-0.070140	-0.076803	-0.115879	-0.245957	-0.074579
413	-0.208770	-0.441011	0.000000	0.205881	-0.373663	-0.251300	-0.129896	-0.227494	-0.096512	-0.244772	-0.240993	-0.061728	0.367429	-0.040492	-0.097121	-0.113764	-0.064708	-0.232709	-0.447318	-0.350087
414	0.137933	-0.027167	0.145080	0.412119	0.119898	0.148767	0.178068	0.176906	0.200906	0.138871	0.156400	0.090003	0.441504	0.255206	0.195756	0.000000	0.017921	0.228957	-0.019268	0.161581
415	-0.271581	-0.496907	-0.162470	0.000000	-0.298350	-0.267075	-0.081338	-0.170159	0.089445	-0.121431	-0.125067	-0.119245	-0.054743	0.012988	0.105540	-0.245247	-0.224488	-0.259644	-0.377744	-0.230019
416	-0.250007	-0.404823	-0.204972	0.000000	-0.272318	-0.334422	-0.109453	-0.185079	0.069320	-0.141755	-0.145675	-0.190613	0.182488	-0.035463	0.085056	-0.282560	-0.232584	-0.234288	-0.280850	-0.192342
417	-0.050907	-0.356819	0.000000	0.260549	-0.283196	-0.293834	-0.009695	-0.213799	0.017424	-0.243063	-0.126532	0.000187	0.231018	0.094645	0.036028	-0.041645	-0.036770	-0.180046	-0.280212	-0.228044
418	0.086571	-0.098521	0.124090	0.191648	0.146183	0.049818	0.152552	0.088457	0.188539	0.090570	0.116646	0.094303	0.384902	0.199715	0.184668	0.000000	0.064684	0.071882	0.085767	0.184466
419	-0.225778	-0.667781	0.052692	0.000000	-0.669895	-0.200554	-0.186932	-0.282300	-0.171517	-0.183247	-0.165515	-0.095415	-0.167184	-0.042858	-0.108542	-0.449999	-0.186773	-0.314107	-0.572424	-0.451712
420	0.292106	-0.013648	0.467918	0.460667	0.000000	0.299990	0.441392	0.274098	0.362401	0.201020	0.260001	0.469261	0.547053	0.435551	0.337754	0.344074	0.423459	0.307377	0.085669	0.213141
421	0.582012	0.116999	0.426335	0.510886	0.092806	0.506602	0.459727	0.400145	0.596592	0.359418	0.463433	0.558788	0.381152	0.580598	0.529976	0.595403	0.604488	0.506544	-0.023273	0.000000
422	-0.053829	-0.165543	0.101469	0.000000	-0.082454	0.052477	-0.009234	-0.126947	-0.011235	-0.016172	-0.083958	0.088695	0.181076	-0.169276	0.020273	0.045198	0.045341	-0.124940	-0.257872	-0.091940
423	0.231240	-0.086099	-0.023488	0.123856	0.006502	0.138289	0.066873	0.136594	0.201206	0.122306	0.209153	0.000000	0.487639	0.200228	0.222969	0.077444	0.177304	0.203131	-0.070951	0.050548
424	-0.124436	-0.317318	0.000000	0.166365	-0.175577	0.005122	0.098576	-0.276319	0.261210	-0.165838	-0.115537	0.129451	0.266201	0.146602	0.295574	0.010672	0.000715	-0.292179	-0.235717	-0.110452
425	-0.041199	-0.257827	0.123875	0.183127	-0.185250	-0.039166	-0.013774	-0.000237	0.078163	-0.002229	-0.020224	0.033480	0.273314	0.094407	0.065780	0.000000	0.079262	-0.084934	-0.210030	-0.150082
426	-0.144661	-0.347889	0.158299	0.168106	-0.394341	-0.103585	-0.146169	-0.120017	0.027482	-0.105481	-0.098691	0.000000	0.154760	0.090272	-0.035533	-0.049054	0.056918	-0.153587	-0.373911	-0.314610
427	0.001887	-0.220466	0.046878	0.199117	-0.158945	-0.085903	-0.017940	0.023100	0.123747	0.000000	0.069614	0.012194	0.063235	0.115012	0.037498	-0.032188	-0.018548	-0.045784	-0.170990	-0.104725
428	0.057853	-0.179528	0.115172	0.216661	-0.125777	0.000000	0.012614	0.126468	0.199393	0.161265	0.170957	0.075514	0.332334	0.209022	0.185527	0.073421	0.203835	0.131941	-0.145314	-0.012236
429	-0.114196	-0.393730	-0.026284	0.100010	-0.367180	0.008908	-0.082372	-0.225533	0.039645	-0.071202	-0.032960	-0.101023	0.051332	0.000000	-0.006325	-0.121801	-0.092208	-0.222701	-0.316212	-0.256099
430	-0.011678	-0.354064	0.000000	0.217262	-0.295989	0.000328	-0.102707	-0.133852	-0.018565	-0.134822	-0.043099	-0.021639	0.240339	0.079009	-0.036449	0.005298	0.045982	-0.084227	-0.370442	-0.265690
431	-0.124348	-0.311796	0.001750	0.116369	-0.279334	-0.110152	-0.043692	-0.255233	0.087493	-0.133195	-0.105691	-0.021800	0.059987	0.000000	0.026282	-0.103279	-0.120517	-0.202166	-0.365068	-0.214846
432	0.182340	-0.217066	0.306120	0.406037	-0.159230	0.202344	0.104301	-0.030675	0.136829	0.000000	0.105619	0.178704	0.293143	0.255414	0.038725	0.132782	0.083537	-0.045011	-0.202424	-0.127348
433	0.280486	0.115979	0.043234	0.291219	0.299042	0.220818	0.131879	0.359030	0.133711	0.316250	0.378885	-0.003311	0.219697	0.204269	0.146493	0.000000	0.035160	0.405788	0.232591	0.320145
434	-0.084496	-0.309014	0.004315	0.055662	-0.161216	0.041553	0.042757	-0.149674	0.136100	-0.025486	0.025655	-0.041630	0.167427	0.000000	0.105805	-0.077591	-0.050345	-0.143321	-0.244524	-0.093897
435	-0.035299	-0.386998	0.000000	0.190430	-0.147251	-0.064230	0.047523	-0.101137	0.103755	-0.047940	0.026839	0.006430	0.343286	0.104306	0.137824	-0.034547	0.012423	-0.142126	-0.138670	-0.058212
436	0.054342	-0.272832	0.266813	0.215434	0.004482	0.000000	0.148551	-0.054519	0.218730	0.001510	0.057774	0.142234	0.390678	0.179440	0.188716	0.116652	0.218918	-0.035758	-0.080830	0.105502
437	0.125021	-0.194793	0.126621	0.215800	0.033726	0.009303	0.125079	0.184239	0.229721	0.115596	0.151145	0.048524	0.351775	0.202295	0.242207	0.000000	0.104164	0.169439	0.006486	0.138471
438	0.113955	-0.190728	0.368570	0.271082	0.061258	0.000000	0.232136	0.051149	0.350707	0.099183	0.168565	0.241782	0.423837	0.259184	0.375363	0.227647	0.371729	0.098577	0.043463	0.200093
439	0.295659	-0.109879	0.152192	0.267043	-0.003918	0.215519	0.256495	0.314568	0.406151	0.178019	0.275961	0.198304	-0.084819	0.280864	0.360520	0.264149	0.397239	0.396729	-0.051195	0.000000
440	0.008060	-0.311279	-0.072089	0.000000	-0.055795	0.107561	0.017799	-0.053587	0.091866	0.006943	0.079063	-0.061252	0.394941	0.043406	0.118047	-0.022027	0.056167	-0.028444	-0.183161	-0.063395
441	0.164200	-0.115760	0.053836	0.128540	-0.126754	0.249847	0.085189	0.154083	0.238280	0.172206	0.180334	0.000000	0.499919	0.153597	0.268444	0.024675	0.121983	0.153392	-0.248990	-0.083899
442	-0.025892	-0.226579	-0.047932	-0.023890	-0.008419	0.111315	0.115836	-0.227710	0.230213	-0.093378	-0.013574	0.044842	0.000000	0.083311	0.256412	0.028865	0.065795	-0.124004	-0.140423	0.047280
443	-0.127082	-0.335017	-0.075479	0.000000	-0.137311	0.008728	0.021529	-0.079552	0.103818	-0.006989	-0.003488	-0.048298	0.109301	0.022188	0.119902	-0.110044	-0.026994	-0.112320	-0.188160	-0.075029
444	-0.022585	-0.338060	0.000000	0.226147	-0.242706	0.037082	0.072317	-0.092279	0.252855	-0.105084	-0.031372	0.069926	0.312850	0.174591	0.277747	-0.000419	0.076730	-0.067253	-0.235689	-0.135425
445	-0.276686	-0.615311	-0.110353	0.000000	-0.525174	-0.222077	-0.105831	-0.358267	0.097907	-0.340049	-0.309696	-0.090121	0.021023	0.000555	0.079952	-0.209733	-0.181538	-0.356037	-0.557190	-0.391670
446	-0.332053	-0.541900	-0.167172	-0.113808	-0.490011	-0.271790	-0.227994	-0.259328	-0.066056	-0.275539	-0.298693	-0.210972	0.000000	-0.172314	-0.117617	-0.315241	-0.229793	-0.244897	-0.541343	-0.388862
447	0.014597	-0.311476	0.042661	0.202792	-0.233363	0.036415	0.054936	0.012150	0.202521	0.000000	0.049331	0.030185	0.347583	0.144365	0.166245	-0.053279	0.009243	-0.048615	-0.193637	-0.146949
448	-0.029677	-0.443529	0.030449	0.121842	-0.373484	0.000000	-0.105072	-0.214592	0.078289	-0.145386	-0.055988	-0.078723	0.084633	0.087523	0.041993	-0.029542	0.042992	-0.120093	-0.424217	-0.251347
449	-0.036114	-0.320533	-0.025490	0.076068	-0.289586	0.030765	-0.019746	-0.082455	0.118302	-0.038000	0.007262	-0.042716	0.000000	0.062442	0.125034	-0.078550	-0.052333	-0.048238	-0.322866	-0.195907
450	-0.069534	-0.393614	-0.140962	0.000000	-0.237684	-0.044310	-0.037728	-0.226683	0.028947	-0.115317	-0.038297	-0.113821	0.064997	0.020264	0.059015	-0.165357	-0.158988	-0.196748	-0.277513	-0.172147
451	0.028482	-0.275821	0.000000	0.243933	-0.250826	0.049317	0.017173	-0.020710	0.141099	-0.041944	0.024342	0.063087	0.214923	0.156854	0.164463	0.009968	0.087926	0.039046	-0.307040	-0.177625
452	-0.143959	-0.443707	-0.126378	0.000000	-0.293574	-0.030019	-0.056191	-0.299282	0.039883	-0.215293	-0.140088	-0.088842	0.041048	0.000503	0.060918	-0.194806	-0.196439	-0.256320	-0.406607	-0.223693
453	-0.026190	-0.433556	0.000000	0.281709	-0.377199	-0.022375	-0.022631	-0.147906	0.224626	-0.204067	-0.096841	0.033695	0.253994	0.173353	0.222455	0.029790	0.089172	-0.064913	-0.505657	-0.272869
454	0.142651	-0.135280	0.036207	0.300903	0.030710	0.081648	0.074397	0.217881	0.275322	0.202809	0.182242	0.025216	0.417212	0.248859	0.256443	0.000000	0.083758	0.221283	-0.103223	0.096575
455	0.210824	-0.100932	0.354574	0.390804	0.000000	0.283206	0.447789	0.420803	0.513446	0.333148	0.318064	0.359724	0.510682	0.420726	0.465497	0.280725	0.383944	0.368817	0.055187	0.284254
456	0.219465	-0.048372	0.120451	0.388569	0.089329	0.192774	0.152323	0.330928	0.216468	0.325483	0.324354	0.029570	0.539907	0.308381	0.209175	0.000000	0.064178	0.353137	-0.008545	0.132145
457	-0.035589	-0.323041	0.167674	0.178242	-0.196929	-0.073610	0.064311	-0.096155	0.173498	-0.064243	-0.011795	0.000000	0.231403	0.140781	0.179085	-0.019114	0.053709	-0.128632	-0.250612	-0.087322
458	0.000000	-0.287054	0.348033	0.239354	-0.184207	0.166772	0.106409	-0.134707	0.196103	-0.092748	-0.061857	0.200306	0.544353	0.143068	0.179072	0.088700	0.083580	-0.113776	-0.234958	-0.097745
459	-0.376050	-0.809332	0.087496	0.000000	-0.715275	-0.226176	-0.253572	-0.367987	-0.213800	-0.442812	-0.456442	-0.130323	0.209904	-0.161331	-0.269560	-0.263728	-0.205560	-0.403426	-0.806508	-0.633238
460	0.071487	-0.115358	0.300160	0.436421	-0.101707	0.168039	0.028880	0.123072	0.070963	0.052094	0.068341	0.086825	0.488768	0.193515	0.076032	0.000000	0.167576	0.187513	-0.168801	-0.037483
461	0.400610	0.011398	0.372220	0.391309	0.051340	0.461653	0.314132	0.353141	0.415641	0.204728	0.310922	0.377872	0.027663	0.351082	0.324822	0.453091	0.504502	0.403933	-0.067672	0.000000
462	-0.109324	-0.345723	-0.032053	0.000000	-0.182870	0.069047	-0.051497	-0.114436	0.016493	-0.033137	-0.028583	-0.084995	0.275674	-0.033300	0.028203	-0.104468	-0.092343	-0.205170	-0.356964	-0.202468
463	0.190948	-0.065457	0.024309	0.125513	-0.048567	0.346695	0.094302	0.164129	0.273603	0.126997	0.161068	0.000000	0.476662	0.140427	0.310574	0.099232	0.178918	0.169217	-0.284077	-0.018738
464	-0.111096	-0.192873	0.088191	0.000000	0.035765	0.073422	0.211711	-0.306895	0.242140	-0.094359	-0.010379	0.150533	0.049082	0.124301	0.296306	-0.030160	-0.059427	-0.334522	-0.016963	0.109957
465	-0.042123	-0.213020	0.000000	0.227587	-0.144449	-0.020019	0.062539	0.021550	0.230347	-0.006138	0.008542	0.119130	0.248923	0.130615	0.271672	0.066039	0.133257	-0.038858	-0.234202	-0.074446
466	-0.225679	-0.428647	-0.133302	0.000000	-0.294660	-0.149542	-0.121704	-0.304725	-0.003077	-0.269212	-0.207155	-0.096639	-0.065060	-0.040642	0.031381	-0.172777	-0.148007	-0.310929	-0.359459	-0.235813
467	-0.212629	-0.381746	-0.109642	0.000000	-0.266822	-0.174680	-0.057369	-0.192414	0.137114	-0.188750	-0.156070	-0.040815	-0.100185	-0.012782	0.126665	-0.115127	-0.088333	-0.238783	-0.307781	-0.137018
468	0.070197	-0.130490	0.120684	0.288818	-0.057458	0.079367	0.150797	0.046810	0.270597	0.000000	0.087972	0.146497	0.305530	0.198531	0.256959	0.073457	0.070179	-0.013879	-0.023378	0.046588
469	-0.155935	-0.383732	-0.021123	0.057835	-0.333971	-0.055546	-0.080045	-0.093804	0.138129	-0.143675	-0.136866	-0.028827	0.096090	0.012877	0.121668	-0.045771	0.000000	-0.107784	-0.395826	-0.246439
470	-0.146149	-0.406991	-0.029190	0.051849	-0.384715	-0.009114	0.015914	-0.289586	0.213677	-0.214812	-0.121010	-0.031340	0.002372	0.000000	0.177256	-0.041957	-0.072288	-0.291022	-0.387283	-0.232257
471	-0.246729	-0.541848	-0.170249	-0.122060	-0.462110	-0.095687	-0.147378	-0.392090	-0.022212	-0.344704	-0.254069	-0.158364	0.000000	-0.129662	-0.016892	-0.189387	-0.226713	-0.339646	-0.485317	-0.311892
472	0.052170	-0.195378	-0.016292	0.164031	-0.057227	-0.018366	0.100616	0.142788	0.254387	0.055830	0.089563	0.025702	-0.094560	0.096874	0.291786	0.061171	0.106372	0.000000	0.009989	0.086618
473	0.000000	-0.385154	0.045616	0.172247	-0.271310	0.055295	0.039355	-0.089150	0.250418	-0.094372	-0.025117	0.023027	0.143749	0.118883	0.253231	0.100933	0.067714	-0.069258	-0.258992	-0.131673
474	-0.136061	-0.426633	-0.038496	0.110893	-0.393701	-0.081442	-0.061562	-0.271393	0.102840	-0.209605	-0.133936	-0.069486	-0.016491	0.037169	0.000000	-0.056403	-0.094759	-0.283193	-0.448326	-0.304081
475	-0.043614	-0.328107	0.014356	0.165068	-0.212428	-0.011143	-0.039674	-0.035855	0.171786	-0.075821	0.025596	-0.040846	-0.027475	0.116867	0.143584	0.016869	0.000000	-0.046319	-0.225395	-0.110366
476	0.082557	-0.318274	0.012264	0.170143	-0.158470	0.216492	0.060131	-0.139574	0.233785	-0.054754	0.000000	-0.029913	0.114635	0.163283	0.177991	0.093251	0.056163	-0.094496	-0.213142	-0.074222
477	-0.158393	-0.476788	0.000000	0.093246	-0.385843	-0.105613	-0.066205	-0.183955	0.034387	-0.147794	-0.096601	0.000528	-0.019873	-0.024404	0.039917	-0.023106	-0.030701	-0.255610	-0.348558	-0.278709
478	0.305788	-0.121360	0.245047	0.373744	0.000000	0.338891	0.467786	0.196184	0.507810	0.172433	0.301260	0.357618	0.353910	0.450119	0.501968	0.336669	0.293516	0.133335	0.192390	0.318407
479	0.174330	-0.314969	0.171601	0.307973	-0.039460	0.195533	0.254511	-0.024449	0.372697	0.000000	0.177525	0.206000	0.094012	0.282403	0.339191	0.152258	0.059912	-0.081039	-0.007302	0.075158
480	-0.036934	-0.354807	-0.053154	0.025292	-0.261455	-0.030194	-0.005015	-0.127572	0.168990	-0.120023	-0.042567	0.021783	-0.121542	0.059873	0.181151	0.000000	0.046621	-0.177274	-0.265569	-0.164509
481	0.101485	-0.353088	0.130489	0.155971	-0.149038	0.190064	0.185554	-0.114116	0.321867	-0.019294	0.072530	0.166196	0.000000	0.190488	0.280433	0.113417	0.023883	-0.147137	-0.140805	-0.039650
482	-0.067884	-0.321182	0.038753	0.227221	-0.139300	0.029017	0.000000	-0.064631	0.319506	-0.014747	0.045423	0.091828	0.118254	0.193675	0.233292	-0.037468	-0.053086	-0.191496	-0.173106	-0.064193
483	0.108492	-0.369401	0.121261	0.257897	-0.051251	0.000000	0.161408	-0.036687	0.387852	0.035270	0.141591	0.079541	0.137134	0.246202	0.387222	0.110373	0.111147	-0.066119	0.003199	0.122604
484	0.037341	-0.235957	-0.081380	0.055073	-0.041296	-0.074002	0.030776	0.072458	0.249559	0.093154	0.160154	-0.059457	0.191830	0.124732	0.253398	0.000000	0.031153	-0.075595	0.078896	0.054126
485	0.000000	-0.409676	0.052252	0.156401	-0.284549	0.017206	-0.006377	-0.029315	0.209025	-0.030038	0.036536	-0.001583	0.140665	0.096697	0.184668	0.033416	-0.013976	-0.095950	-0.223513	-0.146591
486	0.265548	-0.133618	0.124110	0.382347	0.180503	0.170364	0.346735	0.305317	0.327315	0.241697	0.308832	0.189997	0.299821	0.312193	0.334186	0.226652	0.176604	0.203179	0.000000	0.391804
487	0.017658	-0.375130	0.000000	0.189854	-0.272717	-0.008833	0.108926	-0.035456	0.288325	-0.034514	0.058685	0.132522	0.170479	0.167299	0.294455	0.076008	0.065348	-0.118015	-0.216496	-0.132568
488	0.044097	-0.281257	0.007468	0.104206	-0.132344	0.098991	0.132357	-0.134534	0.259355	-0.062831	0.029633	0.050121	0.000000	0.112122	0.251675	0.007337	-0.060616	-0.134266	-0.160943	-0.024802
489	0.017078	-0.198640	-0.036886	0.140342	-0.073071	-0.058843	0.062444	0.020956	0.259578	0.043867	0.111634	-0.007941	0.458074	0.168409	0.232200	0.000000	0.018606	-0.108209	-0.089405	-0.039417
490	-0.141922	-0.373160	-0.108626	0.080663	-0.331735	-0.230254	-0.050704	-0.224627	0.112385	-0.219485	-0.117786	-0.099199	0.326032	0.012939	0.000000	-0.124655	-0.175338	-0.282386	-0.336564	-0.249683
491	-0.100684	-0.422472	-0.229466	0.000000	-0.182814	-0.098527	-0.015679	-0.183356	0.117021	-0.160314	-0.077682	-0.160365	0.166336	0.018539	0.117338	-0.138976	-0.170001	-0.202787	-0.199926	-0.096168
492	0.000000	-0.414385	0.136761	0.259329	-0.317051	0.205900	0.098041	-0.293473	0.326113	-0.257653	-0.103640	0.119188	0.549757	0.195850	0.303500	0.105695	-0.060563	-0.278108	-0.309837	-0.176573
493	-0.044284	-0.349299	0.195930	0.270037	-0.184570	0.102716	0.125262	-0.151851	0.302338	-0.084706	0.012519	0.119189	0.407359	0.243904	0.271175	0.086935	0.000000	-0.178694	-0.241337	-0.136902
494	0.174252	0.001478	-0.184047	0.078902	0.429253	-0.001324	0.208469	0.354369	0.326738	0.359948	0.424579	-0.068419	0.223481	0.231944	0.362831	0.000000	0.054563	0.250817	0.391691	0.471078
495	0.085749	-0.320609	0.111704	0.188171	-0.004951	0.210477	0.289307	-0.140723	0.489494	0.000000	0.141157	0.224189	0.416872	0.304777	0.465241	0.112680	-0.040110	-0.266352	-0.010306	0.072302
496	0.061976	-0.318999	0.205510	0.242808	-0.050307	0.000000	0.138654	-0.042486	0.320312	0.106640	0.166320	0.130146	0.520217	0.249133	0.307932	0.136628	0.105716	-0.112290	-0.105917	0.025212
497	0.023359	-0.238173	0.090055	0.077014	-0.026864	0.133872	0.069677	-0.044009	0.206993	0.031286	0.086131	0.029860	0.197627	0.131234	0.183028	0.000000	0.015628	-0.131951	-0.119961	0.001862
498	-0.135625	-0.485170	0.076818	0.046825	-0.292255	0.002536	0.005595	-0.335510	0.090951	-0.236619	-0.120200	0.005360	0.129843	0.000000	0.042072	-0.048662	-0.070789	-0.345692	-0.345609	-0.208194
499	0.019835	-0.160087	0.197115	0.253091	0.022953	0.144681	0.058150	0.050724	0.134233	0.119226	0.185186	0.043542	0.007030	0.149063	0.149568	0.000000	0.003003	-0.043481	0.027932	0.084660
500	0.284958	-0.147021	0.179128	0.262978	0.054220	0.270523	0.303454	0.328298	0.509947	0.281260	0.377685	0.293295	-0.166227	0.337852	0.465210	0.395642	0.385889	0.232045	-0.018269	0.000000
501	0.209195	-0.129116	0.010114	0.000000	0.381717	0.408924	0.337195	0.142446	0.466730	0.277987	0.386063	0.222489	0.288937	0.295345	0.488726	0.264103	0.249669	0.093643	0.180259	0.345859
502	0.262682	0.120993	0.000000	0.217827	0.297482	0.304328	0.317867	0.475115	0.566973	0.466386	0.467549	0.270080	0.459152	0.311246	0.645293	0.316873	0.439367	0.380568	0.199155	0.336351
503	0.004251	-0.265738	0.071974	0.150517	-0.100194	0.296192	0.151671	-0.256214	0.389161	-0.030314	0.000000	0.163069	0.075206	0.268592	0.351640	0.130381	0.067966	-0.220624	-0.304947	-0.052975
504	-0.174469	-0.367653	-0.035070	0.060788	-0.253482	-0.042223	-0.040292	-0.269106	0.165110	-0.173972	-0.081364	-0.045683	0.189605	0.048115	0.000000	-0.072991	-0.123345	-0.352363	-0.317835	-0.220737
505	0.007980	-0.306665	0.198500	0.168849	-0.023619	0.000000	0.120270	-0.044416	0.341636	0.045482	0.118834	0.134146	0.433859	0.186674	0.316566	0.148371	0.225600	-0.046122	-0.146136	0.047515
506	0.092365	-0.321577	0.299222	0.277481	-0.176370	0.286646	0.163593	0.000000	0.406700	0.095718	0.149606	0.274950	0.267449	0.252959	0.343314	0.223702	0.253387	0.028882	-0.191227	-0.092513
507	0.032059	-0.233335	0.153221	0.145857	-0.062681	0.055185	0.141938	0.006986	0.302517	0.000000	0.115329	0.173017	0.059970	0.144146	0.256785	0.093504	0.098313	-0.079067	-0.042127	0.035383
508	0.026871	-0.240193	0.252149	0.211223	0.058746	0.086826	0.201660	0.200708	0.335163	0.198458	0.167723	0.241465	0.099739	0.136993	0.231491	0.214030	0.230044	0.071591	-0.002532	0.000000
509	0.000000	-0.271055	0.126387	0.117878	-0.104336	0.168445	0.081096	-0.091507	0.241182	-0.014019	0.056311	0.103519	0.010542	0.115410	0.258283	0.137275	0.083224	-0.131483	-0.129503	-0.024714
510	0.000000	-0.459432	0.113424	0.146429	-0.427738	0.280488	-0.018262	-0.320157	0.262449	-0.250326	-0.130274	0.083286	0.035347	0.111686	0.240136	0.091515	-0.038108	-0.293654	-0.456688	-0.315132
511	0.229442	-0.055386	0.207500	0.187692	0.198989	0.311718	0.307247	0.157819	0.410351	0.266514	0.286814	0.284623	0.000000	0.267248	0.400452	0.273102	0.238740	0.122814	0.145885	0.252006
512	-0.082716	-0.350548	-0.024021	-0.007892	-0.193568	0.095910	0.011461	-0.070090	0.197983	0.046414	0.067693	0.002327	-0.006694	0.000000	0.150567	-0.013127	-0.014857	-0.147459	-0.158542	-0.119840
513	0.190111	-0.265713	0.132600	0.272908	-0.062392	0.228877	0.183127	0.026617	0.358896	0.000000	0.181384	0.193449	-0.002740	0.266094	0.321778	0.156024	0.125102	-0.009070	-0.003574	0.058733
514	-0.121681	-0.476657	-0.031549	0.029282	-0.330825	-0.063331	-0.070710	-0.284421	0.123958	-0.242458	-0.122882	-0.081492	-0.214611	-0.015832	0.000000	-0.061968	-0.113096	-0.287897	-0.342214	-0.242582
515	-0.024499	-0.323827	0.021599	0.091105	-0.203158	-0.021318	-0.050713	-0.144706	0.105627	-0.090236	-0.021564	-0.033931	-0.164667	0.050732	0.076043	0.000000	-0.020962	-0.190792	-0.155712	-0.110127
516	0.091586	-0.291852	0.048207	0.150848	-0.070804	0.148801	0.147816	0.000000	0.264080	0.076699	0.141524	0.127235	0.013610	0.128427	0.235039	0.086636	0.100438	0.051440	0.018756	0.059250
517	-0.198709	-0.433903	-0.047887	0.032163	-0.294108	-0.195768	-0.047156	-0.151486	0.113878	-0.141315	-0.094908	-0.065796	-0.276322	-0.000404	0.000000	-0.123949	-0.090839	-0.181980	-0.276018	-0.176614
518	-0.027781	-0.414575	-0.063807	-0.002796	-0.162845	0.000000	0.008543	-0.149320	0.255942	-0.041342	0.037517	0.002420	-0.055134	0.083563	0.244880	-0.015654	-0.030983	-0.191476	-0.106642	-0.004996
519	-0.130469	-0.481621	0.003740	0.082186	-0.371187	0.002453	-0.002777	-0.123368	0.170197	-0.088891	-0.067613	-0.017316	0.068064	0.000000	0.110935	-0.044189	-0.056056	-0.188315	-0.296257	-0.252921
520	-0.007109	-0.348056	-0.119690	-0.004295	-0.123411	0.008417	0.039771	-0.079605	0.146792	-0.038704	0.014995	-0.023657	0.000000	0.066851	0.137353	-0.023308	-0.034966	-0.075549	-0.094367	-0.019568
521	-0.001451	-0.399126	-0.068344	0.014063	-0.163273	0.000000	0.026545	-0.086865	0.153679	-0.032931	0.047703	-0.050011	0.158375	0.102500	0.196965	-0.169218	-0.014995	-0.077683	-0.135410	-0.031037
522	0.009557	-0.324102	0.009522	0.116896	-0.186627	0.007340	0.091840	-0.083965	0.164814	-0.040268	0.016250	0.062925	0.000000	0.148815	0.166719	-0.025464	0.001206	-0.090615	-0.179472	-0.097037
523	-0.020033	-0.229659	-0.043077	0.055903	-0.123045	0.003821	0.074255	-0.093131	0.178115	-0.054633	0.019518	0.000000	0.266874	0.128607	0.197777	-0.082504	-0.031578	-0.139129	-0.101688	-0.026430
524	-0.089283	-0.221018	-0.023583	0.185451	-0.046373	0.019835	0.000000	-0.095161	0.234041	0.011829	0.032688	0.080488	0.233868	0.179445	0.172131	-0.107350	-0.092345	-0.174140	-0.115161	-0.014562
525	-0.038946	-0.288335	-0.139261	0.000000	0.009246	0.058814	-0.007317	-0.043478	0.212724	0.015016	0.067078	-0.039741	-0.053348	0.097402	0.242076	-0.072388	-0.068065	-0.118612	-0.038774	0.026108
526	0.004786	-0.189727	-0.221603	0.000000	0.020760	0.017919	0.066995	0.028822	0.201743	0.124158	0.162847	-0.119110	0.184954	0.110731	0.257662	-0.189062	-0.069638	-0.046526	0.066759	0.075866
527	0.190813	-0.099533	0.000000	0.346534	0.149835	-0.037211	0.236270	0.203345	0.411012	0.270339	0.319827	0.164050	0.129143	0.347791	0.474771	0.122218	0.177269	0.098672	0.210908	0.219206
528	0.000000	-0.236126	0.092886	0.071019	0.004793	0.134924	0.169022	-0.159688	0.284017	-0.062698	0.030242	0.142412	0.206912	0.152799	0.278854	0.091428	0.051828	-0.209447	-0.038172	0.052686
529	-0.062075	-0.523018	0.000000	0.093839	-0.357925	0.037657	0.055375	-0.177852	0.230293	-0.196160	-0.133528	0.095871	0.321094	0.121582	0.224432	0.056365	0.085041	-0.192497	-0.457480	-0.303575
530	0.104814	0.071544	0.108573	0.279452	0.239881	0.190139	0.184144	0.242136	0.263423	0.314616	0.310244	0.076462	0.188885	0.239136	0.278633	0.000000	0.123472	0.188961	0.219957	0.293513
531	0.413525	-0.013145	0.314491	0.388528	0.063172	0.377281	0.325539	0.370501	0.476766	0.318114	0.412605	0.342415	0.013293	0.436391	0.379080	0.451605	0.482216	0.349326	0.047161	0.000000
532	0.025898	-0.285990	-0.015461	0.000000	0.051947	0.074903	0.160294	0.086381	0.289105	0.126047	0.169646	0.048594	0.445928	0.175851	0.295866	0.093911	0.143358	0.019934	-0.035354	0.048211
533	0.260540	0.020280	-0.034250	0.185986	0.195251	0.155170	0.208846	0.355823	0.363087	0.328215	0.406012	0.000000	0.308321	0.271989	0.405735	0.091102	0.213893	0.324851	0.151802	0.265223
534	-0.061655	-0.214128	-0.022962	0.093521	-0.112262	0.103025	0.110810	-0.224348	0.281672	0.013399	0.000000	0.034886	-0.127171	0.207426	0.270310	-0.035506	-0.024293	-0.216023	-0.202324	-0.032157
535	0.061799	-0.196424	0.000000	0.251254	-0.002253	0.034211	0.191063	0.126488	0.389315	0.193177	0.220958	0.134572	0.474619	0.277087	0.397778	0.129198	0.198124	0.015152	-0.010631	0.042197
536	-0.070925	-0.222844	0.008608	0.167715	-0.239716	-0.101489	0.054313	-0.003175	0.277343	0.021438	0.033332	0.000000	0.184164	0.217634	0.241963	-0.026966	0.025470	-0.144921	-0.228664	-0.118326
537	-0.025253	-0.130765	-0.009214	0.096585	-0.027009	0.086968	0.159698	0.031013	0.332310	0.108517	0.126344	0.103981	0.000000	0.183827	0.294474	0.024700	0.006225	-0.034333	-0.031245	0.077541
538	0.206515	0.003788	0.000000	0.228360	0.150824	0.207676	0.398235	0.156696	0.589376	0.229045	0.291228	0.312704	0.494460	0.397683	0.616365	0.277531	0.286292	0.084668	0.201061	0.226614
539	0.216834	-0.148941	0.100888	0.293683	-0.007134	0.000000	0.275683	0.116478	0.534083	0.194705	0.288550	0.176424	0.216459	0.433375	0.503558	0.252278	0.249723	0.056848	0.040003	0.133421
540	0.047212	-0.307218	-0.069040	0.066299	-0.088325	0.027444	0.169524	-0.065240	0.352081	0.060440	0.127344	0.035063	0.000000	0.222072	0.314819	0.050038	-0.011270	-0.145111	-0.057908	-0.004450
541	0.195681	-0.227036	0.000000	0.262685	-0.046682	0.074446	0.305590	0.135162	0.571495	0.151747	0.247790	0.182826	0.243023	0.386421	0.582839	0.238438	0.243405	0.048856	0.008858	0.066883
542	0.097140	-0.368197	-0.053766	0.078470	-0.162706	0.089404	0.129319	-0.112621	0.357267	-0.028420	0.058593	0.029987	0.000000	0.209222	0.333192	0.079493	0.007005	-0.112114	-0.210137	-0.084835
543	0.000000	-0.428616	-0.017223	0.113459	-0.277458	0.106446	0.042641	-0.102592	0.321021	-0.041604	0.027223	0.006435	0.274038	0.166057	0.266360	0.092527	0.019343	-0.173926	-0.281767	-0.208189
544	0.261998	-0.170640	0.031099	0.258312	0.208178	0.133918	0.370507	0.206065	0.396834	0.261552	0.315484	0.176098	-0.022967	0.350642	0.362075	0.236388	0.177013	0.117400	0.000000	0.384765
545	0.168937	-0.318436	0.097603	0.217425	-0.096813	0.000000	0.203873	-0.014947	0.529985	0.062441	0.186617	0.119490	0.232159	0.339853	0.467677	0.221525	0.181890	-0.050241	-0.030685	0.052057
546	0.171751	-0.346805	0.145206	0.218491	-0.115683	0.000000	0.227976	-0.047819	0.527032	0.073506	0.189123	0.149726	0.154500	0.336408	0.497352	0.193758	0.140869	-0.112200	-0.075203	0.042753
547	0.198454	-0.342107	0.125272	0.207756	0.001031	0.000000	0.243947	0.010995	0.533030	0.134580	0.265345	0.146721	0.099094	0.348343	0.520072	0.186442	0.126263	-0.059685	0.008301	0.124486
548	0.157447	-0.462824	0.009452	0.131067	-0.116246	0.000000	0.171482	-0.046830	0.494913	0.063276	0.175086	0.047690	0.218378	0.296226	0.469677	0.165893	0.102819	-0.113065	-0.091711	0.004006
549	-0.215257	-0.613133	-0.234597	-0.096333	-0.410609	-0.369846	-0.122621	-0.292921	0.118738	-0.211897	-0.134737	-0.208282	-0.032102	-0.029910	0.000000	-0.175750	-0.238449	-0.397614	-0.407277	-0.355137
550	0.011613	-0.394358	-0.208098	0.005045	-0.141993	-0.089399	0.036249	-0.124505	0.254924	-0.006112	0.000000	-0.121975	-0.134702	0.144766	0.191540	0.016928	-0.059290	-0.143289	-0.164137	-0.052793
551	0.125389	-0.379427	0.103387	0.181330	-0.095218	0.000000	0.144000	0.047469	0.451708	0.165503	0.198813	0.072137	0.530899	0.269165	0.418304	0.165151	0.158409	-0.034465	-0.089977	0.000517
552	-0.113913	-0.445075	-0.052230	-0.036751	-0.119691	-0.154812	0.037253	-0.082095	0.262914	-0.054908	0.023079	-0.032464	-0.182655	0.079021	0.266053	0.023163	0.000000	-0.163754	-0.189812	-0.064839
553	0.260734	-0.286017	0.092204	0.218506	0.254844	0.086130	0.273118	0.187135	0.355531	0.245591	0.269397	0.067380	0.497066	0.251937	0.356163	0.135975	-0.117385	0.006876	0.000000	0.390070
554	0.026404	-0.380188	0.034630	0.061860	-0.230493	0.003795	-0.017277	-0.069535	0.283243	-0.003371	0.013816	0.003441	0.284216	0.108887	0.235739	0.000000	0.013897	-0.150972	-0.315225	-0.171013
555	0.044964	-0.280995	0.055010	0.182156	-0.057367	-0.028805	0.132595	0.063897	0.359939	0.137629	0.182143	0.057762	-0.030903	0.240282	0.356764	0.060779	0.000000	0.012446	-0.113303	0.014087
556	-0.332935	-0.657569	-0.245137	-0.049727	-0.547107	-0.347098	-0.202175	-0.397473	0.093252	-0.281104	-0.234320	-0.229161	-0.145647	-0.064259	0.000000	-0.301083	-0.372271	-0.472219	-0.557019	-0.446312
