	A	C	D	E	F	G	H	I	K	L	M	N	P	Q	R	S	T	V	W	Y
1	0.233361	-0.247870	-0.032369	0.055767	0.083986	0.149951	0.110235	-0.174966	0.167127	-0.092862	0.000000	0.046892	-0.079656	0.176652	0.143074	0.122530	0.037127	-0.016578	-0.050813	0.080891
2	0.008230	-0.541192	0.000000	0.047501	-0.128471	0.059725	0.126751	-0.160590	0.265534	-0.132967	-0.040304	0.132299	0.326327	0.091914	0.262706	0.063969	-0.089113	-0.209851	-0.143474	-0.096064
3	0.385872	0.000000	0.372635	0.333988	0.390921	0.560187	0.627194	0.214968	0.813893	0.339297	0.344290	0.611863	0.615352	0.537172	0.826318	0.395595	0.348929	0.130094	0.390425	0.517560
4	0.285669	-0.223231	0.089358	0.067199	0.274432	0.270846	0.260590	-0.017390	0.264959	0.000000	0.209612	0.175754	-0.054311	0.142765	0.242139	0.105152	0.030595	-0.000411	0.227272	0.255145
5	0.418318	0.000000	0.383464	0.340937	0.373097	0.503478	0.619604	0.240862	0.836173	0.386936	0.390758	0.592486	0.534356	0.533666	0.812350	0.436861	0.389382	0.218645	0.288837	0.458501
6	0.417697	-0.075359	0.407545	0.310714	0.243231	0.481113	0.434646	0.000000	0.479586	0.149565	0.268542	0.422768	0.231700	0.304844	0.431040	0.376054	0.283478	0.213173	0.077598	0.200540
7	0.139389	-0.280083	0.069284	0.030079	0.174246	0.054419	0.179781	0.009043	0.143616	-0.048760	0.063245	0.080972	-0.121659	-0.002048	0.158810	0.025941	-0.004699	0.000000	0.113924	0.206281
8	0.013190	-0.249099	0.253887	0.165622	0.146226	0.093596	0.218747	0.040246	0.260934	0.072734	0.147242	0.200863	-0.060557	0.164969	0.238782	0.064540	0.000000	0.070591	0.074296	0.168473
9	-0.032485	-0.359160	0.228926	0.154134	-0.074549	-0.076314	0.056879	0.028520	0.225575	0.017668	0.059901	0.142869	-0.103073	0.122332	0.168487	0.046979	0.000000	0.053595	-0.191425	-0.114252
10	-0.121519	-0.492822	0.022928	-0.021535	-0.116312	-0.060915	-0.027124	-0.072969	0.000000	-0.019558	0.004916	-0.028574	-0.045881	-0.041552	-0.012442	-0.086599	-0.142776	-0.140707	-0.181983	-0.119600
11	0.051884	-0.355643	0.185371	0.166389	-0.029133	0.152961	0.043116	0.032497	0.000000	0.090542	0.085461	0.094784	0.108431	0.030009	-0.007369	0.047737	0.001298	0.029924	-0.089795	-0.015407
12	0.200284	-0.243248	-0.078383	0.001360	0.131359	0.264547	0.100591	0.271813	0.134846	0.260376	0.247660	0.003223	-0.072231	0.028978	0.119050	0.128827	0.150853	0.253949	0.171665	0.000000
13	0.007580	-0.293772	0.030813	0.105625	-0.066793	0.175490	-0.005385	-0.049800	0.104411	-0.023215	0.021067	-0.058209	0.129258	0.009631	0.000000	-0.019033	-0.021288	0.003400	-0.157368	-0.052163
14	0.066642	-0.187220	0.034480	0.082263	0.074500	0.108060	0.067912	0.111121	-0.008634	0.133984	0.133568	0.000845	-0.138354	-0.042323	-0.005921	0.030072	0.044817	0.054017	0.203431	0.000000
15	0.012840	-0.218317	0.096043	0.156017	0.093933	0.133210	0.091894	0.057457	0.071147	0.117144	0.163035	-0.019307	0.279427	0.000000	0.079417	0.020587	0.076629	0.080279	0.085059	0.109746
16	0.002315	-0.295263	0.000000	0.163902	-0.020770	0.048990	0.012206	-0.061382	0.000233	-0.043342	0.008402	-0.018559	-0.021069	-0.006481	0.047430	-0.023815	0.005723	-0.088522	0.052230	0.029542
17	-0.047386	-0.269206	-0.029102	0.000000	0.011408	0.020238	0.067316	-0.152275	0.076629	-0.064048	-0.010415	-0.040647	0.086791	-0.021559	0.110097	-0.082479	-0.062872	-0.155438	0.046306	0.085853
18	-0.059333	-0.323034	0.000000	0.160577	-0.070712	0.019483	0.058737	-0.177343	0.070424	-0.143862	-0.056330	-0.003002	0.319985	0.013458	0.095204	-0.044184	-0.031944	-0.164978	-0.078911	0.000710
19	-0.049879	-0.289276	-0.051401	0.114756	-0.101403	0.017006	0.043472	-0.017147	0.121258	-0.008072	0.056128	-0.059761	0.104545	0.089541	0.121928	-0.019017	0.000000	-0.007475	-0.207581	-0.048424
20	-0.002124	-0.258778	0.109696	0.087076	0.014252	0.114999	0.156491	-0.126696	0.149614	-0.014966	0.053815	0.074611	0.000000	0.084002	0.168180	0.073227	0.062084	-0.110983	-0.016753	0.095063
21	0.003842	-0.258706	0.138983	0.149220	0.019312	0.090371	0.131008	-0.045826	0.123965	0.030696	0.092474	0.077494	0.000000	0.105491	0.103825	0.073332	0.050536	-0.048909	-0.035297	0.103922
22	0.192728	-0.196535	0.048640	0.193324	0.133488	0.219263	0.225361	0.042505	0.300306	0.000000	0.164634	0.100976	0.161337	0.181957	0.274794	0.132372	0.112806	0.080380	0.087198	0.205300
23	-0.098336	-0.436037	-0.026120	0.000000	-0.078149	-0.073767	0.023711	-0.259332	0.093655	-0.184198	-0.082736	-0.077988	-0.305423	-0.026905	0.095326	-0.082206	-0.085389	-0.226227	-0.071833	-0.002643
24	-0.100310	-0.376694	0.136084	0.178756	0.009218	-0.018201	0.000000	-0.150915	0.137346	-0.149567	-0.100350	-0.005921	0.227416	0.088537	0.048487	0.007191	0.058801	-0.156556	-0.030620	0.061061
25	0.042679	-0.169801	0.138108	0.239241	0.005371	0.101161	0.021691	-0.000763	0.054899	-0.049574	-0.003637	-0.072219	-0.012721	0.077915	0.065642	0.000000	0.068059	0.004707	-0.034828	0.064820
26	0.013129	-0.273368	0.288110	0.117477	-0.056981	0.123929	0.123643	-0.255460	0.103943	-0.132717	-0.097894	0.109689	0.000000	-0.159316	0.113814	0.130267	0.045030	-0.224270	-0.041390	0.079081
27	0.000000	-0.343013	0.097524	0.162649	-0.058534	0.129234	0.043296	-0.138710	0.172383	-0.088323	0.001065	-0.036803	0.111929	0.069676	0.167460	0.031751	-0.009643	-0.127865	-0.019697	0.053853
28	-0.054088	-0.331571	0.029103	0.222222	0.024324	-0.052030	0.000000	-0.099598	0.156804	-0.082018	0.016713	-0.020431	0.020143	0.103394	0.102749	-0.041964	0.021988	-0.174170	0.037451	0.093625
29	0.132484	-0.182881	0.213719	0.266019	0.054919	0.142835	0.200049	0.064916	0.347957	0.000000	0.138801	0.160931	0.080445	0.203434	0.317476	0.070788	0.074083	0.061781	0.105108	0.143573
30	-0.053575	-0.388500	0.078270	0.051034	-0.148831	0.007161	0.036497	-0.163637	0.117276	-0.123834	-0.053477	0.011225	0.000000	0.000236	0.086717	-0.008339	-0.014004	-0.138685	-0.082963	-0.028715
31	0.071452	-0.197447	0.142076	0.196166	-0.113793	0.113444	0.077676	-0.015524	0.193676	-0.029944	0.095406	0.000000	-0.445585	0.149040	0.212499	0.040375	0.080575	-0.046489	-0.070987	0.060170
32	-0.049658	-0.344435	-0.051058	0.088143	-0.164794	-0.013235	0.033022	-0.104120	0.246957	-0.054852	-0.017005	-0.078057	-0.053077	0.000000	0.200004	-0.047882	-0.013464	-0.036655	-0.175016	-0.052312
33	0.000000	-0.316275	0.102248	0.122410	-0.092127	0.206207	0.076710	-0.142879	0.267364	-0.122328	-0.042786	0.030377	0.151841	0.063092	0.234458	0.068329	0.052280	-0.066365	-0.132107	-0.000399
34	-0.043841	-0.347529	0.070264	0.092367	-0.105009	0.088847	0.125784	-0.217345	0.236200	-0.195339	-0.128338	0.000000	0.346071	0.091204	0.224474	0.014659	0.042791	-0.145897	-0.172062	0.013584
35	0.022331	-0.225221	0.171169	0.249294	-0.138026	0.049615	0.036088	0.079540	0.226055	0.034907	0.020079	0.025394	0.155885	0.146795	0.190628	0.000000	0.090689	0.056876	-0.146778	-0.023972
36	0.020824	-0.374977	0.221927	0.143372	-0.024395	0.195552	0.178755	-0.134193	0.285828	0.033516	0.062420	0.140114	0.000000	0.139650	0.258123	0.100263	0.063279	-0.142845	-0.052731	0.063893
37	-0.171491	-0.477684	0.118244	0.066720	-0.192273	-0.029316	-0.017653	-0.316075	-0.028701	-0.146461	-0.134830	-0.030721	0.000000	-0.049938	-0.072668	-0.101417	-0.097990	-0.295015	-0.195661	-0.106569
38	0.142064	-0.193045	-0.026832	0.072666	0.292972	0.086459	0.214347	0.034492	0.234592	0.096110	0.159718	-0.017839	-0.083971	0.085789	0.251835	0.097601	0.137162	0.000000	0.253664	0.380752
39	0.211458	-0.179407	0.290186	0.283386	0.158429	0.349449	0.263985	0.000000	0.295594	0.173108	0.202673	0.231692	0.203663	0.200582	0.293098	0.211149	0.246526	0.142004	0.185112	0.236149
40	0.292878	-0.043848	0.190577	0.323255	0.318894	0.408406	0.397214	0.095909	0.496943	0.179416	0.253569	0.249052	0.348033	0.319311	0.497436	0.285268	0.283261	0.000000	0.268853	0.417094
41	0.108852	-0.346578	0.078348	0.110736	-0.074347	0.115853	0.063982	-0.044954	0.167607	0.017118	0.068408	0.000000	0.042782	0.149814	0.178873	0.080240	0.106911	-0.042099	-0.089465	-0.007543
42	-0.019005	-0.257790	0.297282	0.277308	-0.107431	0.268809	0.150841	-0.206351	0.269585	-0.148793	-0.058336	0.188159	0.174977	0.206509	0.237475	0.069241	0.000000	-0.171850	-0.136570	-0.014326
43	-0.153001	-0.357151	0.000000	0.075355	-0.211344	-0.029029	0.013977	-0.317128	0.071083	-0.227325	-0.189457	0.042114	0.142548	0.007415	0.112447	-0.010849	-0.008497	-0.345619	-0.225686	-0.154948
44	-0.112750	-0.286925	0.152474	0.201118	-0.113330	-0.043929	0.029872	-0.136583	0.157210	-0.086542	-0.064719	0.100874	0.301312	0.107596	0.154444	-0.006456	0.000000	-0.172229	-0.098469	-0.037308
45	0.075609	-0.171058	0.184576	0.200459	0.077451	0.233512	0.203835	-0.013713	0.282252	0.000000	0.089633	0.193226	0.287240	0.148515	0.260065	0.065583	0.101667	-0.059316	0.048320	0.157249
46	-0.050504	-0.302103	0.088215	0.000000	-0.029161	0.130394	0.116572	-0.332787	0.100692	-0.183306	-0.064798	0.069482	-0.034988	0.034903	0.128285	0.005511	-0.020027	-0.256955	-0.104397	0.034083
47	0.000000	-0.289251	0.166730	0.130261	-0.094662	0.195165	0.112785	-0.191931	0.193621	-0.102706	-0.029791	0.084672	0.105085	0.066679	0.198134	0.062312	0.006260	-0.177805	-0.173287	0.004572
48	-0.118154	-0.365614	0.092919	0.018676	-0.085471	-0.001116	-0.006523	-0.212004	-0.036816	-0.155464	-0.135874	-0.007382	0.000000	-0.064377	-0.052686	-0.082659	-0.078163	-0.187725	-0.112589	-0.027609
49	-0.042883	-0.327474	0.112257	0.056091	0.026861	0.000000	0.003254	-0.250759	-0.027920	-0.084983	-0.021465	-0.024209	-0.154704	-0.000012	-0.003250	-0.053075	-0.023553	-0.194632	-0.020481	0.119728
50	-0.023248	-0.219366	0.002046	0.072954	0.002282	-0.049916	0.088729	-0.069598	0.070273	-0.060176	-0.060870	-0.031803	-0.109378	-0.056039	0.048473	-0.016338	-0.006187	-0.076722	0.071694	0.000000
51	-0.045260	-0.319502	0.092788	0.000000	0.017680	0.042309	0.054663	-0.164019	0.113386	-0.099021	-0.064388	0.014073	0.017382	-0.020170	0.124278	0.011484	0.022056	-0.160259	-0.024548	0.068653
52	0.084393	-0.186724	0.310803	0.249685	0.116703	0.149645	0.165225	-0.010993	0.133295	0.000000	0.048006	0.173780	0.201135	0.083736	0.077764	0.062611	0.045696	-0.057403	0.122782	0.180545
53	0.050485	-0.196452	0.240694	0.202341	-0.081191	0.117003	0.091830	-0.096883	0.100634	-0.025484	-0.008834	0.063531	0.071392	0.000000	0.061527	0.085328	0.129727	-0.029914	-0.084532	-0.032221
54	0.189260	-0.035513	0.335664	0.328378	0.138813	0.188522	0.124402	0.113487	0.100322	0.019979	0.045842	0.156055	0.271467	0.105624	0.072503	0.168507	0.197550	0.000000	0.143674	0.184261
55	0.240495	-0.156998	0.029004	0.113664	0.130329	0.029921	0.184171	-0.058015	0.223301	-0.041133	0.142354	0.000000	0.107753	0.207821	0.287803	0.086865	0.081393	-0.018906	0.136458	0.244349
56	0.111598	-0.257541	0.314340	0.273603	-0.028769	0.000000	0.059161	-0.129585	0.135196	-0.092653	-0.013021	0.101458	0.431716	0.151651	0.145085	0.138832	0.118470	-0.063586	-0.001742	0.066252
57	-0.008405	-0.291827	-0.049431	0.024500	-0.103807	0.002720	0.023128	-0.135350	0.163969	-0.160068	-0.069344	-0.008869	0.169379	0.089114	0.173421	-0.008698	0.000000	-0.133306	-0.106359	-0.066691
58	0.087759	-0.160300	0.056069	0.000000	0.115909	0.066284	0.212551	-0.055882	0.303206	0.040590	0.065709	0.156452	0.033114	0.150457	0.354000	0.095736	0.108441	-0.084318	0.080349	0.164057
59	0.066419	-0.262181	0.155965	0.020481	0.030366	0.000000	0.176915	-0.184921	0.413215	-0.046934	-0.054137	0.197461	0.394061	0.108562	0.407479	0.105364	0.089907	-0.196907	-0.085289	0.026596
60	0.338016	0.073359	0.294866	0.000000	0.414358	0.604781	0.446953	0.193894	0.515344	0.312639	0.299622	0.601457	0.331810	0.284352	0.631891	0.448204	0.309748	0.162529	0.371181	0.430067
61	1.262283	0.181065	1.461654	1.179785	-0.197884	1.848166	0.843508	0.187399	1.276378	0.186759	0.000000	1.247490	1.681916	1.107589	1.198492	1.265857	0.950940	0.484025	-0.630277	-0.318171
62	1.046883	0.232867	0.597520	0.000000	0.515215	1.387091	0.689687	0.203595	1.492549	0.567524	0.622116	1.070734	2.035796	0.741094	1.520725	0.807734	0.631972	0.180511	0.482113	0.385913
63	1.601167	0.443672	2.095541	1.266050	0.103009	1.996251	1.019637	0.681235	1.545409	0.784366	0.758352	1.825277	2.369725	1.262270	1.441516	1.514495	0.978017	0.770644	0.453046	0.000000
64	0.356244	-0.085426	0.481484	0.000000	-0.126304	1.199152	0.369014	0.257669	0.772913	0.152588	0.041323	0.874177	2.714422	0.371123	0.478956	0.671777	0.737137	0.420456	0.032456	-0.126199
65	0.773247	-0.308444	1.033420	0.000000	0.017263	1.795838	0.854231	-0.421142	1.271971	-0.108185	0.150115	1.252986	2.291574	0.742201	1.329466	0.748050	0.207201	-0.324141	-0.229101	-0.110617
66	2.833994	1.947149	3.588484	3.447430	1.741238	3.191916	2.671161	0.000000	3.042661	1.023911	1.730803	3.395161	3.276678	3.170662	2.977081	3.392432	2.851928	0.799657	2.058123	1.842874
67	1.011701	-0.020778	0.645746	0.368215	0.223277	1.915023	0.813463	-0.307402	1.351888	0.157751	0.367207	0.854970	1.925102	0.908114	1.207335	0.680399	0.000000	-0.300853	-0.035752	0.088546
68	3.181138	2.039393	3.660331	3.512792	1.705383	3.452458	3.395620	0.767194	3.280054	0.000000	1.291654	3.567614	3.543367	3.386330	3.279043	3.403773	2.984318	1.434366	2.796837	2.743261
69	0.288126	-0.195602	0.781981	0.000000	0.114773	1.071337	0.204915	-0.154380	0.067172	0.049056	0.087830	0.435869	1.143987	0.075447	0.041228	0.236829	-0.027928	-0.271621	0.191595	0.051816
70	0.581017	0.323461	1.236008	0.941385	0.527873	1.110299	0.924497	0.139616	0.191428	0.306694	0.374862	0.950131	1.330935	0.762124	0.000000	0.678677	0.668960	0.117658	0.527465	0.614079
71	0.903324	0.636917	0.709906	1.173314	1.129281	0.000000	0.804707	1.434131	0.809047	0.883808	0.854551	0.673926	1.770109	0.839866	0.911188	0.681130	0.663265	1.454667	1.267915	1.289963
72	-0.351542	-0.358084	-0.196984	-0.444710	0.091767	0.172252	-0.039142	-0.009549	-0.090065	0.016097	0.056302	0.000000	-0.471791	-0.101357	0.087503	-0.140962	0.022362	-0.144159	0.076400	0.147751
73	0.098902	-0.479233	-0.117443	0.014998	-0.353029	-0.383437	-0.217875	0.349085	0.185211	0.168858	-0.014528	-0.236579	1.373167	0.131442	0.175467	0.000000	0.106097	0.326222	-0.125117	-0.231415
74	1.639616	0.945796	1.562323	1.419186	1.296153	0.000000	1.578441	1.736869	1.568139	1.658811	1.581266	1.593897	1.799560	1.645218	1.603637	1.615326	1.727269	1.834889	1.147754	1.379478
75	1.798192	0.701818	2.043916	1.631838	-0.427350	2.048526	0.923172	0.680001	1.800489	0.000000	0.738783	1.523987	1.201476	1.650088	1.544842	1.986317	1.641182	1.026956	-0.086357	-0.892082
76	1.707112	1.280277	2.159422	2.161371	1.559038	0.000000	1.820312	2.342565	2.005890	2.002751	1.935681	1.800372	2.474434	2.052242	2.071795	1.925559	2.253829	2.379268	1.539947	1.691604
77	3.223390	2.265355	3.542544	3.245671	0.000000	3.328671	3.341820	1.014429	3.309850	1.305434	1.792351	3.509260	3.031786	3.433996	3.288698	3.662880	3.565130	1.841441	2.522623	2.295372
78	0.073393	-0.436796	0.407478	-0.283605	0.133821	0.806743	0.008134	-0.162540	-0.019932	-0.017794	-0.054803	0.373389	2.327844	-0.129694	-0.036002	0.000000	-0.059953	-0.149747	0.131850	0.069162
79	3.045111	1.872606	3.446987	3.355179	1.711889	3.536606	2.980803	0.000000	3.217601	1.385239	1.955239	3.243214	3.036616	3.156120	3.188639	3.287462	2.157115	0.462781	2.300618	2.169899
80	0.000000	0.254781	1.250018	0.834716	1.504955	1.090527	1.305368	0.849901	0.542179	1.067890	0.813728	1.310699	2.377531	0.748604	0.500788	0.543692	0.698592	0.457763	1.465774	1.502434
81	2.848284	2.255077	2.955176	2.977675	2.377293	0.000000	2.824170	3.011258	3.108252	2.780969	2.775730	2.840508	2.881139	3.024013	3.167603	2.988302	3.068666	3.041926	2.422016	2.623339
82	2.187874	2.155466	2.682896	2.922821	2.120656	0.000000	2.672343	3.026590	2.811292	2.518439	2.537696	2.634091	2.770959	2.932751	2.937605	2.546265	2.896535	3.064395	2.392860	2.533969
83	0.620163	0.558969	1.560786	1.480931	0.935932	1.555512	1.116623	0.367946	0.868736	0.581167	0.658589	1.219509	1.768455	1.149098	0.840004	0.522853	0.000000	0.157861	1.086377	1.013730
84	1.535720	0.887514	0.000000	1.262564	1.468246	1.247106	1.299060	2.335403	1.877703	1.244184	1.236296	0.673633	3.022973	1.442132	2.003419	1.550543	1.753834	2.471742	1.640182	1.715347
85	0.369679	0.241081	0.962409	0.966797	0.364416	0.925613	-0.015593	0.833636	0.009855	0.542873	0.314125	0.000000	2.368245	0.318596	-0.028490	0.237127	0.429520	0.859723	0.529581	0.461008
86	0.663521	0.806229	1.801795	1.610376	1.029235	1.139253	0.858747	1.016531	0.742515	0.915572	0.975085	0.958197	0.000000	1.212862	0.619603	0.860325	0.974768	0.940740	1.316049	1.044974
87	-0.215747	0.027281	0.988341	0.459838	-0.057668	0.886417	0.000000	0.083160	0.419749	-0.004641	0.083980	0.721679	0.505474	0.286640	0.386443	0.421890	0.325414	0.115514	-0.151731	-0.244558
88	0.830180	0.147419	0.507808	0.532160	0.426195	1.107679	0.554781	0.000000	0.597306	0.330226	0.540033	0.570621	1.390608	0.583193	0.583411	0.641321	0.609871	0.285986	0.523332	0.474335
89	1.040871	0.700163	1.162444	1.163037	1.115531	0.000000	1.182301	1.454023	1.214507	1.242430	1.183066	1.085470	1.182541	1.203975	1.355649	1.232265	1.369565	1.454105	1.271288	1.273826
90	0.285139	-0.010298	0.000000	0.311680	0.296587	0.264383	0.181351	0.441754	0.163754	0.309995	0.248865	-0.015218	0.696648	0.236526	0.223244	0.104140	0.160624	0.433608	0.270792	0.310825
91	1.124122	0.454888	0.000000	0.826087	1.270324	1.506560	0.922549	1.101339	1.023043	0.922042	1.152455	0.495513	2.278529	1.001706	1.077690	0.783171	1.249893	1.200500	1.154946	1.205576
92	0.702737	0.658661	1.584975	1.465647	0.957215	1.057849	0.791890	0.955042	0.789624	1.150669	1.035303	0.674745	0.000000	0.955641	0.932482	0.588716	0.453481	0.664371	1.078559	0.906613
93	-0.062033	-0.191448	0.849893	0.287550	0.064386	-0.508693	-0.329634	0.646874	-0.453421	0.084622	-0.159810	-0.009747	0.879794	-0.272935	-1.372385	0.000000	0.078229	0.591756	-0.170338	-0.077965
94	2.751078	1.780652	3.658812	3.434466	2.072357	3.445436	2.955659	0.000000	2.661468	1.232013	1.633277	3.134264	2.800889	2.984498	2.749084	2.867286	2.243469	0.855990	2.564626	2.525046
95	2.009508	0.826177	2.559429	1.917614	0.000000	2.750977	1.097453	0.440408	1.147338	0.789893	0.934382	2.015248	2.313419	1.499742	0.826175	1.914099	1.257807	0.562880	0.551749	0.302134
96	3.344864	2.163235	3.713278	4.024851	3.079460	4.358878	3.759232	0.000000	3.539974	2.070724	2.991745	3.414735	3.479478	3.965596	3.607934	3.689324	3.009686	0.114246	3.432522	3.574459
97	1.236023	0.629619	1.020220	1.143749	1.603016	2.180623	1.435520	0.327048	1.360277	0.801019	0.987123	0.998740	2.812681	1.328497	1.292048	0.666071	0.000000	0.308201	1.468230	1.538533
98	-0.234979	-0.052612	-0.413060	-0.537605	0.530018	0.362849	0.008124	0.599869	0.000000	0.372657	0.158809	-0.029413	2.833633	-0.148812	-0.004609	-0.190034	0.104403	0.707850	0.422492	0.408433
99	3.076855	2.235233	3.854919	3.749565	2.489166	3.853788	3.380510	0.000000	2.742799	0.768331	1.792228	3.484404	3.532778	3.240434	2.853135	3.298750	2.493200	0.902604	2.768049	2.930497
100	1.190328	0.465772	0.810228	0.644996	0.728617	1.977240	0.799900	0.000000	1.128271	0.434865	0.719613	1.123435	2.725044	1.004446	1.324088	1.220765	0.924278	0.345707	1.002258	0.748942
101	0.465225	0.543568	0.671351	0.443181	1.216456	0.987846	0.966102	1.079003	0.752425	0.995415	0.993072	0.987483	0.000000	0.701326	0.906828	0.787010	1.014920	0.904962	1.239095	1.346731
102	1.188794	0.779056	1.031871	1.167742	0.985986	0.000000	0.945541	1.971945	1.311630	1.548386	1.365947	0.979746	2.197731	1.214818	1.341226	1.113536	1.252656	1.912114	1.112375	1.154688
103	1.197802	1.306045	1.589164	1.599295	1.798046	0.000000	1.717277	2.317332	1.754569	1.700347	1.643321	1.853655	2.716798	1.643286	1.876687	1.304178	1.696299	2.221833	1.921485	2.000894
104	0.000000	1.096838	2.255563	1.468600	1.432561	1.426410	1.451203	1.036660	0.658000	1.232430	1.000831	1.316390	0.946538	0.966428	0.612385	0.773226	0.958879	0.872131	1.442337	1.504635
105	0.000000	1.435310	3.044813	2.812769	2.603583	2.177164	2.811593	1.812613	2.640695	1.958442	1.978598	2.838873	3.249650	2.685988	2.590736	1.405735	1.860520	1.639045	2.553952	2.719028
106	0.000000	0.275362	0.234388	0.237511	0.502823	0.917076	0.346242	1.209666	1.213761	1.113195	0.809710	0.792855	2.143295	0.693399	1.268681	0.373502	1.015295	1.001642	0.065392	0.309185
107	0.092099	0.083674	0.579607	0.280808	0.528951	0.948206	0.360524	-0.003877	-0.168368	-0.109081	-0.036251	0.272368	2.519022	0.000000	-0.192022	0.375617	0.357582	0.158525	0.577229	0.613398
108	1.232195	0.589296	0.000000	1.117342	1.269200	1.902383	0.603531	1.351630	1.320547	0.875249	1.275031	0.205817	2.572257	1.280490	1.447270	0.907410	1.570636	1.480928	1.494831	1.329652
109	1.398879	1.289227	1.782107	1.753401	1.993316	0.000000	1.462962	2.241377	1.108905	1.765115	1.442598	1.511409	2.668337	1.264287	1.194905	1.634820	2.080952	2.321790	2.180723	2.141731
110	2.570863	2.073666	3.638630	3.167831	2.578105	2.671341	2.261512	2.571563	1.330829	2.209381	2.081098	2.463448	3.644563	2.189688	0.000000	2.431129	2.210753	2.593065	2.673945	2.641357
111	3.496565	2.554111	4.409267	4.226764	2.417477	4.347430	4.104990	0.860865	3.863843	0.000000	1.376737	4.217905	3.900244	4.005191	3.959983	4.063798	3.635142	1.493576	3.334253	3.697782
112	0.690175	0.708437	1.687015	0.788555	1.084658	1.271564	0.884219	0.826794	0.092720	0.564984	0.336188	1.128931	3.036430	0.158896	0.000000	0.946199	1.061584	0.767461	1.287929	1.268287
113	1.590074	1.049754	2.302550	1.044393	1.884572	2.550206	1.917677	0.292839	1.433895	0.965788	1.183903	2.194940	1.504414	1.273044	1.653317	1.980846	1.563334	0.000000	2.013262	1.942828
114	0.666130	-0.744318	0.123054	0.483543	-0.486031	-0.879921	-0.044960	1.104550	0.489331	0.043295	-0.061481	0.000000	2.000305	0.366948	0.503294	0.472675	0.359883	1.169548	-0.460725	-0.394451
115	1.859590	1.388223	0.000000	1.989479	1.087589	2.375279	1.681576	2.124533	3.062072	2.403342	1.903134	1.476598	2.824989	2.310184	2.968966	1.785444	1.471413	2.105311	0.577900	0.737920
116	-0.418603	-0.492573	1.057246	-0.631014	-0.146488	0.547801	0.042484	-0.555857	-0.393964	-0.213772	-0.752309	0.603213	1.876573	-0.844807	-0.516082	0.000000	0.021145	-0.706766	-0.217244	-0.158566
117	3.178374	2.447598	3.661323	3.454293	2.197549	3.569172	3.346305	0.000000	3.074195	1.318559	1.999179	3.452379	3.438975	3.362183	3.156879	3.609634	3.531771	1.111695	2.657749	2.884339
118	1.953465	0.837548	2.443905	1.933007	1.462971	2.231739	1.872367	0.815411	1.593356	0.000000	0.694637	2.024704	2.821541	1.568552	1.479391	2.286805	2.256605	1.374011	1.478749	1.465726
119	0.592615	0.421155	1.594615	0.854067	0.000000	1.637047	0.691475	0.855516	0.276410	0.442163	0.115504	1.267181	3.603550	0.389492	0.123976	0.659509	0.845344	1.026029	0.169540	0.176711
120	1.814214	1.582786	3.048101	2.982561	2.042466	2.931166	2.920237	0.082441	2.817127	1.514028	1.922398	3.059559	2.858489	2.917428	2.894883	2.700807	2.318778	0.000000	2.292396	2.469409
121	2.115310	1.268171	1.121762	2.390117	2.019032	1.414409	1.750703	2.645922	2.303510	2.129498	2.183489	0.000000	2.839756	2.185226	2.421965	1.635452	2.366521	2.710057	2.365106	2.292804
122	0.491140	-0.056195	-0.426069	0.000000	0.668061	0.237912	0.398052	0.742745	0.629061	0.654316	0.578202	0.009265	1.659919	0.479776	0.816133	0.189061	0.309364	0.708858	0.598525	0.640274
123	1.195934	0.447556	1.849089	1.443186	0.943559	1.978735	1.109099	0.195978	0.517784	0.694313	0.655148	1.407159	2.597668	0.946662	0.415725	1.301779	0.902412	0.000000	0.970958	1.074289
124	0.841963	0.666593	0.000000	0.517090	0.849922	1.335737	1.248567	1.414205	1.651449	1.344157	1.390989	0.966312	0.498833	1.392136	1.836079	0.781625	1.418355	1.243218	0.964118	0.773258
125	2.435187	1.373602	3.471112	3.494202	2.451283	3.466800	3.552748	0.817168	3.503448	1.017501	1.533201	3.399834	3.585691	3.288169	3.555373	3.105399	2.073413	0.000000	3.021445	3.100250
126	1.664050	1.370339	2.828047	2.270036	1.427506	1.737490	1.488509	1.468801	0.818039	1.491917	1.342653	1.957239	3.083958	1.525603	0.000000	1.268373	1.078598	1.388083	1.155216	1.337285
127	-0.132984	-0.648172	0.250255	0.000000	-0.460646	0.006850	-0.415960	0.392629	-0.239654	0.019932	-0.236222	-0.426882	1.879884	-0.236185	-0.359787	-0.124103	0.082893	0.322430	-0.541884	-0.548283
128	0.942806	0.703747	2.380747	2.130245	2.004786	2.079921	2.264399	0.656499	1.652500	1.297982	0.935246	1.968601	2.156616	1.419866	1.593705	1.110257	0.846371	0.000000	1.847053	2.167560
129	1.096889	1.023229	1.557140	1.690551	1.544123	1.678064	1.364419	1.569775	1.058919	1.270600	1.293778	1.192453	2.095458	1.327488	0.960539	0.424310	0.000000	1.391528	1.661633	1.631657
130	1.194856	0.914584	2.829072	1.975267	0.146061	1.937504	0.000000	1.009512	1.029498	0.637440	0.745722	1.670817	1.939130	1.221157	0.365116	1.542344	1.443601	1.413231	0.480530	-0.045788
131	-0.481676	0.062969	0.403300	0.062044	0.331649	0.324046	0.160622	0.350668	-0.187129	0.105069	-0.118691	0.383551	1.481611	-0.295218	-0.172835	0.000000	0.316577	0.243561	0.251937	0.416889
132	0.000000	0.166362	0.822966	0.191168	-0.166107	1.169558	0.373783	0.194241	-0.021219	-0.040227	-0.215132	0.811735	2.763666	-0.106564	0.077698	0.731931	0.789615	0.288809	0.138777	0.027064
133	0.000000	0.834913	3.458814	3.335304	1.754834	2.351069	2.977161	1.149221	2.706565	1.291595	1.628691	3.046801	3.238344	2.833685	2.659508	2.027351	1.619146	0.724188	2.307364	2.209677
134	0.824380	0.448389	1.919217	0.899773	1.484917	2.069709	1.457584	0.092142	0.900503	0.206888	0.384480	1.532930	3.292767	0.915118	0.899400	1.413174	1.148200	0.000000	1.237696	1.341370
135	-0.281283	-0.044396	0.455789	0.000000	0.492589	0.756273	0.269926	-0.198616	-0.499209	-0.281050	-0.248495	0.242104	2.663446	-0.250525	-0.554979	0.143804	0.079414	-0.075348	0.434137	0.541667
136	0.000000	0.888590	2.901967	2.285917	0.775458	2.041906	1.277233	0.298424	0.968707	0.285591	0.455069	2.222213	3.268449	1.417080	1.124987	1.498758	1.595499	0.637325	1.033232	0.680709
137	2.513881	2.095183	3.312560	3.167797	1.503460	3.181543	3.125156	0.705052	3.140169	0.000000	1.087904	3.303296	3.604716	3.101921	3.115534	3.067819	2.673531	1.319692	2.645668	2.678327
138	0.462833	0.453735	1.033933	0.561199	0.660691	1.090265	0.600562	0.315088	0.000000	0.217898	0.251086	0.626268	3.073994	0.418695	0.026292	0.673504	0.716761	0.528156	0.777286	0.672258
139	-0.398884	-0.070777	0.504504	0.000000	0.437465	0.443871	0.110607	0.222978	-0.350875	0.104263	-0.096489	-0.094460	2.226695	-0.144339	-0.396237	-0.088854	0.173710	0.197367	0.359550	0.376294
140	0.000000	1.027652	2.052865	1.901446	2.541704	1.327848	2.366043	1.824629	2.171847	2.068875	1.622129	2.053679	1.721606	1.730346	2.356784	0.825081	1.129534	1.232279	2.736569	2.714500
141	1.718861	1.448314	1.824139	1.725553	1.969562	0.000000	1.852815	2.205073	1.706028	2.016517	1.982110	1.831903	1.991992	1.796794	1.878266	1.645953	1.909311	2.196914	2.014785	2.129606
142	0.126345	0.255065	0.467216	0.585054	0.236260	0.441489	0.029432	0.249738	-0.108658	0.213340	0.337988	0.184401	-0.010372	0.269921	0.084260	0.000000	0.140187	0.245881	0.468613	0.332284
143	1.393125	0.490300	2.104870	1.281280	0.931888	2.044052	1.070991	0.000000	0.615688	0.488837	0.720427	1.274651	1.975265	0.797877	0.651653	0.982827	0.586203	0.094979	1.109086	1.037017
144	0.799964	1.038104	3.362638	3.220146	2.578080	2.633348	3.087910	0.455639	2.755034	1.036788	1.439908	3.016540	2.973758	2.355541	2.957002	1.476597	0.930022	0.000000	2.925707	2.810131
145	1.171354	0.286129	2.043831	1.745601	0.395100	2.004797	0.631591	-0.089044	0.074816	0.396243	0.565182	0.698837	2.248093	0.896769	0.000000	0.630203	-0.150446	-0.205586	0.492087	0.398253
146	3.112406	2.206449	3.865469	3.818410	1.463799	3.381080	3.598981	1.284455	3.595945	0.000000	1.262126	3.746427	3.645420	3.666857	3.675712	3.649251	3.201658	1.868894	2.974414	2.788606
147	1.041383	-0.049692	1.983253	1.482630	-0.135637	1.852097	0.741749	-0.117765	0.261685	-0.281440	0.089534	1.352499	2.864053	0.755979	0.050017	1.078127	0.349401	-0.075937	0.230505	0.000000
148	1.997748	1.337128	3.439202	3.521617	2.179588	3.037317	3.316541	0.356368	3.195003	0.792818	1.631778	3.483240	3.219579	3.348021	3.210599	2.936741	2.063888	0.000000	2.945634	2.728240
149	0.681240	0.155375	2.373626	0.811755	0.780570	1.791460	1.155808	0.484617	0.420362	0.551897	0.000000	1.726478	3.269082	0.367355	0.426024	1.095928	1.199455	0.378624	0.516364	0.711884
150	2.633739	2.117608	3.375097	3.186742	1.735420	2.489321	1.684692	2.337548	1.611384	2.755825	2.429855	2.005827	2.999584	2.435897	0.000000	1.946985	1.654890	2.295161	2.143038	1.720182
151	0.328575	0.115940	0.919168	0.537559	-0.113845	1.002989	0.240509	0.030638	0.077262	-0.316343	-0.178785	0.521759	0.449411	0.170347	0.000000	0.479178	0.437585	0.210770	-0.122161	-0.121079
152	0.525960	0.659329	1.620306	1.358152	0.961637	1.461036	0.872819	0.331252	0.000000	0.161323	0.457381	0.909648	1.865897	0.758863	0.217107	0.850532	0.803924	0.232946	1.183628	1.018724
153	-0.047159	-0.060052	0.079824	-0.097910	0.301075	0.343554	0.172305	0.170087	0.059303	0.179738	0.094865	0.169392	0.000000	0.002268	0.121895	0.067624	0.061046	0.065552	0.393707	0.291635
154	0.314281	0.128088	0.309473	0.245295	0.502956	0.487487	0.485928	0.218347	0.402853	0.306219	0.369686	0.471075	0.000000	0.349252	0.530706	0.372559	0.346483	0.245858	0.580487	0.607035
155	0.000000	-0.132929	-0.039567	-0.105910	0.123887	0.270275	0.092417	-0.061524	0.105798	0.038591	0.094494	0.051804	-0.110886	0.031745	0.234364	0.026762	-0.051258	-0.092878	0.224754	0.166401
156	0.112458	0.020903	0.145324	0.000000	0.458239	0.364653	0.624298	0.350008	0.800221	0.294560	0.274341	0.568758	0.323787	0.463882	0.880818	0.312870	0.405429	0.175830	0.418215	0.421612
157	0.069399	-0.325534	-0.030309	-0.076259	-0.016894	0.352707	-0.016487	0.013018	0.000000	0.020370	-0.013642	-0.040393	0.419551	-0.083730	0.090431	-0.063417	-0.181183	-0.011355	-0.058432	-0.019297
158	1.598131	0.533420	2.102222	1.054532	0.829247	2.008627	1.375134	0.133968	1.599036	0.698657	0.823209	1.963989	1.666411	1.261893	1.624723	1.511883	0.923403	0.000000	0.915901	0.800101
159	1.131082	0.061853	1.248767	0.230713	-0.269153	1.806839	0.978505	-0.252076	1.616280	0.335493	0.000000	1.531973	2.633131	0.949695	1.397749	1.154817	0.712011	0.077303	-0.108911	-0.257288
160	0.788777	-0.562951	0.612140	0.000000	-0.233939	1.592510	0.446092	-0.787889	0.837922	-0.421305	-0.173677	0.795760	1.865101	0.517188	0.775241	0.620191	-0.063443	-0.615174	-0.447001	-0.335819
161	2.503210	1.569646	3.656985	3.238263	1.674541	3.297296	2.876582	0.000000	3.118921	0.714353	1.434986	3.507200	3.507527	3.105930	3.037174	3.333901	2.740304	0.615822	2.059685	1.838519
162	0.511882	-0.277378	1.743075	0.298272	0.196746	1.372280	0.589278	-0.271781	0.000000	-0.180616	0.008109	1.111717	1.016024	0.305865	-0.016850	0.616540	0.146860	-0.399723	0.255106	0.136947
163	2.905973	1.620863	3.483204	3.320434	1.828396	3.327659	3.229447	1.061115	3.033286	0.000000	1.374805	3.293763	3.321369	3.198832	3.046447	3.182139	2.786078	1.517922	2.653222	2.642942
164	0.995676	-0.054304	1.452205	0.759159	0.387437	1.663984	0.562855	0.000000	0.339971	0.378387	0.444816	0.943885	2.258200	0.536202	0.323198	0.746395	0.338721	0.081597	0.462934	0.359349
165	0.864679	0.841168	1.925351	1.644735	1.129771	1.494338	1.167080	0.900787	0.000000	0.749941	0.732340	1.384387	1.724598	0.954732	0.175539	0.928263	1.101028	1.038676	1.202963	1.219839
166	1.534376	0.944882	1.000654	1.424164	1.482076	0.000000	1.541952	2.155756	1.882828	1.419915	1.490416	1.385672	2.248560	1.651267	1.986983	1.424000	1.377992	2.198959	1.423728	1.582315
167	0.259895	0.018286	0.334030	0.135826	0.663283	0.770136	0.593829	0.604203	0.522447	0.609984	0.643660	0.626668	0.000000	0.510263	0.672510	0.426417	0.616426	0.543196	0.661428	0.729363
168	0.193137	-0.389921	0.238447	0.217126	-0.163532	-0.045179	-0.098608	0.398277	0.000000	0.279008	0.160109	-0.070218	1.673059	0.180619	0.041100	0.167835	0.298499	0.438292	-0.038050	-0.133788
169	1.016093	0.567287	0.954574	0.895321	1.017647	0.000000	0.974955	1.561508	0.988655	1.291500	1.118083	0.949142	1.597138	1.012049	0.961673	1.025767	1.387186	1.690635	0.865226	1.059383
170	1.875587	0.909855	2.642605	2.242474	0.014197	2.361704	1.263752	0.666253	1.966541	0.000000	0.832144	2.103328	1.378945	2.033671	1.833389	2.309895	1.999680	1.196548	0.341995	-0.172937
171	1.562036	0.927123	1.705238	1.686257	1.398469	0.000000	1.629083	2.335508	1.969951	1.926596	1.777748	1.456218	2.563654	1.835938	1.999182	1.654610	2.096977	2.415683	1.327785	1.441632
172	3.379642	2.289058	3.870057	3.533395	0.000000	3.615350	3.472537	1.230327	3.434644	1.493948	1.925115	3.728458	3.237678	3.602587	3.359469	3.760013	3.631456	2.034222	2.524265	2.333047
173	-0.255532	-0.552477	0.303002	0.055237	0.114112	0.608592	0.018960	-0.051890	0.371137	0.120941	0.016783	0.421605	2.153179	0.156153	0.329041	0.000000	-0.085450	-0.360797	0.087604	-0.121444
174	2.857664	1.694584	3.393725	3.137585	1.592021	3.419373	2.830198	0.000000	3.081377	1.454026	1.964851	3.193643	2.885778	3.005442	3.052095	3.184918	2.117453	0.294269	2.080852	1.963803
175	0.000000	0.299507	1.382134	0.737414	1.737705	1.075416	1.444823	1.196806	0.578399	1.137629	0.806164	1.450028	2.894407	0.649064	0.565378	0.452712	0.747157	0.751248	1.677008	1.771854
176	2.917323	2.267055	3.113295	3.124892	2.482458	0.000000	2.957445	3.094726	3.199627	2.806769	2.826074	2.976151	3.078264	3.142644	3.259886	3.118053	3.220295	3.101372	2.543484	2.752472
177	2.417727	2.313117	2.912619	3.198877	2.461929	0.000000	2.983683	3.360244	3.118815	2.918808	2.929126	2.842194	2.943708	3.283853	3.277257	2.665115	3.149805	3.328095	2.699067	2.834834
178	1.046993	0.580170	1.941032	1.446132	0.801232	2.046329	1.120346	0.313918	0.771513	0.445500	0.642546	1.642195	2.005916	1.152148	0.834758	1.471539	1.214059	0.000000	0.964262	0.805267
179	0.812548	0.433186	0.777196	0.771294	0.702602	0.000000	0.623547	1.518125	1.160282	0.854473	0.703605	0.550839	2.426482	0.805531	1.201909	0.970808	1.279986	1.607229	0.895277	0.872995
180	0.523278	0.001979	0.873321	0.879633	-0.012728	0.777918	-0.137380	0.828545	0.081264	0.493693	0.260494	0.000000	2.104424	0.258375	-0.036533	0.305248	0.363901	0.842035	0.200957	0.111065
181	-0.325419	0.428219	0.495902	-0.116380	0.825487	0.167310	0.333800	0.703348	0.243402	0.832941	0.491581	0.442125	0.082358	0.000000	0.322417	0.181529	0.657006	0.539685	0.714254	0.722462
182	0.226971	0.309404	1.399026	1.111376	-0.281040	1.176422	0.000000	0.480518	0.929155	0.335387	0.448439	0.982000	1.153299	0.801169	0.878536	0.823698	1.013774	0.621924	-0.199919	-0.465340
183	1.384003	0.684094	1.492478	1.133371	0.561307	1.727454	0.929779	0.000000	0.945144	0.595581	0.846575	1.268209	2.281746	1.064360	0.988331	1.221191	0.941009	0.436539	0.893742	0.728712
184	0.611123	0.552721	0.780961	0.457006	1.006508	0.876710	0.920044	0.890468	0.757036	0.912765	0.871315	1.051901	0.000000	0.711146	0.939301	0.796881	0.978927	0.811493	1.090507	1.091980
185	1.220102	0.606744	1.011303	1.019405	0.826232	0.000000	0.984883	1.522416	1.308200	1.308940	1.120083	0.940031	1.885807	1.166791	1.310521	1.005731	1.058487	1.550833	0.869716	0.916670
186	1.798538	0.861872	0.000000	1.051562	1.767195	1.975398	1.578929	1.684554	1.689808	1.562303	1.567391	0.993052	2.259884	1.389634	1.783749	1.169727	1.670966	1.731748	1.654934	1.851794
187	0.858801	0.700963	0.806139	1.218378	0.792808	1.117034	0.597299	1.064431	1.125959	1.202482	1.158546	0.000000	0.732659	1.033765	1.232932	0.010901	-0.022401	0.906211	0.738404	0.589337
188	0.499449	0.950623	1.077329	1.215101	1.560413	-0.094666	0.726097	2.024704	0.420195	1.513144	1.043581	0.531018	1.830091	0.604388	-0.329497	0.000000	0.438751	2.010346	1.365632	1.453047
189	2.652984	1.778363	3.548356	3.370966	1.864814	3.349894	2.932470	0.000000	2.840754	1.255868	1.564387	3.094828	2.886034	2.928677	2.829110	2.852998	2.120842	0.939642	2.348059	2.260545
190	2.572435	1.362737	3.140925	2.553668	0.158387	3.127045	1.439005	0.761963	1.866215	1.291175	1.410028	2.606682	2.535194	2.206448	1.365610	2.453881	1.668407	1.047662	0.713652	0.000000
191	3.219858	2.043950	3.598288	3.810041	3.130180	4.267723	3.787804	0.258606	3.522754	1.938223	2.775330	3.468640	3.487566	3.855038	3.553763	3.673831	3.038354	0.000000	3.363307	3.641033
192	1.594654	0.850870	1.397423	1.516761	1.711051	2.429980	1.690282	0.311714	1.661087	0.831116	1.124012	1.294011	3.004139	1.658834	1.616880	0.879276	0.000000	0.456113	1.617771	1.725181
193	0.402966	0.602227	0.875914	0.587743	1.087625	1.049409	0.694174	0.883942	0.000000	0.429364	0.351458	0.920078	3.495170	0.052411	0.058808	0.513736	0.612313	1.037570	1.074012	0.909604
194	3.002810	2.027419	3.717784	3.640152	2.464413	3.708154	3.295180	0.000000	2.532341	0.909885	1.815602	3.233899	3.431697	3.111975	2.563390	3.153471	2.363527	0.789588	2.697208	2.892431
195	1.483307	0.591340	1.477357	1.183492	0.544276	2.254134	1.227242	0.000000	1.495591	0.254778	0.558420	1.701509	2.926851	1.419498	1.592268	1.629407	1.390608	0.583580	0.904287	0.709567
196	0.393296	0.335061	0.321083	0.000000	1.077479	0.989468	0.741843	0.818590	0.582477	0.818309	0.837272	0.831602	-0.009216	0.578434	0.780647	0.627840	0.814593	0.652204	1.084959	1.091512
197	1.290421	0.754431	1.096193	1.223032	1.165382	0.000000	1.092658	2.090710	1.383417	1.586073	1.429318	0.968072	2.037804	1.350072	1.432604	1.212914	1.456162	2.125854	1.177441	1.301594
198	1.082490	1.263989	1.481382	1.487955	1.752542	0.000000	1.619911	2.415874	1.899415	1.884131	1.678334	1.729368	2.594897	1.650385	1.917440	1.216440	1.668912	2.299894	1.757933	1.869081
199	0.000000	1.152722	2.260190	1.193363	1.611472	1.549267	1.723969	1.226821	1.502771	1.332464	1.169172	1.540527	1.107423	1.280822	1.410053	0.866652	1.098420	1.136670	1.500582	1.625088
200	0.000000	1.271151	3.115005	2.894640	2.688421	2.034283	2.924509	1.854345	2.724663	2.070565	2.054823	2.905064	3.143997	2.764351	2.706877	1.327087	1.806962	1.562012	2.730666	2.868136
201	-0.024055	0.150947	0.391815	0.088969	0.256952	0.846508	0.000000	1.179723	1.229987	1.099291	0.694971	0.922402	1.841182	0.635682	1.139357	0.391674	1.187379	0.949024	-0.302419	-0.008472
202	0.327228	0.189231	0.873404	0.485592	0.694596	1.158121	0.500214	0.284278	0.000000	-0.109883	0.023913	0.329749	2.838985	0.232185	0.073605	0.577049	0.643069	0.539695	0.691450	0.711305
203	1.846569	1.168592	0.000000	1.372351	2.164595	2.493854	1.449162	2.216047	2.259207	1.757238	1.990152	0.819304	2.830844	1.925839	2.316012	1.539173	2.220319	2.327481	2.211886	2.187809
204	1.105512	0.827228	1.861277	1.402360	1.539971	0.000000	1.053942	1.904098	0.637743	1.314988	1.019921	1.313621	2.342402	0.862409	0.745912	1.345679	1.807086	1.970283	1.858607	1.777909
205	1.893790	1.357954	2.797903	2.189934	2.069123	2.199849	1.860216	2.100078	1.009193	1.375808	1.372587	1.969195	3.505265	1.480396	0.000000	1.844848	1.830182	2.194185	2.130168	2.255986
206	3.720646	2.388561	4.437311	4.140568	2.222771	4.306471	4.063281	0.861965	3.861677	0.000000	1.405665	4.254303	4.002563	4.014562	3.827006	4.150873	3.624318	1.339768	3.226121	3.502061
207	0.535711	0.523269	1.193149	0.342125	1.158837	0.810264	0.883426	0.919252	0.303827	0.671421	0.375576	0.833865	2.816237	0.000000	0.410177	0.783188	0.978643	0.755404	1.401441	1.318186
208	0.981694	0.577130	1.816962	0.398419	1.329228	1.942401	1.364010	0.000000	0.837894	0.748414	0.876708	1.732404	0.816225	0.712413	1.066862	1.377541	1.132538	-0.166876	1.407343	1.372729
209	1.914395	0.615445	1.951640	2.153776	1.120996	0.000000	1.474692	2.254733	1.857169	1.640236	1.510619	1.467678	2.913711	1.901453	1.758141	1.950044	1.976912	2.331905	1.227803	1.275330
210	1.445390	0.415323	0.000000	1.637354	-0.372806	1.925076	0.091354	1.328285	2.486119	1.422611	0.940852	0.633864	2.710363	1.491869	2.288276	1.239497	0.941707	1.428180	-0.935777	-1.064674
211	1.505088	1.253474	3.186609	1.880923	1.506457	2.660684	1.530250	0.682571	0.000000	0.958329	0.766737	2.138691	3.277964	0.935024	-0.203386	1.685737	1.257587	0.805218	1.454271	1.387294
212	2.901250	2.178817	3.523750	3.280663	2.057621	3.328167	3.136789	0.000000	2.904701	1.002464	1.728573	3.311724	3.415428	3.146019	2.944263	3.373347	3.313920	1.211926	2.408539	2.666340
213	2.080911	1.202197	2.797148	2.161529	1.317985	2.604686	1.907669	0.428726	1.803697	0.000000	0.785121	2.396866	2.751465	1.811323	1.846910	2.267624	1.837871	1.144297	1.235918	1.298849
214	0.000000	0.915868	1.851187	0.589141	0.557813	1.016159	0.911128	1.350859	1.438595	1.171946	0.726329	1.726795	3.821785	0.823871	1.384784	0.582241	1.367466	1.344827	0.139781	0.279988
215	1.348343	1.220429	3.313943	3.122505	1.685694	2.922209	2.602658	0.366709	2.885672	1.414219	1.870204	3.037989	2.643677	2.919853	3.011438	2.425648	2.066957	0.000000	1.885711	1.713332
216	1.271397	0.591923	0.255292	1.283679	1.268681	0.199205	1.153897	2.014595	1.742921	1.355610	1.483411	0.000000	2.239402	1.577597	1.828401	1.173655	1.851434	2.180894	1.446779	1.405198
217	0.263654	-0.135450	-0.002763	0.120183	0.205236	0.118135	0.120251	0.664488	0.355036	0.447099	0.288480	-0.027622	1.361269	0.252806	0.452147	0.000000	0.224341	0.614110	0.190929	0.282947
218	1.040498	0.315250	1.770411	1.208452	0.553593	1.814137	0.915175	0.077688	0.585337	0.521017	0.465573	1.446817	2.411468	0.816415	0.508181	1.290408	1.009956	0.000000	0.621514	0.662848
219	0.093717	0.204347	0.371448	0.456554	0.865670	0.000000	0.626060	0.811579	0.397041	0.712591	0.762728	0.292875	-0.110875	0.612348	0.654692	-0.402235	0.043271	0.537980	0.970175	0.952559
220	2.575589	1.643370	3.203368	3.352656	1.667440	3.181864	3.171891	1.691933	3.255558	0.000000	1.135787	3.070897	3.142209	3.088481	3.392091	2.951218	2.432089	1.978173	2.661884	2.800658
221	0.140656	0.073780	0.432578	0.000000	0.304549	0.777582	0.169447	-0.155171	-0.242431	-0.210824	-0.098440	0.478797	1.863113	-0.066309	-0.099882	0.252840	0.121821	-0.152269	0.429740	0.340391
222	0.282212	-0.301445	0.000000	0.512956	0.395511	-0.492275	0.206151	1.146858	0.357385	0.316918	0.297351	-0.466178	1.810956	0.274538	0.496353	0.274381	0.732049	1.252512	0.536205	0.570461
223	1.441001	0.941217	3.009513	2.722364	2.219050	2.654890	2.518244	0.829639	1.734417	1.674935	1.479488	2.530593	1.939378	2.050771	1.725082	1.685640	1.347648	0.000000	2.337467	2.387511
224	-0.066927	-0.167798	0.434520	0.322379	0.120327	0.424627	0.194422	0.247634	-0.009585	0.036500	0.000000	0.078520	0.788190	0.164613	-0.333596	-0.537220	-0.853984	0.129167	0.222474	0.209185
225	0.747561	0.584569	2.081132	1.197615	-0.384618	1.449441	0.000000	0.849709	1.012459	0.481855	0.486800	1.510343	0.866534	0.970671	0.514083	1.266358	1.295892	1.177701	0.175589	-0.414647
226	-0.057905	0.024636	0.203767	0.000000	0.350593	0.380112	0.283581	0.528952	0.269818	0.305339	0.193964	0.396364	1.535424	0.137923	0.332364	0.145902	0.458943	0.470721	0.236230	0.394682
227	-0.153147	-0.011470	0.000000	-0.190686	-0.130959	1.022184	0.383463	0.231470	0.239855	0.177934	-0.111845	0.657030	2.655987	-0.175395	0.344294	0.480242	0.448615	0.209609	0.082872	0.115941
228	0.000000	1.476982	3.685383	3.298994	1.946531	1.894528	2.757817	1.757801	2.372687	1.809448	1.916720	3.066003	3.351645	2.738389	2.512912	1.643331	2.275035	1.653855	2.076774	2.026451
229	0.910892	0.532372	1.699376	0.699407	1.616536	2.049073	1.424959	0.066849	1.033552	0.330420	0.549895	1.543123	2.931868	0.921055	1.020186	1.555379	1.311631	0.000000	1.333469	1.439048
230	0.000000	-0.006962	0.904594	0.503454	0.307810	0.982454	0.334613	0.334002	-0.037623	0.070463	0.124748	0.281509	2.873478	0.280258	-0.283234	0.431977	0.568092	0.584464	0.078067	0.286696
231	0.000000	0.824541	2.704040	1.979313	0.984305	2.092281	1.184759	0.455049	0.614807	0.410326	0.555426	1.776948	2.976212	1.087695	0.629090	1.249101	1.333555	0.764715	1.124573	0.960067
232	2.609719	2.090089	3.222970	3.191954	1.238558	3.114748	3.046895	0.704736	3.076983	0.000000	1.079108	3.268814	3.266938	3.062026	3.067231	3.134468	2.786607	1.497991	2.545782	2.631186
233	0.230129	0.159159	0.601830	0.240192	0.536330	0.878544	0.358761	0.298324	0.000000	0.062707	0.053051	0.215161	2.646269	0.180569	0.032710	0.403878	0.472767	0.497767	0.507217	0.482490
234	0.112519	-0.086771	0.208567	0.174277	0.458322	0.428957	0.199484	0.448727	0.187107	0.395423	0.256881	0.000000	1.521741	0.254431	0.155964	0.080033	0.220156	0.524523	0.273443	0.410091
235	0.126196	0.321746	0.599486	0.433570	1.009893	0.648871	0.751065	0.366334	0.939440	0.524667	0.476876	0.491642	0.608304	0.444354	0.954839	0.054549	0.000000	0.139846	1.006894	1.108253
236	-0.190572	-0.341329	-0.084730	-0.147930	0.040526	-0.358032	0.071297	0.349613	-0.060229	0.087589	-0.020598	0.002901	-0.261401	-0.100752	-0.048034	-0.190994	-0.074105	0.251942	0.056268	0.000000
237	-0.001682	-0.198777	0.000000	0.151344	0.133376	0.053033	0.076236	0.126610	-0.004907	0.032033	0.087596	0.063106	0.192070	0.110708	0.106105	0.033396	0.118078	0.128920	0.121039	0.175151
238	0.963139	0.297381	0.884175	0.534245	0.687715	1.250983	0.879460	0.181336	1.129722	0.629795	0.729657	0.953542	0.892131	0.836015	1.091784	0.839622	0.456078	0.000000	0.515458	0.606613
239	0.699449	0.986416	2.521169	2.227396	2.206331	2.063246	2.419724	0.549337	2.248224	1.237381	1.253941	2.383787	2.446813	1.736458	2.402720	1.085998	0.835690	0.000000	2.531761	2.422874
240	1.227142	0.200039	1.478678	1.090870	0.114875	2.017357	0.950462	-0.235236	1.314247	0.213068	0.454113	1.204880	2.396767	1.123797	1.353499	0.926548	0.216276	-0.149100	0.024935	0.000000
241	3.093967	2.278966	3.783742	3.768908	1.841063	3.469972	3.667293	1.271742	3.579926	0.000000	1.524148	3.798142	3.621681	3.693459	3.611053	3.707439	3.269202	1.801897	3.078218	2.990456
242	0.939148	0.274023	2.217180	1.163938	0.410974	2.214999	0.630419	-0.505367	0.000000	-0.194633	0.093822	1.456865	2.922376	0.390745	0.040769	0.706882	-0.200517	-0.362820	0.281348	0.307431
243	1.789788	1.381349	3.419788	3.370805	1.190292	2.982670	2.881999	0.164534	3.147311	0.438763	1.285528	3.472492	2.995773	3.261795	3.207083	3.082909	2.462520	0.000000	1.893970	1.554855
244	0.000000	0.574750	2.634129	1.025773	1.221564	1.592951	1.414697	0.718480	0.958773	0.663159	0.495050	1.969686	3.321943	0.576761	1.101151	0.725883	1.058838	0.621772	1.146442	1.229061
245	0.988607	1.101357	2.138213	1.500866	1.154282	1.813905	0.994499	0.902126	0.000000	1.143792	0.884353	1.513505	2.568391	0.784070	-0.395387	0.949020	0.669357	0.824630	1.500179	1.146486
246	0.463104	0.450010	0.637055	0.514749	0.479769	0.786981	0.561574	0.328778	0.540163	0.133898	0.157890	0.615754	0.000000	0.339330	0.634944	0.494212	0.440909	0.509909	0.574155	0.657963
247	0.167593	0.149110	0.013990	0.227243	0.254207	0.379288	0.269931	0.281121	0.560058	0.338305	0.323534	0.202944	0.340681	0.343189	0.584470	0.000000	0.001902	0.156012	0.205730	0.292504
248	0.201395	0.062439	0.073568	0.219907	0.316367	0.088837	0.231242	0.390058	0.359112	0.349531	0.270774	0.000000	0.258729	0.192599	0.387045	0.011384	0.078674	0.341709	0.314493	0.357050
249	0.000000	-0.185812	-0.164516	-0.167379	0.177520	0.186874	-0.001510	-0.247206	-0.030608	-0.048487	0.059342	-0.086581	-0.210179	-0.104165	0.075584	-0.022093	-0.040343	-0.142551	0.114129	0.165899
250	-0.037350	-0.169460	-0.281474	-0.111377	0.062743	-0.171208	-0.080294	0.152161	-0.072830	0.190002	0.145806	-0.234609	-0.233316	-0.185275	-0.028805	-0.150662	-0.049948	0.101115	0.110422	0.000000
251	0.127709	-0.206649	-0.029134	0.110246	0.105934	0.019750	0.034707	-0.076505	0.036695	0.000000	0.171693	-0.050740	0.044237	0.045877	0.093725	-0.040745	0.004848	-0.058338	0.195684	0.140539
252	0.199887	0.003521	0.084565	0.287989	0.196026	0.363466	0.150060	0.050533	0.262761	0.143637	0.194985	0.042580	0.409422	0.188417	0.283586	0.000000	0.033813	0.085485	0.145554	0.255264
253	0.061719	-0.285724	0.000000	0.285181	-0.071559	0.086165	0.097041	-0.103338	0.171102	-0.043656	0.065410	0.056941	0.109364	0.163096	0.221894	0.010516	0.033918	-0.059618	-0.075475	0.025451
254	0.090950	-0.252296	0.197333	0.258031	-0.007880	0.094671	0.087762	-0.058042	0.093178	0.035582	0.083765	0.090127	0.123830	0.140273	0.093346	0.000000	0.025083	-0.087891	-0.103164	0.030001
255	0.040392	-0.278634	0.003665	0.163262	0.040959	0.078955	0.129792	-0.034532	0.099139	0.069902	0.091219	0.009548	0.326604	0.040050	0.074755	-0.010116	-0.031139	-0.037734	0.024048	0.000000
256	0.000000	-0.321797	0.246167	0.229872	-0.127215	0.333887	0.135481	-0.068735	0.201717	0.001131	0.022093	0.151709	0.213631	0.116048	0.185344	0.110095	0.052612	-0.049448	-0.253389	-0.021713
257	0.079186	-0.269024	0.277557	0.159526	-0.060224	0.327431	0.217073	-0.089002	0.260192	0.047042	0.116074	0.245818	0.000000	0.176885	0.267524	0.142703	0.114631	-0.066429	-0.135682	0.041016
258	0.139749	-0.122503	0.105025	0.133584	0.312947	0.359370	0.268544	0.032130	0.222773	0.228686	0.310570	0.114269	0.000000	0.168108	0.274654	0.121662	0.169225	0.042237	0.197842	0.352640
259	0.202840	-0.120949	0.000000	0.273861	0.173677	0.406823	0.270206	0.090033	0.361891	0.287047	0.308872	0.156708	0.269458	0.266809	0.415110	0.184453	0.203758	0.086693	0.061927	0.187384
260	0.411770	0.057030	0.228715	0.323160	0.476079	0.526538	0.505180	0.000000	0.560529	0.328952	0.454767	0.298516	0.429285	0.417342	0.533801	0.367718	0.364347	0.187483	0.407990	0.515097
261	0.085762	-0.101027	0.213692	0.289143	0.218986	0.230848	0.249864	0.137408	0.300347	0.241610	0.254279	0.092032	0.381596	0.257716	0.249007	0.042145	0.000000	0.112538	0.138140	0.241273
262	-0.082727	-0.399054	0.136008	0.144818	-0.160563	0.061411	0.010654	-0.175730	0.183396	-0.086636	-0.050442	0.001224	0.113166	0.118291	0.129360	-0.013425	0.000000	-0.125274	-0.283454	-0.135562
263	-0.046947	-0.284062	0.059981	0.119488	0.018739	0.019199	0.039541	-0.052019	0.180153	0.059868	0.050899	0.003587	0.046491	0.091470	0.185625	0.000000	0.076245	-0.052901	-0.053252	0.069313
264	0.040692	-0.261551	0.076934	0.253569	-0.010213	0.058077	0.221861	0.077883	0.349862	0.153041	0.121767	0.072040	-0.004378	0.148337	0.332961	0.067959	0.123672	0.060929	0.014607	0.000000
265	0.015905	-0.181834	0.054948	0.148639	0.066103	0.102205	0.063874	0.035544	0.212232	0.108735	0.086289	-0.006105	0.191480	0.115620	0.210101	0.000000	0.089539	0.013192	0.002935	0.110795
266	-0.051768	-0.364796	0.012876	0.082341	-0.138716	0.039434	0.014821	-0.264301	0.172906	-0.094710	-0.014062	-0.103078	-0.041667	0.000000	0.174654	-0.071201	-0.017180	-0.162776	-0.170924	-0.074938
267	-0.043270	-0.224684	0.031672	0.183771	0.031693	0.066581	0.000000	-0.000452	0.205755	0.121323	0.132240	0.021960	0.033723	0.106996	0.172084	-0.036586	0.058980	-0.054236	-0.057775	0.081390
268	0.015215	-0.278900	-0.001833	0.110254	-0.029297	0.093251	0.003646	-0.069412	0.120551	0.000000	0.059109	-0.073348	-0.032784	0.006525	0.094311	-0.108538	-0.119370	-0.090663	-0.086188	0.016750
269	-0.007340	-0.311146	0.000000	0.161314	-0.035938	-0.056292	0.060513	-0.124412	0.106087	-0.047920	0.021856	0.008886	0.269212	0.048981	0.146953	0.013029	0.024532	-0.097247	-0.078869	0.004271
270	0.064283	-0.262488	0.174018	0.195679	-0.221583	0.036033	0.070705	-0.201000	0.111330	-0.096581	-0.045666	0.000000	0.181136	0.115538	0.198541	-0.224429	-0.051506	-0.125430	-0.256516	-0.052812
271	-0.257487	-0.557115	0.042720	0.000000	-0.374553	-0.143309	-0.104804	-0.405955	-0.004675	-0.273172	-0.253321	-0.111523	0.062311	-0.109220	-0.036214	-0.229512	-0.219364	-0.405657	-0.471562	-0.388536
272	0.008108	-0.500085	0.011574	0.108868	-0.066712	-0.035542	0.210882	0.000000	0.180080	-0.482837	-0.109971	0.003200	0.115284	0.063416	0.264837	-0.017496	0.177579	0.181078	0.058913	0.202924
273	0.037295	-0.178477	0.108693	0.124408	0.159834	-0.067506	0.092556	-0.007201	0.079789	0.096068	0.122366	0.009761	-0.081245	0.077320	0.085812	0.000000	0.054450	0.020763	0.113497	0.210977
274	-0.045416	-0.376258	0.159012	0.221927	-0.014135	-0.013791	0.000000	-0.087665	0.245344	-0.031287	0.002122	0.047716	0.274108	0.127549	0.173548	-0.036734	-0.047606	-0.095351	-0.136650	0.011705
275	-0.014739	-0.349510	0.079344	0.140831	-0.101079	-0.020269	0.003217	-0.142003	0.130221	-0.084069	-0.015898	-0.021636	0.145481	0.088535	0.133945	0.000000	0.071986	-0.104019	-0.180262	-0.058766
276	-0.026863	-0.464138	0.221690	0.100140	-0.393306	-0.071422	-0.090910	-0.469976	0.097253	-0.277239	-0.183577	-0.062038	0.122514	0.042068	0.000347	0.000000	-0.080566	-0.405720	-0.589387	-0.833806
277	0.096678	-0.194170	0.211069	0.277784	0.021713	0.060632	0.232639	0.071990	0.269217	0.140514	0.137740	0.146573	0.109211	0.146151	0.225638	0.143080	0.147725	-0.026127	0.082787	0.000000
278	0.062064	-0.289767	0.203764	0.213735	0.016601	0.069960	0.128494	-0.059532	0.194689	0.000000	0.078758	0.057917	0.368797	0.147729	0.149688	-0.082495	-0.010642	-0.009106	0.011873	0.086938
279	0.023938	-0.298296	0.261235	0.201391	0.057320	0.000000	0.167049	-0.197874	0.199183	-0.064933	0.041333	0.126447	0.451205	0.151552	0.179086	0.070602	0.140017	-0.131185	0.013128	0.103508
280	-0.082904	-0.599300	0.072517	0.065151	-0.217750	-0.122695	-0.093272	-0.014192	0.029419	-0.084612	-0.276024	-0.059918	-0.002025	0.051104	0.044903	-0.050444	0.000000	-0.051996	-0.256117	-0.275382
281	-0.115104	-0.485995	0.000000	0.102045	-0.298820	-0.114767	-0.027914	-0.312810	0.066470	-0.259847	-0.172881	-0.018149	0.196491	-0.009874	0.055802	-0.111172	-0.196492	-0.287906	-0.308035	-0.238896
282	0.217534	-0.098164	0.160412	0.283280	0.018770	0.202284	0.274404	0.184827	0.416006	0.152231	0.194493	0.209175	-0.000854	0.248756	0.377288	0.192019	0.202798	0.173526	0.069357	0.000000
283	-0.144112	-0.464763	0.025762	0.000099	-0.161826	-0.078716	0.033106	-0.209719	0.115549	-0.108819	-0.088762	-0.015846	0.000000	-0.019228	0.085871	-0.089657	-0.086997	-0.230325	-0.175636	-0.080347
284	0.029727	-0.324040	0.196141	0.173864	-0.130007	0.083499	0.113698	-0.274905	0.287542	-0.209874	-0.048569	0.119270	0.296291	0.185860	0.245875	0.079755	0.000000	-0.200686	-0.167582	-0.107944
285	0.000000	-0.356213	0.100289	0.105932	-0.101856	0.124714	0.126331	-0.228919	0.313703	-0.151846	-0.044126	0.099833	0.106977	0.115351	0.286675	0.110673	0.058432	-0.160393	-0.164177	-0.034647
286	0.111590	-0.271180	0.128938	0.262561	-0.112014	0.192473	0.114631	-0.046786	0.302767	0.024939	0.000000	0.074958	0.221161	0.215321	0.202323	0.114397	0.131924	0.042301	-0.181035	-0.045735
287	-0.012717	-0.193170	-0.080754	0.061016	0.082257	-0.021478	0.086122	0.092279	0.235256	0.102671	0.168208	-0.055876	-0.119658	0.098903	0.243856	-0.037989	0.000000	0.080956	0.019895	0.105592
288	-0.016758	-0.438315	0.087896	0.034260	-0.067138	0.012766	0.134853	-0.264139	0.242727	-0.153426	-0.071208	0.085860	0.000000	0.066842	0.219400	0.021330	-0.016820	-0.204893	-0.033775	0.034941
289	-0.065113	-0.353813	0.076195	0.147316	-0.056789	0.046243	0.098959	-0.105244	0.252393	-0.050835	0.009680	0.045839	0.237214	0.144204	0.195260	0.001681	0.000000	-0.098845	-0.073202	0.002003
290	0.084187	-0.181577	0.129186	0.217284	0.007080	0.088276	0.090418	0.082605	0.237896	0.104105	0.086576	0.044740	0.178852	0.163677	0.176905	0.000000	0.054569	0.060728	-0.028182	0.045857
291	-0.010702	-0.344776	0.024230	0.036354	0.051398	-0.063591	0.145073	0.044323	0.301866	0.114867	0.086199	0.072802	0.000000	0.079960	0.276566	-0.054788	0.010067	-0.021893	0.101345	0.116594
292	-0.148112	-0.531056	-0.197975	-0.046474	-0.169686	-0.249148	-0.075856	-0.171161	0.144714	-0.150770	-0.079922	-0.196439	0.149832	-0.010942	0.000000	-0.154569	-0.155420	-0.179212	-0.213285	-0.136635
293	-0.006618	-0.366790	-0.036449	0.073850	-0.010623	-0.066230	0.005359	-0.050883	0.138244	0.003501	0.076835	-0.066511	-0.013363	0.077694	0.000000	-0.022714	-0.002475	0.001605	-0.078616	0.002240
294	0.141398	-0.216312	-0.007714	0.096226	0.066289	0.036118	0.148024	0.158149	0.230668	0.221791	0.184451	0.016457	0.057317	0.091511	0.194510	0.085184	0.149880	0.147233	0.114731	0.000000
295	-0.001278	-0.166367	0.080472	0.083650	0.200790	0.102790	0.073269	0.156846	0.075526	0.261193	0.189654	-0.013508	0.018104	0.045474	0.088905	0.000000	0.108596	0.028758	0.214384	0.211910
296	0.059291	-0.281618	0.107872	0.102875	0.093296	0.140268	0.131999	-0.088648	0.161311	0.022682	0.073983	0.019318	0.000000	0.045424	0.192263	0.024630	0.075536	-0.025120	0.097908	0.153703
297	0.118565	-0.094307	0.155354	0.203634	0.323123	0.180206	0.230645	0.113306	0.196278	0.205398	0.186969	0.107308	-0.074449	0.117021	0.232845	0.072604	0.142040	0.000000	0.385164	0.378126
298	0.000000	-0.331874	0.052391	0.083540	-0.007007	0.130629	0.053518	-0.135174	0.117435	-0.070743	-0.019118	-0.003220	-0.130016	0.020473	0.144829	0.033166	0.028079	-0.057333	-0.051329	0.071119
299	-0.063552	-0.256215	0.042513	0.056377	-0.031381	-0.022359	0.023587	-0.122603	0.000000	-0.076931	-0.033047	-0.045030	-0.067285	0.007127	0.037187	-0.050311	-0.035452	-0.122520	-0.087647	-0.025053
300	-0.134752	-0.372930	0.000000	0.063585	-0.087783	-0.063062	0.073221	-0.150817	0.098236	-0.089590	-0.028765	0.036208	0.244075	0.019477	0.130488	-0.030369	0.025968	-0.135218	-0.160322	-0.039027
301	0.120041	-0.209802	0.134613	0.145270	0.129259	0.291350	0.210939	0.023567	0.225994	0.000000	0.147210	0.175197	0.271032	0.154750	0.216895	0.076741	0.100368	-0.021386	0.068332	0.184596
302	0.280142	-0.118883	0.266947	0.238014	0.291310	0.332874	0.320727	0.049845	0.268933	0.000000	0.219757	0.279689	0.213010	0.247316	0.287808	0.231695	0.266776	0.080384	0.242993	0.347636
303	0.266008	-0.174252	0.311769	0.244144	0.168500	0.000000	0.283333	0.093783	0.255195	0.082620	0.240591	0.290729	0.426840	0.282906	0.294331	0.335279	0.372696	0.194337	0.125521	0.273171
304	0.013338	-0.359912	-0.014191	0.000000	-0.060299	0.046744	0.037930	-0.178757	-0.013383	-0.171622	-0.046732	-0.008422	-0.181590	0.011072	0.026550	-0.020129	-0.048024	-0.106346	-0.139230	0.019509
305	-0.067506	-0.395623	0.057547	0.000000	-0.015641	-0.058018	0.099078	-0.190955	0.124917	-0.156305	-0.072273	0.076874	-0.096531	0.046299	0.148192	-0.021068	-0.030484	-0.215144	-0.092870	0.039975
306	0.107522	-0.215140	0.000000	0.096493	0.051371	0.154502	0.177588	-0.101555	0.230941	-0.073526	0.022396	0.151173	0.098562	0.127034	0.266116	0.126758	0.109508	-0.084915	-0.020126	0.123211
307	0.701824	0.186383	0.615875	0.584082	0.431539	0.689302	0.497934	0.000000	0.435318	0.285171	0.457589	0.521075	0.313969	0.518296	0.276014	0.636627	0.527091	0.256353	0.413603	0.342862
308	0.244495	-0.060113	0.299035	0.286615	0.323497	0.276169	0.393787	0.129261	0.428802	0.241070	0.331307	0.276082	0.000000	0.354796	0.393985	0.124045	0.077098	0.120703	0.223679	0.344533
309	0.271591	-0.015847	0.578039	0.515831	0.119319	0.173942	0.255206	0.145659	0.168574	0.074183	0.072312	0.282541	0.529725	0.273744	0.000000	0.195317	0.147145	0.121598	0.280665	0.210869
310	0.066887	-0.221808	0.262922	0.000000	0.181360	0.084822	0.204923	0.287584	0.248890	0.277242	0.203594	0.339098	0.982771	0.228835	0.224030	0.244779	0.231807	0.211913	0.074976	0.089060
311	0.278447	0.279498	1.035506	0.507754	0.729045	1.052056	0.975091	0.457017	1.068634	0.689772	0.697308	1.098096	0.000000	0.795561	1.127975	0.777868	0.827480	0.386692	0.672416	0.795186
312	1.355498	0.617648	2.092231	1.724063	0.537903	1.710657	0.928076	0.408868	0.360871	0.689608	0.642836	1.380431	2.308609	1.077162	0.000000	1.274617	0.967323	0.618569	0.752412	0.618187
313	0.643246	-0.264221	1.595295	0.501417	0.183349	1.702198	0.613077	-0.615487	0.223252	-0.156392	0.090024	1.031607	1.483392	0.374893	0.000000	0.658364	0.075869	-0.461213	0.137632	0.037282
314	1.907794	1.250484	3.158389	2.861678	1.259773	2.665098	2.346004	0.000000	2.900646	0.836873	1.228620	3.031311	3.152915	2.762928	2.881779	2.607732	2.095636	0.400222	1.743711	1.326201
315	1.366202	0.498697	1.417228	0.909108	1.136147	2.035232	1.106147	0.191278	0.840901	0.605863	0.844950	1.202821	2.556916	0.721489	0.886311	1.048763	0.483299	0.000000	1.315556	1.207012
316	3.007587	1.985407	3.515007	3.327199	1.934237	3.503994	3.346094	0.000000	3.181977	0.396701	1.476758	3.407617	3.481480	3.254045	3.183918	3.409394	2.985730	0.932238	2.767117	2.791469
317	0.431585	-0.127033	0.502788	0.212590	0.127095	1.056641	0.000000	0.003512	0.012759	0.141122	0.209226	0.233377	1.164047	0.112453	-0.042785	0.223263	-0.036739	-0.123700	0.200134	0.113530
318	0.621086	0.529950	1.764667	1.094015	0.608346	1.226204	0.977410	0.319346	0.257167	0.424589	0.389493	1.278993	1.670062	0.807493	0.000000	0.933194	0.936807	0.369912	0.536501	0.588914
319	0.890384	0.629057	0.886508	1.064094	1.045053	0.000000	1.002786	1.718735	1.339645	1.085847	0.928304	1.070323	2.269392	1.053605	1.354212	0.917025	1.144957	1.775442	1.166662	1.236604
320	-0.115493	-0.043446	0.202920	-0.080096	0.327460	0.354045	0.174669	0.279106	0.047812	0.246622	0.252049	0.266113	-0.062594	0.091270	0.191577	0.000000	0.242932	0.240126	0.342763	0.409628
321	0.043332	-0.434375	0.086286	-0.133864	-0.146951	0.018985	-0.128575	0.269344	0.156383	0.121458	0.063638	-0.027428	1.414365	0.012784	0.159110	0.000364	0.000000	0.242395	-0.162126	-0.127152
322	1.162899	0.719912	1.142108	1.006062	1.155070	0.000000	1.301783	1.399031	1.226400	1.344010	1.267796	1.280280	1.682281	1.265878	1.250622	1.228504	1.453826	1.481185	1.003776	1.244291
323	1.718211	0.656983	1.850338	1.646632	-0.489187	2.156612	1.048735	0.444296	1.896757	0.000000	0.697867	1.584586	1.398591	1.687568	1.695173	1.885816	1.522892	0.868719	-0.255135	-0.470248
324	1.433547	0.952136	1.970460	1.977034	1.175706	0.000000	1.526438	2.188205	1.759438	1.698224	1.646113	1.561694	2.429976	1.821240	1.810801	1.714801	2.143384	2.238060	1.246535	1.324979
325	3.030030	2.114254	3.506878	3.260542	0.000000	3.330658	3.333131	1.543698	3.155021	1.591549	1.977767	3.414922	2.868603	3.332865	3.085122	3.523416	3.525239	2.083006	2.436905	2.426615
326	-0.174474	-0.846721	0.394015	-0.061368	-0.565150	-0.041098	-0.309512	-0.305761	-0.425339	-0.192531	-0.311756	0.000000	1.869116	-0.236522	-0.518982	-0.095824	-0.138074	-0.348175	-0.483487	-0.472990
327	2.457034	1.542937	3.408653	3.203018	1.849461	3.205934	2.887743	0.000000	2.896206	1.317129	1.750120	3.118342	2.959486	2.883721	2.861168	2.904678	1.861992	0.404864	2.180528	2.223455
328	0.706167	0.411663	1.551676	1.196702	1.255277	1.537985	1.331743	0.054416	0.708328	0.842428	0.504835	1.525625	2.651958	0.871409	0.612040	1.025705	0.723521	0.000000	1.211877	1.323930
329	2.201982	1.894463	2.839632	2.997535	2.130696	0.000000	2.584963	2.963524	2.863713	2.405606	2.369364	2.440365	2.951566	2.777579	2.882511	2.648779	2.991037	2.962278	2.207053	2.399046
330	2.779240	2.139317	3.150634	3.236924	2.081400	0.000000	2.837929	3.083087	3.143874	2.492821	2.488999	2.932653	3.280649	3.068585	3.186222	3.021432	3.175044	3.177621	2.368250	2.519768
331	0.349127	-0.045021	0.327766	0.000000	0.052045	0.555354	0.047847	0.397001	0.159031	0.583417	0.354761	0.345077	1.759344	0.129719	0.174852	0.230230	0.246564	0.307846	0.120020	0.135152
332	0.484235	-0.007540	0.000000	0.486269	0.426372	-0.071635	0.333061	1.627524	0.735900	0.819657	0.680390	-0.073815	1.718882	0.551430	0.835324	0.627366	1.165517	1.644424	0.727311	0.605283
333	1.640517	0.838086	1.323555	1.377707	1.259060	0.000000	1.242466	2.030429	1.458406	1.444367	1.397424	1.035848	2.074481	1.390596	1.612089	1.473612	1.639000	2.071515	1.454467	1.377483
334	0.552606	0.297326	0.475644	0.000000	0.286256	1.051461	0.316661	0.589286	0.711457	0.674871	0.492652	0.425009	2.024050	0.321241	0.639967	0.477678	0.598927	0.606249	-0.300267	0.066938
335	0.017592	0.290087	1.084793	0.485179	0.686099	0.000000	0.579430	0.727020	0.499101	0.516497	0.353928	0.690557	-0.335579	0.522750	0.682132	0.405819	0.833681	0.828114	0.423444	0.632387
336	2.347873	1.652878	3.264017	3.040683	2.116998	3.137220	2.573371	0.000000	2.335143	1.004954	1.710699	2.705175	2.305026	2.595855	2.435454	2.527889	1.963215	0.706272	2.401982	2.461021
337	2.966385	1.834559	3.434713	3.142052	0.000000	3.572784	2.446887	2.002450	2.754251	1.800061	1.830638	3.213050	2.921591	3.007793	2.522940	3.197071	2.975712	2.425955	1.408121	0.691421
338	3.330833	2.207973	3.898107	4.031612	2.950327	4.305136	3.871548	0.000000	3.677915	1.927623	2.826485	3.707561	3.480714	4.003275	3.712949	3.843464	3.165034	0.322146	3.310899	3.511847
339	0.587350	0.434749	0.678714	1.031937	1.006473	1.207247	0.994726	1.284593	0.812781	1.593075	1.086540	0.593261	2.488817	1.025791	0.652007	0.000000	0.488342	1.100068	1.029903	0.957554
340	-0.150433	-0.338119	-0.648540	-0.739317	0.000000	0.207665	0.089279	0.942218	0.417987	0.688665	0.203069	-0.138871	2.513985	-0.097479	0.410600	-0.489966	0.053128	0.981263	-0.026020	0.161933
341	3.263258	2.308786	4.230003	3.956135	2.449201	4.105004	3.620921	0.000000	2.954699	0.985795	1.862002	3.789528	3.762482	3.469076	3.020943	3.505368	2.585260	1.010801	2.850087	2.929844
342	0.680170	0.052273	0.506727	0.156511	0.459924	1.302705	0.526668	0.033779	0.578910	0.000000	0.341676	0.786895	1.978379	0.483630	0.688541	0.689755	0.512718	0.142260	0.598183	0.456695
343	0.000000	0.230017	0.353692	-0.087976	0.901925	0.598861	0.305337	0.442277	-0.124007	0.516933	0.477569	0.384124	-0.413318	-0.062259	0.061672	0.158793	0.291936	0.254077	0.931328	0.946683
344	0.845514	0.539042	0.847323	0.824675	0.877204	0.000000	0.774646	1.468875	0.903396	1.219757	1.063552	0.758837	1.470240	0.852588	0.931952	0.700804	0.877044	1.358508	0.975959	1.030795
345	0.882292	1.143648	1.680803	1.402619	1.618801	0.000000	1.623766	2.267863	1.703449	1.711134	1.536689	1.892754	2.767713	1.595549	1.814040	1.245190	1.755348	2.150069	1.756921	1.794839
346	0.165634	0.555911	1.470237	0.781441	1.064426	1.182028	0.994189	0.944201	0.821920	0.999346	0.924447	0.734465	0.000000	0.725342	0.826272	0.639350	0.984015	0.801280	0.922678	1.040535
347	0.000000	0.870666	2.678150	2.562545	2.078803	1.588980	2.557712	1.554232	2.470397	1.723344	1.710365	2.460724	2.708574	2.501538	2.526259	0.991731	1.390329	1.202921	2.329962	2.398216
348	0.171255	0.030885	0.000000	-0.001273	0.096089	0.495032	0.241093	1.051116	1.179838	0.830782	0.603252	0.789554	1.685563	0.637852	1.254289	0.462076	1.102868	1.048321	-0.382807	-0.030961
349	0.537091	0.480897	0.979800	0.672852	1.040254	1.335273	0.960417	0.324128	0.363481	0.000000	0.315889	0.737466	2.387921	0.501437	0.363234	0.731657	0.742169	0.620622	1.087325	1.179895
350	0.657794	0.871293	1.188161	1.140213	1.597552	1.247950	1.075573	1.188578	1.342281	0.924394	0.984493	0.417727	2.525394	0.948333	1.256857	0.000000	0.528575	1.150285	1.523292	1.636945
351	1.072849	0.709328	1.468700	1.221319	1.220747	0.000000	0.912099	1.657573	0.652611	1.098775	0.921327	1.036815	1.878852	0.739442	0.736160	1.298427	1.624507	1.807106	1.409245	1.432703
352	0.151678	-0.219382	0.949932	0.000000	0.348525	0.583136	0.420560	0.720373	0.249321	-0.144632	-0.201415	0.807722	2.192218	-0.027241	0.458140	0.840735	1.181548	0.787038	0.328705	0.510202
353	3.219299	2.123443	3.872820	3.674063	1.599094	3.817900	3.483485	1.143231	3.383325	0.000000	1.034183	3.717666	3.484266	3.492336	3.491060	3.652947	3.405800	1.916409	2.587831	2.801061
354	0.797533	0.730408	1.474597	0.827471	0.923659	1.358107	0.896383	0.793641	0.363650	0.697981	0.378654	1.059265	2.782124	0.369573	0.000000	1.051093	1.149850	0.794822	1.214302	1.114961
355	0.902027	0.282609	1.728776	0.537180	0.884511	1.675321	0.876428	-0.633542	0.000000	0.081763	0.383855	1.297446	0.638259	0.491778	0.270568	1.213246	0.834264	-0.740835	0.996011	0.782925
356	0.706874	0.828537	1.833108	1.493926	1.002231	0.000000	0.853152	2.345726	1.402309	2.110448	1.244147	1.005237	2.528101	0.883230	1.155397	1.082527	1.702872	2.065433	1.365169	0.889974
357	1.317143	0.407001	0.000000	1.232094	-0.955287	1.483184	-0.050117	1.177960	2.180980	1.233392	0.635584	0.945540	2.171995	1.271236	2.066365	1.245814	1.152461	1.337098	-0.761581	-1.093536
358	1.203020	0.569255	2.859232	0.438605	0.306862	2.285410	1.080768	0.668436	0.724737	0.334230	0.014725	2.089563	3.475308	0.000000	0.634520	1.585865	1.741526	0.674303	0.251407	0.392778
359	3.124432	2.359765	3.482737	3.314579	1.987112	3.450125	3.204780	0.000000	3.012136	1.029113	1.811183	3.325427	3.372935	3.226684	3.123157	3.473761	3.471179	1.182851	2.401663	2.733335
360	2.128815	1.282056	2.393157	1.976586	1.308866	2.390041	1.905841	0.437027	2.015563	0.000000	0.961222	2.261025	2.599377	1.835322	2.168624	2.230251	1.897529	1.149508	1.465002	1.424654
361	-0.199540	0.512863	0.947316	0.035721	0.869274	0.682445	0.894507	0.969646	1.075783	1.002860	0.480762	1.079538	3.572095	0.419569	1.101242	0.000000	0.845431	0.904757	0.731484	0.809589
362	1.691665	1.571595	3.033886	2.877022	2.037763	2.818367	2.864108	0.382738	2.715884	1.630656	2.034600	3.000936	2.624075	2.805128	2.812908	2.701953	2.420496	0.000000	2.194777	2.354839
363	1.966114	1.018933	0.526376	1.706039	2.305703	1.834781	2.002276	2.260888	2.524192	2.171220	1.982865	0.000000	2.887866	1.948776	2.672132	1.576697	2.303777	2.110255	2.459277	2.598269
364	1.411631	0.729124	1.319455	1.401114	1.069876	0.000000	1.285561	1.645610	1.637339	1.295242	1.242892	1.301490	2.232374	1.495081	1.728848	1.387798	1.433256	1.655605	1.257306	1.251079
365	1.266675	0.569712	1.785251	1.267574	1.107853	1.964872	1.345703	0.137223	1.046967	0.669118	0.727582	1.607847	2.457465	1.071260	1.077115	1.498979	1.137035	0.000000	1.090209	1.270993
366	0.892931	0.821773	0.000000	0.643099	1.316994	1.185010	1.273386	1.342357	1.344294	1.110953	1.273367	0.879002	0.681005	1.227428	1.590304	0.816177	1.279882	1.182797	1.443151	1.367283
367	2.297872	1.377891	3.040118	3.230967	1.822262	3.035926	3.076849	1.135038	3.087095	0.000000	1.080334	3.003520	2.974700	2.945637	3.145875	2.598626	1.802172	1.305134	2.460213	2.647250
368	0.882840	0.876511	1.820462	1.216163	1.087626	1.270101	1.061031	0.714027	0.408772	0.663688	0.728940	1.348649	2.395013	0.886544	0.000000	0.657568	0.502282	0.703827	0.977076	0.969467
369	0.390479	-0.061077	0.421899	0.418413	0.103210	0.382655	0.138913	0.744253	0.250673	0.371940	0.254747	0.000000	1.885600	0.148868	0.318473	0.143072	0.133336	0.739691	0.405083	0.262192
370	0.000000	1.094386	2.617108	2.259945	1.588951	1.800608	2.177614	1.496858	1.885180	1.639745	1.354357	2.349764	2.037801	1.776587	1.839630	1.156181	1.556528	1.231890	1.614809	1.728928
371	1.052040	0.794798	1.018808	1.399054	1.370464	1.198147	1.245040	1.362607	1.026436	1.061431	1.151461	0.638609	1.733922	1.163621	0.959201	0.000000	-0.141846	1.237444	1.410156	1.523641
372	0.332261	0.163604	1.805879	1.258903	-0.287836	0.888263	0.000000	0.478665	0.311937	0.103678	0.174385	1.126699	1.005103	0.683037	-0.214506	0.816907	1.044123	0.887501	-0.113008	-0.304091
373	0.069301	0.000749	0.285790	0.000000	0.178676	0.576596	0.186077	0.385999	0.331719	0.181416	0.094928	0.407642	1.593985	0.148354	0.335106	0.386516	0.541828	0.350085	0.113463	0.188944
374	-0.036670	0.174918	0.292461	-0.035607	0.308704	1.087137	0.714476	0.104723	0.543367	0.048663	-0.110079	0.790762	2.353727	0.000000	0.563235	0.603825	0.494501	0.138845	0.472108	0.568368
375	0.000000	1.227931	3.049202	2.815449	1.835881	1.674785	2.734786	1.539425	2.535287	1.465919	1.793055	2.762916	3.029443	2.563019	2.516122	1.740301	1.622570	1.172098	2.165238	2.216884
376	0.000000	-0.309981	0.991759	0.128747	0.459555	0.996363	0.489179	-0.220036	0.166414	-0.248470	-0.179730	0.639870	2.172991	0.099133	0.139090	0.479613	0.400307	-0.182407	0.187388	0.424424
377	-0.124759	-0.132597	0.613587	0.028617	0.261782	0.902391	0.390688	0.000000	0.067096	-0.088095	-0.110576	0.356885	2.793951	-0.054126	-0.093131	0.313101	0.396467	0.334873	0.109090	0.324193
378	0.000000	0.793624	2.518676	1.522429	1.069795	2.043511	1.547623	0.653895	1.677128	0.803734	0.807329	2.064313	3.093835	1.423730	1.643205	1.384108	1.319675	0.549510	1.272793	1.085339
379	2.403001	1.893451	3.000910	2.887691	1.125402	2.959129	2.852043	0.657364	2.782498	0.000000	1.015379	3.023344	3.177921	2.835155	2.775917	2.917307	2.568312	1.309884	2.300672	2.421033
380	0.187883	0.405621	0.723452	0.282782	0.487799	1.025861	0.466941	0.378565	0.000000	0.176493	0.153195	0.569425	2.758003	0.196433	-0.000708	0.456338	0.569278	0.625363	0.425904	0.499634
381	0.190078	0.141209	0.568935	0.326861	0.628988	0.652382	0.398194	0.714287	0.457957	0.469769	0.271582	0.000000	2.352987	0.313062	0.407653	0.227666	0.401467	0.759098	0.498927	0.598974
382	0.000000	1.081924	1.920025	1.705544	2.040425	1.105819	2.109766	1.605574	2.008533	1.803225	1.455481	1.880969	1.668392	1.735270	2.115188	0.714410	1.388740	1.342332	2.104513	2.202024
383	1.172117	0.903573	1.335269	1.209674	1.396613	0.000000	1.368607	1.643901	1.364599	1.401434	1.349339	1.353710	1.747981	1.300999	1.426528	1.152010	1.394444	1.618138	1.415883	1.566431
384	0.166367	0.145000	0.083854	0.086895	0.199790	0.549965	0.228841	0.247758	0.225018	0.178839	0.180272	0.286738	0.547522	0.000000	0.330801	0.143687	0.192686	0.299375	0.204443	0.304766
385	0.797901	0.056697	0.901506	0.401024	0.505606	1.515998	0.589335	-0.268343	0.635972	0.253496	0.452458	0.647995	1.352279	0.526982	0.615366	0.468851	0.000000	-0.195097	0.385516	0.462801
386	0.327584	0.644588	2.697764	2.687764	1.753074	1.906842	2.243170	0.195142	1.976818	0.261703	0.743946	2.270041	2.615254	1.816766	2.298796	0.866961	0.700316	0.000000	2.149139	1.991386
387	0.856372	0.080263	0.904233	-0.075152	0.077296	1.567870	0.458151	-0.207140	1.099855	0.323911	0.417884	0.862996	2.218741	0.557015	0.981571	0.570814	0.000000	-0.300899	-0.231220	-0.163970
388	3.055836	2.496735	4.035444	3.874706	2.046255	3.740225	3.773368	0.000000	3.628539	0.957928	1.516446	3.968448	3.909587	3.744844	3.720975	3.795835	3.326533	1.054981	2.832233	2.986160
389	1.584210	0.609550	0.791241	0.546517	0.926849	2.315291	1.316261	0.000000	2.266125	0.463514	0.765985	1.534766	2.934263	1.349980	2.241319	1.272478	0.481174	0.108324	0.524264	0.797367
390	0.000000	-0.254571	2.723302	2.497528	0.335703	1.743780	1.743394	-0.535538	2.156206	-0.201148	0.531629	2.319047	1.420727	2.225123	2.161311	0.780944	0.170181	-1.002070	0.739263	0.604880
391	0.640424	0.169686	1.981445	0.139726	0.772579	1.830108	1.117527	0.055086	0.929499	0.482199	0.169292	1.613604	2.884120	0.000000	0.859896	0.817661	0.354965	-0.207545	0.853267	0.877283
392	2.003926	1.778074	1.908624	2.183465	0.458542	2.158863	1.035206	1.893003	1.927792	1.723704	1.842818	1.543757	1.597934	1.794183	1.572091	1.614932	1.665070	2.052879	0.575109	0.000000
393	0.494634	0.093010	1.085461	0.883660	0.564582	1.413362	0.404008	0.908720	0.000000	0.195889	0.073200	0.384924	2.532743	0.233891	0.038120	0.708006	0.871091	0.828513	0.911777	0.563870
394	0.987599	0.593824	1.228634	0.802534	0.496503	1.457322	0.905227	0.463985	0.814872	0.271955	0.543304	1.229071	0.000000	0.891242	0.911385	1.150734	1.035034	0.784216	0.571020	0.534087
395	0.576375	0.610097	-0.040325	0.000000	0.920834	0.539488	0.716482	1.210474	0.841943	0.926835	0.917373	0.684341	1.475753	0.623201	1.038202	0.631712	0.763215	1.263988	0.892919	0.871583
396	0.502927	0.583092	0.197955	0.000000	1.226922	1.508893	1.028342	0.571785	0.863433	0.445031	0.602653	1.038300	1.827188	0.464195	1.127067	1.006102	1.141603	0.821421	1.008087	1.091722
397	2.081785	1.807615	2.515018	2.582577	0.053229	2.434267	1.721230	2.071340	2.475390	1.784998	1.828682	2.455386	2.477962	2.352884	2.389783	2.508614	2.500743	2.237583	0.620294	0.000000
398	-0.206184	-0.089844	0.161030	0.039667	0.138506	0.536001	0.099549	0.019345	-0.300553	-0.197921	-0.073124	-0.058845	2.183318	-0.059964	-0.296644	0.000000	0.196560	0.201023	0.137045	0.111632
399	0.307246	0.321715	0.576845	0.332462	0.437115	0.778116	0.542883	0.105129	0.174667	0.122586	0.256838	0.589173	2.039744	0.337411	0.000000	0.558214	0.534791	0.279804	0.328894	0.301376
400	1.140002	0.738677	2.261149	1.467490	0.000000	2.011893	1.113934	0.255826	1.184893	0.087803	0.299887	1.710713	2.547484	1.069516	1.048308	1.600125	1.184659	0.683725	0.243463	0.323871
401	0.319315	-0.266515	0.937094	0.000000	0.222979	1.395778	0.654741	-0.923536	0.065233	-0.745399	-0.666446	0.701099	2.284050	-0.031989	0.070101	0.675649	0.213111	-0.673111	-0.054130	0.239249
402	0.000000	0.122023	0.603372	0.246879	0.575454	0.676812	0.265969	0.195864	-0.350284	0.093872	0.076161	0.328824	2.132710	-0.214889	-0.374699	0.288062	0.359796	0.367930	0.487005	0.598946
403	0.923141	0.840196	1.648676	1.323782	0.802551	1.744451	0.807585	0.617134	0.000000	0.487205	0.716301	1.137031	2.742077	0.802092	-0.144368	1.191315	1.092514	0.947110	0.719533	0.630901
404	0.490571	0.210567	1.234757	0.585400	0.630464	1.233763	0.513146	0.000000	0.043890	0.033075	0.069234	0.674426	2.086508	0.229253	-0.345398	0.873156	0.830945	0.348790	0.333736	0.221601
405	-0.249330	-0.129293	0.405757	0.071919	0.283737	0.397678	0.000000	0.003006	-0.395382	-0.079218	-0.118536	0.148045	2.162652	-0.104050	-0.602536	0.019007	0.208713	0.122204	0.216893	0.249993
406	-0.344925	-0.240734	0.000000	-0.191987	-0.124443	0.434580	-0.120790	-0.000301	-0.344656	-0.179002	-0.210233	0.000653	2.078862	-0.246704	-0.390320	-0.023375	0.200602	0.157323	-0.284256	-0.161854
407	0.732790	0.282998	1.045266	0.584160	0.749411	1.427571	0.858252	0.191908	0.249484	0.000000	0.373522	0.986283	1.977548	0.543191	-0.075063	0.995456	0.866959	0.578315	0.596767	0.690310
408	0.163054	-0.171699	0.820535	0.391815	-0.125998	0.732597	0.189163	-0.151597	0.194331	-0.380230	-0.143438	0.522864	2.085968	0.297212	0.000000	0.527274	0.480766	0.145161	-0.340057	-0.218129
409	0.273331	0.070295	0.310858	0.000000	0.214629	0.718432	0.233981	0.125789	0.056590	0.129465	0.089725	0.238963	1.746648	0.080142	-0.033115	0.412061	0.429961	0.236048	-0.054122	-0.000176
410	0.038100	0.040073	0.425196	0.084323	0.079960	0.634441	0.203609	0.182523	0.083383	0.112856	0.108198	0.336792	1.646066	0.000000	0.006402	0.305770	0.488222	0.338225	0.016229	0.069164
411	0.595752	0.147919	1.142912	0.698471	0.400915	1.127442	0.674252	0.238077	0.719144	0.000000	0.250238	1.026106	1.913695	0.679170	0.651363	0.841055	0.882538	0.514839	0.305867	0.408467
412	0.311807	0.047233	0.511904	0.233410	0.129739	0.636134	0.299104	-0.033085	0.208508	0.016966	0.000000	0.379024	1.190890	0.331709	0.103574	0.409644	0.461165	0.249716	0.084639	0.095963
413	-0.094637	-0.055869	0.383155	0.232434	-0.056374	0.276924	0.013308	0.014400	-0.038924	-0.097024	-0.067728	0.000000	1.286360	0.084849	-0.269292	0.087489	0.186586	0.148908	-0.101419	-0.014570
414	-0.080351	-0.221726	0.127286	0.040182	0.156784	0.188763	0.162751	-0.052859	0.178344	-0.136934	-0.123546	0.095733	0.702749	0.028682	0.137689	0.000000	0.158208	0.034454	0.000105	0.183364
415	-0.024437	-0.237352	0.236596	0.086274	-0.002297	0.092482	0.002577	-0.054798	0.084111	-0.117211	-0.112810	0.103573	0.424897	0.018459	0.030923	0.000000	0.075235	0.012822	-0.067224	0.017292
416	0.142154	-0.255279	0.306768	0.199550	0.037971	0.190507	0.235265	-0.055389	0.274378	0.000000	0.071603	0.244386	0.265731	0.158401	0.216099	0.048551	0.060978	-0.117645	0.093511	0.123961
417	0.104335	-0.148819	0.394861	0.346417	0.145839	0.000000	0.264709	-0.011663	0.340273	0.105984	0.173722	0.251973	0.042188	0.276974	0.333419	0.188940	0.276352	-0.041117	0.127587	0.283479
418	0.003262	-0.221076	0.058614	0.104772	0.062753	-0.015017	0.144496	0.015510	0.269142	-0.007652	0.057423	0.055190	0.038031	0.142421	0.253172	0.000000	0.075009	-0.072380	0.060564	0.157098
419	0.096272	-0.222321	0.180477	0.072339	0.241519	0.000000	0.220650	-0.057216	0.268986	0.075590	0.186893	0.130488	0.210475	0.144724	0.265158	0.116795	0.165522	-0.060113	0.252292	0.328601
420	-0.077087	-0.332681	0.173976	0.111151	-0.025140	-0.002758	0.132155	-0.102578	0.220215	-0.080798	-0.035192	0.097239	0.083525	0.077560	0.193298	-0.003299	0.000000	-0.145443	0.019244	0.044866
421	0.000000	-0.190815	0.178651	0.044360	0.201841	0.082743	0.235275	-0.088828	0.303060	0.021693	0.085674	0.185721	0.261109	0.089953	0.293743	0.187875	0.204722	-0.138383	0.234724	0.255708
422	0.203369	0.058127	0.034646	0.075292	0.344322	0.147249	0.221032	0.213055	0.279788	0.237395	0.285208	0.050289	-0.051512	0.152961	0.301929	0.000000	-0.009236	0.151979	0.410842	0.404936
423	0.231375	-0.172410	0.300930	0.244357	0.238193	0.156685	0.314944	0.082366	0.370320	0.000000	0.149042	0.260494	0.055716	0.223621	0.340887	0.210200	0.213916	0.089300	0.266266	0.358530
424	-0.126931	-0.282159	0.170793	0.030932	0.065652	-0.081624	0.111669	-0.127123	0.107883	-0.058131	0.025974	0.096064	0.143065	0.006160	0.000000	-0.048290	-0.065330	-0.178200	0.115700	0.132907
425	0.082917	-0.050993	0.270719	0.273845	-0.019015	0.198870	0.024524	0.061098	0.129028	0.087356	0.063536	0.041036	0.246435	0.086968	0.052948	0.000000	0.069073	0.031119	-0.134061	0.009565
426	0.097678	-0.328857	-0.121112	-0.000225	0.130404	0.210049	0.219105	0.015914	0.401404	0.105999	0.132065	0.000000	0.236707	0.187185	0.406286	-0.063348	-0.084096	-0.062474	0.042420	0.180473
427	0.266784	0.015713	0.627379	0.461287	0.430353	0.363918	0.293276	0.357309	0.119541	0.355538	0.340031	0.427916	0.000000	0.286177	0.158533	0.293231	0.318793	0.280550	0.461172	0.432190
428	-0.196332	-0.406208	-0.060104	-0.198590	-0.106376	-0.125761	-0.052222	-0.081508	0.000000	-0.247082	-0.168301	-0.079736	0.559937	-0.120623	0.087541	-0.163358	-0.186402	-0.137167	-0.227996	-0.131085
429	0.191114	-0.287956	0.412139	0.159667	-0.059267	0.433836	0.054632	0.061086	0.107746	0.052435	0.005215	0.218757	1.190526	0.080149	0.000000	0.190049	0.132956	0.060492	-0.112828	-0.150151
430	1.011425	0.442067	1.403120	1.152977	1.190189	0.000000	1.088439	1.343413	1.236551	1.415616	1.199831	1.103943	0.546303	1.130060	1.401535	0.619684	0.842535	1.127659	1.175460	1.123358
431	2.219240	0.909761	2.970116	2.619461	0.000000	3.070945	2.179319	0.664194	2.041448	0.913881	1.214233	2.647438	2.897132	2.310859	2.122061	2.525169	2.040227	1.108886	1.031987	1.129640
432	1.900059	0.455569	1.171736	2.286740	0.079745	2.859940	1.276955	0.922610	2.024590	0.556868	1.103780	1.076014	2.773506	2.033669	1.862959	1.639032	1.489007	1.332010	0.353098	0.000000
433	1.856644	0.603696	3.257094	2.718451	1.633233	3.007519	2.892527	0.000000	2.849937	0.685651	1.446193	3.103860	3.043077	2.707554	2.829957	2.883329	2.446651	-0.722938	1.993954	1.913613
434	2.716908	1.725874	4.108670	3.008568	2.148619	3.558800	2.634744	1.471778	0.845133	1.765761	1.469328	3.180978	3.800179	1.849501	0.000000	2.736752	1.846221	1.542142	2.237607	2.262681
435	0.000000	1.078799	3.361533	3.046348	3.018210	2.228371	3.370245	2.373705	3.246385	2.609049	2.403129	3.086879	2.791398	2.964129	3.101062	1.287764	1.455665	1.670169	3.184494	3.213110
436	2.046818	0.777399	3.525374	2.709599	1.717480	2.498906	1.756688	1.463523	0.810653	0.000000	0.425433	2.124759	3.548211	1.109952	0.680958	2.174002	1.875190	1.854267	1.745649	1.698239
437	2.317000	1.030586	2.690853	2.445611	0.000000	2.712803	2.032759	1.408523	2.193640	1.382320	1.513619	2.455165	3.025414	2.376841	2.049885	2.421829	2.189895	1.653073	0.926614	0.619274
438	0.943852	0.532475	0.000000	0.880672	1.270483	1.306267	0.944897	1.486155	1.107849	1.604559	1.440872	0.352830	0.708463	1.046387	1.196378	0.510251	0.674207	1.371244	1.274552	1.283743
439	3.339449	2.024226	3.749663	3.275269	0.818981	3.597232	2.004176	2.796221	3.256753	2.593199	2.710892	3.036580	3.569158	3.288192	2.894426	3.279263	3.383332	2.928399	0.741637	0.000000
440	1.649164	0.667012	0.000000	0.712293	1.347614	1.919258	1.238011	1.244653	1.704383	1.389861	1.405633	0.834801	2.668416	1.348090	1.787859	1.265669	1.531781	1.284948	1.414790	1.189901
441	-0.544775	-0.252294	0.446973	0.011411	0.204490	0.297811	0.251148	0.019527	0.000000	0.342761	0.225742	0.404843	-0.878005	0.277926	0.207760	-0.160310	0.022321	-0.340673	0.134784	0.039102
442	-0.206884	-0.025002	0.023378	-0.327803	0.598444	0.238520	0.322325	0.432813	0.115549	0.363209	0.235465	0.220930	1.455142	-0.006738	0.219575	-0.177385	0.000000	0.308860	0.474741	0.478832
443	0.151356	0.066124	0.552174	0.038151	0.777096	0.631007	0.485946	0.241296	0.000000	0.139049	0.253257	0.468741	1.738961	0.064364	0.194460	0.302054	0.279902	0.227421	0.722864	0.687888
444	0.594947	0.100747	0.000000	-0.254898	0.663904	0.872014	0.746820	0.659393	1.217044	0.497764	0.493329	0.699665	1.091984	0.531625	1.229165	0.738619	0.739498	0.726614	0.373022	0.635357
445	0.286595	0.000000	0.617873	0.453892	0.517607	0.102007	0.562390	0.614906	0.694499	0.469642	0.347208	0.514427	1.257428	0.468910	0.705507	0.501238	0.700962	0.473959	0.574120	0.649253
446	0.542842	-0.040057	0.738645	0.501133	0.613924	0.000000	0.656348	0.495942	0.818343	0.322983	0.424083	0.577122	1.193837	0.563972	0.881317	0.729349	0.764567	0.532114	0.487744	0.648071
447	0.115694	-0.534900	0.275555	0.029285	0.000000	0.408735	0.283216	-0.338099	-0.044876	-0.284137	-0.097611	0.247415	0.178353	0.057879	-0.049842	0.189312	0.149338	-0.137134	-0.006071	0.256258
448	0.969118	-0.024963	0.917465	0.895191	0.454022	1.085344	0.782986	0.238476	0.959760	0.000000	0.434823	0.732829	0.547700	0.870408	1.076236	0.985531	0.999617	0.445268	0.864322	0.797854
449	-0.072538	-0.216189	0.089819	-0.239749	0.539758	0.046928	0.202584	0.212684	0.025163	0.150864	0.188247	0.131829	-0.620340	-0.022202	0.216038	0.000000	0.204791	0.155284	0.485504	0.614188
450	0.344004	-0.240161	-0.261593	0.132031	0.562351	-0.212558	0.196452	0.815072	0.119674	0.499580	0.440463	-0.521483	0.514093	0.000000	0.172986	0.003350	0.148992	0.847134	0.469045	0.626457
451	0.000000	0.914491	1.734273	0.866364	1.434880	0.542944	1.335847	1.393710	1.400242	0.964685	0.788114	1.703283	2.055183	0.569875	1.601212	0.724091	1.062921	1.229923	1.749533	1.819324
452	2.420565	1.254533	3.089025	2.802612	1.325012	2.801592	2.447088	-0.212157	2.407139	0.000000	0.856098	2.861877	2.560318	2.469788	2.504349	2.718336	2.202242	0.614037	1.849711	1.912843
453	1.466047	1.327137	1.072719	1.889306	2.443563	1.292986	1.995521	2.289460	1.942928	2.577654	2.142641	1.001042	1.093894	1.940696	2.019336	0.000000	0.931693	2.075395	2.017464	2.442365
454	3.135353	2.283493	3.952141	3.690868	0.000000	3.562659	3.411714	1.491025	3.676647	1.409999	1.796522	3.687361	3.207778	3.731299	3.645148	3.418511	2.939958	1.841648	3.122649	2.486233
455	0.782038	0.487572	1.198131	0.779210	1.042848	0.848477	0.709225	1.037822	0.014324	1.002824	0.819014	0.643499	2.560393	0.474129	0.000000	0.580846	0.666470	0.686139	1.300498	1.021297
456	1.514644	1.000944	2.649689	1.904426	0.000000	2.347353	1.423651	1.274568	0.856744	1.461732	1.145176	1.969268	2.149834	1.284343	0.873924	1.739764	1.610704	1.382883	1.318744	0.909146
457	2.731916	1.967946	2.748952	3.303170	2.608118	0.000000	2.667939	3.824319	3.410498	3.418717	3.136200	2.468505	3.245631	3.304687	3.535854	2.484920	3.216787	3.703171	2.671385	2.706028
458	1.671223	1.669928	0.000000	0.383433	2.488708	2.588197	2.198862	2.670052	3.217287	2.893995	1.920465	2.167433	3.613018	1.423095	3.208607	1.614087	1.611355	2.315313	1.755139	2.484191
459	2.928382	1.763067	3.457917	3.313370	2.364713	3.666043	3.030478	-0.331211	2.663512	1.243181	1.993423	3.108306	2.891211	3.004448	2.728804	3.221307	2.543229	0.000000	2.600419	2.642679
460	3.531048	2.522274	4.109974	3.913488	0.864420	3.734286	3.869613	0.986430	3.893900	0.000000	1.218849	4.129954	3.626710	3.960083	4.157115	4.106126	4.112286	1.926985	3.065735	2.966129
461	0.691237	-0.100129	1.990944	-0.525889	-0.549952	1.718919	0.000000	0.063926	0.833831	-0.386220	-0.070587	1.506622	2.599817	0.063070	0.715558	0.995241	1.321531	0.346564	-0.461460	-0.655815
462	3.137856	2.285810	3.292319	3.503093	2.914423	3.651473	3.536191	0.246855	3.361952	1.841241	2.574059	3.296742	3.408730	3.454817	3.531116	3.514192	3.078398	0.000000	3.395085	3.603966
463	1.950139	1.191158	2.406607	2.024123	0.631665	2.779588	1.525092	0.000000	2.005369	0.309593	0.917187	2.204208	3.277972	1.930418	2.059153	2.014064	1.494639	0.741450	1.089159	0.929324
464	1.282378	0.987716	0.000000	1.333823	1.917745	1.592305	1.610470	2.066964	1.673702	2.062921	1.846852	0.551240	3.060223	1.514063	1.730004	0.861153	1.705081	2.012113	1.838898	1.924501
465	0.000000	-0.052657	-0.104433	0.798478	0.971752	0.748795	0.629946	0.855711	0.808518	1.394940	0.883732	0.057918	0.788673	0.673209	0.835535	0.083773	0.349379	0.515209	0.976441	0.988279
466	0.090873	-0.106224	0.148918	0.187099	0.549765	0.000000	0.293640	0.491650	0.002218	0.432296	0.278334	-0.086302	1.439015	-0.045521	0.013217	-0.915699	-0.684686	0.446336	0.656835	0.706933
467	1.398972	0.885905	0.000000	0.874568	1.527194	0.995144	0.727784	1.971043	1.485337	1.513834	1.475518	0.596094	2.139420	1.075860	1.661231	0.945167	1.288943	1.893251	1.616540	1.608179
468	0.641897	0.541678	0.176369	0.000000	1.219461	0.901240	0.915172	0.969816	1.057503	0.922492	0.909882	0.832712	-0.029074	0.712011	1.281238	0.599011	0.812263	0.853435	1.226966	1.216740
469	1.165735	0.183577	0.472265	0.000000	0.381844	1.672377	0.798612	0.525305	1.170880	0.560440	0.585880	0.690559	2.814345	0.717744	1.196159	0.973384	0.883527	0.599638	0.377453	0.329579
470	2.725473	1.915914	3.500309	2.984487	1.534516	3.200929	2.594691	1.844747	2.829946	1.978304	1.954679	2.902920	3.271135	2.704383	2.572299	2.749476	2.424343	1.862776	0.000000	1.441755
471	3.124301	2.608495	4.418601	4.147803	1.494669	4.191824	3.352681	2.011832	3.665983	2.054271	2.225279	3.989476	3.694101	3.642563	3.662961	3.280946	3.173467	2.452948	0.000000	1.637069
472	0.805934	-0.140896	2.417794	0.919321	0.077063	1.993813	0.642401	-0.299419	-0.196708	-0.713647	-0.217229	1.341083	1.812485	0.000000	-0.281480	1.014357	0.689864	-0.081826	-0.058407	0.091639
473	0.000000	0.999837	3.311215	3.027717	2.491842	0.765318	3.245486	1.763757	2.981571	2.112566	2.317557	3.263169	3.498443	3.029383	2.995417	2.235780	2.511843	0.830153	2.620522	2.654523
474	1.386654	0.497104	2.969906	1.771914	0.444909	2.189489	0.980153	0.578047	0.664495	0.837193	0.751021	2.027082	3.402378	1.262139	0.000000	1.459160	1.160976	0.482753	0.405691	0.195571
475	1.334865	0.926424	2.775052	2.171927	0.870449	2.290186	1.172361	0.082764	0.056167	-0.210885	0.471889	1.971411	1.132651	1.268811	0.000000	1.701660	1.493094	0.514723	1.020401	0.920088
476	1.803131	0.652993	2.819000	2.067120	0.668837	2.766067	1.560673	-0.134447	2.109659	0.122224	0.667195	2.623655	2.753686	1.974190	2.102129	2.405951	2.014367	0.000000	0.661356	0.582450
477	0.364833	-0.032418	0.230643	0.585586	0.215957	0.295372	0.000000	0.150564	0.085297	0.182550	0.231723	0.175495	0.918303	0.272816	-0.059227	-0.024081	-0.158665	0.068453	0.281942	0.201089
478	0.022485	0.285085	0.421583	0.468815	0.665669	0.277885	0.178830	0.365188	-0.233379	0.428179	0.381151	0.152062	-0.398841	0.119930	-0.166242	0.000000	0.186213	0.190483	0.860503	0.797024
479	0.317739	0.031403	0.000000	0.285758	0.532780	-0.063844	0.291689	0.761667	0.370425	0.602688	0.571697	0.089698	0.577356	0.290451	0.418960	0.156861	0.204639	0.663904	0.612298	0.567563
480	0.253895	0.117533	0.062250	0.212309	0.700085	-0.121314	0.261653	0.509624	0.261646	0.565230	0.439524	0.108268	0.281493	0.188812	0.300071	0.000000	0.132119	0.348631	0.724549	0.708139
481	0.144469	0.043858	-0.132099	0.000000	0.634466	0.179860	0.304561	0.250248	0.336574	0.369540	0.443755	0.053771	-0.057995	0.174123	0.426430	0.036861	0.051754	0.173256	0.605276	0.663689
482	0.077690	-0.044807	0.269866	0.306504	0.202090	0.286312	0.225895	0.044715	0.306434	0.132836	0.240788	0.249301	0.050539	0.254947	0.295735	0.080292	0.000000	0.130282	-0.025370	0.194132
483	-0.144288	-0.467386	0.000000	0.086030	-0.204316	0.082641	0.025658	-0.264178	0.148121	-0.304090	-0.156718	0.091797	0.103577	0.022497	0.155722	-0.104578	-0.157240	-0.218751	-0.412945	-0.161018
484	-0.226964	-0.379456	0.000000	-0.055466	-0.115400	0.142021	0.018975	-0.384020	-0.088315	-0.298965	-0.221251	0.081848	0.131872	-0.119312	-0.096548	-0.039289	-0.070458	-0.377752	-0.155923	-0.076426
485	0.940556	0.410891	1.475222	1.103597	0.457224	1.619029	1.010069	0.000000	1.087373	0.618583	0.639219	1.158554	1.553668	0.990449	1.094943	0.819625	0.556431	0.121917	0.282554	0.164387
486	1.267357	0.800453	2.371071	1.914506	1.094517	0.000000	1.690755	1.322045	1.593473	1.133346	1.126060	1.932123	1.776678	1.641280	1.599955	1.616015	1.753249	1.374965	1.131040	1.307620
487	1.428085	0.562008	2.014392	1.554356	0.000000	2.324955	1.247750	0.289155	1.350095	0.206405	0.526598	1.810341	2.443411	1.381509	1.404671	1.488879	1.232757	0.571346	-0.517795	0.060960
488	2.950188	2.384739	3.212330	3.279058	2.313236	3.241714	3.352328	0.000000	3.173206	1.537594	2.391387	3.318461	2.646432	3.297469	3.271712	3.440289	3.241124	0.374424	3.291465	3.325547
489	2.257568	1.640683	2.522133	2.018481	1.959148	2.529290	2.431806	1.839752	2.637070	1.516222	1.771380	2.511080	0.000000	2.194293	2.755499	2.625690	2.864754	2.171490	2.156579	2.123271
490	1.584455	2.166952	2.740273	2.973135	3.602492	2.015967	2.827864	3.870946	2.909849	3.863401	3.161462	2.320892	2.161923	2.767648	2.685217	0.000000	1.485531	3.631133	3.635866	3.701092
491	0.650213	0.584894	1.218632	1.170642	0.751033	1.236692	0.591501	0.518247	0.000000	0.445998	0.595688	0.871500	-0.788088	0.534064	0.192939	0.838511	1.001382	0.667906	0.832767	0.695535
492	-0.216872	0.225157	0.430545	0.007962	0.350299	0.365228	0.172234	0.284334	-0.062801	-0.101422	0.165762	0.171129	0.670679	0.010739	0.000000	0.089958	0.334084	0.441648	0.406995	0.323569
493	-0.570649	-0.262022	1.123191	-0.212468	-0.836468	0.692639	-0.369981	0.126291	0.284727	-0.339531	-0.418684	0.308685	1.898341	-0.096862	0.000000	-0.019008	0.045409	0.128063	-0.854719	-1.050913
494	1.191358	1.333359	2.004103	1.572613	1.684761	1.999533	1.631156	0.232671	1.709246	1.013112	1.180296	1.679038	2.242349	1.360754	1.714439	1.635650	1.218961	0.000000	1.653447	1.846949
495	0.802815	0.666788	0.375355	0.000000	1.110895	1.456192	1.011000	0.687044	1.116422	0.721456	0.635193	0.954787	2.246659	0.547621	1.184311	1.010885	0.969339	0.947178	1.022105	1.162637
496	-0.055867	-0.043322	0.386084	-0.071243	0.226512	0.776867	0.419939	0.292521	0.253653	0.058409	0.085167	0.475818	2.218454	0.167531	0.000000	0.417432	0.568515	0.435018	0.129947	0.191984
497	-0.029301	-0.070376	-0.022754	-0.240792	0.111225	0.736968	0.226618	-0.108365	0.145966	-0.217762	-0.225325	0.341981	1.709845	-0.033102	0.000000	0.243114	0.322508	0.405181	-0.179236	0.065038
498	0.599215	0.209988	1.027740	0.000000	0.309518	1.193172	0.604953	0.616388	0.834870	0.470821	0.343055	0.567402	2.274289	0.405828	0.808807	0.847006	0.930895	0.844975	0.190311	0.398615
499	0.227912	-0.010202	0.788671	0.508839	0.285829	0.955663	0.420869	0.072113	0.048880	-0.256599	-0.008412	0.426033	1.751284	0.277231	-0.152806	0.602567	0.549724	0.400853	0.000000	0.399997
500	-0.240029	-0.409565	0.033553	-0.339561	0.043352	0.317663	-0.014240	0.234823	-0.023775	-0.087057	-0.151088	0.017731	1.443194	-0.204999	-0.088234	0.000000	0.238916	0.360849	-0.050303	0.073136
501	0.572410	0.497218	1.060683	0.814703	0.503897	0.996343	0.577084	0.666799	0.353684	0.510820	0.619605	0.794352	1.955421	0.672615	0.000000	0.770022	0.906732	0.928151	0.455817	0.465170
502	0.328647	0.226487	0.864942	0.705649	0.482973	0.871760	0.275052	0.203329	-0.056792	0.000000	0.177821	0.444407	1.516252	0.254232	-0.336996	0.532575	0.579719	0.556132	0.381937	0.418161
503	0.275376	0.121293	0.815398	0.585874	0.268623	0.797091	0.416539	0.115061	0.000000	-0.059199	0.111011	0.439059	1.444720	0.259917	0.041020	0.458581	0.480969	0.394226	0.277961	0.333399
504	0.000000	-0.182219	0.322077	0.137489	0.045736	0.432759	0.167293	0.255621	0.204381	-0.003568	0.071508	0.261859	1.135477	0.115439	0.172085	0.193726	0.377685	0.450354	-0.006577	0.120049
505	0.088270	-0.004172	0.372716	0.236738	0.185233	0.436023	0.207949	0.041348	0.000000	-0.045369	0.078647	0.177200	0.651498	0.082719	0.064790	0.192125	0.291156	0.238484	0.184367	0.183180
506	-0.350058	-0.630448	0.000000	-0.071790	-0.437108	0.030034	-0.295388	-0.538765	-0.409243	-0.595026	-0.555077	-0.174251	0.488934	-0.356830	-0.454410	-0.194740	-0.147771	-0.290466	-0.528673	-0.431468
507	0.384513	-0.046063	0.473072	0.517050	0.334743	0.591530	0.452342	0.336264	0.368103	0.271075	0.301420	0.400332	0.544340	0.400487	0.357953	0.416682	0.449970	0.457128	0.000000	0.446581
508	-0.023443	-0.449563	0.134680	0.125439	-0.154341	0.000000	-0.071231	-0.067753	0.137382	-0.105182	-0.061743	-0.085229	0.268634	0.015008	0.097712	-0.051800	0.062706	0.042653	-0.225862	-0.084456
509	0.124543	-0.147279	0.084584	0.198342	0.315746	0.127318	0.226971	0.125971	0.211388	0.098139	0.156165	0.018316	0.382974	0.153429	0.198549	0.000000	0.106381	0.171661	0.363901	0.379312
510	0.056312	-0.189805	0.147642	0.204355	0.235575	-0.021623	0.125601	0.114369	0.096088	0.105647	0.118832	0.042109	0.094568	0.121901	0.099872	0.000000	0.103630	0.068985	0.221278	0.266489
511	0.105878	-0.125113	0.101138	0.172852	0.378313	0.025462	0.200584	0.176949	0.154529	0.169829	0.200917	0.037391	0.266597	0.155202	0.150849	0.000000	0.063513	0.145347	0.392318	0.433332
512	0.062322	-0.229759	0.352189	0.374405	0.108243	0.000000	0.114977	-0.013527	0.089871	0.096504	0.149428	0.082610	-0.029991	0.185916	0.044546	0.022641	0.061003	-0.022209	0.146022	0.189154
513	0.134937	-0.043568	0.016329	0.155218	0.385787	-0.035335	0.116844	0.301723	0.059355	0.288368	0.283378	-0.040614	0.009991	0.088388	0.078861	0.000000	0.114316	0.237290	0.430685	0.411425
514	-0.025215	-0.248734	-0.036011	0.074860	0.063794	-0.076432	0.081774	-0.073999	0.060346	-0.009210	0.088509	-0.082282	-0.037703	0.000000	0.016131	-0.040129	-0.021332	-0.082100	0.089982	0.094391
515	0.262728	-0.094922	0.214477	0.326649	0.210600	0.000000	0.252421	0.299165	0.350881	0.286621	0.322687	0.181647	0.660145	0.301339	0.362753	0.221192	0.284553	0.320797	0.256737	0.302078
516	0.103078	-0.164865	0.116901	0.231772	-0.016429	0.050974	0.068439	-0.057928	0.109649	-0.045419	0.082182	0.044599	0.093042	0.143246	0.000000	0.028335	0.030444	-0.026696	-0.023628	-0.009225
517	-0.035657	-0.259449	-0.007840	0.000000	0.013642	0.052444	0.015629	-0.200838	0.002344	-0.114045	-0.034365	-0.001103	-0.040413	0.023934	0.026099	-0.040002	-0.040771	-0.167282	0.026402	0.019516
518	-0.056175	-0.364362	0.000000	0.080931	-0.172916	0.077558	-0.070697	-0.342414	-0.153321	-0.269328	-0.155876	-0.022959	0.074847	-0.039479	-0.158789	0.007741	0.008589	-0.316131	-0.162919	-0.224350
519	0.209312	-0.168047	0.116906	0.235644	0.084645	0.139127	-0.015676	-0.016416	-0.031511	0.121342	0.161300	-0.016307	-0.073337	0.151746	-0.068742	0.000000	-0.000655	0.001898	0.041569	0.001136
520	0.626380	0.237868	1.165679	0.959376	0.403909	0.798558	0.779128	0.041348	0.795978	0.142552	0.363341	1.028037	0.447248	0.802627	0.799622	0.778857	0.626178	0.000000	0.613384	0.510552
521	0.525689	0.228448	1.321299	1.101813	0.688458	0.941846	0.755101	0.319659	0.395217	0.000000	0.377133	0.710686	0.171746	0.641746	0.241874	0.607550	0.712465	0.346920	0.714239	0.647202
522	0.054988	0.485957	1.697396	1.635318	1.423293	0.881904	1.581610	0.581125	1.304564	1.018853	1.150833	1.235623	0.813328	1.446126	1.412810	0.000000	0.349793	0.314316	1.612207	1.391680
523	3.394934	2.792048	3.685403	3.708607	0.782005	3.325235	2.530517	2.845146	3.445541	3.041493	2.996081	3.358164	2.997291	3.497242	3.174122	3.488654	3.311793	2.846512	1.710412	0.000000
524	0.467212	0.056653	0.968095	0.000000	0.545949	1.150672	0.705586	-0.286812	0.240671	-0.165820	-0.255217	1.115613	1.748760	-0.186753	0.364914	0.655862	0.547655	-0.222277	0.591217	0.579089
525	-0.617362	-0.260577	0.729021	0.241114	0.135879	0.154001	0.291844	-0.143938	-0.094140	-0.542584	-0.295851	0.029731	-0.587970	-0.084235	-0.217310	-0.086061	0.000000	-0.374571	0.346616	0.230864
526	2.380692	0.901092	3.155334	2.475274	1.738397	3.216275	2.650641	0.906502	3.309850	0.867156	1.242560	3.021091	3.363129	2.576594	3.211208	2.862006	1.890165	0.000000	2.221320	1.837926
527	0.472150	-0.187144	0.241446	-0.355132	0.194290	0.929515	0.291284	-0.416519	0.380908	0.201839	0.152203	0.519307	1.769616	0.121872	0.293440	0.431586	0.000000	-0.523958	0.195503	0.081081
528	0.605753	0.035852	1.179642	0.432975	-0.596447	0.686445	0.217230	0.160359	-0.047165	-0.083986	-0.015923	0.767302	-0.575016	0.000000	-0.075740	0.653693	0.907589	0.331632	-0.213523	-0.336636
529	0.860451	0.301625	1.543397	0.678997	0.411116	1.491184	0.738905	-0.781842	0.492950	0.093209	0.000000	1.235483	2.424589	0.579224	0.550894	1.116505	0.623601	-0.506290	0.778830	0.545836
530	0.484616	0.106134	1.035249	0.000000	0.184551	1.176104	0.271796	-0.046718	-0.014876	-0.015679	0.201759	0.744013	0.619738	0.172837	0.050133	0.522757	0.391461	0.015573	0.491309	0.109633
531	1.382702	0.833451	2.040064	1.839108	0.843431	2.056913	1.435148	0.563181	1.361641	0.884474	1.062236	1.479608	2.274990	1.497433	0.990784	1.693323	0.936233	0.000000	1.599894	0.961270
532	0.567243	0.329188	0.747670	1.070441	0.678620	0.500789	0.000000	0.931577	0.135065	0.889611	0.687509	0.199222	0.935879	0.393448	0.063661	0.249315	0.355346	0.813596	0.802572	0.576173
533	2.216916	1.551585	2.646043	2.338505	0.329286	2.481837	1.421661	1.543054	2.308462	1.874667	1.797571	2.323604	2.745575	2.185673	2.202940	2.118844	1.792057	1.473714	0.725837	0.000000
534	0.000000	1.118696	2.998269	2.241806	1.779176	1.673554	1.476567	1.483858	0.634408	1.427891	1.073524	1.552268	1.393115	1.129797	0.868324	0.729594	1.510505	1.372365	1.981308	1.835372
535	2.377875	2.230258	3.950377	3.588679	2.485828	2.567708	1.866876	2.629696	1.034366	2.020027	2.167205	2.350445	1.450207	2.152162	0.000000	2.499754	2.963503	2.738994	2.618543	2.439478
536	1.919099	1.369551	3.141993	3.142212	1.773524	2.720473	2.662824	1.867852	2.719234	2.071123	2.203586	2.742316	0.000000	2.871625	2.914974	2.469967	2.423633	1.924434	2.042566	2.107532
537	3.035193	2.034537	3.783582	3.751393	2.405070	3.455958	3.438761	0.000000	3.220278	1.310731	2.083784	3.564145	3.330181	3.495815	3.252059	3.423594	2.799424	0.445512	2.780993	2.902428
538	2.495767	1.805040	3.749416	3.662308	2.186040	3.072165	3.267298	0.000000	2.846683	0.608078	1.298265	3.283932	3.266226	3.090940	3.016987	2.976595	2.647284	0.847253	2.677470	2.745002
539	2.704050	1.960307	3.039274	2.937145	1.653671	2.592493	2.829658	0.000000	2.763320	0.767848	1.537055	2.837433	2.797449	2.793364	2.870345	2.963440	2.590928	0.961463	2.435582	2.454750
540	0.863875	0.191094	1.875627	1.322575	-0.235780	1.353984	0.206233	0.624024	0.758944	0.000000	0.199138	1.193093	2.651780	0.513090	0.595030	0.654342	0.659569	0.724040	0.435342	0.086947
541	2.589652	1.910607	3.010812	3.097107	1.714068	0.000000	2.590786	2.466547	2.676730	2.219205	2.324735	2.765880	2.756165	2.867515	2.770401	2.722434	2.721590	2.626819	1.883616	2.072385
542	0.922144	0.355138	1.703695	1.597241	0.306344	1.598262	1.456044	0.393987	2.148772	0.594350	0.824518	1.804286	0.000000	1.842970	2.147751	1.541415	1.214689	0.252588	0.689850	0.553594
543	-1.160143	-1.254394	0.027191	0.167241	-0.695832	-0.903137	0.202943	-0.355868	0.883363	-0.828323	-0.638808	-0.177693	0.613758	0.297979	0.946183	-0.251918	0.000000	-0.596517	-0.138715	-0.595362
544	0.789093	1.104007	2.625726	1.828899	1.495408	1.928266	1.252151	1.434137	0.000000	1.317801	1.137292	1.868642	2.827998	0.997931	0.451165	1.184130	1.394776	1.463008	1.597620	1.455690
545	0.049933	0.026959	0.000000	0.257699	0.358759	-0.043234	0.291434	0.672190	-0.057406	0.581819	0.416404	0.309145	1.137602	0.047457	0.040121	-0.114510	-0.058455	0.437703	0.318780	0.388631
546	0.526533	0.612222	1.118808	0.942520	0.610512	1.124228	0.694489	0.641701	0.160440	0.463005	0.300377	0.928709	1.925491	0.389337	0.000000	0.796091	0.877484	0.806303	0.601208	0.606999
547	0.000000	-0.089085	1.331552	1.228739	-0.401982	1.188617	0.967496	-1.591151	1.209147	-1.130320	-0.548169	1.247808	1.461624	1.010664	1.207853	0.905520	0.439372	-1.074133	0.421104	0.353401
548	-0.346765	-0.090638	1.144592	0.705974	0.008649	0.595198	0.332698	-0.724392	-0.454043	-0.310108	-0.427578	0.000000	2.281658	-0.007788	-0.727692	-0.291178	-0.202428	-0.430975	0.311156	0.120549
549	-0.165813	0.046067	0.000000	0.013286	0.264068	0.499196	0.054553	0.151017	-0.242707	-0.001251	-0.045218	0.004850	2.008894	-0.133814	-0.259682	-0.005749	0.209870	0.301279	0.236200	0.260663
550	-0.309518	-0.260677	0.000000	0.095238	-0.173885	0.409906	-0.273105	-0.078917	-0.490226	-0.531914	-0.459235	-0.201941	1.642435	-0.224055	-0.661258	-0.038872	0.226007	0.205883	-0.219463	-0.221418
551	2.394967	1.985825	2.743965	2.750434	1.619272	2.648027	2.720363	1.292879	2.618977	0.000000	1.253211	2.682729	3.039540	2.641825	2.762872	2.683198	2.800105	2.159949	2.421014	2.566265
552	1.381103	1.076496	2.481094	1.821209	1.535727	2.019196	1.703452	0.449833	1.003963	0.000000	0.583958	1.865457	2.851981	1.335450	0.974736	1.621533	1.479659	0.952808	1.633615	1.562826
553	-0.044581	0.045441	0.673624	0.441971	0.485327	0.545148	0.202025	0.318607	-0.390980	0.211630	0.087177	0.111416	2.602591	0.035677	-0.520270	0.000000	0.256603	0.337531	0.543874	0.511243
554	0.344070	0.491450	0.432795	0.000000	1.137343	0.845688	0.694481	0.791769	0.283970	0.546896	0.394284	0.441359	2.458319	0.175748	0.344277	0.418045	0.498661	0.825408	1.276809	1.246794
555	1.061920	0.185807	0.473923	0.576423	0.000000	1.542121	0.457884	1.534635	1.202850	0.842195	0.509174	0.457680	2.128193	0.547300	1.127686	0.976318	1.405071	1.673578	0.257727	0.241730
556	1.541952	1.673527	2.099531	1.933049	2.016847	1.645352	1.756685	1.976148	1.425551	2.040422	1.882447	1.838306	0.000000	1.675026	1.675679	1.470665	1.824055	2.002136	2.209920	2.130522
557	0.787257	0.650013	0.000000	0.233387	0.865300	0.682492	0.519805	1.318265	0.889398	0.959816	0.941000	0.592472	1.929744	0.632064	1.068661	0.763751	0.899850	1.404287	0.754917	0.807457
558	1.207217	0.652857	1.514638	1.280151	0.713821	1.747554	0.719214	0.027140	0.000000	0.411726	0.533852	1.075037	2.218738	0.647707	0.203579	1.079593	0.644080	0.368245	0.869568	0.717858
559	3.073983	2.255076	3.399098	3.525086	0.000000	3.101691	2.563243	2.609586	3.494871	2.523465	2.439952	3.158975	3.271077	3.432169	3.327641	3.188377	3.109144	2.632153	1.742530	0.707931
560	-0.803724	0.354214	0.602937	0.558163	1.104499	0.000000	1.032053	1.339930	0.775307	1.015483	0.576581	1.012735	2.292424	0.621545	0.883603	0.224707	1.228420	1.270631	1.053035	1.250530
561	-0.012876	-0.103786	0.915633	0.224611	0.218540	0.689541	0.102472	-0.105822	-0.695048	-0.011573	-0.169305	0.287772	1.183262	-0.266661	-1.023212	0.000000	-0.031610	-0.202500	0.304666	0.181828
562	-0.872998	0.000000	0.975213	1.034702	0.587178	0.523758	0.824441	0.786397	1.042705	0.985716	0.640454	0.795427	-0.959815	0.852252	1.141139	-0.093052	0.576408	0.244325	0.888417	0.727397
563	1.518906	1.293760	2.490848	2.123596	1.960761	2.491543	1.996759	0.637318	1.570501	1.438666	1.473812	1.944133	1.657793	1.699148	1.742129	1.721772	1.012602	0.000000	2.412071	2.112006
564	0.785969	0.326881	1.377286	0.979204	0.334304	0.942021	0.528912	0.371428	0.449104	0.441025	0.288576	0.879709	0.000000	0.611754	0.290028	0.891498	0.939896	0.643009	0.473343	0.322896
565	0.542402	0.513203	1.311501	1.366844	-0.270845	1.644049	0.000000	0.586405	1.307120	1.000709	0.704754	0.991637	1.711967	1.018177	1.083151	0.585556	0.639215	0.287098	-1.219238	-0.696326
566	2.167557	1.791414	2.669102	2.835034	2.684575	2.377806	2.470932	2.456153	2.663609	2.537754	2.367522	2.016271	2.798169	2.520533	2.463702	0.543711	0.000000	2.362771	2.480652	2.550776
567	2.494006	1.910696	2.277518	2.935481	2.564747	2.688535	2.517270	2.717760	2.982405	2.591283	2.514462	1.790958	3.095923	2.461906	2.811536	1.214895	0.000000	2.537833	2.507690	2.673782
568	0.517987	1.004331	1.489632	1.009354	1.160981	1.555570	1.087562	1.609978	0.544135	1.072997	0.658980	1.440235	3.423770	0.773162	0.000000	1.136880	1.571876	1.817088	1.280517	1.058785
569	0.258741	0.376354	0.494824	0.195748	0.912719	0.816936	0.601947	0.708640	0.263489	0.521292	0.424894	0.567762	0.000000	0.253543	0.473130	0.442507	0.630754	0.631419	1.092649	1.045370
570	0.392166	1.081129	1.859595	1.264863	1.474040	1.094301	1.082927	0.998869	0.000000	1.029373	0.702029	1.209255	0.220604	0.489315	0.261440	0.661142	1.247506	0.940605	1.575567	1.583611
571	0.199896	0.273386	0.221303	-0.045770	0.503270	0.146079	0.050825	0.780873	0.040724	-0.052087	0.039185	0.245587	1.183286	-0.105212	0.000000	0.503030	0.507710	0.901346	0.744039	0.613790
572	0.327860	0.497938	0.279919	0.000000	0.630831	0.931991	0.463057	0.617822	0.504453	0.794023	0.714347	0.653341	0.440270	0.485665	0.647854	0.445017	0.703258	0.642897	0.414210	0.558131
573	1.084234	0.442832	-0.033195	0.473701	0.225469	0.574912	0.405567	1.158016	1.320346	0.825701	0.674351	0.435883	1.882412	0.744196	1.505092	0.624670	0.425965	1.314298	-0.096072	0.000000
574	1.969926	1.955670	1.700772	0.000000	2.451853	1.901541	2.003991	2.728221	2.559985	2.265383	1.971042	2.056940	2.416926	1.264956	2.711400	1.890148	2.115994	2.640941	2.359255	2.494108
575	1.115140	0.518513	0.599233	0.303717	0.946281	1.637510	0.775362	0.000000	0.714684	0.801791	0.746000	0.821870	2.284832	0.630052	0.769905	0.891835	0.545926	0.125697	1.005917	0.833678
576	1.056858	0.755928	0.000000	0.563986	1.549260	1.493235	0.849150	1.505091	1.486481	1.620884	1.533705	0.284530	1.065522	1.127081	1.701641	0.997678	1.530693	1.345325	1.509318	1.421745
577	1.193060	1.079964	1.115550	1.274979	1.835139	0.000000	1.188371	2.082632	1.298009	2.076578	1.669591	0.799890	2.324289	1.250556	1.471297	0.938109	1.368931	1.983358	1.860767	1.771304
578	0.659434	0.132149	0.880311	0.160165	0.435845	1.301949	0.336255	-0.105795	0.112512	0.390165	0.356766	0.791594	2.104362	0.217297	0.000000	0.614851	0.544064	-0.249650	0.521620	0.335581
579	2.014691	1.186475	0.000000	1.009100	1.606508	2.406388	1.330381	1.937385	2.329694	1.940699	1.685237	1.334448	2.361039	1.605348	2.425048	1.715328	1.577818	2.065038	1.486568	1.581937
580	0.621846	1.154012	2.239960	1.876114	0.440627	1.676286	1.169761	1.626850	1.971766	1.894872	1.579367	1.693889	2.247988	1.735723	1.665751	1.253109	1.721596	1.360154	1.130801	0.000000
581	1.417139	0.333274	1.313845	1.491481	0.454487	1.966203	0.000000	0.619336	0.521834	1.187412	1.060125	0.403161	2.593352	1.067327	0.427998	1.047734	0.918429	0.648036	0.597711	0.371471
582	2.505977	1.704538	3.024930	3.003894	0.000000	2.843794	1.374360	2.249972	2.675055	2.535423	2.398470	2.228287	1.994877	2.678025	2.413690	2.416965	2.482673	2.130020	0.562320	-0.263600
583	1.343286	0.707411	1.967950	1.285555	0.919372	2.385895	1.131563	0.099933	1.571258	0.855375	0.899576	1.891996	2.742626	1.337202	1.708278	1.652268	1.234933	0.000000	0.805735	0.461054
584	0.138549	0.094515	-0.250007	-0.218243	0.939195	0.421541	0.238702	0.514433	0.038705	0.384887	0.372525	0.065126	0.063278	0.016099	0.315710	0.000000	0.118529	0.442835	0.900577	0.844123
585	1.746636	0.998118	0.207065	1.356317	2.195898	1.614077	1.534292	1.997217	1.852784	1.944043	1.899651	0.494413	2.523097	1.608050	1.984295	0.000000	0.390133	1.946008	2.347041	2.289924
586	0.494522	0.412167	0.503692	0.551473	0.168275	0.923672	0.212278	0.044308	0.030617	-0.136518	0.193602	0.411270	0.290521	0.268312	0.000000	0.545354	0.236915	0.221226	0.373003	0.178338
587	0.421534	0.649610	0.419838	0.000000	0.989476	0.947788	0.783967	0.791294	0.665226	0.813985	0.849095	0.958429	1.355604	0.575773	0.844988	0.650297	0.832689	0.763407	0.861495	0.918911
588	0.173121	0.675851	0.670860	0.318963	1.277699	1.032046	0.886840	0.371770	0.000000	0.420044	0.396404	0.861416	2.413858	-0.065672	0.372539	0.669623	0.514845	0.427981	1.401201	1.341446
589	0.919915	0.843500	2.349180	2.408090	-0.269468	2.150773	1.858727	0.776178	2.311317	0.164896	0.000000	2.278224	2.486560	2.089386	2.373349	2.052104	1.482345	0.957524	1.138353	0.928727
590	0.975024	0.332385	0.979411	0.000000	0.697851	1.859354	1.033458	-0.134841	1.126601	-0.099105	0.128456	1.252555	2.913636	0.626000	1.112977	1.334282	1.050775	0.212333	0.398465	0.585069
591	-0.034439	0.427064	0.624351	0.295937	0.893399	0.774297	0.569063	0.616660	0.000000	0.293591	0.273128	0.403934	3.026203	0.126440	0.112385	0.375121	0.671261	0.751174	0.910194	0.874996
592	0.808263	0.525361	0.000000	0.666329	1.149774	1.790030	1.285069	1.773015	1.847090	0.754611	0.464951	0.889971	3.083180	1.086272	1.934397	1.472785	2.095014	2.137731	0.873727	1.222341
593	1.997656	1.446205	2.603178	2.449739	1.592183	2.566196	2.284654	0.000000	1.980095	0.904509	1.183798	2.469043	2.743397	2.234442	1.978280	2.441996	2.347130	0.990892	1.444068	1.722699
594	-0.113536	0.117464	0.870145	0.388986	0.467642	0.907705	0.338598	-0.009513	-0.175740	-0.141923	-0.074212	0.416209	2.799510	0.000000	-0.286987	0.327712	0.515802	0.255358	0.529956	0.457079
595	0.000000	0.178152	0.091658	0.110642	0.974324	0.741050	0.546135	1.123707	0.571217	0.553635	0.293382	0.030142	2.718023	0.177915	0.588903	0.306792	0.745174	1.236507	0.991873	0.989801
596	0.611634	0.097891	0.477114	0.595716	0.553270	-0.614961	0.000000	1.434521	0.266831	0.625724	0.302203	0.233621	2.064060	0.176550	0.277470	0.678173	1.219846	1.498564	0.966506	0.681401
597	0.366826	0.255702	0.902449	0.341886	0.514861	0.767781	0.257622	0.605717	0.000000	0.086446	0.042279	0.210574	2.643836	0.006643	0.130068	0.577085	0.785746	0.705847	0.600474	0.457130
598	2.675760	1.745436	3.049085	2.871596	0.000000	3.224839	1.827965	2.147830	3.100350	1.629161	1.633658	2.744842	3.162538	2.618574	2.907073	2.858826	2.493328	2.352576	1.032839	0.418205
599	2.586497	2.055962	3.023112	3.099991	0.733159	3.303014	2.770958	0.000000	3.407890	0.555690	1.484813	3.131723	2.882463	3.289824	3.411346	3.261006	2.851185	0.870198	2.232616	1.766567
600	0.633210	0.289342	0.600161	0.000000	-0.301054	1.031636	0.145932	0.693833	1.176962	1.045883	0.620474	0.831378	2.174497	0.548884	1.090969	0.526902	0.587007	0.565613	-1.336293	-0.703063
601	0.000000	-0.067469	1.557412	1.243739	-0.446525	1.289529	0.507378	0.397826	1.563584	0.705379	0.493887	1.341229	1.830742	1.080934	1.430158	0.707866	0.611975	0.071627	-0.766296	-0.707525
602	0.566873	0.053225	0.847849	0.670843	0.066730	0.000000	0.414472	0.656570	0.540444	0.798415	0.558735	0.627900	1.456638	0.627402	0.441487	0.508843	0.531453	0.699358	-0.448866	-0.053134
603	0.543949	-0.433486	0.565492	-0.365466	-0.386679	1.165726	0.077737	-0.744680	0.295292	-0.342771	-0.249827	0.542555	1.279248	0.000000	0.054574	0.439893	0.030809	-0.586808	-0.385343	-0.651679
604	1.105908	0.318613	1.072861	0.680384	0.143395	1.521384	0.442462	0.481907	0.625638	0.703381	0.645430	1.036262	2.140586	0.687381	0.431837	1.127399	1.151986	0.726181	0.232846	0.000000
605	0.556518	0.200368	0.074910	0.170667	0.894026	0.623599	0.501697	1.184828	0.592817	0.585389	0.571004	0.000000	1.984418	0.419597	0.704768	0.712642	1.260107	1.321767	1.096706	0.928212
606	0.396165	-0.024863	-0.312766	0.020003	0.520672	-0.745580	-0.012602	0.821013	0.071147	0.395618	0.296461	-0.437476	1.168137	0.024117	0.243164	0.000000	0.306568	0.927210	0.682690	0.511552
607	1.023134	0.631616	0.997223	0.285616	0.821460	1.405513	0.000000	1.480772	1.931117	1.486943	1.033366	1.048152	2.744637	0.855728	1.809466	0.946843	1.265172	1.101116	0.905585	0.511097
608	1.686041	0.971642	2.410445	2.240120	0.329725	2.108122	1.293436	0.441767	1.613840	0.000000	0.537824	1.999697	2.214209	1.683327	1.635272	1.807531	1.583775	0.980690	-0.006118	0.101999
609	1.780881	0.878616	2.139766	1.530355	0.368291	2.130581	1.068179	1.050182	1.191838	1.219252	1.037915	1.699560	3.205290	1.326274	0.871470	1.659458	1.546206	1.217426	-0.102955	0.000000
610	0.773048	1.108089	2.411726	2.446238	1.136366	0.000000	2.045715	1.417000	2.278633	1.303763	1.381765	2.261103	2.346007	2.258748	2.391883	1.980609	1.909643	1.259401	1.612771	1.524981
611	0.864272	0.249335	1.846420	1.641254	-0.390472	1.561149	0.437688	-1.149264	0.736948	-0.688812	-0.081629	1.325325	1.719110	0.957997	0.698480	1.153440	0.000000	-0.695523	-0.033595	-0.219099
612	1.001031	1.451446	1.236967	1.573815	2.382369	1.104596	1.420564	2.140935	1.691100	2.097329	1.897370	1.366880	1.090523	1.634275	1.635662	0.000000	0.642949	1.951065	2.254954	2.398518
613	1.529623	0.891505	2.288652	1.618373	0.229828	2.065388	1.610501	-0.306715	2.151489	0.056783	0.674294	2.213477	2.170563	1.932786	2.137650	2.058301	1.404990	0.000000	0.887191	0.579882
614	-0.132851	0.354838	0.125073	-0.086153	0.574865	0.586908	0.451031	0.583195	0.352083	0.417197	0.302899	0.552923	1.537538	0.000000	0.526272	0.333964	0.620484	0.599929	0.549772	0.588620
615	-0.014681	1.229823	2.069094	1.789053	2.898885	1.025328	2.178514	2.253661	1.656823	2.860467	2.015323	1.711642	2.250991	1.566578	1.758317	0.000000	1.012763	1.838955	2.788902	2.791317
616	2.262533	1.898099	3.074806	3.130571	2.669487	3.055144	3.175544	0.124063	2.957970	1.661358	2.074652	3.110396	2.824307	3.048519	3.078009	2.883162	2.405733	0.000000	2.802905	3.050000
617	1.366947	1.037003	2.875586	2.101240	0.512475	2.377547	1.324323	0.673463	0.580085	0.308326	0.380851	1.803577	3.756361	1.108602	0.000000	1.708774	1.402054	0.977504	0.436397	0.545719
618	-0.013344	0.288527	0.244189	0.000000	0.765988	1.049885	0.516556	0.400558	0.126455	0.320618	0.230064	0.401122	3.141465	0.172978	0.217692	0.359236	0.540365	0.529970	0.843246	0.730661
619	2.002400	0.934830	3.242602	2.751278	1.714976	3.108999	2.397738	0.191939	1.983536	0.754879	1.126319	2.648020	3.070062	2.254143	2.225363	2.614606	1.888932	0.000000	2.052927	1.913046
620	0.000000	0.138513	2.167049	1.268763	1.347323	1.276438	1.243818	0.633448	1.281241	0.680751	-0.063510	0.780148	1.849756	0.426237	1.268116	-0.127735	0.556591	0.501626	1.287346	1.377307
621	0.123713	-0.251833	0.541448	0.000000	-0.340140	1.067939	0.232331	-0.004316	0.383051	-0.514343	-0.564116	0.421225	2.920499	0.121243	0.367766	0.434207	0.509754	0.235063	-0.444436	-0.343437
622	0.012809	0.411899	1.185778	0.680265	1.106583	1.020474	0.781931	0.888450	0.279663	0.374468	0.146231	0.608026	2.798104	0.000000	0.296426	0.262506	0.633197	1.056344	1.201838	1.215848
623	1.888703	1.111991	2.149251	2.207715	1.720010	0.000000	1.492443	2.870304	1.630892	1.924885	1.599235	1.432280	3.392313	1.590242	1.777021	1.991679	2.499139	2.891064	2.063550	1.914404
624	1.649552	0.953550	3.521291	2.693367	1.148430	2.464915	1.400362	1.362902	0.000000	0.941666	0.810780	2.155837	3.300308	1.269784	0.101153	1.823990	2.036009	1.371090	1.505265	1.215472
625	1.224019	0.636774	2.538085	2.514846	0.164758	1.620520	0.000000	0.704418	1.157103	1.024943	0.927497	1.259367	1.616645	1.594426	0.483420	1.457882	1.229885	0.943154	0.583491	0.099118
626	-0.299891	0.000000	1.770582	1.760604	1.038416	1.288993	1.630172	0.403956	1.476548	0.734086	0.895415	1.486308	-0.591827	1.472479	1.672260	0.871906	0.772072	-0.173331	1.545913	1.384363
627	2.366583	1.555114	2.677865	2.995633	2.227168	3.007348	2.646485	0.000000	2.376222	1.071152	1.767591	2.443595	2.557237	2.693381	2.432054	2.438647	2.077118	0.365673	2.525430	2.475585
628	2.803461	1.869607	3.281792	3.358587	2.340969	2.994584	3.323260	1.156704	3.082314	0.000000	1.316671	3.251245	3.305279	3.183437	3.294499	3.137813	2.937519	1.572107	3.053535	3.095716
629	0.507057	0.363707	0.000000	0.612122	0.688385	0.818405	0.466873	0.731093	0.311912	0.729459	0.624061	0.155214	0.862077	0.404898	0.367103	0.273626	0.494022	0.792149	0.739646	0.734732
630	0.582986	0.400997	2.821974	2.576477	1.534414	1.730829	2.330241	0.406713	2.566140	0.168329	0.574800	2.368864	2.168639	2.124358	2.652437	1.436232	1.152317	0.000000	1.846379	1.951160
631	0.602170	0.522412	0.315530	0.736660	1.053688	0.382687	0.457222	1.524401	1.061846	1.142866	0.977532	0.456618	0.783153	0.727275	1.127257	0.000000	0.421017	1.350785	1.182517	1.157245
632	0.000000	0.317857	1.570749	1.204002	0.178716	1.124875	0.976192	0.331873	1.447508	0.433903	0.610345	1.607010	0.000346	1.329381	1.515271	1.144216	1.073674	0.148499	0.139925	0.130816
633	-0.205611	-0.224480	-0.213334	-0.437575	-0.162869	-0.071605	-0.205976	0.037699	0.125656	-0.133235	-0.062685	0.000000	0.569807	-0.142387	0.255712	-0.082922	-0.023556	0.131879	-0.416627	-0.209797
634	0.000000	1.264703	2.680287	2.406063	2.250733	1.286680	2.478433	1.892869	2.359096	2.284407	1.851276	2.536422	2.495855	2.101265	2.451712	0.932063	1.237898	1.231671	2.434747	2.412898
635	1.638355	1.304781	2.450640	2.447403	0.925651	2.101718	1.823521	-0.345863	2.266224	0.941244	1.362689	2.351050	1.963801	2.474898	2.280398	2.217902	1.832055	0.000000	1.114736	1.070971
636	0.400627	0.364245	1.028105	0.547818	0.248685	0.727566	0.414293	0.332660	0.163650	0.174409	0.234773	0.760749	1.122722	0.355178	0.000000	0.613132	0.561379	0.495935	0.129163	0.156504
637	0.120279	0.617225	1.470906	0.577693	0.989063	1.260959	0.658964	0.617588	0.261472	0.786657	0.528797	0.455907	2.229279	0.448687	0.000000	0.421939	0.631217	0.497737	0.998466	0.930610
638	2.426930	1.906941	2.879278	2.974664	2.032866	2.856901	3.013809	1.988380	2.927198	0.000000	1.347226	2.847338	3.179429	2.868026	2.974607	2.866662	2.827093	2.371594	2.755240	2.827132
639	0.201758	-0.014254	1.048886	0.291160	0.473497	0.920676	0.423386	-0.364721	0.215509	-0.070243	-0.155441	0.428450	2.567758	0.000000	-0.294494	0.504236	0.491967	-0.160020	0.206115	0.397939
640	0.000000	0.330238	0.237131	-0.072396	0.741357	0.948207	0.540626	0.374980	0.256073	0.088065	0.117614	0.395383	2.530756	0.143027	0.368906	0.535145	0.822849	0.654087	0.753537	0.749830
641	0.000000	0.638944	1.974309	1.004488	1.306369	1.709914	0.703369	0.977091	1.336671	0.711997	0.853496	1.277091	3.013380	0.936506	1.486727	1.094411	1.628325	0.843589	1.213464	1.103978
642	0.563902	-0.064948	0.536355	0.597247	0.634285	-0.556942	0.000000	1.296463	0.228910	0.691273	0.414362	0.069633	2.190145	0.187720	0.336313	0.600113	1.074993	1.253798	0.971499	0.665534
643	2.960252	1.614173	3.369325	2.919563	0.762157	3.342886	2.431509	0.291735	3.242187	0.000000	0.547507	3.250128	2.975452	2.737134	3.305892	3.225567	2.961369	1.429383	1.370654	1.109138
644	1.785522	1.022246	2.080983	2.069341	-0.245004	2.429190	0.000000	1.263050	2.276385	1.510436	1.506018	1.470740	1.864596	1.961287	2.061290	1.721187	1.744704	1.331756	-0.188438	-0.800997
645	0.775295	1.073793	2.774687	2.693549	1.714452	1.637660	2.485335	1.651387	2.646413	1.923086	1.958707	2.563119	0.000000	2.621695	2.830459	1.845501	2.057808	1.243065	2.079038	1.977419
646	2.350419	1.910006	3.298644	3.190954	1.780808	3.086765	2.829041	0.000000	2.993047	0.748733	1.498137	3.013690	3.254491	2.876907	3.033901	2.969299	2.583739	1.170081	2.173829	2.156741
647	0.000000	0.237498	3.000949	2.819094	1.716691	1.654858	2.537970	0.605126	2.412601	1.091048	1.537760	2.402674	1.763701	2.528366	2.432227	1.093163	0.663971	-0.516987	2.245023	1.989642
648	2.999387	2.261175	3.668039	3.461446	2.217842	3.418095	3.384190	0.000000	3.204413	1.169158	1.915240	3.515702	3.528657	3.311944	3.214034	3.464780	3.092592	1.056287	2.520047	2.690880
649	2.662804	1.587307	4.041143	3.752233	0.000000	2.883334	2.600291	2.545734	3.219298	1.290600	1.713463	3.447721	3.924638	3.434675	3.139879	3.368158	3.689602	2.778318	1.353363	0.942167
650	2.631618	1.769717	3.578968	3.349958	1.346662	3.292300	2.768016	0.000000	3.148241	0.815104	1.250438	2.543721	3.565173	2.942726	3.082762	2.823255	2.275430	0.680034	1.831657	2.125417
651	1.672803	1.676924	3.397417	2.634314	1.703360	2.437261	1.721488	1.815391	0.505337	1.523100	1.352066	2.261663	3.151655	1.590568	0.000000	1.862306	2.057604	1.952019	1.479926	1.634147
652	1.380954	1.065251	2.362020	2.197162	0.952484	1.890358	2.045389	1.331069	2.369496	1.011811	1.387348	2.221829	0.000000	2.322950	2.469318	1.970750	1.945954	1.373596	1.374149	1.157160
653	0.524896	0.520207	1.508618	1.267295	0.929106	0.944119	0.878726	0.445793	-0.034873	0.195746	0.403583	0.906379	1.685688	0.617087	0.000000	0.672107	0.827441	0.670674	1.100551	1.049689
654	1.603973	1.142428	1.294190	2.108283	1.939806	1.297556	1.680320	2.382077	1.955454	2.176217	2.001275	0.631557	3.207739	2.064286	1.976065	0.000000	0.655695	2.277304	2.021685	1.892579
655	1.834044	1.211722	3.031785	2.321441	0.800411	2.757762	1.935899	0.020052	1.888136	0.000000	0.885934	2.635957	1.684221	2.201509	2.111567	2.333778	1.842356	0.159977	1.114633	0.982759
656	-0.064773	0.299233	0.156863	0.000000	0.616685	0.251149	0.376336	0.454263	-0.188426	0.247875	0.241524	0.350215	0.865790	-0.049085	0.075835	0.201819	0.391263	0.436752	0.628817	0.731700
657	0.980751	0.956439	1.096184	1.157162	0.828145	1.451006	0.847142	0.474796	0.760712	0.810295	0.794087	0.000000	2.265091	0.680087	0.567106	0.837801	0.783280	0.516046	0.417262	0.548558
658	1.972188	1.504204	2.631970	2.131821	1.445340	2.741847	2.388930	0.201669	2.613664	0.948927	1.140436	2.543176	2.819203	2.277338	2.609442	2.381872	1.684327	0.000000	1.469757	1.746347
659	1.673550	1.162272	2.574047	1.953219	1.109435	2.107406	1.573703	0.417900	1.015853	0.000000	0.492530	2.024030	2.533028	1.355300	1.106202	1.626516	1.257090	0.919497	1.337508	1.201293
660	-0.330143	-0.024274	0.333942	0.000000	0.442060	0.509491	0.099819	-0.063988	-0.605795	-0.151377	-0.131444	-0.172525	2.186835	-0.174814	-0.631388	-0.110620	0.050501	0.092126	0.575911	0.416997
661	0.901068	0.715552	2.113670	1.707470	0.430375	1.830074	1.132676	0.000000	1.631288	0.274436	0.136577	1.324315	2.402983	1.020270	1.494415	1.236825	1.088691	0.448690	-0.981008	0.326276
662	0.812507	-0.059726	-0.144796	0.284906	0.497511	1.393887	0.845293	0.530325	1.393083	-0.027806	0.097570	0.000000	2.149158	0.559677	1.272439	0.725788	0.942218	0.797112	0.467479	0.636115
663	0.109230	-0.000243	0.032060	0.056784	0.394539	0.108495	0.079737	0.429567	0.000000	0.087298	0.110086	0.078427	-0.615340	0.026387	0.161870	0.022359	0.143669	0.451901	0.432742	0.399868
664	0.060986	-0.431159	-0.379170	-0.323576	-0.315569	-0.069358	-0.198095	-0.033142	0.041832	-0.240925	-0.192329	-0.221354	1.377336	-0.155598	0.000000	-0.117624	-0.312256	0.085022	-0.207723	-0.281227
665	1.460500	0.603560	1.663629	1.609172	1.105823	2.160654	1.825742	0.000000	1.767280	0.394101	0.213099	1.974111	2.693796	1.397540	1.907194	1.694144	1.569984	0.680121	0.721766	1.249972
666	1.255523	0.992262	0.934421	1.281197	1.712452	1.124399	1.409324	1.823960	1.275631	1.409536	1.466094	0.800754	1.426492	1.327852	1.260123	0.121271	0.000000	1.772297	1.742616	1.805891
667	0.275382	0.158618	0.701212	0.000000	0.205904	0.824541	0.378451	0.170599	0.076922	0.000400	0.209965	0.726007	-0.094683	0.363127	-0.002249	0.643268	0.645083	0.254238	0.221056	0.137716
668	0.230245	0.342213	0.332264	0.000000	0.585940	0.817928	0.475163	0.579289	0.318075	0.518917	0.586601	0.607368	0.915695	0.408587	0.461984	0.515442	0.693878	0.592529	0.382091	0.454194
669	0.263149	0.207773	0.291611	-0.070488	0.606631	0.933446	0.705443	0.692245	0.704242	0.415595	0.182995	0.764310	2.248259	0.000000	0.807009	0.690739	0.771249	0.732302	0.605473	0.707112
670	0.000000	1.424374	3.161892	2.795879	1.913292	1.393423	2.185789	1.768295	2.317175	1.802747	1.878122	2.711877	3.491288	2.423895	2.278325	1.883523	2.229836	1.550390	1.633339	1.679974
671	1.025785	1.307540	2.280042	1.433378	1.258250	1.759975	1.295671	0.965230	0.340437	0.670566	0.819584	1.623985	3.257231	0.653649	0.000000	1.440735	1.420932	1.247956	1.165941	1.257769
672	0.180462	0.062897	0.541661	0.040900	0.344094	0.964260	0.390909	-0.115508	0.000000	-0.123650	0.023528	0.521683	2.222198	0.186643	0.020289	0.535214	0.576281	0.195385	0.265046	0.226012
673	0.000000	-0.216805	-0.033026	-0.675283	0.414369	1.249898	0.481529	-0.599173	0.769552	-0.502849	-0.446566	0.592062	1.967851	0.019587	0.784937	0.479416	0.286443	-0.219014	0.117984	0.335725
674	1.895453	0.952990	2.698294	2.298852	0.000000	2.597260	1.496974	1.047588	1.895726	0.512297	1.092136	2.302336	2.730036	2.098780	1.857751	2.285618	2.372892	1.321400	0.061071	0.076468
675	0.143830	-0.054545	0.000000	-0.011757	0.362012	0.852221	0.295775	0.266205	0.300581	0.030314	0.061662	0.243636	2.626138	0.137929	0.344539	0.510834	0.663185	0.469722	0.370956	0.408764
676	0.008606	0.080352	0.348258	0.076768	0.059565	0.891273	0.282534	-0.129283	0.217808	-0.156512	-0.124257	0.321626	2.410277	0.170129	0.000000	0.334146	0.349021	0.192546	-0.069582	-0.065804
677	0.000000	0.932971	1.481557	1.951507	1.933752	1.223052	1.968041	1.624056	2.189917	1.711983	1.280196	1.421343	3.021739	1.687342	2.195002	0.478154	1.110945	1.378493	2.229770	2.069950
678	0.183049	-0.343019	0.984760	0.361187	0.445409	1.060716	0.346263	-0.759697	-0.352085	-0.723770	-0.523538	0.310649	2.472731	-0.061545	-0.425348	0.379889	0.000000	-0.564373	0.372332	0.363517
679	0.470187	0.535707	1.070522	0.633503	0.683139	1.156048	0.696634	0.477390	0.000000	0.390099	0.432611	0.769704	2.821777	0.348571	0.034371	0.655343	0.662968	0.660884	0.591225	0.584110
680	1.404629	0.942222	1.491455	1.351781	1.340194	2.331826	1.804503	0.231316	1.931250	0.000000	0.531487	1.817850	3.174334	1.457934	1.908141	1.813240	1.274607	0.738783	1.382957	1.488744
681	0.374003	-0.050070	1.062495	0.000000	-1.095301	0.671405	0.104775	-0.040705	0.455529	-0.474776	-0.250844	1.058311	1.717389	0.329889	0.490321	0.757986	0.984517	0.384374	-0.818099	-0.723891
682	-0.089312	0.012625	0.639970	0.328976	0.301747	0.487099	0.254647	0.114946	-0.244811	0.024478	-0.006585	0.234435	2.414050	0.000000	-0.268609	0.165180	0.397326	0.242420	0.370446	0.327029
683	0.294467	0.105902	0.372778	0.000000	0.509290	0.888595	0.695306	0.338768	0.592827	0.194878	0.151999	0.550446	2.439389	0.364969	0.620907	0.597285	0.637267	0.393502	0.545684	0.540766
684	1.552225	0.569800	2.350154	1.646230	0.000000	2.363284	0.783301	1.415565	1.774696	1.333884	1.244742	1.703414	3.372622	1.690323	1.776733	1.621027	1.723300	1.306726	0.310125	0.032604
685	-0.167208	0.346271	1.710050	1.432642	0.293631	0.204241	0.398070	0.021574	-0.147241	-0.206569	0.011269	0.422694	0.941821	0.318541	-0.498271	0.134000	0.000000	0.186084	0.440642	0.449384
686	-0.201361	0.042595	0.212176	0.000000	0.287374	-0.125694	-0.226252	0.285592	-0.211989	0.405724	0.260643	0.080312	0.308578	-0.059380	-0.185443	-0.109829	0.120766	0.224174	0.145564	0.087226
687	0.693957	0.000000	1.048299	1.036228	-0.446858	1.163689	0.496994	0.226772	1.665478	-0.350397	-0.016445	0.967685	2.162912	0.950469	1.645874	0.758959	0.611476	0.040252	-0.132816	-0.664884
688	1.387701	0.875974	3.220809	3.020742	0.000000	2.724392	1.916331	1.174188	2.473611	1.046010	1.089687	2.526763	3.289537	2.553941	2.377903	2.128184	2.062174	1.232302	1.033370	0.596736
689	1.014394	0.353971	-0.613009	0.780005	1.352779	1.521796	1.120012	1.082771	1.650942	1.570112	1.332643	0.307824	1.743027	1.231799	1.610751	0.000000	-0.081084	0.835150	1.464216	1.387985
690	0.000000	0.080202	1.887746	1.088118	0.483702	1.598271	0.779727	0.633261	0.627742	0.589941	0.339774	1.299483	3.135633	0.779608	0.211367	0.972538	1.275485	0.491057	0.623933	0.187333
691	1.422286	0.621388	2.974556	2.105385	1.208201	2.626107	1.531862	0.000000	0.298164	0.887311	0.754347	2.079092	3.039063	1.173497	0.412085	1.527055	1.274814	0.245257	1.087693	1.064475
692	2.209307	1.421029	3.028931	2.554281	2.144894	3.152232	2.858620	0.187265	2.797932	0.873245	1.588051	2.992522	2.875056	2.691135	2.870419	2.832707	2.340779	0.000000	2.411685	2.513232
693	1.224502	0.374742	0.715362	0.000000	0.774187	1.490624	0.976090	1.189426	1.695698	1.373875	0.965986	1.268638	2.209726	0.755502	1.556626	0.637010	0.513560	0.995286	0.505017	0.594247
694	0.293356	0.654333	1.061301	1.186426	0.549189	0.000000	1.073511	1.617619	1.765099	1.235199	1.068358	1.310738	2.411299	1.562833	1.896796	1.060353	1.514260	1.566086	0.575542	0.630670
695	0.245642	0.091359	0.000000	0.379847	0.435661	0.591354	0.478224	0.499346	0.365891	0.301235	0.272337	0.152527	0.943898	0.437065	0.519099	0.271315	0.494835	0.497291	0.585081	0.551805
696	1.428600	0.855285	1.081312	1.861705	1.465693	1.233806	1.410921	1.715359	1.576016	1.444801	1.413245	0.573863	3.002805	1.669485	1.531098	0.000000	-0.126840	1.730489	1.759130	1.587152
697	1.832051	1.454023	2.225724	2.009084	0.000000	2.290095	2.199246	1.397721	2.574751	1.406154	1.432300	2.461784	1.866223	2.366158	2.545088	2.200134	2.251411	1.708477	0.184044	0.308466
698	0.402861	0.244713	0.220991	0.000000	0.486488	0.732168	0.550953	0.526181	0.584468	0.321099	0.389025	0.602292	1.237944	0.438035	0.774393	0.611005	0.720104	0.637963	0.489487	0.515469
699	0.815296	0.582273	0.393388	0.000000	0.924123	1.325823	1.111575	0.503321	1.288159	0.721884	0.725678	1.203108	2.447047	0.812204	1.531375	0.764852	0.773054	0.574934	0.867773	0.976376
700	2.339430	1.628408	3.222880	3.154909	1.675815	3.280511	2.968948	0.000000	3.335864	0.880834	1.396041	3.122345	3.623307	2.974988	3.318273	3.001379	2.379112	0.660559	1.850929	2.003569
701	1.370343	0.715601	3.085164	2.549511	-0.064046	2.359095	1.712327	0.168984	1.310836	-0.030157	-0.024442	2.436933	3.013435	1.722317	1.189163	1.731802	1.781312	0.984896	0.025609	0.000000
702	-0.394006	-0.232899	0.214278	0.017582	0.163069	0.360878	0.000000	0.091626	-0.327041	-0.209349	-0.257305	-0.082374	2.563686	-0.157052	-0.394519	-0.069834	0.298014	0.311789	0.172946	0.247825
703	0.010645	0.599135	1.552384	0.567757	1.176317	1.484275	0.949444	0.908485	0.000000	0.535034	0.481254	0.948637	3.420347	0.334934	0.268289	0.563104	1.032820	1.049910	1.221955	1.182414
704	1.756755	1.243836	2.622591	2.666316	1.452769	2.436574	2.516710	-0.495215	2.568399	0.044501	0.723108	2.589925	2.849981	2.407025	2.573671	2.457392	1.822485	0.000000	1.753106	2.040517
705	1.090415	0.167838	2.843791	2.071967	0.401879	2.043743	1.195205	-0.685115	0.000000	-0.943931	-0.314460	1.764531	2.918038	0.975072	0.143068	1.589194	1.153074	-0.326483	0.700470	0.477196
706	0.289566	0.532036	0.957489	0.521304	0.926500	0.809158	0.688660	0.744387	-0.018646	0.549340	0.355406	0.844066	3.189404	0.011982	0.000000	0.638258	0.865541	0.790200	0.877330	0.964692
707	1.317999	0.937800	3.180205	2.403286	1.377173	3.000841	2.181447	-0.089945	1.843376	0.410919	0.689999	2.710950	3.703697	1.930386	1.860262	2.288056	1.306513	0.000000	1.733534	1.552731
708	2.910064	2.339320	3.560128	3.646472	1.934827	3.478422	3.233525	0.000000	3.462919	1.255852	1.779971	3.550835	3.844922	3.487696	3.389332	3.379494	3.047998	1.212650	2.269219	2.372272
709	0.131184	0.046621	0.138342	0.000000	0.211450	0.715205	0.443259	0.386746	0.278729	0.239798	0.087225	0.401013	3.423025	0.278715	0.344421	0.305414	0.516888	0.596655	0.170098	0.396171
710	-0.065110	0.058974	0.000000	-0.273915	0.435297	0.719647	0.319807	0.118671	-0.067074	0.157217	0.010823	0.384444	2.501324	-0.041041	-0.109362	0.239198	0.374628	0.248888	0.296197	0.256637
711	0.891310	0.862362	2.448326	1.641843	1.226735	1.707783	1.068364	1.200061	0.930951	0.000000	0.299311	1.038976	3.183646	0.814685	0.810716	1.301007	1.716630	1.545323	1.135936	1.018264
712	0.559015	1.223452	1.710021	1.175909	1.902364	0.848641	1.634455	1.538523	1.430414	1.841100	1.062881	1.615982	2.854592	0.767279	1.586201	0.000000	1.094099	1.660053	1.686370	2.138641
713	0.614624	0.781702	0.851913	0.913178	1.218594	0.000000	0.724818	1.000930	0.378550	1.130773	1.062811	0.613241	1.641954	0.791255	0.402585	0.659046	0.770925	1.003549	1.136282	1.066107
714	0.900755	0.880254	1.888446	1.609739	1.356780	1.301815	1.077295	1.078937	0.282053	1.135129	1.111971	1.122429	0.000000	1.102160	0.410405	0.796815	1.051667	1.056578	1.498332	1.376315
715	1.616781	0.539132	2.194146	1.916549	0.057015	1.971260	0.759284	0.262433	0.890663	0.654446	0.766632	1.215360	1.718902	1.298979	0.910676	1.262244	0.796050	0.280865	0.208338	0.000000
716	1.158808	1.244782	2.185299	1.790347	1.015761	1.692142	1.494995	0.000000	1.402552	0.798988	0.722048	1.921409	1.837872	0.816673	1.560299	1.446369	1.316253	0.378808	1.558001	1.354266
717	3.394193	2.644906	3.572448	3.687434	1.197068	3.638266	2.913779	3.112251	3.801829	3.182072	2.992550	3.499190	3.286318	3.662787	3.618152	3.322470	3.272156	3.194116	0.000000	1.257982
718	1.473152	1.200217	2.406880	1.940268	1.790012	2.404192	2.116467	0.603571	1.934390	1.321389	1.437737	2.320640	2.972007	1.937305	1.930697	2.137309	1.600622	0.000000	1.909779	1.650673
719	0.982605	1.143255	1.788021	1.377388	1.423231	1.385698	1.387304	1.184135	0.670974	1.159971	1.254186	1.427853	0.000000	1.142223	0.865353	1.053026	1.331597	1.123295	1.568492	1.447701
720	0.000000	0.930642	0.806122	1.234311	1.944975	0.774119	1.099948	1.386274	1.237645	1.556508	1.507915	1.035609	1.849932	1.308386	1.356307	0.029122	0.831690	1.207000	1.810004	1.868514
721	0.071786	0.246338	0.440310	0.497117	0.278607	0.437051	0.173197	0.158073	0.008877	0.308485	0.295509	0.204006	0.179065	0.189445	0.000000	0.066484	0.073013	0.098581	0.296782	0.302428
722	0.260825	-0.069502	0.133694	0.000000	-0.152088	0.326743	0.108682	0.017445	0.369303	0.210231	0.250699	0.235536	1.211273	0.265913	0.425202	0.294516	0.221417	0.000738	-0.508189	-0.168222
723	0.163764	0.095959	0.285590	0.348090	0.139015	0.397744	0.102869	0.026508	0.044810	0.093188	0.182487	0.245771	0.071390	0.240285	0.000000	0.166066	0.188054	0.003111	0.188420	0.114992
724	1.018073	0.465612	1.278586	1.258674	0.171624	1.179353	1.072382	0.182031	1.383090	0.000000	0.440426	1.298053	1.029668	1.223367	1.326853	1.144273	0.903749	0.454106	0.176572	0.383329
