	A	C	D	E	F	G	H	I	K	L	M	N	P	Q	R	S	T	V	W	Y
1	0.242954	-0.157228	0.204788	0.330662	-0.031891	0.289730	0.281321	-0.040899	0.489631	-0.023634	0.000000	0.237935	0.346897	0.423167	0.450040	0.343941	0.345422	0.090652	-0.168189	0.053099
2	-0.132285	-0.423542	0.005725	0.006463	-0.126327	-0.093797	0.040862	-0.153610	0.064801	-0.179277	-0.109488	-0.003669	0.000000	-0.020090	0.105224	-0.032763	-0.063213	-0.158483	-0.145585	-0.028035
3	-0.030442	-0.286034	-0.026390	0.070099	-0.024357	0.023263	0.102502	-0.026442	0.230963	-0.046925	-0.019161	0.012402	0.180244	0.102127	0.248327	0.000000	0.017473	-0.064553	-0.119771	0.054017
4	-0.050431	-0.470188	-0.049592	0.000000	-0.072406	-0.130199	0.137965	-0.102781	0.260697	-0.132067	-0.068012	0.017954	0.010060	0.096239	0.277448	-0.023182	-0.046713	-0.103913	-0.096453	0.024768
5	-0.085754	-0.377778	0.072636	0.139572	-0.217684	0.070010	0.075369	-0.121470	0.274301	-0.139756	-0.084656	0.066578	0.116572	0.110417	0.279514	0.041265	0.000000	-0.100781	-0.317405	-0.138501
6	-0.102247	-0.422486	-0.111992	-0.069418	-0.120176	-0.011368	0.022651	-0.271047	0.083330	-0.213653	-0.117227	-0.082280	0.000000	-0.052625	0.094246	-0.096230	-0.154694	-0.228258	-0.177209	-0.053401
7	-0.092195	-0.364273	-0.072055	0.031596	-0.148236	0.031126	0.090617	-0.220105	0.231481	-0.082426	-0.026073	-0.006243	-0.006375	0.000000	0.223626	-0.026979	-0.097037	-0.229754	-0.190935	-0.088384
8	0.000000	-0.367129	-0.093598	0.036920	-0.158681	0.096407	0.002763	-0.250669	0.185663	-0.231972	-0.107995	-0.069761	-0.009395	0.030400	0.215441	0.024422	-0.075503	-0.157282	-0.194696	-0.083206
9	-0.051044	-0.422740	-0.067700	0.000000	-0.085177	-0.086229	0.130536	-0.082788	0.291139	-0.106350	-0.032224	0.016180	-0.044173	0.089400	0.319008	0.000994	-0.011285	-0.115129	-0.058615	0.000064
10	0.046145	-0.310894	-0.082513	0.106066	-0.139342	0.006069	0.024525	0.064289	0.239732	-0.059131	-0.047794	-0.044629	0.022973	0.037441	0.240358	-0.008440	0.014266	0.000000	-0.182729	-0.060568
11	0.008952	-0.474171	-0.061988	0.007565	-0.141300	0.000000	0.009443	-0.239303	0.180319	-0.120957	-0.012589	-0.060604	0.061931	0.068882	0.192063	0.035509	-0.011768	-0.166674	-0.201591	-0.061803
12	0.067990	-0.346940	0.013102	0.082195	0.040753	0.047875	0.197111	-0.013484	0.308701	0.019447	0.103109	0.053697	0.000000	0.143531	0.308051	0.125730	0.111423	0.014538	0.048590	0.120865
13	-0.159917	-0.455655	-0.158422	-0.041644	-0.095677	-0.113008	0.031791	-0.034615	0.220301	-0.075855	-0.041496	-0.069640	0.069536	0.044254	0.212091	-0.023368	0.000000	-0.077511	-0.108239	-0.031759
14	0.130852	-0.365580	0.003772	0.088172	0.155473	0.000000	0.160011	0.046413	0.297162	0.021988	0.130573	0.010530	0.038380	0.159635	0.321162	0.121599	0.181220	0.115589	0.194051	0.268417
15	0.484564	0.000000	0.356734	0.446970	0.252221	0.387719	0.551169	0.407371	0.784180	0.371675	0.381673	0.562248	0.184272	0.649035	0.789388	0.594776	0.676774	0.372337	0.335186	0.463482
16	0.394013	-0.120041	0.328961	0.365350	0.301242	0.376524	0.386634	0.232428	0.522773	0.310629	0.405955	0.367284	0.000000	0.430833	0.570479	0.404379	0.425021	0.293380	0.350331	0.374466
17	0.008374	-0.450559	0.157852	0.304544	-0.074336	0.011444	0.000000	-0.072753	0.219533	-0.030461	0.018960	0.137886	-0.009306	0.239560	0.183711	0.100360	0.159943	-0.151817	-0.073859	-0.037771
18	-0.248910	-0.596320	-0.097417	0.044962	-0.244783	-0.265251	-0.121512	-0.141872	0.083410	-0.194995	-0.165356	-0.134260	-0.096100	-0.023202	0.000000	-0.124673	-0.061283	-0.123951	-0.229164	-0.173107
19	-0.010973	-0.411534	-0.127030	0.023453	-0.129155	0.007431	-0.024409	-0.062985	0.183966	-0.084190	-0.060071	-0.081325	0.061182	0.068858	0.185107	0.000000	0.018472	-0.085811	-0.115740	-0.065494
20	-0.008538	-0.647747	0.090214	0.152340	-0.277866	0.000000	-0.036460	-0.225915	0.179513	-0.212186	-0.122393	-0.001289	0.238110	0.123957	0.192873	0.053215	0.036417	-0.184248	-0.227346	-0.163752
21	0.116006	-0.436922	0.108953	0.217296	0.120472	0.195313	0.243227	0.076503	0.346576	0.079269	0.150043	0.094843	0.000000	0.208049	0.391687	0.125788	0.117573	0.051535	0.171566	0.211876
22	-0.047422	-0.382675	0.029909	0.201842	0.054582	-0.002526	0.000000	0.007719	0.259874	0.024975	0.037565	0.090445	0.121455	0.164373	0.235820	-0.022106	0.028784	-0.052493	0.023502	0.103677
23	0.093910	-0.245269	-0.059770	0.093823	0.069364	-0.038367	0.038194	0.036604	0.197945	0.020216	0.060451	-0.077229	-0.087608	0.109647	0.276517	0.000000	0.055642	0.043312	0.107954	0.123182
24	0.000000	-0.456588	0.078015	0.139526	-0.110269	0.049205	0.041055	-0.051346	0.194964	-0.081087	-0.015566	0.014650	0.128024	0.097867	0.198119	0.069112	0.007171	-0.060297	-0.034292	-0.010368
25	-0.217218	-0.558850	-0.213796	-0.031682	-0.312148	-0.313872	-0.152172	-0.305257	0.000000	-0.308804	-0.225969	-0.228035	-0.240425	-0.067797	0.024754	-0.193801	-0.254421	-0.342347	-0.289534	-0.251003
26	0.041395	-0.431261	0.050095	0.154863	-0.084456	0.000000	0.047131	-0.211089	0.212703	-0.145913	-0.004056	0.020635	0.181813	0.165218	0.212542	0.099163	0.078642	-0.119245	-0.182084	-0.019451
27	0.092092	-0.275044	-0.115763	0.105160	0.039423	-0.098673	0.089164	0.074170	0.256019	0.081346	0.161343	-0.062059	-0.095440	0.168282	0.294767	0.000000	0.039277	0.035033	0.012041	0.108005
28	0.074110	-0.336620	-0.160315	-0.035276	0.026650	-0.145833	0.056648	0.027421	0.136856	0.000000	0.096658	-0.093781	-0.019702	-0.004889	0.190063	-0.083409	-0.091710	-0.016310	0.088437	0.076819
29	-0.106614	-0.465394	-0.002403	0.000000	-0.112735	-0.132789	0.041666	-0.060917	0.100092	-0.036652	-0.022502	-0.028767	-0.102047	0.001910	0.105130	-0.075515	-0.086761	-0.121912	-0.117025	-0.053077
30	-0.247873	-0.505938	-0.318924	-0.137097	-0.275048	-0.362468	-0.138496	-0.268425	0.000000	-0.240428	-0.157662	-0.271111	-0.357190	-0.124169	0.056810	-0.214611	-0.235490	-0.304135	-0.293872	-0.228002
31	0.043393	-0.381012	-0.028367	0.086616	-0.137433	0.000000	-0.070206	-0.211021	0.128272	-0.165583	-0.022501	-0.087451	-0.061345	0.066018	0.133492	-0.010920	-0.025323	-0.104417	-0.209992	-0.065474
32	0.113475	-0.231671	-0.093901	0.072439	-0.016127	0.052436	0.064568	0.046774	0.193838	0.061690	0.127540	-0.054087	-0.155555	0.141564	0.227055	0.000000	0.024103	0.021319	-0.026498	0.027948
33	0.153513	-0.166294	-0.010944	0.088797	0.151049	0.120984	0.196811	0.039295	0.223687	0.062161	0.156298	0.018478	0.000000	0.125172	0.291903	0.055677	0.032608	0.076206	0.166878	0.206389
34	-0.044441	-0.332058	-0.126974	0.000000	-0.024604	-0.073215	0.080947	-0.027511	0.178832	-0.005176	0.047168	-0.070762	-0.007717	0.074442	0.199398	-0.082097	-0.087447	-0.073197	-0.031847	0.028136
35	0.041824	-0.290258	0.000000	0.225990	-0.121403	0.021954	0.128859	-0.030170	0.254229	-0.049745	0.038326	0.098988	0.052926	0.151313	0.301524	0.029224	0.011350	-0.052016	-0.089474	-0.021744
36	-0.162070	-0.309755	-0.237732	-0.024031	-0.120328	-0.193763	-0.089629	-0.197542	0.000000	-0.158548	-0.070281	-0.191493	-0.341327	-0.078331	0.066102	-0.234444	-0.278372	-0.235327	-0.129966	-0.060678
37	-0.017068	-0.265980	-0.117808	0.000000	0.038420	-0.033278	0.037609	-0.075393	0.182041	-0.033821	0.053111	-0.062754	-0.078464	0.037369	0.204591	-0.077672	-0.101239	-0.080372	0.046396	0.115247
38	0.000000	-0.369262	-0.142095	0.008329	-0.156084	0.015875	-0.094386	-0.193181	0.061270	-0.132273	-0.017227	-0.136914	-0.280356	-0.034406	0.112916	-0.065994	-0.150603	-0.144313	-0.156455	-0.102280
39	-0.054694	-0.190225	-0.081193	0.064730	-0.041504	-0.102008	-0.042366	-0.062538	0.000000	-0.027417	0.056395	-0.089042	-0.228718	-0.025475	0.071418	-0.113429	-0.142067	-0.095252	-0.080997	-0.022692
40	-0.061566	-0.346812	-0.038425	0.000000	-0.152427	-0.087568	0.015788	-0.075810	0.151336	-0.029060	0.032400	0.009207	-0.089888	0.081096	0.164177	-0.005123	-0.033291	-0.105279	-0.175514	-0.106961
41	0.146937	-0.284400	0.105617	0.184833	-0.124073	0.114213	0.085335	-0.069822	0.305774	-0.019024	0.061940	0.168829	0.000000	0.183484	0.305419	0.126127	0.114389	0.055367	-0.303868	-0.163480
42	-0.067633	-0.367696	-0.226537	-0.095499	0.015572	-0.135895	-0.068013	-0.068320	-0.029388	0.000000	0.081818	-0.153232	-0.249814	-0.109709	0.004110	-0.121426	-0.157777	-0.127517	0.017754	0.002822
43	0.643282	0.110604	0.520620	0.567939	0.451938	0.720960	0.561919	0.456029	0.615947	0.561763	0.513700	0.533299	0.435439	0.516109	0.513880	0.656345	0.599221	0.525423	0.000000	0.550926
44	0.239074	-0.167152	0.028216	0.011574	0.015531	0.470743	0.129631	0.000000	0.208497	0.056324	0.113596	0.025228	-0.050532	-0.013830	0.207248	0.196182	0.214192	0.224832	0.040050	0.081367
45	-0.008836	0.226521	0.232728	0.641941	0.244279	0.308454	0.220414	0.648057	0.259136	0.518634	0.522705	0.103212	-0.437446	0.428136	0.000000	0.016924	0.341986	0.660345	0.164132	0.214403
46	1.221898	0.907530	1.616462	1.502438	1.346685	1.779274	1.462145	0.685784	1.597040	0.906772	0.967331	1.446447	0.000000	1.284534	1.546297	1.468897	1.366228	0.805357	1.251635	1.367697
47	1.684803	1.025866	0.000000	1.124743	1.642358	1.605771	1.540424	2.362231	2.428008	2.508213	2.027125	1.127387	2.350266	1.762001	2.479785	1.197256	1.343427	2.185252	1.249857	1.477526
48	0.000000	-0.223347	-0.317084	-0.342124	-0.238037	0.599453	0.175416	-0.451186	0.500956	-0.500802	-0.314774	0.185354	1.052708	0.113354	0.541721	0.130265	-0.184685	-0.187327	-0.143930	-0.161156
49	0.556191	0.674489	1.107320	0.888080	0.892288	1.202223	0.959323	0.839275	0.672243	0.854714	0.835790	1.140348	0.000000	0.822828	0.818845	0.986217	1.061003	0.742108	1.093976	0.944899
50	0.816602	0.897957	0.565898	1.181613	1.577205	0.953801	1.220658	1.489964	1.311585	1.579719	1.472812	0.641625	0.328492	1.178772	1.284908	0.000000	0.501027	1.441571	1.246666	1.489002
51	-0.287283	-0.539438	-0.424613	-0.198041	-0.140470	-0.250344	-0.139835	-0.275136	-0.068363	-0.305539	-0.233284	-0.274153	-0.146283	-0.288434	0.000000	-0.357587	-0.521649	-0.362436	-0.053157	-0.076362
52	0.677985	0.000000	-1.264237	-0.261072	0.803409	0.884334	0.849546	0.812000	1.378203	1.013800	0.832329	0.226432	1.198888	0.748743	1.444821	0.176232	0.583254	0.775922	0.360291	0.772451
53	-0.154819	-0.308301	-0.354074	-0.068393	0.015308	-0.115647	-0.158463	0.339520	0.073438	0.066427	0.051799	-0.229804	-0.016011	-0.110091	0.214417	-0.062682	0.000000	0.298488	0.110656	0.004569
54	2.605301	2.064260	2.274005	2.357599	1.782368	2.716276	2.496686	2.507905	2.967730	2.730312	2.478847	2.621102	2.892691	2.625411	2.782331	2.612671	2.576223	2.591640	0.000000	1.698959
55	0.001160	-0.020172	0.506430	0.088160	-0.096576	0.425541	0.043537	0.357037	0.204815	0.655183	0.315545	0.516576	1.760968	0.000000	0.095739	0.060807	0.090089	0.153171	-0.184298	-0.348959
56	0.638189	0.503720	0.898518	0.691653	0.018008	1.305893	0.615646	0.354028	1.022524	0.000000	0.465153	1.059027	0.500190	0.844574	1.124408	1.013912	1.126575	0.564809	0.381104	-0.045037
57	1.212229	0.412870	0.550665	1.003698	0.715897	0.000000	0.712690	1.479266	1.476144	1.154428	1.137807	0.669617	2.169234	1.087574	1.567782	0.987639	0.869321	1.541810	0.753960	0.790476
58	0.158325	0.020407	0.779933	0.944181	0.008995	0.906079	0.395910	0.210106	-0.258854	-0.312424	-0.501486	0.653499	1.680001	-0.022534	0.000000	0.465817	0.388036	0.421480	0.091760	0.162691
59	0.725331	0.955246	0.625152	0.966008	1.534825	1.011103	1.070693	1.363794	1.036367	1.172229	1.281064	0.963277	0.000000	1.028801	1.259315	0.754029	1.076240	1.203138	1.682043	1.595510
60	0.000000	-0.056885	0.418063	-0.000228	-0.314364	0.597091	-0.171086	-0.489299	0.075958	-0.443271	-0.137007	0.378777	-0.107558	0.055659	0.083377	0.430760	0.396547	-0.022940	-0.381584	-0.309048
61	0.145050	0.340218	0.329124	0.286552	0.737409	0.139542	0.419322	0.809804	0.489244	0.800767	0.692308	0.397495	1.087881	0.419269	0.688675	0.000000	0.293757	0.748253	0.563894	0.632068
62	0.325560	-0.043301	0.349763	0.000000	0.296281	0.501463	0.546401	0.431923	1.006154	0.003413	0.064636	0.678080	1.441760	0.307357	1.158214	0.358823	0.354925	0.425371	0.070972	0.264110
63	0.835728	0.090751	-0.782366	0.215905	0.713514	1.004708	0.866240	0.886742	1.342139	0.729838	0.947275	0.348130	1.129906	0.974996	1.448948	0.000000	0.639957	1.154970	0.573420	0.953425
64	0.682169	0.537639	0.651448	0.621736	1.049553	0.905249	0.856489	0.789289	0.842576	0.888172	0.904645	0.776890	0.000000	0.735824	1.023888	0.737340	0.735717	0.723474	1.155416	1.030138
65	0.865324	0.478030	0.551589	0.292486	-0.044300	1.255202	0.000000	1.030756	1.489011	0.703916	0.725813	0.729154	1.470267	0.661537	1.270103	1.126196	1.189517	1.134345	-0.447362	-0.443052
66	0.504249	0.269517	0.424165	0.799971	0.066142	0.805874	0.000000	0.469986	0.493281	0.607862	0.598719	0.372380	-0.041637	0.571969	0.334163	0.548552	0.522560	0.461940	0.042089	-0.057015
67	0.331177	0.115309	0.697609	0.778869	0.154500	0.532286	0.000000	0.074239	0.294853	0.096105	0.213032	0.418118	0.267433	0.294940	-0.173473	0.166079	0.045811	0.185811	0.548448	0.318695
68	0.275130	-0.016712	0.305013	0.477526	-0.182874	0.539969	-0.211116	0.054969	0.118706	0.268510	0.136068	0.110780	0.418935	0.142373	-0.029236	0.198610	0.000000	0.090266	-0.411035	-0.613109
69	0.000000	-0.036121	0.205166	0.202531	0.153950	0.297853	0.098063	0.217753	0.125029	-0.010609	0.064220	0.182519	-0.098874	0.074010	0.241724	0.245690	0.236619	0.212671	0.244860	0.155968
70	0.359729	0.279027	0.736744	0.707642	0.329838	0.590504	0.259027	0.494514	0.219081	0.483509	0.446595	0.502638	0.000000	0.404618	0.207524	0.504218	0.625800	0.537153	0.439297	0.284890
71	0.000000	-0.277598	-0.125188	-0.061346	0.093975	0.044049	0.037045	0.005532	0.172935	0.059348	0.039652	0.011494	-0.070135	-0.038027	0.211947	-0.006391	-0.026016	-0.026424	0.101178	0.126770
72	-0.165254	-0.271239	-0.092495	0.050080	-0.056144	-0.179198	-0.053038	-0.059737	0.000000	-0.095230	-0.054910	-0.070884	-0.292126	-0.033718	0.074578	-0.097224	-0.097869	-0.113074	-0.054704	0.001993
73	-0.035288	-0.199885	0.087321	0.175013	-0.058791	-0.050871	-0.072120	-0.025198	0.019759	-0.031486	-0.036008	0.022562	-0.106888	0.007181	-0.041639	0.000000	0.056469	-0.051574	-0.158498	-0.044339
74	0.147250	-0.189081	-0.011025	0.049547	0.237229	-0.016019	0.248937	0.334961	0.425713	0.245141	0.243382	0.170635	0.000000	0.228040	0.441089	0.112784	0.171714	0.307708	0.177664	0.284435
75	-0.183894	-0.232928	-0.103059	-0.023705	-0.067123	-0.067708	-0.080751	0.044185	0.000000	-0.016288	-0.019118	-0.057852	-0.009690	-0.026359	0.048286	-0.093780	-0.068157	-0.006904	-0.175203	-0.057890
76	0.137681	-0.271917	-0.147793	0.017035	0.229611	0.073186	0.060490	0.000000	0.143133	0.213762	0.272295	-0.098995	0.136210	0.113078	0.153759	0.021801	0.021985	0.112851	0.141185	0.199260
77	0.076552	-0.295902	0.359685	0.292278	-0.025417	0.465480	0.154852	0.120824	0.429358	0.000000	0.139599	0.348909	0.380071	0.329952	0.385921	0.170017	0.103750	0.079476	-0.226594	-0.163540
78	-0.178144	-0.418003	-0.086214	-0.140010	-0.057040	-0.088043	-0.042203	0.021075	-0.074360	-0.042898	-0.083658	0.010221	0.000000	-0.078674	-0.037398	-0.150006	-0.134041	-0.024182	-0.044484	-0.048649
79	1.153140	0.373425	0.000000	0.793257	1.027356	0.861656	0.965767	1.535147	1.663328	1.413919	1.286005	0.501960	1.948057	1.324563	1.645408	0.519345	0.704934	1.483586	0.821679	0.925873
80	1.064955	0.723654	1.606543	1.298461	1.242959	1.672616	1.534119	0.000000	1.455791	0.766851	1.019599	1.661409	1.043521	1.508952	1.559525	1.375043	1.179552	0.291613	0.887073	1.124172
81	1.264434	1.016061	1.613394	1.492957	1.499053	1.775879	1.870436	0.909286	1.842332	0.000000	0.616073	1.673417	1.969311	1.442361	1.817402	1.361175	1.057757	1.206630	1.428625	1.668523
82	-0.563338	-0.565720	-0.441683	-0.606597	-0.480653	-0.526663	-0.278057	-0.055166	0.000000	-0.330318	-0.566708	-0.106304	0.701096	-0.491781	0.133269	-0.391219	-0.246439	-0.140658	-0.434666	-0.502936
83	-0.380653	-0.553389	0.413902	0.186698	-0.110437	-0.110083	0.162530	0.041125	0.000000	-0.142041	-0.311760	0.162632	1.207764	-0.091599	0.115584	-0.284508	-0.111250	-0.008199	-0.250035	-0.178732
84	1.346098	0.865218	1.658105	1.589245	1.482233	1.853346	1.812106	0.000000	2.056863	1.203269	1.375139	1.556036	1.486941	1.766297	2.175531	1.292647	1.105658	0.300100	1.813985	1.830716
85	1.182066	0.850069	1.144988	1.262501	1.213945	0.000000	1.227154	1.933291	1.640190	1.746663	1.369269	1.180312	1.881315	1.358606	1.708451	1.001790	1.284291	1.909155	1.293222	1.369840
86	-0.446860	-0.411444	0.000000	0.126364	-0.135747	-0.210219	-0.218784	0.374744	-0.238317	0.153965	-0.229602	-0.269729	0.850482	-0.320848	-0.216679	-0.323118	0.102646	0.298591	0.038742	-0.094953
87	0.599640	0.764040	1.359313	1.425934	1.355604	1.620891	1.607216	1.263799	2.119014	1.447273	1.489423	1.136146	1.157769	1.729880	2.076055	0.282401	0.000000	0.724787	1.888697	1.324255
88	0.807570	0.611296	1.474935	1.243023	1.031163	1.333197	1.111834	1.099577	0.701367	0.897199	0.879570	1.279678	0.000000	0.942769	0.804529	1.111386	1.308118	1.214287	1.068776	1.156228
89	1.724817	0.823496	2.109608	2.190671	0.781671	1.991753	1.962100	-0.100659	1.953456	-0.503410	0.000000	1.994313	1.865108	1.973879	2.031281	1.914383	1.571747	0.465106	1.579722	1.687318
90	1.474815	0.647095	2.733233	2.114885	0.940105	2.099818	1.569097	-0.059190	0.955794	0.283249	0.607382	2.184567	2.664551	1.542476	1.130520	1.892065	1.458656	0.000000	1.310669	1.097023
91	0.507219	0.561730	1.884737	1.020530	0.579861	1.247220	0.672827	0.512366	-0.058014	0.082073	0.462749	1.088373	0.339884	0.593803	0.000000	0.678788	0.807809	0.434622	0.915928	0.683952
92	2.023390	0.850384	2.692796	2.631141	0.681922	2.375569	2.302353	0.000000	2.424533	-0.643694	0.180202	2.423609	2.543264	2.309378	2.574323	2.356724	2.170883	0.774003	1.733203	1.812385
93	0.465478	-0.345424	0.234598	0.001825	0.377788	0.427477	0.089902	0.361023	0.332866	0.274274	0.220472	0.000000	1.492897	0.198079	0.417282	0.133032	-0.133708	0.095783	0.522049	0.323849
94	0.284627	-0.287988	0.833790	0.381276	-0.338883	0.921796	-0.235562	-0.036138	0.000000	0.190917	0.128098	0.208128	2.096986	0.204175	0.092585	0.285987	0.185178	-0.158011	-0.269412	-0.449977
95	2.023093	1.338096	2.954404	2.704767	1.467320	2.761037	2.496034	0.000000	2.549307	0.710252	1.232650	2.829655	3.038633	2.485495	2.574669	2.640380	2.211043	0.627885	1.701023	1.874282
96	0.840100	1.034977	1.931290	2.061510	0.905124	0.000000	1.711848	1.711274	1.959250	1.393042	1.432320	1.661874	0.922126	1.876227	2.289612	1.414084	1.778867	1.755221	1.478546	1.719092
97	0.223664	0.292281	0.686357	0.110225	0.601285	0.453943	0.507350	0.363870	0.000000	0.160961	0.191123	0.726535	1.067563	0.145396	0.246651	0.513748	0.485968	0.248148	0.836224	0.653128
98	0.052978	-0.211883	0.807449	0.554887	-0.244246	0.913352	0.176383	-0.067410	0.000000	-0.403542	-0.563838	0.622380	2.253727	0.067979	0.280928	0.406605	0.573611	0.365417	-0.212239	-0.171863
99	1.333254	0.764836	2.823815	2.267948	0.000000	2.246207	1.290763	1.686892	2.130841	1.251906	1.151198	1.787386	2.902834	2.048015	2.193866	1.889728	2.191206	1.653893	0.815038	0.318673
100	1.647665	0.936005	1.461913	1.682809	1.746701	0.000000	1.352740	2.569663	1.425236	1.818753	1.665435	1.055490	2.684959	1.442062	1.726642	1.583775	2.166281	2.683908	2.170159	1.958304
101	1.782817	0.917427	2.400809	2.334900	1.724467	1.899101	2.172519	1.349480	2.076738	0.000000	1.037344	1.990500	2.101096	2.028577	2.232802	1.855976	1.759450	1.473222	1.983579	2.061903
102	0.580937	0.395268	1.048250	0.687507	0.937631	1.310183	0.689112	0.845463	0.000000	0.272514	0.433453	0.877811	1.229703	0.319348	0.440301	0.621974	0.801706	0.866420	1.113829	1.052925
103	0.315950	0.000000	1.519283	1.696702	1.128442	1.163025	1.625161	1.008644	1.684431	1.187279	1.122836	1.202538	1.297128	1.573857	1.795116	0.652300	0.678474	0.636849	1.248508	1.371016
104	0.865928	0.529243	0.461237	0.000000	1.001853	1.690188	1.188351	0.690046	1.591686	0.652908	0.695701	1.450835	2.317877	0.721900	1.778352	0.905341	0.482812	0.635971	0.761778	1.020211
105	2.127257	0.965283	2.933080	2.830079	0.332873	2.622311	2.586032	-0.313108	2.746636	0.000000	0.234756	2.795434	2.777703	2.588353	2.788289	2.633056	2.064794	0.056551	1.257406	1.815089
106	2.065469	0.867055	2.829077	2.626571	0.058361	2.701756	1.664283	0.641309	2.522231	0.000000	0.517388	2.697728	2.834853	2.254587	2.477282	2.216377	1.938650	1.096155	0.077270	0.021704
107	0.000000	0.003706	2.738819	2.725437	0.919866	1.002817	2.454551	0.473518	2.739364	0.503988	0.881413	2.462534	2.920507	2.569637	2.718970	1.790373	1.496505	-0.137085	1.844475	1.599144
108	0.274552	0.019945	1.206756	1.482454	-0.420741	1.195947	0.238123	-0.798760	0.000000	-1.362916	-0.548492	0.725945	1.290946	0.533197	0.355139	0.473368	0.468274	-0.473518	-0.292580	-0.308177
109	0.905601	0.000000	2.566967	1.687223	1.003428	1.908645	2.089045	0.464260	2.222278	-0.090707	0.224517	2.155884	2.456838	1.408715	2.349977	1.996606	1.512876	0.190598	1.462106	1.439077
110	1.479706	1.112158	0.909843	0.000000	2.138171	1.844339	1.722882	1.859030	2.703337	1.677835	1.564586	2.010992	2.295435	1.579182	2.727759	1.721122	1.790315	1.666902	2.412549	2.033096
111	0.688154	0.535482	1.438488	1.162079	0.000000	1.113635	0.953356	1.205447	1.730191	1.043233	0.718460	1.276260	1.722768	1.103478	1.774976	0.931562	1.074731	1.154537	0.547402	0.670265
112	0.174040	-0.452294	0.357892	-0.017376	0.000000	0.768334	0.451697	-0.186489	0.196486	-0.441986	-0.439864	0.460292	1.366992	-0.047728	0.242619	0.035675	-0.129487	-0.153851	0.156031	0.258884
113	1.747597	1.554260	1.451976	1.667196	1.882342	2.042239	1.093359	2.023291	2.309350	1.737729	1.805148	0.000000	2.778381	1.611362	1.848205	1.488890	1.540760	2.106000	2.178895	1.759247
114	0.000000	-0.155311	0.927997	0.734158	0.146490	0.725984	0.666925	0.136749	0.968875	0.343635	0.381767	0.796044	-1.368236	0.785015	1.045572	0.629780	0.680196	0.090624	0.220005	0.306225
115	0.599215	0.617200	1.344092	1.737049	1.049722	0.000000	1.366819	1.392563	1.852965	1.413085	1.323586	0.833200	1.010919	1.541637	2.002243	0.002010	0.125629	1.231229	1.237065	1.381383
116	1.427594	0.483970	1.884314	1.568753	0.480329	0.000000	1.037626	1.808367	1.342874	0.969790	0.891256	1.432897	2.093415	1.342179	1.445826	1.529353	1.795305	1.921139	0.942156	0.755256
117	1.143436	0.891165	0.930114	0.918873	1.657120	0.587260	1.100955	1.692953	1.628454	1.799605	1.576137	0.708144	1.566998	1.183046	1.641995	0.000000	0.092833	1.568643	1.940799	1.804150
118	0.766239	0.351671	0.806843	0.676966	0.919721	1.061852	0.903604	-0.089540	1.189670	0.386788	0.598889	0.884290	0.951037	0.923662	1.135478	0.733591	0.342506	0.000000	0.797888	0.960094
119	-0.058969	0.028018	-0.020063	-0.078647	0.611096	0.604436	0.174973	0.222408	0.000000	-0.011360	0.122687	0.287257	1.160930	0.018705	0.178405	0.124191	0.200492	0.403606	0.738075	0.430581
120	1.182299	1.014119	0.000000	1.593285	1.686249	1.530508	1.526048	1.839840	2.153475	1.623464	1.658491	1.234592	2.028073	1.749274	2.373910	1.335409	1.579337	1.755061	1.816280	2.014417
121	0.017873	-0.068774	0.770697	0.217388	-0.154619	0.259938	0.054923	-0.515968	0.229577	-0.757036	-0.298208	0.494170	0.480658	0.192621	0.000000	0.449766	0.251619	-0.019576	-0.037672	-0.196316
122	0.732118	0.372181	0.437492	0.519072	0.690423	1.239319	1.003238	0.000000	1.514969	0.569209	0.703441	0.994084	0.851031	0.944243	1.618808	0.925726	0.635270	0.092487	0.855644	0.656284
123	-0.923477	-0.117573	1.595125	1.396290	0.885044	0.359440	1.007769	0.593686	1.088585	0.911112	0.623765	0.848990	1.352676	0.993592	1.046511	0.000000	0.548434	-0.029486	0.981696	0.814518
124	0.944510	0.593958	1.401387	1.331748	0.553309	1.939736	1.074577	0.100576	0.927461	0.000000	0.532237	1.493716	2.233342	1.089107	0.941442	1.254171	1.040052	0.322335	0.372898	0.465827
125	0.069584	0.549160	1.695292	1.278930	0.077957	1.210428	0.515605	0.555334	0.253050	0.502249	0.240863	1.287391	2.391739	0.508422	0.000000	0.635544	0.884120	0.731815	0.255765	0.139113
126	0.736504	0.614358	1.197570	1.567603	0.944611	1.848931	1.213348	-0.031503	1.252539	0.277854	0.000000	0.831889	2.313109	1.056097	1.084002	0.913615	1.031562	0.643362	0.942201	1.196604
127	2.739411	1.557782	3.113206	3.147487	0.906238	3.264166	2.836108	0.000000	2.969575	0.277543	0.593814	3.133998	2.610320	2.927510	3.090652	3.087625	2.540949	0.811168	1.820318	1.886713
128	0.848860	0.513312	0.398222	0.000000	0.778103	1.629622	1.015585	0.410958	1.237608	0.267661	0.439662	1.009550	2.690976	0.798203	1.152234	1.105582	1.054463	0.701569	0.819501	0.824718
129	0.382925	0.433794	0.000000	0.340561	0.553659	0.884766	0.559167	0.477667	0.863960	0.632554	0.450770	0.549158	2.620398	0.435055	0.829535	0.507024	0.576592	0.505908	0.361573	0.525689
130	0.000000	0.738566	2.327674	1.724010	0.509026	0.815979	1.265197	1.673136	1.636569	0.806862	0.706724	1.809381	3.084278	1.399404	1.609818	1.331151	1.922288	1.793510	0.595204	0.817942
131	1.366816	0.646441	1.296804	0.000000	0.870204	1.697193	1.422768	-0.074866	1.815493	0.153745	0.559355	1.869829	1.935344	1.153102	1.770572	1.656908	1.418637	0.212103	1.166883	1.203472
132	1.210915	1.415402	2.125621	1.864106	1.398863	1.969616	1.411655	1.271498	0.820138	1.154270	1.172323	1.417104	3.373924	1.435718	0.000000	1.679029	1.826088	1.575261	1.508515	1.492305
133	-0.330248	-0.100091	0.000000	0.200410	0.286704	0.558059	0.073078	0.209599	-0.083843	-0.142495	-0.194866	-0.346775	2.780523	-0.064226	-0.205920	-0.208662	0.136242	0.388027	0.413876	0.249915
134	1.996272	1.279904	1.923341	2.088233	1.994332	0.000000	1.643099	2.651829	1.755354	1.942245	1.800655	1.660182	3.012539	1.866223	1.956139	2.173161	2.624361	2.730090	2.457175	2.173475
135	0.173440	-0.245286	1.179312	0.550995	-0.436104	1.253162	0.346059	-1.149011	0.029250	-0.896545	-0.611896	0.873508	2.178988	0.227473	0.091740	0.415301	0.000000	-0.876483	-0.310920	-0.171492
136	2.990315	2.003911	3.333326	3.438334	1.989024	3.157253	3.178105	0.755450	3.127202	0.000000	1.514553	3.239300	2.974168	3.249161	3.206795	3.171574	2.883687	1.595595	2.657760	2.807963
137	0.785430	0.676595	2.202398	1.309292	0.755225	1.084938	0.920525	0.686750	0.000000	0.385078	0.418752	1.348052	2.892723	0.672596	0.210212	1.279603	1.191232	0.565651	1.169033	0.805159
138	0.438159	0.526355	1.231129	0.767595	0.711433	1.325271	0.757201	0.524598	0.173889	0.333110	0.451161	1.195507	0.000000	0.479764	0.488276	0.933737	1.019968	0.606162	1.001827	0.874669
139	2.448730	1.422825	1.815499	2.294125	1.748431	0.000000	1.942224	2.781719	2.340426	2.219530	2.204050	1.717972	2.869478	2.323459	2.447942	2.240198	2.357216	2.826458	2.090846	1.930492
140	1.581490	1.337377	0.000000	1.641366	2.166175	1.640381	1.755947	2.976216	3.096084	3.075934	2.029365	1.713437	3.231575	1.820285	3.271088	0.691999	1.300174	2.625427	1.797180	1.972049
141	1.618056	1.306647	3.008085	3.103156	1.852868	2.916161	2.355863	0.640393	3.039053	1.623043	1.781485	2.380477	3.219066	2.615125	2.960176	1.362350	0.000000	0.655368	1.271006	1.631860
142	3.211032	2.423820	3.560563	3.437855	2.209884	3.471810	3.360266	0.000000	3.234764	0.953251	1.997370	3.461009	3.188579	3.375436	3.373124	3.587106	3.291771	1.028130	2.659986	2.832319
143	2.803528	2.127460	2.862596	2.982727	2.233454	3.033778	2.872600	0.000000	2.821892	1.690973	2.187981	2.854125	2.720210	2.905372	2.875639	2.937722	2.517915	0.780493	2.409122	2.577689
144	0.718235	0.609848	1.480830	0.000000	1.072528	1.366841	1.222384	0.570638	1.926635	0.718457	0.706231	1.651005	1.690872	0.920266	1.991542	1.156188	0.930610	0.200644	1.153278	1.050036
145	-0.006388	0.800601	1.852196	1.720507	0.886540	0.830944	1.596124	1.286872	1.761881	1.266558	1.088519	1.748321	0.000000	1.553592	1.802781	0.779587	1.264759	1.071032	1.389036	1.308516
146	1.645671	1.659075	1.739027	2.121024	2.793104	1.718230	2.354966	2.339444	2.658615	2.452801	2.448898	1.829879	1.941677	2.390640	2.525943	0.579764	0.000000	1.963264	2.917309	2.935116
147	0.512623	0.250556	0.669051	0.505123	0.416685	0.235525	0.700611	0.898359	1.301664	0.754554	0.715996	0.801137	0.915071	0.935365	1.229345	0.000000	-0.010860	0.727987	0.743581	0.631572
148	1.169430	1.243306	1.452168	1.716111	1.426762	0.000000	2.041386	1.679324	2.338113	1.856301	1.757274	1.973719	2.114455	2.175092	2.427312	1.452996	1.449981	1.446436	1.827633	1.701134
149	-0.171997	-0.052330	0.062871	0.030767	-0.164520	-0.070705	0.127337	0.491717	0.888292	0.167553	0.206987	0.000000	0.413401	0.365315	0.850920	-0.256031	-0.036408	0.449356	0.234138	0.037165
150	1.120704	0.754018	1.854119	1.553442	0.548349	1.776894	1.171263	0.414429	1.850832	0.025987	0.699597	1.104601	2.091699	1.526571	1.748379	1.061813	0.000000	0.522510	1.255771	0.910362
151	1.230870	1.771954	2.575942	2.482145	1.840039	0.000000	2.250674	2.266220	2.354006	2.102493	2.109932	2.506789	2.528811	2.420767	2.444020	2.379758	2.691372	2.382076	1.910136	2.214735
152	1.343242	1.111564	2.107777	1.585091	1.547408	1.842172	1.864231	0.000000	1.219547	0.677606	1.042034	1.950035	2.015163	1.513725	1.309517	1.669951	1.422817	0.536202	1.728739	1.831561
153	0.045136	1.109274	1.466257	1.555231	1.581764	0.000000	1.494307	1.464721	1.489076	1.423779	1.304581	1.295262	1.795894	1.440973	1.618952	0.672326	1.187067	1.491616	1.453704	1.758367
154	2.142537	1.559196	3.152129	3.199079	1.373625	3.062300	2.608761	0.174352	2.902735	0.000000	0.943141	2.561249	2.951302	2.703078	2.914147	2.568402	1.828524	0.699001	2.182310	1.996188
155	0.000000	1.007178	3.200959	2.872087	2.151881	1.790378	2.561160	1.267473	2.545109	1.267320	1.507624	2.757651	2.901433	2.529298	2.611661	1.428383	1.659351	1.078217	2.276044	2.233926
156	2.267025	1.630116	3.147446	2.877664	1.160434	2.925269	2.230074	1.143641	2.259041	0.000000	0.853613	2.656388	3.269240	2.193290	2.084050	2.778954	2.384073	1.805818	1.771236	1.734479
157	0.000000	0.520880	2.621539	2.263135	0.662500	1.690667	1.134747	-0.408068	1.737815	0.152031	0.538468	1.796019	2.616988	1.646790	1.606142	1.485072	1.179533	0.075392	0.582855	0.455328
158	0.000000	0.395079	3.321042	3.223842	1.631843	1.249984	2.568703	1.560376	2.455216	1.313131	1.340006	2.403139	3.329171	2.526298	2.531618	1.364279	1.656929	1.352894	2.259003	2.028767
159	0.000000	-0.181227	1.996056	1.287677	-0.129713	0.977771	0.044868	-0.131572	-0.689783	-0.565760	-0.399213	0.758251	2.539603	0.079118	-0.574426	0.255754	0.671473	0.274375	-0.074768	-0.019953
160	0.718874	0.655491	1.320995	0.931394	0.856834	1.767615	0.771897	-0.131608	0.990415	0.078368	0.507642	1.324966	2.776342	0.785503	1.141101	0.958099	0.806665	0.000000	1.116324	0.884899
161	2.324760	1.656088	3.603578	3.203029	1.474308	2.924411	1.503766	1.985598	0.891547	0.882508	1.260286	1.984862	3.689263	1.993112	0.000000	2.457218	2.064224	2.240274	1.376987	1.131836
162	2.239018	1.361432	2.435009	2.598124	1.941187	0.000000	1.652446	2.943446	1.648174	2.203952	2.011160	1.694292	3.212070	1.987089	1.882690	2.177591	2.806569	3.100579	2.320348	2.165220
163	3.485354	2.787357	4.258007	4.219183	1.192270	3.968246	2.305954	2.556536	3.514746	1.990873	2.528176	3.245828	3.714462	3.586124	2.754708	3.889920	3.671623	3.122292	1.421366	0.000000
164	1.950207	1.510923	3.045147	2.811465	1.601853	2.407291	1.332044	1.589794	0.510588	1.703311	1.579292	1.858792	1.458665	1.482226	0.000000	1.824102	1.525135	1.658811	1.772967	1.755208
165	0.886062	0.000000	2.957415	2.989820	0.044662	2.187188	2.140992	-0.306563	2.422469	-0.356465	0.178624	2.494138	2.080597	2.458040	2.413184	1.695028	0.564753	-0.882036	1.665612	1.451854
166	2.371646	1.576781	3.399426	3.212092	1.884084	3.100303	2.588322	0.000000	2.494868	1.636771	1.879910	3.040690	3.067947	2.701858	2.484504	2.833542	1.987299	0.719962	1.703226	1.841224
167	1.776907	1.170055	3.401820	3.352090	1.265639	2.913060	2.648679	0.000000	2.526827	1.053745	1.527832	2.951577	3.036926	2.860465	2.642958	2.495624	1.928640	0.311085	2.264886	2.096330
168	2.543319	1.857755	3.404063	3.507034	2.673735	3.319711	3.310892	0.607562	3.300782	1.888242	2.451133	3.249945	2.776649	3.333169	3.328040	2.949237	2.263643	0.000000	3.170849	3.132500
169	1.323172	0.596273	2.277706	2.179145	1.520353	1.577089	1.773072	0.182000	2.302448	0.225142	0.000000	1.797675	1.969232	1.761304	2.387319	1.377068	0.621904	0.244724	2.237456	1.841138
170	1.565731	1.553434	1.437406	1.670818	2.313119	1.513596	1.773367	2.556912	1.886378	2.400732	2.241712	1.582497	0.000000	1.801762	2.005343	1.399338	1.764647	2.328862	2.495003	2.237668
171	1.340764	1.044281	-0.008130	0.000000	1.251335	1.668228	1.188685	1.987279	2.297637	1.857583	1.566499	1.471594	2.252637	1.486877	2.335498	1.320223	1.443056	1.785686	1.159075	1.002823
172	0.178056	0.294826	0.135383	0.303472	0.560734	0.088130	0.051896	0.605240	0.000000	0.868528	0.631615	0.070781	0.822656	0.287049	0.116569	-0.230635	0.048116	0.671606	0.541657	0.430207
173	0.518315	0.270778	0.867626	0.640193	0.403444	1.165226	0.921705	-0.130621	1.580753	0.290962	0.000000	0.993903	1.533812	0.726978	1.635777	0.666564	0.096834	-0.338234	0.646228	0.692205
174	0.459413	1.038640	1.079671	0.799586	1.654581	0.934595	1.092552	1.895383	1.532594	1.483689	1.225897	0.701907	-0.114807	0.885335	1.468931	0.000000	0.243248	1.645331	1.870396	1.665500
175	-0.124212	0.275855	-0.469351	-0.719360	0.572626	0.319182	-0.036555	-0.061617	-0.260114	-0.097456	-0.098209	-0.063798	-0.320748	-0.706223	-0.046193	0.000000	-0.027704	-0.012876	0.624679	0.624384
176	1.624333	1.987665	1.408398	0.000000	2.522295	2.193141	2.170480	2.510347	2.688652	2.150115	2.086978	2.173116	2.204461	1.555642	2.786033	1.970653	2.338466	2.471310	2.485986	2.524240
177	0.475015	0.134093	1.458530	1.122039	-0.142453	1.526840	0.134381	-0.854169	0.000000	-0.542840	-0.176471	0.903487	1.661327	0.398561	0.534443	0.722644	-0.027001	-0.510290	0.316202	0.096029
178	0.485802	0.042827	-0.276484	-0.756944	0.039331	1.035323	0.418978	0.061747	1.491826	0.149741	0.129064	0.881426	1.401436	0.525070	1.336760	0.845854	0.596700	0.000000	0.070362	0.136317
179	0.406786	0.364629	0.000000	0.140612	0.799963	1.116195	0.765317	0.629097	0.616712	0.679427	0.585551	0.759168	2.863719	0.642075	0.649360	0.685166	0.719026	0.616481	0.861032	0.782260
180	0.682936	0.412396	1.518484	0.705946	0.335548	1.804227	0.815188	-0.392198	0.696740	-0.013257	0.035729	1.370805	2.360530	0.547662	0.591204	1.202218	0.612786	0.000000	0.199520	0.428607
181	1.889290	1.541979	3.078237	3.083089	2.075538	2.876653	2.876722	1.495939	2.804844	0.000000	1.476734	2.770127	3.238844	2.840175	2.833849	2.732565	2.441078	1.753143	2.564876	2.523725
182	0.918143	0.586894	2.119822	0.795839	1.056311	1.782342	1.039895	0.322575	0.322098	0.372481	0.472455	1.588801	3.350445	0.675166	0.000000	1.167465	0.880710	0.486713	1.117813	1.035204
183	0.000000	0.133706	0.658430	0.168160	0.754610	0.725680	0.674551	0.450533	0.071099	0.371520	0.268412	0.657488	2.634640	0.183999	0.163855	0.320101	0.599787	0.559101	0.765149	0.842548
184	2.218603	1.576078	3.360534	2.772189	1.487504	3.042835	2.430554	1.266229	2.377021	0.000000	0.974400	2.730298	3.108711	2.365306	2.494835	2.718807	2.444042	1.790152	1.829365	1.600028
185	2.229406	1.637262	2.485213	2.599893	2.107310	0.000000	2.067780	2.761095	1.880548	2.355009	2.207970	1.998426	2.852927	2.247136	2.223045	2.247184	2.557984	2.756761	2.388143	2.303735
186	0.000000	1.229832	2.903140	2.826911	2.131444	1.668835	2.643826	1.685883	2.567170	1.915664	1.997272	2.679996	2.550648	2.682067	2.723217	1.602945	2.070833	1.232282	2.306328	2.232764
187	1.375717	0.417889	0.873799	0.000000	0.977794	2.054768	1.143989	0.659726	1.322798	0.909963	0.911304	1.624703	2.763585	0.915982	1.312247	1.359747	0.875961	0.665217	0.871089	0.988998
188	2.565659	1.509210	2.899031	2.512295	1.939560	3.236686	2.626529	0.000000	3.005927	1.400380	1.952774	2.940103	2.484135	2.804701	2.954632	2.664805	1.836922	0.262011	2.222364	2.053375
189	2.173244	0.940012	3.195642	2.403853	0.831402	3.119566	1.550451	0.055778	1.886799	1.215576	1.410039	2.772440	2.963184	2.185361	1.827813	2.451437	1.652141	0.000000	0.951704	0.650587
190	0.871474	-0.010283	1.665488	0.743900	-0.847859	1.355322	0.045321	-0.364544	0.151636	-0.239706	-0.164809	0.798861	1.047530	0.304298	0.000000	0.458968	-0.038662	-0.252934	-0.166327	-0.644546
191	1.340588	1.033895	2.928057	2.802523	2.317773	2.708185	2.445679	1.814308	2.863702	2.070905	2.023696	2.198051	2.696104	2.556630	2.619678	1.251829	0.000000	0.685381	2.830399	2.411376
192	1.497060	1.446571	1.629993	2.072409	1.739546	1.975735	1.755054	1.778647	1.635779	1.535686	1.746568	1.631835	0.000000	1.891333	1.957984	1.604056	1.979319	1.906042	1.868711	1.859193
193	-0.448381	0.264260	0.312042	0.312233	-0.230925	0.365620	-0.129268	0.711620	0.614755	0.715021	0.407357	0.288755	0.493986	0.400017	0.562758	-0.121150	0.000000	0.590520	-0.474284	-0.426808
194	0.134764	0.094445	-0.236497	0.054114	0.287728	0.354384	0.046748	0.880836	0.524973	0.458088	0.253224	0.000000	1.928678	0.217935	0.720348	0.066810	0.189736	0.867864	0.017454	0.228553
195	0.000000	1.224370	1.915318	0.632485	1.763238	1.929915	1.585641	1.470854	1.699059	1.456120	1.060388	1.849147	2.764496	1.071151	1.776838	0.949865	1.597237	1.436364	1.841902	1.669023
196	-0.305566	0.397346	-0.055196	0.218896	0.585319	-0.084483	-0.167224	0.674317	0.024713	0.282547	0.311624	0.163426	-0.935607	-0.063701	0.000000	-0.312928	-0.035004	0.616742	0.688953	0.598955
197	0.474402	0.431345	0.941069	0.558537	0.000000	1.034334	0.496610	0.659968	0.937202	0.433233	0.444051	0.812108	-0.179196	0.679036	1.051315	0.719902	0.841100	0.762863	-0.203199	0.070098
198	1.482587	0.842779	0.000000	0.627450	0.788010	1.557826	0.955924	1.558555	2.015392	1.525004	1.293920	1.015039	2.359708	1.346243	2.056975	1.002167	0.966200	1.717992	0.111709	0.395410
199	0.199731	0.626695	-0.193859	0.560134	1.007030	0.728921	-0.122337	1.421694	1.008859	0.882455	0.839180	0.591331	2.210671	0.664134	1.106356	0.000000	0.599762	1.354228	0.981199	1.024304
200	0.669471	0.560110	0.904217	0.756150	0.667805	1.507720	0.933030	0.701965	0.872702	0.789800	0.832591	1.193123	0.000000	1.033558	1.023396	1.067071	1.208177	0.801114	0.535391	0.651612
201	0.803067	0.435232	0.291495	0.000000	0.959004	1.188680	1.048949	1.106811	1.283064	0.691371	0.698309	0.934169	2.655535	0.829654	1.446108	1.020857	1.126899	1.203400	0.971296	0.896784
202	1.349312	1.392856	1.908708	2.215280	1.679070	1.554890	1.531787	2.345825	2.254611	2.276268	2.120977	1.622514	2.568494	2.193653	2.244825	0.000000	0.992343	2.277131	1.757023	1.720681
203	-0.534049	-0.327902	0.935280	0.427195	-0.047429	0.477502	0.000000	-0.024451	0.745151	0.165286	-0.257944	0.893047	0.012885	0.393172	0.935848	0.123015	0.479035	-0.111664	0.029293	-0.161457
204	0.531313	-0.149107	1.288652	0.870345	-0.555366	0.801463	-0.093112	-0.310616	1.103350	-0.638796	-0.160885	0.896012	1.253600	0.672159	1.102085	0.996642	0.970538	0.000000	-0.511988	-0.775874
205	0.857587	1.270028	2.562324	2.215905	1.301372	0.000000	1.202239	2.614946	1.559596	1.547687	1.436324	1.753230	2.424431	1.565355	1.458802	1.754915	2.302747	2.562232	1.236216	1.318228
206	1.875763	0.875751	3.496091	1.963065	1.775692	3.329082	2.242842	0.589350	1.258370	0.525962	0.775840	2.794515	3.647991	1.435661	1.396053	2.424847	1.531690	0.000000	1.970366	1.789501
207	0.000000	1.147192	2.945644	2.409971	1.894728	1.322012	2.527242	1.527144	2.385099	1.541112	1.529491	2.654464	2.998420	2.266830	2.380664	1.166973	1.460423	1.308691	1.999256	2.074243
208	0.533531	0.446069	1.467899	0.365728	0.343495	1.499738	0.338519	0.392480	0.858489	0.476464	0.369050	1.068324	2.671955	0.214824	0.707022	0.953585	0.792258	0.538755	0.000000	0.304147
209	1.231273	1.194133	2.147345	1.969553	1.000051	2.214943	1.085866	1.246813	0.419372	0.980369	0.982789	1.527292	3.907987	1.067269	0.000000	1.512180	1.497580	1.589691	0.990978	0.939908
210	2.544687	1.700154	3.892485	3.405676	1.546226	3.518126	2.912278	0.633818	2.728829	0.000000	0.992026	3.542064	3.599924	2.981466	2.843118	3.346367	3.047987	1.665140	1.825263	1.700960
211	-0.164448	0.750303	2.315572	1.412757	1.435006	0.917475	0.888279	1.100754	0.000000	1.010684	0.627198	1.322577	3.083839	0.358869	0.104725	0.331546	1.489703	0.888274	1.527378	1.409209
212	-0.004987	-0.056374	0.373489	0.095864	0.026477	0.303347	0.048227	0.155032	0.083263	-0.073158	-0.079824	0.000000	2.470403	0.023406	0.180274	0.088443	0.296109	0.278005	0.240003	0.126746
213	0.408400	0.042209	0.480930	0.000000	0.740561	1.192988	0.658767	0.225577	0.425469	0.275957	0.235482	0.688732	2.727711	0.269260	0.470788	0.431321	0.552865	0.431193	0.552054	0.686989
214	2.207171	0.925198	2.111874	2.068544	1.077170	2.626951	1.537140	0.000000	2.035244	0.536218	0.947447	1.795200	2.728237	1.903098	1.944348	1.958738	1.271978	0.902318	0.987070	1.073509
215	0.698038	0.889984	1.073908	0.793879	1.501937	1.144254	1.146680	1.259809	0.848196	1.226494	1.222846	1.231783	0.000000	1.030461	1.074433	1.067650	1.330893	1.155292	1.585669	1.505920
216	1.586176	1.081843	1.267133	1.906368	1.514788	0.965894	1.148616	2.238409	1.566024	1.927520	1.708390	0.000000	2.733578	1.507731	1.373261	1.110142	1.200272	2.211440	1.694984	1.605229
217	-0.611847	0.724399	2.387835	2.127100	1.490536	0.188481	1.935731	1.679035	2.426711	1.969910	1.455129	2.145755	2.122386	2.103622	2.517507	0.000000	0.970016	1.090480	1.452846	1.556194
218	0.971717	0.371603	2.269858	1.728278	0.711048	1.748885	0.000000	-0.216379	0.293989	0.334436	0.556080	1.164547	2.371444	0.860857	0.073857	1.152456	0.679544	-0.304220	0.787385	0.431929
219	2.189107	1.393378	2.646276	2.587150	1.314528	2.514165	2.239752	0.000000	2.511385	1.021136	1.351556	2.468687	2.433175	2.404757	2.566525	2.309386	2.178699	0.749426	1.414939	1.547457
220	2.036098	1.351618	2.260407	2.432645	0.998794	2.263595	2.241888	0.955090	2.613244	0.000000	1.137716	2.320935	1.069205	2.466344	2.733368	2.186879	1.789765	1.357584	1.700388	1.788154
221	1.154271	0.375592	0.000000	0.362041	0.461164	1.316651	1.008654	1.380731	1.820730	0.923860	0.909129	0.976899	1.969422	1.078482	1.881559	1.165878	1.315192	1.464883	0.663008	0.760024
222	-0.008125	-0.062704	1.200261	0.087056	0.294340	0.120783	0.172918	0.015508	0.194235	0.482946	0.185794	0.739346	0.059144	0.000000	0.208527	0.131503	-0.141168	-0.205866	0.651991	0.369516
223	1.017184	0.878874	1.145850	1.300359	0.157672	1.332970	0.727560	1.284309	1.526589	0.938868	0.965470	1.069057	1.447895	1.160076	1.288688	1.215321	1.144392	1.320862	0.389647	0.000000
224	0.307448	0.583840	1.300052	1.370856	0.714153	0.562411	0.795411	0.620880	0.589581	0.600164	0.405881	0.577069	2.160012	0.651711	0.000000	0.060450	0.128809	0.555229	0.933984	0.802648
225	0.669233	0.854505	-0.065772	1.229455	1.520077	1.365305	0.491184	1.289866	1.474918	1.542721	1.520600	0.000000	2.400970	1.351934	1.244795	0.174972	0.820606	1.331075	1.403386	1.324790
226	0.000000	-0.050012	0.353236	0.032072	-0.306914	0.767688	0.022415	-0.474022	0.403891	-0.403805	-0.241676	0.549332	-0.466177	0.278778	0.414787	0.508084	0.388538	-0.094284	-0.666368	-0.367272
227	-0.416699	0.082852	0.537562	0.527728	0.193511	0.367975	0.451767	-0.077400	0.400073	0.053191	-0.039428	0.386951	1.253943	0.361296	0.259894	0.000000	0.069542	-0.313609	0.312396	0.236784
228	0.102079	-0.273311	0.108159	0.095079	-0.445468	0.248292	0.087613	-0.445852	0.775481	0.053157	0.096062	0.000000	0.921606	0.569917	0.702292	0.124854	-0.047022	-0.795463	-0.313278	-0.383124
229	0.156750	-0.092353	0.483724	0.076013	-0.658606	0.642149	0.209907	-0.025453	1.003442	0.312745	0.205207	0.662327	0.000000	0.698333	0.839457	0.299369	0.213274	0.068484	-1.358886	-0.985169
230	1.319236	0.752588	1.137996	0.767513	0.583041	1.506437	0.950798	0.709114	1.160494	0.000000	0.245361	0.865912	2.706684	0.757347	0.666743	1.357489	1.218087	1.227386	0.454259	0.527219
231	0.000000	0.897588	1.785643	1.112180	0.625673	1.372403	1.396314	0.970660	1.812744	1.206024	0.948943	1.773349	2.491222	1.359526	1.729144	0.860681	1.018836	0.838266	0.222479	0.480781
232	1.032589	0.518653	-0.127275	0.456236	0.242489	1.118756	0.000000	1.105747	1.657036	1.160774	1.035671	0.726393	1.259087	1.105590	1.570233	1.139674	1.415101	1.217424	0.655007	0.160535
233	1.453300	1.446664	2.741188	1.573375	0.837937	2.302361	1.370295	1.255445	1.756354	1.455066	1.021831	2.227036	3.124646	1.357864	0.810483	2.044027	1.898192	1.416723	0.706460	0.000000
234	1.069480	0.336638	0.000000	0.242528	0.224813	1.596377	0.743942	0.837217	1.847338	0.813267	0.457231	0.807663	2.888022	0.979425	1.757220	1.029686	0.971980	0.871389	0.159368	-0.038227
235	0.098817	-0.030858	-0.026017	-0.135467	-0.338335	-0.106362	-0.231295	0.384636	0.668015	0.019622	-0.007962	0.287383	1.264013	0.011396	0.669892	0.020287	0.000000	0.572728	-0.564446	-0.332372
236	1.300051	1.282291	1.211067	1.516472	1.069999	1.666345	1.690226	0.478228	2.253894	0.511288	0.938841	1.659518	1.898615	1.531655	2.157958	1.019618	0.000000	0.709219	1.190993	1.239543
237	0.000000	1.626153	2.907508	2.737320	2.216514	1.772460	2.715889	1.842799	2.769014	1.778037	1.949683	2.712003	2.976135	2.648848	2.786056	1.537807	1.585458	1.586115	2.455695	2.539371
238	0.553620	0.621831	0.000000	-0.258622	0.430536	0.827783	0.449442	0.747513	1.241355	0.697032	0.590618	0.396136	1.081606	0.336686	1.181753	0.657937	0.399814	0.649547	0.077868	0.256866
239	1.252872	1.164172	0.818034	0.000000	1.654776	1.446491	1.363622	1.066409	1.719106	0.928087	1.169496	0.996786	2.240284	0.881127	1.749073	1.169074	1.246773	1.193015	1.489100	1.628450
240	2.352328	1.809948	3.083704	3.044036	1.630754	2.884776	2.815490	0.000000	2.913610	0.781066	1.262167	2.962346	3.225616	2.897816	2.879533	2.901773	2.490033	1.160256	2.035217	2.177218
241	2.124554	1.368801	2.694950	2.366745	0.329160	2.734126	2.083881	0.386589	2.698511	0.000000	0.811992	2.744948	2.903518	2.473093	2.594809	2.428509	2.148593	1.107405	0.173977	0.582874
242	-0.037042	0.187190	0.668281	0.458976	0.415245	0.698649	0.241482	0.254285	-0.248218	0.177697	0.110014	0.251992	2.687042	0.000000	-0.376096	0.239976	0.346118	0.314604	0.511059	0.484860
243	-0.079048	0.624670	1.093253	0.690659	1.007896	0.589370	0.605070	0.766655	0.231792	0.405626	0.277792	0.663474	2.698150	0.000000	0.338229	0.457669	0.817071	0.889829	0.987914	1.063319
244	1.000072	0.000000	2.750117	2.378558	0.895365	1.827478	1.956213	0.713735	2.605090	0.059640	0.429332	1.840774	2.602166	1.897467	2.576657	0.855535	0.089929	0.493177	1.583003	1.585734
245	0.329682	-0.176091	0.000000	0.311321	0.623060	-0.073916	0.217355	1.077223	0.358134	0.598084	0.352129	-0.127897	1.970420	0.068661	0.560109	0.435013	1.045965	1.067555	0.861219	0.777911
246	1.516035	0.291450	1.327276	1.489294	0.537294	0.000000	1.038372	1.885102	1.901966	1.112369	0.867068	0.642829	2.440511	1.467978	1.878255	1.492778	1.884568	2.004992	0.450182	0.611818
247	0.843571	0.633505	1.295324	1.232762	0.603934	1.071586	0.232749	0.434017	0.000000	0.708993	0.642961	0.693487	2.537316	0.493440	0.087126	0.811344	0.922649	0.378886	0.656783	0.420880
248	2.048480	1.033388	3.142174	3.098377	1.319977	2.962444	2.886838	-0.147165	3.064163	0.000000	1.023780	2.998693	2.639183	2.962509	2.980995	2.826388	1.829184	-0.071380	2.008041	2.127654
249	1.537518	0.962663	0.000000	1.326800	1.449445	1.695844	1.084703	2.071374	2.193672	1.906530	1.725426	0.670772	2.671703	1.628163	2.316968	1.067143	1.069769	1.975117	1.622335	1.476929
250	1.058020	0.508327	3.343639	3.282933	1.242782	2.321124	2.599827	1.160030	2.965466	0.276631	0.000000	2.950658	3.751825	2.614536	3.061094	2.348797	2.052908	0.956957	1.877890	1.568520
251	2.126855	0.925243	3.392444	3.167844	0.009343	3.112300	2.747586	0.656140	3.334006	0.000000	0.771960	3.247556	3.084502	3.187706	3.230277	3.164501	2.790999	0.438236	1.720308	1.261309
252	2.050935	1.352697	3.068726	3.045415	1.692221	2.722166	2.742922	0.471360	2.769590	1.366868	1.621818	2.881115	2.762230	2.776508	2.779371	2.572554	1.944021	0.000000	2.188367	2.204997
253	0.000000	-0.108841	1.981745	1.595457	0.556916	0.569620	1.300642	-1.121993	1.286600	-0.379730	-0.104112	1.452930	1.606392	1.282738	1.381890	0.926167	0.389040	-0.933469	0.870877	0.806954
254	0.246590	0.299200	1.391424	0.984341	0.859172	0.416146	0.825792	0.705839	1.166074	0.873473	0.670275	0.755562	-0.126529	0.900704	1.239453	0.000000	-0.075715	0.231947	1.321039	1.010771
255	1.535825	0.917589	2.640594	2.504455	1.813042	2.015425	2.623870	0.205196	2.636531	0.585398	0.984135	2.549985	2.350111	2.491605	2.642726	2.142793	1.520993	0.000000	2.396003	2.368539
256	1.548398	1.591770	1.461462	1.714703	2.654161	0.000000	2.184178	2.922503	2.297737	2.722770	2.488887	1.791379	2.424814	1.966312	2.350711	1.172632	1.512864	3.012798	2.497690	2.817534
257	1.425986	1.212556	1.272776	1.529308	2.426241	1.343503	1.754203	1.889266	2.138088	2.058871	1.979633	1.038235	2.161573	1.746044	2.001675	0.303284	0.000000	1.611483	2.590294	2.347970
258	2.268309	1.919005	2.999655	3.047303	1.893419	0.000000	2.724680	2.300974	2.830715	2.167395	2.274310	2.865706	2.861214	2.933036	2.865678	2.762551	2.657180	2.340331	2.266222	2.300643
259	0.301812	0.946346	1.143086	0.540797	1.738367	0.000000	1.472261	1.639108	1.567542	1.751104	1.297212	1.503279	1.798831	0.813423	1.675249	0.572717	1.185552	1.423899	1.811541	1.945391
260	0.887866	0.755177	1.594121	1.133440	1.072374	1.624113	1.210198	1.065029	1.608419	0.700527	0.763001	1.180613	2.403228	1.188597	1.377602	0.763674	0.000000	1.108431	1.407120	1.195091
261	1.977570	1.836583	3.022382	2.762590	1.809019	2.701865	2.709423	0.000000	2.558063	0.578836	1.202986	2.816388	2.790950	2.456253	2.583322	2.608258	2.266726	0.733154	2.214507	2.319586
262	0.890493	1.396165	2.609465	2.049364	2.108391	1.578897	1.976869	1.736049	2.124172	1.884894	1.487591	1.744303	3.067364	1.623015	1.825491	0.537360	0.000000	1.654533	1.823881	2.117481
263	2.342947	2.233608	2.947647	2.893068	2.232691	0.000000	2.651436	2.824866	2.759184	2.616419	2.499760	2.767134	2.583869	2.729915	2.814699	2.687690	2.802947	2.920700	2.334546	2.568797
264	2.081929	1.244238	3.390347	3.026038	2.124046	3.170006	2.936912	0.000000	2.909837	0.990986	0.848674	2.825344	3.438945	2.626400	2.901461	2.569658	1.891771	0.751845	2.298040	2.542150
265	0.000000	1.650004	3.355035	3.202433	2.228235	0.895492	2.699608	2.139206	2.926057	2.042346	1.966991	2.972843	3.703024	2.775588	2.916543	1.639354	2.395240	2.048168	2.280360	2.216997
266	1.837688	1.202525	3.239079	2.306762	1.066931	2.659647	1.448452	1.048922	0.718093	0.664134	0.696593	2.080040	3.038288	1.210997	0.000000	2.125089	2.077208	1.490877	0.484729	0.827125
267	0.733454	0.863964	2.512285	1.882844	0.505444	1.763232	0.740485	0.733185	0.000000	0.482469	0.679423	1.310641	2.413131	1.076227	-0.864331	1.208475	1.015900	0.642846	0.828543	0.370082
268	2.664099	2.089750	3.764618	3.699922	1.594027	3.449372	3.530497	0.399869	3.507519	0.000000	1.271515	3.637642	3.803030	3.476594	3.539875	3.337563	2.758958	1.080255	2.955536	3.024785
269	1.328807	1.324394	3.244035	2.839839	1.538974	2.449486	1.266297	1.292819	0.000000	0.961810	0.990432	2.093772	3.612192	1.391834	0.021142	1.635261	1.732892	1.662484	1.548413	1.232972
270	1.206855	1.432106	1.054277	0.000000	1.954754	1.898260	1.615555	1.842588	2.106752	1.721818	1.507627	1.986466	3.305378	1.206173	2.087826	1.386828	1.583377	1.871868	1.817847	1.801212
271	0.007205	0.011106	0.722588	0.023331	0.114906	1.126093	0.035724	0.431832	0.000000	0.168313	-0.061240	0.350216	2.712776	-0.158452	0.134046	0.232721	0.229939	0.230485	0.241193	0.025094
272	0.396249	0.000000	2.061210	1.770270	0.434293	1.636012	0.965492	0.442534	1.049108	0.615723	0.217772	0.514799	2.553282	0.843527	0.971470	0.723561	0.964718	0.007324	0.697194	0.536955
273	1.432784	1.682083	2.218466	2.030922	2.142240	1.664816	1.894685	1.902773	1.653514	2.040701	1.965461	1.982606	0.000000	1.906469	1.871909	1.646687	2.084006	1.948777	2.233861	2.203354
274	0.259741	0.347623	0.606538	0.390238	0.417565	0.000000	-0.149511	0.818658	0.109027	0.518940	0.441876	0.086665	1.871913	0.045341	0.284779	0.099579	0.216929	0.895896	0.302720	0.466778
275	0.011057	0.000000	2.095969	2.336284	1.692207	1.786506	2.298759	-0.181112	2.011392	0.439887	0.812344	1.792113	1.680451	2.041246	2.012945	0.937956	-0.198326	-0.550253	2.304641	2.246354
276	0.477767	-0.187547	1.653511	1.012182	-0.044780	1.462903	0.603684	-0.459186	-0.138867	-0.599878	-0.569958	1.116129	2.330301	0.249419	0.000000	0.635546	0.494046	-0.309742	0.030838	0.168470
277	1.981278	1.370432	2.793628	2.953268	1.834866	2.580230	2.573069	0.000000	2.479668	1.230939	1.589689	2.424245	2.280905	2.522241	2.585124	2.248291	1.566529	0.050121	2.721695	2.626274
278	1.938041	1.209966	3.377541	3.063254	1.338844	2.857247	2.429734	0.000000	3.178267	1.613063	1.925344	3.037516	3.054594	2.982610	3.066799	2.782455	1.882541	-0.098338	1.412341	1.411626
279	0.070112	1.298359	2.512818	2.509796	1.612390	0.000000	2.407964	1.429534	2.262132	1.525087	1.751542	2.381356	2.377435	2.477141	2.352358	1.609648	2.023451	0.994934	1.894811	1.956434
280	1.982438	1.519106	2.294348	2.394297	2.170164	2.307989	2.439230	0.466212	2.383430	1.579416	1.855642	2.316960	2.509947	2.280577	2.517086	2.109863	1.644329	0.000000	2.316260	2.417279
281	-0.732391	-0.677764	0.000000	0.199384	0.094898	-0.100928	0.090680	-0.999003	0.146181	-0.557122	-0.240569	-0.013115	0.024667	0.080387	0.319133	-0.533235	-0.821864	-1.364553	0.447295	0.223844
282	0.992566	0.835888	1.790210	1.593293	1.094434	1.225583	0.981560	0.822285	1.011814	0.565534	0.826241	1.216915	0.000000	1.073003	0.882395	1.261120	1.132648	0.826208	1.326066	1.107878
283	0.146561	0.078738	0.177928	0.000000	-0.315787	0.851288	0.022594	-0.387531	-0.110026	-0.173197	-0.173261	0.237014	0.638748	-0.078689	-0.076465	0.341786	0.260977	-0.232236	-0.463573	-0.503087
284	1.053455	0.990303	1.580973	1.666305	1.015070	0.000000	1.105212	1.697737	1.600837	1.799815	1.506107	1.059830	1.310076	1.456134	1.580554	0.779544	0.810984	1.410037	1.300780	1.105630
285	1.195754	1.423622	2.382514	2.587451	1.984465	1.041956	2.151792	2.409201	2.529607	2.585140	2.128885	1.946214	2.469558	2.275133	2.516928	0.000000	0.619425	2.234640	2.202016	2.111725
286	1.588446	0.933444	1.701825	1.737209	1.511430	1.537915	1.341427	0.000000	1.028305	1.299736	1.301615	1.089689	1.506126	1.361175	1.177604	1.283559	0.995269	0.085232	1.707366	1.424620
287	1.487199	1.304903	2.343199	2.288936	1.165422	1.742043	1.206298	0.617281	1.846758	0.000000	1.044455	1.494777	2.169494	1.594223	1.973979	1.496446	1.357169	1.177827	1.615935	1.465305
288	0.000000	0.627492	1.789266	1.722212	1.133712	0.531191	1.392808	1.270611	1.405890	0.867730	0.774730	1.411777	1.060902	1.197394	1.513560	0.632987	0.842920	1.111568	1.196470	1.098692
289	0.577801	-0.113339	0.488909	0.000000	-0.406256	0.907331	-0.167253	0.135159	0.142321	-0.091351	-0.084131	0.606755	1.554363	-0.042745	0.113347	0.475088	0.347206	0.189364	-0.449996	-0.534856
290	2.341836	1.523993	2.384163	2.544032	1.477172	2.398594	2.075471	2.161145	2.451203	2.096708	2.082642	2.212160	0.000000	2.371217	2.472258	2.316199	2.386847	2.266463	1.533778	1.607554
291	-0.092394	0.236501	0.285469	0.000000	0.184750	0.391642	0.254202	0.125088	0.049715	0.244948	0.213762	0.532813	-0.384770	0.110094	0.282297	0.118207	0.255663	0.171586	0.325182	0.312411
292	0.082652	0.273791	0.504575	0.000000	0.173679	0.394398	0.190838	0.163025	0.325086	0.530998	0.494738	0.586782	0.809626	0.334454	0.498108	0.196589	0.298651	0.230999	-0.011780	0.052135
293	0.928034	0.668474	0.844469	0.894643	0.429981	1.108667	1.050405	0.313639	1.294097	0.000000	0.278170	1.136113	1.324963	0.804456	1.487526	0.910267	0.837402	0.754347	0.423614	0.591295
294	0.889957	1.039697	1.278026	1.379114	1.622027	1.069263	1.193046	1.359120	1.297060	1.685987	1.427440	0.000000	1.363274	1.066860	1.136830	0.504097	0.839468	1.161543	1.687669	1.668898
295	0.089874	0.055863	0.176351	0.106944	0.090021	0.369478	0.110285	-0.101086	-0.088470	0.051146	0.144072	0.123796	1.011454	0.000000	0.090154	0.154916	0.284046	-0.049266	0.242670	0.134707
296	1.192538	0.972111	1.245290	1.464592	0.964848	0.865559	1.054101	1.546161	1.472042	1.433200	1.258352	0.968302	1.663005	1.165049	1.469022	0.280634	0.000000	1.362800	0.793585	1.083060
297	0.099696	0.008366	0.074591	0.000000	0.122857	0.238051	0.109985	0.111350	0.125377	0.130825	0.188686	0.129637	-0.040711	0.123084	0.301706	-0.035600	-0.034242	0.066671	0.137761	0.164661
298	0.216429	-0.043401	0.847806	0.508972	0.052687	0.616552	0.269917	-0.357938	-0.190518	-0.005460	0.032399	0.270342	1.019329	0.000000	-0.183787	0.162893	0.041516	-0.351110	0.230025	0.151040
299	0.472391	0.188497	0.769907	0.638618	0.235007	0.528687	0.056614	0.269610	-0.253655	0.207580	0.151984	0.366499	0.790200	0.036035	-0.197040	0.210973	0.000000	0.286733	0.165155	0.218438
300	0.683988	0.186909	0.252300	0.251473	-0.045853	0.764092	0.189154	0.398878	0.599111	0.698164	0.543265	0.378155	1.664847	0.388653	0.499221	0.127730	0.000000	0.463235	-0.235358	-0.229700
301	1.664794	0.691545	1.942699	2.035227	0.083057	1.015920	0.053876	1.497631	1.086481	1.398970	1.319890	0.774722	1.536426	1.205061	0.930417	0.646301	0.531562	1.452116	0.563292	0.000000
302	0.741435	0.387831	0.659620	0.000000	0.014140	1.126688	0.279721	0.476977	1.455304	0.277403	0.420828	0.702569	1.231465	0.655547	1.548757	0.657735	0.466258	0.583695	-0.176604	-0.106450
303	1.465839	0.845547	2.014890	1.734798	1.310761	1.913797	1.692728	0.132068	1.588247	0.299590	0.750367	1.545669	1.834505	1.354238	1.601911	1.385604	0.546211	0.000000	1.530830	1.700218
304	1.556406	1.179994	0.752153	0.000000	1.595159	1.302527	1.393926	1.301325	2.222204	1.221189	1.315533	1.556803	1.234604	1.060150	2.295181	1.202898	0.964162	1.329661	1.715953	1.673272
305	0.469730	0.240069	0.871194	0.220240	0.408117	0.000000	0.691757	0.912351	1.406792	0.970942	0.679901	0.698358	1.614539	0.642990	1.322095	0.472047	0.435034	0.781935	0.654513	0.364309
306	0.966466	0.580370	1.829261	1.550722	1.125501	1.435993	1.485704	0.000000	1.567371	0.745334	0.606053	1.452963	1.361352	1.202744	1.629283	1.017546	0.762120	0.199801	1.333045	1.369875
307	2.058658	1.720475	2.646495	2.473877	1.638875	0.000000	2.276479	2.218222	2.430980	2.107352	2.134808	2.494116	2.395702	2.402582	2.512962	2.435116	2.463197	2.240957	1.730180	1.857183
308	-0.785773	-0.518928	1.144804	0.448488	-0.016958	-0.033547	-0.083811	0.418070	0.001507	-0.415971	-0.500624	-0.459309	0.902722	-0.465554	-0.230904	-0.362734	0.046356	0.451668	0.023834	0.000000
309	0.129220	-0.053517	0.000000	0.517028	-0.162892	-0.007986	-0.377611	0.654356	-0.458967	0.135491	-0.089151	0.043061	0.668755	-0.199720	-0.265269	0.084001	0.461611	0.799252	0.036611	-0.200787
310	2.110241	1.143783	2.384027	2.248569	0.000000	2.378447	1.915949	1.617762	2.412884	1.814807	1.621423	2.366063	3.132497	2.300687	2.422844	2.151057	2.131164	1.702392	0.852225	0.895724
311	1.098621	0.657758	1.897002	1.758929	0.744777	1.940120	0.834898	0.000000	0.677788	0.766502	0.807582	1.005980	1.956400	1.068664	0.616906	1.079829	0.509144	0.096800	0.567908	0.421774
312	1.658333	1.250749	2.328924	2.334491	1.485408	2.122827	1.864085	1.769523	2.174641	1.735520	1.855386	2.073130	0.000000	2.124125	2.334018	1.937360	1.970955	1.848813	1.710343	1.644322
313	0.996194	1.188265	1.580856	1.229439	1.660887	1.509217	1.657659	1.549210	2.282684	1.885160	1.569300	1.326488	1.958201	1.443136	2.157762	0.604816	0.000000	1.299461	1.572687	1.413646
314	0.956601	0.763975	1.785838	1.577533	1.618425	1.318889	1.565155	0.588078	1.726251	1.189426	1.078001	1.070572	1.838335	1.121600	1.744680	0.875925	0.438734	0.000000	1.664718	1.717863
315	1.068499	0.458751	1.359567	1.717827	-0.905948	1.643146	0.399389	0.662125	1.929227	0.000000	0.279114	0.971413	1.944416	1.097415	1.813728	1.268632	1.211107	0.869799	-0.380988	-0.703150
316	2.002675	1.053015	0.000000	1.121476	1.579840	2.525747	1.711540	1.407429	2.255159	1.511473	1.519568	1.296237	2.637018	1.701495	2.348818	1.864258	2.092746	1.687768	1.611685	1.694146
317	1.303606	1.270639	2.570387	2.108014	1.561469	1.842932	1.166446	0.946015	0.263725	0.831244	0.970680	1.413966	1.083952	1.046016	0.000000	1.260918	1.053466	1.009385	1.500915	1.539289
318	0.166923	0.400100	0.537746	0.511316	0.765731	0.200149	0.445931	0.961730	0.167652	0.971823	0.680279	0.329863	1.437859	0.374302	0.106087	-0.342542	0.000000	0.893974	0.638737	0.734885
319	1.937812	0.788705	2.784364	2.691288	0.734498	2.386895	1.964945	0.419198	2.923475	0.596973	1.039601	2.228328	2.520338	2.487641	2.792939	1.978379	1.260216	0.000000	0.989308	0.631357
320	1.863637	1.445491	3.018319	2.992153	1.968148	2.884183	2.803885	0.003412	2.722661	1.636275	1.729483	2.755797	2.595116	2.644796	2.798315	2.472735	1.641511	0.000000	2.254613	2.441087
321	2.126697	1.239436	0.000000	1.841909	1.794177	2.182089	1.644332	2.218912	2.394339	2.157318	1.985316	1.376365	2.353810	2.147964	2.430026	1.863734	1.786335	2.336012	1.638130	1.784779
322	-0.213330	-0.392001	-0.019565	-0.833894	0.179439	0.717928	0.163668	0.090212	0.000000	0.065814	-0.167739	0.528409	2.232998	-0.297242	0.007141	0.283070	0.421418	0.067440	0.093415	0.121030
323	3.442889	2.774091	3.285591	3.705921	2.016916	3.933971	3.338351	2.890432	4.270415	3.545372	3.147217	3.600592	3.732209	3.874987	4.033997	3.056776	2.813446	2.896813	0.000000	1.819596
324	2.119315	1.118408	2.763517	1.962861	0.000000	2.986137	1.815641	1.128178	2.788526	1.292858	1.205025	2.927036	3.186248	2.355846	2.550921	2.570883	2.340629	1.380737	0.533504	0.166428
325	1.325930	1.095629	2.342064	2.135922	1.088087	1.606285	1.161705	0.422444	0.000000	0.689249	0.857510	1.284428	1.138716	1.013986	0.167045	0.975948	0.796512	0.513746	1.522520	1.247165
326	0.178470	-0.168757	0.991365	0.920424	-0.112409	1.044266	0.548608	-0.534877	1.312685	0.443099	0.251935	0.660333	1.656532	0.949784	1.174864	0.000000	-0.411516	-0.742341	0.322277	0.007932
327	0.790764	0.350124	0.620439	1.151030	0.208829	0.285408	0.338725	0.776495	0.377624	0.912072	0.815784	0.000000	1.564312	0.824252	0.208352	0.157362	-0.093357	0.685975	0.635766	0.293552
328	1.885939	1.919653	0.000000	1.860744	2.645484	2.098601	2.345592	2.789437	2.776270	2.840966	2.521770	1.755609	1.862652	2.404918	2.938673	1.861863	2.289231	2.588904	2.365552	2.683882
329	-0.226670	-0.255708	0.536211	0.000000	-0.518241	0.297068	-0.218553	-0.334884	-0.499002	-0.294728	-0.208747	0.309727	0.524176	-0.063397	-0.397507	0.009104	0.047003	-0.331961	-0.427021	-0.806650
330	0.898423	0.677982	0.383468	0.000000	1.384104	1.316231	1.289570	1.275758	1.561530	1.123782	0.975087	1.128120	2.042542	0.748668	1.670883	0.947541	1.019963	1.162007	1.013070	1.312794
331	0.000000	0.712386	1.683491	1.699204	1.644804	1.266038	1.684245	1.071921	1.953633	1.531554	1.214702	1.317819	2.069391	1.515025	1.866996	0.365091	0.344872	0.809023	1.759879	1.818506
332	1.326062	0.965881	2.325122	1.958172	0.000000	2.143177	1.538751	0.756443	2.306489	1.064313	1.008024	2.064365	2.240348	1.935695	2.320495	1.883983	1.770407	1.073637	0.377278	0.581194
333	-0.316618	-0.451722	0.851130	0.485749	-0.528420	0.424820	-0.400874	-0.322841	-0.993349	-0.563098	-0.509079	0.067344	2.052304	-0.290914	-1.232464	-0.072801	0.000000	0.070089	-0.483970	-0.504155
334	1.083059	0.758981	3.003274	2.491633	0.000000	2.755353	1.389104	0.839354	2.340698	0.392045	0.149876	2.004251	3.316939	1.931998	2.378294	1.801915	1.735094	1.204665	0.376245	0.313702
335	0.000000	0.936322	2.592995	1.989797	1.165418	1.390425	1.775142	1.077769	1.821965	1.053396	0.745439	1.785223	2.491580	1.001019	1.809803	0.856064	1.086606	1.024652	1.383228	1.502917
336	2.219372	1.829908	3.530540	3.034398	1.788299	2.793827	1.852035	1.787496	0.913816	1.355589	1.540432	2.194999	3.467704	1.930783	0.000000	2.420042	2.423392	2.204780	1.696348	1.570261
337	0.798548	0.534252	1.104222	0.738749	0.661268	1.978779	1.293820	0.511055	1.465276	0.061019	0.000000	1.412960	3.403679	0.952843	1.510245	1.285127	1.236757	0.976997	0.230116	0.598707
338	2.147714	1.424679	2.887257	2.755032	1.626142	2.691509	2.745475	1.341550	2.734038	0.000000	1.131911	2.748283	2.809157	2.663740	2.780278	2.532218	2.342985	1.602532	2.129790	2.174299
339	0.610203	0.290954	1.211471	0.640061	0.096067	1.377797	0.785221	0.000000	1.411973	0.017354	0.196052	1.237145	2.428951	0.804620	1.420577	1.263619	1.453400	0.734361	-0.174173	0.017954
340	0.000000	-0.455647	0.016955	-0.279165	-0.094636	0.681747	0.099501	-0.046712	0.010791	-0.189071	-0.231178	0.309922	2.352718	0.002188	0.061924	0.024055	0.178265	0.160306	-0.178695	-0.074587
341	0.262123	-0.471717	-0.034431	-0.741197	-0.258466	1.140396	0.285696	-0.155772	0.820721	-0.439823	-0.405289	0.620106	2.007428	0.000000	0.860874	0.436858	0.328246	-0.085201	-0.429074	-0.318062
342	2.017371	1.098830	1.961071	0.000000	2.045192	2.630379	2.149602	2.110696	2.991219	1.973401	1.939635	2.592021	2.887814	2.147579	2.802990	2.083394	2.242557	1.995277	1.987285	1.862021
343	1.227136	0.559005	1.282210	1.452996	1.067739	0.000000	0.858889	1.925125	0.989291	1.524106	1.306938	0.697135	1.813819	1.187655	1.131291	1.078125	1.643786	1.984779	1.247609	1.159524
344	2.312842	1.198762	2.980065	2.890795	0.645428	2.721828	2.418171	0.149739	2.574983	0.000000	0.710446	2.907630	2.482106	2.616462	2.617668	2.706611	2.258727	0.955479	1.614053	1.672015
345	0.587866	0.103025	0.794688	0.531633	0.128915	1.122413	0.529511	0.505460	0.825362	0.000000	0.307671	0.695519	0.145610	0.662793	0.883025	0.855062	0.892947	0.625465	0.194763	0.143237
346	0.434035	0.000000	1.770283	1.705014	0.743239	1.048068	1.705375	0.395411	2.174985	0.691219	0.702608	1.672068	1.003331	1.714737	2.153996	0.985445	0.601126	-0.417564	1.154498	1.126357
347	1.056584	1.450169	0.887441	1.217857	2.460687	0.000000	1.821288	2.737899	1.978126	2.393045	2.147928	1.600479	2.251401	1.817819	2.147694	1.255371	1.929372	2.632981	2.501877	2.544861
348	-0.125833	0.163992	-0.107042	0.277503	0.660793	0.000000	0.601332	0.051237	0.611494	0.182576	0.241535	0.480941	-0.570870	0.421023	0.826355	0.129271	0.180313	-0.038054	0.712698	0.870467
349	0.027200	0.638484	1.151889	0.944074	1.013262	0.499668	0.833255	0.649378	0.656447	0.772908	0.679015	0.697606	0.424247	0.738340	0.685014	0.000000	0.211429	0.528639	0.705764	1.026274
350	0.000000	0.556773	0.953072	1.671853	1.283578	0.563409	1.469495	1.214098	1.623241	1.377191	1.263476	1.071638	1.168010	1.499787	1.744388	-0.068643	-0.151020	0.807343	1.451635	1.595959
351	1.648398	1.633624	2.122775	2.177839	1.588688	0.000000	2.128249	2.105110	2.219780	1.903103	1.930961	2.098253	2.092468	2.175393	2.347566	2.065173	2.178531	2.124982	1.717422	1.949661
352	-0.463153	0.624331	1.205604	1.492116	1.277911	0.487889	1.039420	1.018006	1.640186	0.889363	0.635923	1.146034	1.631198	1.048586	1.779071	0.000000	0.531432	0.700596	1.543391	1.329166
353	-0.014160	0.467389	1.906219	1.820207	1.528495	1.395169	1.636263	0.263368	1.881896	0.742236	0.953440	1.013664	1.983563	1.628157	1.892227	0.305760	0.000000	-0.082764	1.731155	1.798620
354	1.717027	0.801776	3.161606	2.988262	0.929767	2.598549	2.603146	0.216906	2.726870	-0.031258	0.445683	2.934241	2.772442	2.693458	2.717529	2.743970	1.883403	0.000000	1.751237	1.702359
355	0.000000	0.225156	1.142557	0.850888	-0.110530	1.240765	0.364267	0.263387	0.784370	0.409622	0.389792	0.698413	2.106379	0.846448	0.703847	0.249981	0.818726	0.513124	-0.472103	-0.423126
356	0.629685	0.813968	2.562540	2.019804	2.123308	2.231284	2.149437	0.574724	2.094716	1.309623	1.291845	2.243430	2.818358	1.690584	2.158870	1.534859	0.936182	0.000000	2.174030	2.168528
357	0.000000	1.074523	2.867775	2.688173	1.663441	1.966639	2.565743	1.496950	2.719171	1.344534	1.541566	2.689118	3.069787	2.568696	2.681980	1.717363	1.264879	1.140107	2.302648	2.147582
358	1.671032	0.733523	3.204635	2.926026	0.741781	2.601190	2.524474	0.201292	2.744689	-0.457859	0.567964	2.902669	2.649043	2.706172	2.659704	2.502578	1.696004	0.000000	1.667898	1.348650
359	0.990019	0.652795	1.343926	0.720369	1.026026	1.660397	0.785082	0.390107	0.000000	0.533337	0.612144	1.232244	2.592731	0.448281	0.181818	1.073314	0.988630	0.568498	1.102986	0.932128
360	0.000000	0.481766	2.707057	1.648759	1.845015	2.346291	2.418907	1.056195	2.846104	1.336866	1.532740	2.862931	3.169569	2.275644	2.794298	1.573510	1.768304	0.381473	1.676036	1.612634
361	0.000000	0.594898	3.124465	2.727865	1.892058	1.268882	2.628909	1.444736	2.656810	1.433045	1.262802	2.626781	2.691198	2.443430	2.790061	0.861581	1.335918	0.993934	2.144746	2.082848
362	0.134167	0.659848	1.456720	0.549220	0.789713	0.891192	0.866585	0.526552	0.250109	0.197296	0.004732	1.252323	2.470941	0.000000	0.487784	0.599268	0.879217	0.599407	1.030055	0.872115
363	0.899278	0.536879	0.365817	0.000000	0.999234	1.084093	1.075099	0.847385	1.395272	1.247418	0.922809	1.110822	1.989316	0.863288	1.499482	0.727714	0.783397	0.665763	0.889248	0.958679
364	1.951726	1.269974	2.677272	2.489151	1.508210	2.406239	2.302269	1.539373	2.333845	0.000000	1.092780	2.476540	2.756686	2.300325	2.477558	2.260180	2.082639	1.663281	2.109541	1.723286
365	0.191809	0.215953	0.284912	-0.187701	0.893032	-0.071248	0.591843	1.042549	0.312387	0.654329	0.413584	0.487860	1.330382	0.000000	0.533856	0.418760	0.745234	0.853508	1.155281	1.049283
366	0.489863	0.727052	0.664281	0.000000	1.094847	1.125584	0.939493	1.021990	0.975223	1.063881	1.025159	1.156531	0.255271	0.755562	1.232938	0.762461	0.971505	0.799411	1.194256	1.061644
367	1.800688	1.153035	1.117271	1.476663	1.574679	0.000000	1.295589	2.390899	1.749614	2.051235	1.870877	1.037734	1.947639	1.590609	1.964785	1.470521	1.656721	2.421426	1.730315	1.668085
368	1.418068	1.574334	1.768792	0.821945	1.982451	1.713412	1.491969	2.627930	1.675429	2.165933	1.016676	1.984123	3.005418	0.000000	2.048515	1.626815	2.171394	2.549291	2.074545	2.289373
369	0.785513	0.091406	2.159488	1.854509	0.644136	1.488014	1.009798	-1.026804	0.094337	-0.022166	-0.022835	1.138053	1.707706	0.803556	0.000000	0.779434	-0.242841	-0.702722	0.813629	0.795257
370	0.000602	0.000000	2.293822	2.356837	1.272436	0.877961	2.292585	0.403905	2.236109	0.591950	0.842452	2.245028	2.252833	2.199704	2.290447	1.461284	0.955551	-0.607098	1.879914	1.856260
371	1.804594	1.206470	3.323469	3.378566	2.157764	2.582922	3.192579	0.570068	3.336404	1.233048	1.801792	3.239945	3.535221	3.226870	3.279302	3.068911	2.345385	0.000000	2.842140	2.630349
372	1.824142	0.947484	3.309936	3.062088	2.047899	2.892369	2.913474	0.468854	2.822839	1.053586	1.459344	2.916106	3.017739	2.744264	2.904389	2.353789	1.551285	0.000000	2.495705	2.476655
373	1.964456	1.292077	2.258665	2.392522	0.949450	2.517774	1.775797	0.000000	2.488469	0.524281	1.068367	1.959057	2.582835	2.068686	2.672894	1.674864	1.206148	0.577174	1.217924	1.512200
374	1.426396	0.987014	2.539547	2.730228	0.463425	2.331313	2.038243	0.763598	2.718736	0.000000	0.865612	2.390413	2.545734	2.468571	2.916049	2.119623	1.768173	1.018207	1.574876	1.585040
375	0.634895	0.680195	0.811363	0.618151	0.957625	0.544572	0.915681	0.934110	1.415303	0.840910	0.814369	0.986118	0.000000	0.833824	1.531374	0.871467	0.842396	0.891187	1.185101	0.999758
376	1.569446	1.000648	0.000000	0.136282	2.004867	1.129069	1.299573	1.993339	2.299223	2.150089	2.000648	1.344030	1.395542	1.564517	2.367659	1.252901	1.426694	1.756827	1.964241	1.851156
377	0.715867	0.874644	0.196475	0.992594	1.575103	0.379159	0.713999	2.011000	1.778911	1.904955	1.509689	0.503420	1.079541	1.304322	1.851856	0.000000	0.782282	1.833470	1.414300	1.540276
378	0.407659	0.081851	0.852881	0.761235	0.518216	1.184828	1.032753	0.147964	1.680025	0.549726	0.458236	1.211654	1.492092	1.023015	1.759332	0.880821	0.820248	0.000000	-0.103459	0.272130
379	0.354092	0.199544	1.031930	0.739589	0.051243	0.880071	0.473660	0.119288	0.146088	0.065623	0.093492	0.850752	1.838307	0.481058	0.000000	0.593501	0.544249	0.390727	-0.018087	0.090412
380	0.288853	-0.026532	0.277584	0.223148	-0.396911	0.088730	0.052817	0.193692	0.984722	0.220801	0.203482	0.000000	0.844037	0.517833	0.928962	0.268421	0.360876	0.406934	-0.308894	-0.489121
381	0.903312	0.246246	-0.109674	-0.649456	0.552612	0.804585	0.434576	0.519335	1.142828	0.551110	0.515191	0.623944	1.199974	0.205450	1.051171	0.794555	0.863583	0.602098	0.322866	0.000000
382	0.865219	0.167665	1.287056	0.958051	0.271218	1.274706	0.560275	0.031325	0.594183	-0.149056	0.000000	0.924406	1.247777	0.781549	0.520784	0.872815	0.657998	0.411251	-0.028069	0.206742
383	0.201341	-0.222403	0.114937	0.320568	0.151136	-0.121955	-0.017930	0.826345	0.183895	0.233946	0.120068	-0.122604	1.316542	0.121471	0.229088	-0.024168	0.000000	0.784788	0.295031	0.204521
384	0.198067	0.257646	-0.136690	-0.400958	0.766422	-0.199835	0.178087	0.871107	0.000000	0.226733	0.361344	0.367307	1.500884	-0.150490	0.270991	0.289802	0.514338	1.114535	0.734722	0.616013
385	1.578106	0.834476	1.883477	1.577852	0.000000	1.856048	1.356856	1.267846	2.020456	1.329149	1.280886	1.946192	1.954791	1.775855	1.992454	1.909983	1.934838	1.489006	0.675619	0.630639
386	0.900228	0.260237	1.875991	1.682530	0.531727	1.636838	1.338720	-0.019046	1.307767	0.000000	-0.008164	1.434315	1.880836	1.269983	1.200721	1.323729	1.004687	0.231937	0.556472	0.453711
387	1.164847	0.727996	0.201285	1.202536	1.760482	1.441585	1.004751	1.163334	1.102893	0.973506	1.120653	0.097165	2.373580	1.034395	1.269128	0.000000	0.745984	1.232732	1.866804	1.784537
388	0.684316	0.567544	0.000000	0.699507	0.931093	1.043812	0.541124	0.762309	0.499931	0.924534	1.009201	0.462202	-0.435452	0.828353	0.633167	0.552150	0.607538	0.663390	0.644503	0.710772
389	0.211841	0.269296	0.632268	0.771673	0.211444	0.474944	0.259955	-0.238488	-0.045962	-0.526951	0.055091	0.059087	1.144277	0.309678	0.000000	0.219057	0.069628	-0.013714	0.294192	0.178295
390	2.283145	1.996057	2.620748	2.306829	1.143756	2.846207	2.021076	2.350004	2.957029	2.690171	2.277839	2.607726	2.998508	2.636694	2.848256	2.504842	2.499991	2.200579	0.000000	0.567114
391	0.726188	0.582276	2.040212	2.068907	1.481390	1.312642	1.843022	1.036880	0.727784	-0.409358	0.000000	1.118221	2.322118	1.107190	0.187389	1.619788	1.995153	1.372669	1.977184	1.864334
392	1.953724	1.470877	2.987035	2.232138	0.934550	2.591336	1.910980	0.329534	1.650546	0.000000	0.612596	2.560840	3.066087	1.858710	1.551257	2.239114	1.945458	1.025396	1.343564	1.131945
393	0.006637	0.324293	0.589602	0.275906	0.391027	0.799236	0.232372	-0.289890	0.364228	-0.539617	-0.169164	0.289355	2.351488	0.000000	0.294518	0.192950	0.436448	0.209369	0.566792	0.171985
394	0.812445	0.483616	2.821109	1.630487	0.896489	1.848863	0.752673	0.803589	0.000000	0.192012	0.088561	0.787874	3.197097	0.433301	-0.016685	1.036269	0.983810	0.658819	0.973236	0.842364
395	1.803834	1.182444	1.338134	1.264538	1.932484	0.000000	1.663000	2.415133	1.726242	1.972073	1.799558	1.258751	2.749144	1.537417	1.964757	1.753663	2.272050	2.477066	2.252436	2.121280
396	2.216145	1.610113	2.912547	2.871686	0.000000	2.688476	1.840253	1.055140	2.696146	1.063948	1.397550	2.566014	2.463205	2.658684	2.626450	2.677974	2.410357	1.673040	0.648036	0.161988
397	1.774028	1.272969	3.044072	2.594453	1.612190	2.635656	2.350243	0.507816	1.362084	0.000000	0.462627	2.601902	3.106314	1.885368	1.481446	2.030471	1.835294	1.011414	1.867366	1.912645
398	0.498842	0.729718	0.897314	0.743448	1.095466	0.910867	0.562887	1.219392	0.000000	0.758963	0.717408	0.662672	1.640298	0.368826	0.184857	0.518577	0.854458	1.227287	1.214962	1.118367
399	1.494962	1.242677	1.020714	0.000000	1.198296	2.033622	1.545311	1.026683	2.349919	1.119333	1.358105	1.996415	0.867370	1.544220	2.280121	1.817985	1.559635	1.042885	1.252516	1.144313
400	0.383445	0.506023	0.443521	0.000000	0.852419	0.631898	0.582738	0.737830	0.657470	0.942571	0.789132	0.710602	1.559592	0.476886	0.918094	0.327691	0.540646	0.730608	0.576990	0.664622
401	0.911105	0.789283	0.000000	-0.044033	1.052525	1.309054	1.125214	1.180139	1.349265	1.227716	0.734837	1.055214	2.121926	0.313582	1.572381	0.875712	0.965507	1.102814	0.907610	1.117671
402	1.160644	0.596729	0.911837	1.223937	0.687078	1.447873	0.912717	0.178085	0.793440	0.000000	0.477632	0.962186	1.172300	0.886099	0.827335	0.928488	0.955384	0.569854	0.915970	0.918605
403	-0.114947	-0.153326	-0.016983	-0.025509	0.143028	0.093916	-0.014633	0.139930	0.029255	0.077833	0.063519	-0.027512	-0.053373	-0.014306	0.161620	-0.017102	0.000000	0.066421	0.157910	0.132803
404	0.566108	0.166592	0.210669	0.000000	0.238914	0.685644	0.576817	0.472452	1.155325	0.533793	0.579841	0.738386	1.412540	0.688400	1.150436	0.687409	0.622944	0.493770	-0.165434	0.019420
405	0.043628	0.026845	0.236404	0.049346	0.354766	0.631159	0.222097	-0.028398	0.000000	0.115452	0.222597	0.299560	-0.003169	0.125640	0.201383	0.256667	0.226041	-0.029804	0.310477	0.305809
406	0.310169	0.600720	1.390588	0.807325	0.802176	1.540875	0.406027	0.813992	0.000000	0.442021	0.429249	0.872299	0.361254	0.372569	0.211123	0.770046	0.736638	0.741004	0.870217	0.613263
407	0.969627	0.962841	1.513517	1.233424	1.108839	1.614719	1.030118	1.606524	1.134466	1.331590	1.292336	1.410942	0.000000	1.210968	1.272539	1.370107	1.654445	1.667210	1.059652	0.996843
408	0.715872	0.634245	1.169663	0.978711	0.705927	1.403526	0.983707	1.090177	0.674138	1.099866	1.032710	1.216726	0.510283	0.956788	0.777384	1.003364	1.209637	1.091626	0.000000	0.763685
409	2.749472	2.194261	3.374662	3.093622	1.686602	3.281148	2.121501	2.820174	3.490909	2.987691	2.818568	2.971542	2.932895	3.116889	3.280611	2.928123	2.934727	2.643765	0.000000	1.115764
410	1.759808	2.035792	2.524886	2.434601	1.384614	2.611160	1.800739	2.561241	2.673164	2.649335	2.317368	2.539039	3.546347	2.574294	2.495646	2.183921	2.674222	2.555136	0.000000	0.809464
411	0.168048	-0.272150	-0.334537	-0.013827	-0.042404	-0.079055	0.000000	0.572333	0.463419	0.267018	0.277143	-0.218767	0.484642	0.388037	0.459466	-0.049873	0.184672	0.648740	-0.049177	-0.183217
412	1.051190	0.312587	2.359282	2.072133	0.642015	1.939615	1.114764	0.948128	0.567455	0.000000	0.290069	1.732646	3.179857	1.111243	0.600232	1.460930	1.732511	1.204332	0.748845	0.605482
413	1.149024	0.835858	2.129379	1.533859	1.098417	1.516635	1.033023	1.081367	0.215233	0.574686	0.749179	1.241030	1.588514	0.777513	0.000000	1.170904	0.954895	1.079754	1.379817	1.111640
414	2.518726	1.683515	3.864807	3.497481	2.094753	3.556326	3.243020	0.539662	3.230103	1.575104	1.969417	3.564333	3.410168	3.358445	3.116678	3.203421	2.457322	0.000000	2.175427	2.407223
415	-0.269481	-0.232918	0.697730	-0.153981	0.065186	0.079666	0.302758	0.071166	0.052531	0.333845	0.078580	0.792518	1.813118	0.000000	0.154404	-0.143823	0.443825	0.133662	0.076300	-0.010662
416	0.312166	0.003060	0.187907	0.000000	0.309047	1.002831	0.537662	0.508715	1.183519	0.710797	0.321493	0.791970	2.792879	0.427861	1.216281	0.234594	0.380221	0.359861	0.267674	0.196214
417	2.585163	1.462084	3.393539	3.164732	1.437486	2.949946	2.868815	0.974376	2.848055	0.000000	0.733248	3.176561	3.152524	2.815217	2.843601	3.069968	2.813522	1.603901	1.920633	2.038862
418	0.168474	-0.239036	0.459071	0.293211	0.299021	0.000000	-0.037253	0.507315	-0.114571	0.169317	0.088422	-0.099866	1.484500	-0.064497	-0.082647	0.301001	0.565275	0.695106	0.456393	0.397861
419	1.946322	0.821259	2.682306	2.565784	0.775871	2.348756	1.848780	0.589649	2.189624	0.000000	0.733222	2.411077	1.777341	2.224819	2.157258	2.270732	1.823756	1.015501	1.204134	1.168440
420	-0.086256	-0.326879	0.350721	0.050596	0.073575	0.493540	0.020048	-0.176737	-0.219143	-0.272359	-0.227017	0.258200	-0.123555	-0.109811	-0.159654	0.000000	0.012856	-0.182090	0.107206	0.201184
421	0.000000	0.022650	0.660211	0.373420	0.112634	0.941278	0.389905	0.178697	0.319237	0.179728	0.196994	0.677902	-0.051625	0.344375	0.413546	0.424012	0.389607	0.103503	0.041461	0.198524
422	0.793478	0.714045	2.235115	1.934661	1.335448	1.965532	1.922252	0.982649	2.137844	1.046879	1.225348	2.038568	0.000000	1.898528	2.217134	1.582818	1.435665	0.660392	1.753360	1.571445
423	1.958981	0.561944	2.700958	1.948810	0.885179	2.869621	2.112151	0.281195	2.473408	0.000000	0.640080	2.561565	2.445569	2.036526	2.423384	2.343708	1.450978	0.332338	1.266010	1.169950
424	0.965733	-0.016466	2.836908	1.717543	0.876209	1.930882	1.612540	0.184403	1.346599	0.620554	0.481588	2.151093	2.592769	1.248058	1.333684	0.967128	0.000000	-0.224832	0.790622	0.864602
425	2.090260	1.020652	3.077356	3.023275	1.557920	3.012355	2.946337	0.314675	3.097794	0.450858	1.192664	3.075504	3.474206	2.854050	3.115615	2.860624	2.296176	0.000000	2.484837	2.649472
426	0.261201	0.307550	0.320797	0.742025	0.495985	0.727049	-0.098188	0.740594	0.195457	0.000000	0.528077	0.165708	0.269198	0.449404	0.303656	0.077094	0.395825	0.748154	0.758057	0.593336
427	0.507879	0.518817	1.522193	1.092213	0.625724	1.014076	0.921420	0.837006	1.114339	0.827929	0.803415	1.275949	0.000000	1.124281	1.151371	0.939166	1.401556	0.893976	0.501591	0.573954
428	0.567411	0.137603	0.411291	0.638948	0.348606	0.342352	0.317411	0.974288	0.685139	0.792407	0.644749	0.386390	1.939862	0.628086	0.644705	0.148647	0.000000	0.939724	0.159903	0.298943
429	0.110043	-0.006375	1.287406	0.797088	0.602445	1.205187	0.873267	0.000000	1.216875	0.365600	-0.053637	0.963845	2.502118	0.651428	1.150037	0.233793	-0.127676	0.185582	0.524788	0.721778
430	0.921655	1.153548	1.124990	1.292495	1.785710	1.116183	1.323715	1.797573	0.748087	1.394323	1.203180	0.934562	1.330774	0.851830	0.716078	0.271338	0.000000	1.725328	1.946671	1.950604
431	0.461405	0.000000	2.224464	2.114700	0.218980	1.673486	1.639210	-1.038136	2.073252	-0.115610	0.248780	1.944435	1.828866	1.870167	2.038662	1.556766	1.007271	-1.269746	0.852848	0.822341
432	-0.116417	0.124035	0.745201	0.550597	0.060003	0.000000	0.425056	0.381403	0.526875	-0.015202	0.090179	0.826408	2.064887	0.480175	0.621610	0.584737	0.949512	0.661024	-0.095351	0.145887
433	-0.413525	-0.265783	-0.118965	-0.350396	0.233556	0.419189	0.000000	0.199157	-0.258049	-0.040935	-0.253890	0.187978	2.107021	-0.360987	-0.192617	0.092370	0.088522	0.050928	0.222902	0.234166
434	-0.561403	-0.606656	2.487019	2.162292	-0.069796	1.234553	1.766248	-0.388249	2.015969	-1.270042	-0.623531	2.048024	2.409394	1.734299	1.870283	1.071872	0.000000	-0.709363	0.844649	0.655949
435	1.346756	0.805984	2.550706	2.090988	1.164985	2.120924	1.985980	0.000000	2.031646	-0.007082	0.431422	2.298834	2.900647	1.859677	2.046017	2.224028	2.028644	0.589406	1.103192	1.250847
436	-0.163935	-0.334458	0.138126	0.000000	-0.081603	0.465177	-0.096158	-0.049938	-0.415678	-0.088231	-0.134789	-0.036745	2.253111	-0.178316	-0.447080	-0.069890	-0.061759	0.057626	-0.087269	-0.050794
437	1.262177	0.667029	2.577507	2.251473	0.809427	2.466062	1.760479	0.000000	1.443407	-0.173376	0.204343	2.149170	3.563844	1.627682	1.555153	1.942400	1.521070	0.606464	0.864971	0.841152
438	2.758198	1.609079	3.251631	3.194596	1.084027	3.192434	2.942072	1.791327	3.015462	0.000000	0.867799	2.945492	3.265364	2.889570	3.095585	3.075563	3.004321	2.444255	2.096233	2.239346
439	0.743013	0.318272	1.593760	1.006569	0.426991	1.484603	0.603023	0.200769	0.258771	0.146319	0.187889	0.761501	3.363119	0.549527	0.000000	0.931927	0.731787	0.440108	0.414997	0.511712
440	-0.166468	-0.064831	0.538230	0.000000	0.429267	0.777080	0.413383	0.286813	-0.006706	0.156797	0.005416	0.445407	2.679506	0.016563	-0.027350	0.073140	0.379415	0.395204	0.374014	0.469053
441	0.187812	0.123170	1.421078	0.732982	-0.004065	0.484342	-0.032158	1.018377	0.000000	0.411224	0.195509	0.437643	2.174728	0.208884	0.027247	0.429734	0.653958	0.861888	0.059684	0.009017
442	1.152310	0.601093	1.228053	1.330919	1.395353	0.000000	0.881743	2.141754	0.897049	1.513417	1.199017	0.700709	2.631557	0.966300	0.999694	1.225664	1.896779	2.107330	1.747814	1.539853
443	0.485792	0.220046	1.566929	0.782556	0.000000	1.360802	0.719845	0.608218	0.761327	0.107641	0.159257	1.184360	2.420788	0.719460	0.657977	0.928933	1.169956	0.716117	0.170549	0.246759
444	0.319730	-0.088096	0.000000	0.365782	0.017128	0.345737	0.206283	0.598717	0.419785	0.270078	0.207968	0.120188	0.540008	0.310848	0.475159	0.111162	0.216669	0.695906	-0.125775	0.061047
445	-0.203972	-0.759228	0.745159	0.453486	-0.495911	0.444073	-0.083497	-0.428403	0.332144	-0.349875	-0.312553	0.155899	1.103677	0.000000	0.364555	-0.221630	-0.136772	-0.558417	-0.310602	-0.377215
446	0.000000	0.867729	2.897267	2.480235	1.636536	1.830729	2.503702	1.296102	2.443720	1.176906	0.851560	2.597649	3.025019	2.237922	2.259844	1.619599	1.776072	0.899186	2.010881	1.774346
447	0.699471	0.927517	2.550010	2.328601	1.841663	2.111411	2.396264	0.869538	2.226894	1.413328	1.748880	2.320481	0.000000	2.282022	2.414054	1.870921	1.881099	0.372518	2.081306	1.924287
448	2.659441	1.983180	3.104242	3.002789	2.540548	3.102696	3.101813	0.616041	2.938659	1.789540	2.239833	3.031218	2.875162	2.947193	3.021024	2.993468	2.593199	0.000000	2.684051	2.775985
449	2.135910	1.147489	3.792308	2.456705	2.434219	3.104619	2.933974	0.197956	2.059699	1.095607	0.773249	3.088153	3.550537	1.682178	1.988466	2.466115	1.653243	0.000000	2.592751	2.509186
450	1.367022	0.863828	0.000000	1.337881	1.629008	1.365132	1.461745	1.826137	1.638930	1.363923	1.338033	0.336347	3.102531	1.494151	1.719448	0.731772	0.671557	1.688192	1.780174	1.696028
451	0.264960	0.296114	0.379911	0.000000	0.502863	0.848000	0.380552	0.416054	0.470476	0.464367	0.423660	0.498162	0.915842	0.317517	0.554922	0.426823	0.511953	0.407729	0.373874	0.423270
452	0.000000	-0.267998	0.019081	0.012785	-0.181745	0.362422	-0.240044	0.285972	-0.257761	-0.054075	-0.171615	-0.385624	2.325426	-0.226044	-0.164773	-0.023230	0.142132	0.370517	-0.037412	-0.201855
453	1.715559	0.818268	1.319821	1.628650	1.387801	0.000000	1.186358	2.623576	1.751786	1.676352	1.375447	0.721155	3.133100	1.383283	1.853602	1.295107	1.754938	2.691936	1.550292	1.376639
454	0.929997	0.328081	0.850298	0.689570	0.495397	1.260861	0.506103	0.211595	0.292601	0.593131	0.531496	0.324909	3.046997	0.571937	0.138253	0.896090	0.538367	0.000000	0.653320	0.460374
455	2.807968	1.600296	3.518678	3.521941	0.950361	3.525857	3.041777	0.000000	3.086189	0.650552	1.572664	3.280263	2.372858	3.311820	3.204111	3.357004	2.565689	0.504821	2.198964	2.326202
456	1.926522	0.983138	3.218111	2.069635	1.175245	2.919480	1.246781	0.484574	1.638089	0.000000	0.820488	2.414358	3.599210	1.678011	1.594509	2.331312	2.056121	0.891066	1.054302	0.861834
457	2.256635	1.888436	2.987317	2.898706	1.896634	0.000000	2.522158	2.469527	2.637489	2.285909	2.385350	2.732531	2.951347	2.830706	2.761601	2.774832	2.886417	2.587146	1.816647	2.050182
458	1.971912	0.555618	2.801589	2.645270	0.254250	2.589685	1.889419	-0.505736	2.238123	-0.180135	0.000000	2.327267	2.688217	2.283856	2.173847	2.290566	1.447498	0.110293	0.686520	0.694430
459	2.337514	1.661351	3.805450	3.822279	2.360695	3.392648	3.440242	0.207895	3.422139	1.317602	1.981978	3.595063	3.712940	3.532465	3.303333	3.379295	2.749100	0.000000	2.451350	2.561147
460	1.013783	0.583565	1.182357	1.325769	0.886550	1.068826	0.896593	1.273046	0.764693	1.098251	1.008218	0.811650	2.344853	0.945742	0.551703	0.242244	0.000000	1.270533	1.266323	1.122076
461	1.625173	0.986176	2.818436	1.822185	0.860585	2.528549	1.897578	0.208248	1.600724	0.000000	0.667394	2.545043	2.561091	1.883895	1.456222	2.223977	1.865141	0.733348	0.720366	0.815586
462	-0.076414	-0.127522	0.034797	0.031648	0.134053	0.000000	-0.077563	0.223197	-0.135498	0.268868	0.196997	0.056821	0.504842	-0.044336	-0.045978	-0.077808	0.230199	0.278848	0.011312	0.183679
463	-0.020229	0.089412	0.023307	0.269693	0.418947	-0.125914	0.128876	0.560089	0.339667	0.474068	0.376059	0.000000	1.858045	0.279157	0.317242	0.141622	0.438038	0.455853	0.273390	0.389059
464	1.661364	1.110193	2.787959	2.688106	1.150494	2.696779	2.594371	-0.725727	2.543656	-0.577931	0.000000	2.692116	2.840829	2.531589	2.481411	2.532001	1.950655	0.252352	1.467272	1.899511
465	1.357932	0.301762	2.234669	1.120061	1.028571	2.262717	1.601278	0.231297	1.510691	0.000000	0.324886	1.834302	3.090835	1.227852	1.331688	1.752146	1.264492	0.449895	0.894878	1.070144
466	-0.317737	-0.201043	0.384179	0.006687	0.030902	0.445026	0.046590	0.061466	-0.179057	-0.108503	-0.197519	0.208928	2.260584	-0.079660	-0.220844	0.000000	0.272842	0.209360	-0.040767	0.022005
467	-0.988888	-0.311915	0.630418	0.261503	-0.144925	0.644335	0.188717	0.459658	0.460842	-0.373380	-0.556163	0.298596	2.546042	0.096022	0.571954	0.000000	0.935496	0.676157	-0.195057	-0.129618
468	1.610924	0.866350	2.850780	2.336285	0.480244	2.517436	1.795351	0.277386	2.278245	0.000000	0.388208	2.557587	2.820003	1.994551	2.206556	2.223707	2.060040	0.872671	0.449106	0.590880
469	0.140431	0.217389	1.100844	0.541968	0.560386	0.956330	0.675304	0.343812	0.401075	0.000000	0.152540	0.786187	2.259710	0.430999	0.349262	0.616778	0.837197	0.562214	0.613800	0.658430
470	0.000000	0.372959	0.553166	0.325381	0.884432	0.629457	0.560189	0.906749	0.443240	0.441278	0.336376	0.357371	2.115036	0.260022	0.453680	0.267754	0.703698	1.067988	0.805930	0.866104
471	1.139652	0.655098	1.278757	1.221606	1.218679	0.000000	0.848173	1.835016	0.747773	1.213657	1.079020	0.814774	2.223207	0.929981	0.916000	1.260372	1.732239	1.892440	1.542495	1.392325
472	0.250944	-0.048736	0.653415	0.092897	-0.102378	1.009251	0.135682	-0.155125	0.000000	-0.229821	-0.075482	0.430167	2.122035	0.101106	-0.042774	0.473117	0.425408	0.009770	0.045336	-0.080188
473	0.875616	0.837510	2.615627	2.501960	1.856336	2.327504	2.234583	0.292597	2.219272	1.049648	1.136384	2.368789	2.599269	2.135700	2.211949	1.479716	1.041428	0.000000	2.041162	1.885932
474	0.091750	0.260539	0.662803	0.248083	0.591033	0.443993	0.354048	1.164795	0.124299	0.448235	0.315860	0.428348	1.969534	0.000000	0.269151	0.259774	0.540651	1.171922	0.877263	0.661915
475	0.155554	0.119822	0.766650	0.267584	0.212600	0.912878	0.372556	0.135572	0.371943	-0.066765	0.062760	0.671442	0.000000	0.392723	0.451933	0.488742	0.522438	0.253632	-0.094662	0.111029
476	0.290310	0.164036	-0.159432	0.076778	0.290908	-0.047859	0.058527	0.885589	0.413527	0.593526	0.402330	-0.035678	1.616446	0.189947	0.525698	0.000000	0.062875	0.782528	0.276614	0.284056
477	1.119177	0.560783	0.000000	0.573646	0.984115	1.878727	1.287816	1.491678	1.977487	1.428069	0.900358	1.377181	3.316103	1.163331	2.081993	0.848421	0.937323	1.445711	0.726929	1.066253
478	-0.136193	0.155460	0.321555	0.141785	0.364019	0.414261	0.167184	0.163959	-0.050348	0.133171	0.265607	0.123000	-0.664086	0.000000	0.150865	-0.048036	0.103338	0.058925	0.528835	0.395614
479	2.132320	1.696956	3.254144	3.210062	2.413494	3.142696	3.160463	0.108527	2.982762	1.235957	1.804870	3.074808	2.892806	3.019402	3.011899	2.751288	2.135760	0.000000	2.619477	2.755372
480	-0.579117	-0.935675	-0.118253	-0.597413	-0.465536	0.000000	-0.305452	-1.241863	-0.222511	-1.040265	-1.205601	-0.060666	1.395676	-0.520704	-0.219220	-0.607787	-0.640848	-0.734526	-1.067268	-0.661240
481	0.062753	-0.117437	0.633275	0.385009	0.171039	0.895724	0.417747	-0.060343	0.000000	-0.425786	-0.200421	0.521513	1.953081	0.220655	0.283172	0.401983	0.451656	0.110128	0.332119	0.201329
482	1.724164	0.670464	2.880985	2.658266	1.037970	2.724056	2.543143	0.320143	2.782317	0.430515	0.682527	2.759509	2.979264	2.424351	2.784906	2.474403	1.842571	0.000000	1.379969	1.521011
483	1.221887	0.756081	2.900792	1.859274	1.052529	2.375136	2.109294	0.000000	2.159455	0.309307	0.431681	2.398350	2.586544	1.649127	2.145838	1.915545	1.361943	0.122825	1.296833	1.240945
484	0.421703	-0.390673	0.341723	0.369735	0.116937	0.897835	0.170838	-0.059360	0.198038	0.084684	-0.007678	0.029735	1.846311	0.093843	0.117068	0.332995	0.340728	0.123788	0.094719	0.000000
485	0.659308	0.243467	1.396889	0.923114	0.492220	1.112933	0.358600	0.530043	0.000000	0.558883	0.563114	0.782509	0.558475	0.603338	-0.080468	0.572008	0.238410	0.405448	0.602000	0.432996
486	0.203624	-0.065404	0.316460	0.280846	0.220363	0.327929	-0.028925	0.392775	-0.023504	0.428710	0.380283	-0.010092	0.923158	0.000000	-0.024644	0.044778	0.127048	0.405844	0.294755	0.252555
487	1.716805	0.600476	2.546178	2.516665	0.000000	2.026829	1.568952	0.681246	2.335073	0.750045	1.014014	2.182571	1.995278	2.148527	2.437261	1.962742	1.452903	0.750289	0.770185	0.470391
488	0.434283	0.251070	1.503329	1.001276	0.868741	1.375720	0.559524	0.035798	0.000000	0.544105	0.385550	0.766242	1.009583	0.249922	-0.182931	0.324521	-0.008074	-0.159834	0.943511	0.890545
489	0.433549	-0.138052	2.087840	0.633411	0.600074	1.475650	1.121293	-0.017739	0.325674	0.043437	-0.051529	1.368603	1.395674	0.000000	0.398271	0.674711	0.169006	-0.270423	0.832661	0.858452
490	1.577422	0.857651	3.410008	3.166532	1.911692	3.102728	3.054099	0.000000	3.072484	0.795578	1.375212	3.245944	3.468242	3.005662	3.020139	2.690895	2.185864	-0.086864	2.475477	2.370698
491	0.380380	0.415004	1.221166	0.632212	0.756178	0.643966	0.273765	1.053334	0.240968	0.541480	0.553198	0.687094	1.872062	0.346042	0.000000	0.489854	0.525853	1.029789	0.920347	0.655736
492	0.043242	0.294436	1.254991	0.517039	0.466611	0.821428	0.874244	0.230683	0.930461	0.000000	0.154812	1.297581	0.076427	0.734631	1.014429	0.519921	0.706313	0.346780	0.410031	0.471973
493	0.490836	-0.217922	-0.244763	0.006729	0.066764	0.090410	0.071400	0.988483	0.768827	0.576155	0.401680	0.021112	1.938953	0.347290	0.794484	0.130740	0.000000	0.893208	-0.011449	0.081227
494	0.976800	0.563420	0.000000	0.610185	1.158424	1.856937	1.522362	1.950507	2.370312	1.802972	1.134006	1.716663	3.251782	1.470163	2.600346	1.083457	1.629933	1.880979	0.604671	1.215755
495	1.740424	1.468398	1.489378	1.837561	1.962644	1.982599	1.760507	1.915875	1.509142	1.498753	1.697730	1.322697	1.653590	1.658634	1.322319	0.659266	0.000000	1.814975	2.138877	1.960996
496	2.413607	1.698601	3.504221	3.519867	1.857613	3.155059	3.347093	1.075677	3.206968	0.000000	1.434943	3.486135	3.216029	3.298597	3.351500	3.352282	2.998846	1.472122	2.741195	2.866288
497	1.315421	1.581008	2.355525	2.267895	1.450697	0.000000	1.849521	2.403292	2.136119	1.944320	1.944850	2.265741	2.787886	2.178256	2.179080	2.059851	2.647738	2.519059	1.270566	1.424908
498	0.609185	0.879671	1.557530	1.074435	1.037346	1.672320	0.787835	0.650531	0.249344	0.814797	0.660733	0.989361	2.742240	0.592181	0.000000	1.019891	0.858936	0.721907	0.985260	0.805829
499	2.319759	1.612598	3.761717	3.601183	1.972700	3.543841	3.629201	1.469337	3.535195	0.000000	1.561049	3.779589	3.755934	3.470784	3.531736	3.528669	2.819883	1.330659	2.894176	2.891529
500	-0.502514	-0.109517	1.446439	0.843377	-0.279408	0.889197	0.081352	0.453240	0.164637	0.120348	-0.183405	0.700152	3.379191	0.083655	0.135408	0.000000	0.461282	0.246053	-0.861746	-0.405725
501	0.203172	-0.080439	1.369044	1.210229	-0.333867	1.153437	0.000000	-0.400315	0.064347	-0.554317	-0.330599	0.319780	2.591322	0.315517	-0.353422	0.487280	0.284211	-0.209016	-0.269077	-0.256786
502	0.868490	0.850406	2.332007	2.191936	0.699966	2.554259	1.737947	0.000000	2.360694	0.568308	0.777629	2.377566	3.311920	1.996729	2.330013	1.837469	1.415846	0.491909	1.164829	0.869575
503	2.460964	1.463362	3.127429	3.007376	1.861835	2.952509	2.896379	1.108763	2.823068	0.000000	1.390261	2.906593	3.108584	2.784854	2.876881	2.731943	2.262224	1.303029	2.366045	2.416897
504	0.026309	0.218052	0.543204	0.000000	0.484303	0.604005	0.545989	0.399284	0.381764	0.235606	0.096153	0.788412	2.593950	0.241637	0.501317	0.267513	0.662111	0.555112	0.508679	0.444590
505	0.981587	0.557681	1.201584	0.988448	0.592733	1.495280	0.846992	-0.088958	0.810602	0.034361	0.000000	0.913213	1.967880	0.671360	0.782629	0.790525	0.631809	0.394860	0.767060	0.834342
506	0.221234	-0.501885	0.000000	-0.058383	-0.993339	0.773406	-0.560521	0.011657	0.660935	-0.031283	-0.078148	0.028386	1.841856	0.178130	0.608901	0.015078	0.037340	-0.028214	-0.880479	-1.241161
507	0.190779	-0.009691	0.506066	0.564552	0.076575	0.448520	0.000000	0.631831	0.112256	0.393248	0.198096	0.249851	-0.097271	0.232865	0.086010	0.188295	0.374641	0.693110	-0.026212	0.110126
508	0.295049	0.080895	2.082989	1.732806	0.000000	1.620126	1.186710	0.232973	1.562636	0.447785	0.374538	1.632512	1.677811	1.288967	1.548531	1.036485	1.009413	0.155999	0.461505	0.275382
509	0.000000	1.227427	3.496933	3.328825	2.302994	1.484293	3.083538	1.659665	3.091707	2.092004	2.191873	3.116297	3.188882	2.993192	3.149050	1.936869	2.262221	0.896939	2.301576	2.334612
510	2.250936	1.387587	3.292227	3.162683	0.898921	3.273067	2.817805	-0.032855	3.036050	0.000000	1.049703	3.086809	3.138138	2.917729	3.144639	2.909155	2.363380	0.484177	2.045898	2.025613
511	1.997264	1.661503	3.319597	3.341446	2.417623	3.296167	3.206332	0.605472	3.303894	1.513514	2.187880	3.274114	3.054874	3.216002	3.361970	2.973317	2.464452	0.000000	2.607373	2.718390
512	1.985688	0.961617	3.772197	2.791420	1.558014	3.064041	2.518527	0.325122	2.543568	0.861695	0.929962	2.981396	3.518241	2.219649	2.597641	2.104246	0.974809	0.000000	1.935527	1.763734
513	-0.418702	-0.618867	0.304882	-0.233574	-0.163959	-0.190146	0.000000	-0.224980	-0.067760	-0.066898	-0.327085	0.329668	1.967952	-0.191670	-0.143610	-0.142391	-0.051989	-0.358279	-0.098332	-0.104210
514	0.544344	-0.079707	-0.110156	0.000000	-0.260560	0.988988	0.125857	-0.379128	0.643744	-0.035591	0.081148	0.115409	0.886962	0.294060	0.701943	0.139970	-0.177341	-0.250954	-0.450637	-0.335239
515	0.295730	-0.213477	0.509668	0.078501	-0.009341	0.925016	0.148263	-0.398617	0.335848	-0.099398	-0.144042	0.460927	2.516399	0.000000	0.226691	0.373123	0.080009	-0.395653	-0.019099	-0.005209
516	1.073921	0.329481	0.545354	0.564330	0.416497	1.571502	0.949033	0.000000	1.134868	0.205425	0.376730	0.832202	1.152980	0.751668	1.142260	0.875100	0.472767	0.240081	0.183840	0.486384
517	0.227709	-0.431850	0.377903	-0.003580	-0.601666	0.775234	-0.143500	-0.834168	0.280800	-0.277891	-0.210032	0.296818	1.532712	0.000000	0.212557	0.285245	-0.013698	-0.814576	-0.353353	-0.513288
518	0.735672	0.301044	0.778850	0.585916	0.165243	1.119882	0.518204	0.189078	0.735009	0.277890	0.284948	0.715781	0.668868	0.505321	0.653225	0.714978	0.504158	0.294326	0.048652	0.000000
519	0.512141	0.268002	0.090743	0.285420	0.251807	0.462961	0.000000	0.204262	0.906572	0.250493	0.414093	0.395338	1.544637	0.530871	0.881107	0.253672	0.158730	0.263302	0.195789	0.140873
520	-0.155535	-0.027361	0.351746	0.071693	0.464861	0.110684	0.285679	0.663047	0.432131	0.605147	0.314006	0.315811	1.233753	0.176843	0.443627	0.000000	0.466788	0.563052	0.381047	0.405575
521	-0.082307	-0.228621	0.125213	0.050783	0.100078	0.234892	-0.009514	0.060951	0.119536	0.042114	0.070962	-0.005666	-0.046562	0.054324	0.156607	-0.044905	0.000000	0.037775	0.106426	0.109455
522	1.044238	0.388468	0.975702	1.021491	0.837340	0.000000	0.901442	1.051416	1.164220	0.866725	0.919855	0.833192	1.364394	1.087279	1.225365	0.987817	0.936263	1.098884	0.859631	0.902436
523	-0.094100	-0.493437	0.122935	-0.013122	-0.189099	0.001698	-0.150527	-0.358722	0.000000	-0.230787	-0.166252	-0.084134	0.539253	-0.099765	-0.001183	-0.140308	-0.167213	-0.462233	-0.119725	-0.159561
524	-0.028884	-0.426895	0.804082	0.208032	-0.364396	0.412674	0.104641	-0.211785	0.310058	-0.065660	-0.134622	0.509761	0.516450	0.101798	0.264781	0.000000	-0.028540	-0.351202	-0.421285	-0.340033
525	0.315423	-0.230733	0.576030	-0.076518	-0.209705	0.662877	0.010300	-0.216064	0.337113	0.140671	-0.018609	0.477140	1.434850	0.082570	0.198105	0.000000	-0.153048	-0.279625	-0.167200	-0.295959
526	-0.143312	-0.631595	0.653305	0.354774	-0.969754	0.579146	-0.295428	-1.031944	-0.113123	-0.766038	-0.569544	0.141461	-0.009313	0.000000	-0.053572	-0.144461	-0.414572	-0.917862	-1.049870	-0.906854
527	0.798676	0.190641	1.631079	1.032629	-0.005336	1.359277	0.454473	-0.681407	0.166491	-0.153941	0.006285	0.960714	1.709489	0.531723	0.000000	0.902286	0.440269	-0.492835	0.126136	0.075332
528	0.563352	-0.098529	1.264626	0.752139	-0.188504	0.999437	0.393822	-0.630485	0.128384	-0.632548	-0.418286	0.428179	0.334345	0.000000	0.251974	0.462640	-0.198995	-0.518434	-0.290259	-0.040683
529	1.094862	0.153844	2.005779	0.955201	-0.076511	1.977701	0.248905	-0.352123	0.401480	0.157060	0.000000	1.181723	2.839252	0.579853	0.275612	1.127515	0.710094	-0.168155	0.027085	-0.091811
530	2.054118	1.200436	2.815092	2.742468	1.159669	2.923215	2.447628	-0.188624	2.658440	0.462144	1.183754	2.755456	1.958174	2.596350	2.721288	2.746263	2.034509	0.000000	1.453575	1.587715
531	0.339258	-0.439451	1.060039	0.490321	0.000000	1.466422	0.722759	-0.272479	0.538830	-0.758120	-0.443384	1.145495	2.269116	0.500096	0.746924	0.982857	0.937457	-0.157172	0.258919	0.210961
532	0.920605	1.399270	2.467015	2.466589	1.676461	0.000000	1.936586	2.268783	2.124169	2.150320	1.972999	2.042424	2.342183	2.288107	2.182317	1.541485	2.004308	2.221788	1.359540	1.663153
533	1.786567	0.960845	3.068172	2.798385	1.255452	2.609213	2.312351	-0.238625	2.166789	0.321615	0.668235	2.703330	2.454719	2.231371	2.305067	2.242229	1.659584	0.000000	1.376689	1.420430
534	1.932749	1.435166	4.099475	4.222804	2.396137	3.562320	3.779832	0.121119	3.875011	0.905849	1.780034	4.012024	3.659830	3.959476	3.827127	3.414844	2.650754	0.000000	2.794004	2.841360
535	1.016378	0.805521	1.017847	1.385838	1.596820	0.563237	1.146837	1.662639	0.887948	1.730063	1.535672	0.635546	1.560686	1.124814	0.820973	0.149738	0.000000	1.466689	1.782057	1.662894
536	0.000000	0.008921	1.180965	0.701879	-0.081322	0.520224	0.339266	-0.114277	-0.041425	0.000205	-0.018415	0.743128	0.508247	0.328975	-0.069158	0.473718	0.510784	0.024262	-0.252568	-0.078886
537	-0.020590	-0.108383	0.327158	0.227131	0.014817	0.372646	-0.002615	0.000000	-0.291121	0.036876	0.034797	0.189778	1.331687	-0.105693	-0.285320	0.105742	0.135171	0.136045	-0.032071	0.047347
538	1.055871	0.703984	0.000000	1.127789	1.316004	1.285674	0.628066	0.902424	1.161127	0.881045	1.085575	0.630257	2.358832	0.986087	1.322711	0.872223	0.646881	0.937591	1.388104	1.341480
539	2.615852	1.649563	3.266933	3.032369	0.937949	3.284754	2.646884	1.245132	3.158695	0.000000	1.375518	3.210621	3.302533	2.989788	2.968876	3.146072	2.650200	1.312039	1.475564	1.295604
540	-0.014789	-0.051972	0.563057	0.162635	0.386520	0.817926	0.477239	0.343579	0.114030	0.000000	0.129980	0.614991	2.590955	0.132357	0.073778	0.442402	0.640491	0.531759	0.317856	0.395622
541	-0.030687	-0.050310	0.531433	0.245664	0.193735	0.560904	0.095772	0.241211	-0.179147	-0.022090	0.021105	0.000000	2.866818	0.024178	-0.302764	0.167840	0.349107	0.447577	0.154318	0.186097
542	2.484664	1.711194	3.496863	3.257155	0.000000	3.413232	2.376132	2.227112	2.793066	1.835255	2.063182	3.278491	3.498391	3.029230	2.799528	3.069492	3.061044	2.447625	0.756936	0.851309
543	0.828083	0.434646	2.253124	1.226130	0.394795	1.961291	1.358389	-0.360459	0.854174	0.078188	0.140070	1.808005	2.478611	0.799857	0.777687	1.589245	1.350859	0.000000	0.644892	0.693739
544	0.000000	-0.133948	0.695625	0.132717	0.166918	0.916240	0.343194	-0.137993	0.183642	-0.391720	-0.167869	0.407885	2.446630	0.089490	0.153486	0.406902	0.383727	0.217008	0.122078	0.241957
545	0.000000	0.224421	0.558827	0.221550	0.402079	0.524988	0.244510	0.340621	-0.101798	0.097995	0.075285	0.278758	2.422397	-0.053666	-0.169081	0.281982	0.453165	0.575785	0.349496	0.439006
546	0.211627	0.212162	1.474841	0.742302	0.165615	1.201624	0.133007	0.145004	0.036079	-0.186402	-0.151283	0.651526	2.167357	0.000000	-0.120395	0.598460	0.655461	0.336726	-0.104533	0.002880
547	0.051449	0.123621	0.614932	0.000000	0.246826	0.748881	0.382498	0.225171	0.674854	-0.125791	0.004576	0.520875	1.982523	0.219149	0.689248	0.464262	0.679905	0.566238	0.112775	0.201912
548	-0.188243	0.026687	0.214104	0.044854	0.028788	0.261074	0.037747	0.057912	0.104506	-0.118244	-0.024494	0.149985	0.924634	0.013720	0.000000	0.086705	0.275217	0.159348	0.021820	0.059258
549	-0.269249	-0.129399	0.000000	-0.105106	0.061333	0.130117	-0.032691	0.002619	-0.094892	-0.230288	-0.120170	-0.012832	0.722897	-0.176501	-0.029848	-0.005892	0.191760	0.132134	0.046160	0.077205
550	0.120989	0.052019	0.426167	0.345459	0.084398	0.375501	0.004247	0.178774	0.090913	0.047818	0.088453	0.061408	0.664637	0.000000	-0.064327	0.260532	0.402684	0.379061	0.036789	0.073247
551	0.076747	-0.006868	0.293632	0.199523	0.082098	0.231259	0.049929	0.107519	0.000000	-0.000709	0.088836	0.066820	0.340773	0.015946	0.055632	0.112542	0.199495	0.201971	0.053863	0.091258
