	A	C	D	E	F	G	H	I	K	L	M	N	P	Q	R	S	T	V	W	Y
1	0.249019	-0.067664	0.202408	0.301125	0.047568	0.250848	0.206323	-0.119439	0.406528	-0.076013	0.000000	0.147756	0.420607	0.314988	0.363484	0.251971	0.250354	0.070158	-0.067991	0.087622
2	0.013989	-0.228452	0.003290	0.090143	-0.097738	-0.134216	-0.005523	-0.141576	0.269380	-0.151167	-0.079451	-0.002416	0.424503	0.095782	0.289853	0.000000	0.018021	-0.113561	-0.169986	-0.044883
3	0.046587	-0.281280	0.217403	0.212173	-0.088739	-0.067569	0.091599	-0.054905	0.340925	-0.071672	-0.028829	0.072838	0.334850	0.159113	0.324735	0.000000	0.013058	-0.054707	-0.115026	-0.004504
4	0.027566	-0.303099	0.254871	0.195906	-0.213617	0.050386	0.036743	-0.197770	0.286308	-0.180623	-0.103667	0.085416	0.405976	0.116080	0.266182	0.000000	-0.040493	-0.176276	-0.328111	-0.163298
5	-0.047069	-0.359729	0.229609	0.151027	-0.344795	-0.032585	-0.038355	-0.298131	0.221637	-0.296280	-0.220325	0.061849	0.393115	0.056677	0.200761	0.000000	-0.016462	-0.245064	-0.485296	-0.299802
6	0.627468	0.098796	0.819691	0.791810	0.378755	0.684884	0.766449	0.353086	0.827875	0.286004	0.427113	0.771692	0.746496	0.730094	0.820105	0.699638	0.600191	0.388693	0.000000	0.579518
7	0.514711	0.011817	0.743942	0.599495	0.232363	0.654698	0.536537	0.037915	0.679799	0.000000	0.279634	0.647360	0.914369	0.540876	0.649463	0.587395	0.478130	0.140861	0.123221	0.262513
8	0.593464	0.075720	0.860843	0.688557	0.229568	0.860644	0.636525	0.049967	0.818082	0.000000	0.300959	0.786845	0.974793	0.657188	0.794042	0.699236	0.570624	0.167187	0.110344	0.272426
9	0.395221	0.008405	0.829753	0.628770	0.207638	0.702671	0.663473	0.051130	0.822520	0.000000	0.258786	0.778096	0.862642	0.615751	0.781333	0.583567	0.505677	0.111422	0.114930	0.298199
10	-0.269253	-0.469496	0.495154	0.138680	-0.570672	-0.002999	-0.048264	-0.436711	0.185639	-0.501392	-0.468964	0.257566	0.605545	-0.007280	0.138038	0.000000	-0.021314	-0.427456	-0.695154	-0.523527
11	0.566071	0.151269	0.953478	0.740641	0.307503	0.950777	0.763448	0.122660	0.912802	0.000000	0.310284	0.914360	1.251261	0.728067	0.880817	0.730500	0.614004	0.256895	0.196474	0.398987
12	0.362706	0.067845	0.673955	0.521155	0.232625	0.620121	0.543763	-0.070856	0.643488	-0.131998	0.093659	0.599574	0.852226	0.454617	0.640353	0.491555	0.422045	0.000000	0.086297	0.310204
13	0.000000	-0.166676	0.526058	0.305676	-0.074028	0.365122	0.245721	-0.259882	0.371186	-0.200444	-0.053524	0.361291	0.932336	0.224049	0.369383	0.198663	0.076376	-0.156104	-0.146921	-0.027316
14	0.169310	0.010613	0.512024	0.420155	0.028966	0.344557	0.404007	0.034839	0.599352	-0.070273	0.062993	0.501407	0.910469	0.381879	0.611321	0.324647	0.372364	0.000000	0.042247	0.128891
15	-0.309322	-0.307659	0.391547	0.241978	-0.110356	-0.030326	0.148208	-0.262564	0.333827	-0.207998	-0.171864	0.234077	0.822534	0.160013	0.288583	-0.017299	0.000000	-0.274119	-0.207276	-0.084951
16	0.000000	-0.216278	0.408180	0.245082	-0.222907	0.466721	0.140732	-0.234340	0.369708	-0.202202	-0.091143	0.303683	1.080008	0.199598	0.345338	0.203805	0.108176	-0.160261	-0.257139	-0.167320
17	0.000000	-0.011000	0.313129	0.279191	0.111214	0.187879	0.144182	-0.006185	0.287122	0.040399	0.177148	0.222855	0.557056	0.185014	0.328929	0.145308	0.129844	0.011082	0.090680	0.133221
18	-0.018234	-0.138647	0.102920	0.119112	-0.116124	0.081771	0.069881	-0.099288	0.254936	-0.068626	0.002982	0.041704	0.358100	0.000000	0.216182	0.059204	0.080571	-0.104275	-0.085000	-0.019066
19	-0.095365	-0.208762	0.131247	0.052300	0.013403	-0.000274	0.007488	-0.211555	0.019764	-0.251637	-0.178332	0.099785	0.123600	-0.045865	0.119292	0.000000	-0.022009	-0.279591	0.009567	0.043717
20	0.677910	0.542450	0.648589	0.831649	0.913399	0.646829	0.831127	0.835616	0.834721	0.728963	0.845075	0.569451	0.744392	0.808500	0.808135	0.094162	0.000000	0.730526	0.828998	0.936223
21	0.541073	0.886285	1.591220	1.393332	0.871618	1.253427	1.007171	0.000000	0.847195	0.302983	0.538948	1.196909	0.706312	0.860066	1.141628	0.890014	0.696763	0.105918	0.818282	0.935559
22	1.458571	1.492845	2.068204	0.000000	1.577539	1.762840	1.981204	1.581376	2.563090	1.619793	1.468805	2.275510	2.419429	1.256814	2.419562	1.801820	1.714138	1.372391	1.360159	1.384059
23	0.167526	0.352807	0.192451	0.000000	0.696274	0.811433	0.633412	0.565850	0.480457	0.340190	0.318265	0.546407	2.196470	0.145932	0.666111	0.475333	0.576526	0.525397	0.634623	0.752637
24	0.126854	0.323611	0.366309	0.186894	0.656423	0.991258	0.465800	0.646069	0.260946	0.420194	0.354462	0.381663	2.962277	0.000000	0.344524	0.547516	0.775575	0.749172	0.544801	0.766300
25	0.000000	1.074133	3.125885	3.007176	1.467748	2.196823	2.831857	0.987789	3.232308	0.875165	1.309415	3.036141	3.631205	2.814222	3.113653	2.164130	1.723027	0.956357	1.702485	1.795791
26	0.596226	0.547441	1.534287	0.808268	0.384801	1.161115	0.590549	0.111765	0.000000	0.025875	0.105481	0.778853	2.988549	0.159617	-0.048117	0.884745	0.696778	0.260675	0.294935	0.467751
27	-0.482972	-0.368251	-0.003805	-0.334010	-0.171784	0.276326	-0.195476	-0.329077	-0.406541	-0.484602	-0.463148	-0.094284	2.319265	-0.450673	-0.415896	-0.110476	0.000000	-0.168026	-0.229243	-0.211652
28	2.416561	1.954321	2.897232	2.816638	0.000000	3.131580	2.299337	2.561341	3.180334	2.333575	2.163455	3.054763	4.008401	2.883992	3.095841	2.967858	2.950392	2.675953	0.417472	0.694675
29	2.354775	1.675824	2.774533	2.673361	1.387161	2.729811	2.614252	1.219809	2.605545	0.000000	1.235808	2.747941	3.257494	2.563684	2.671093	2.630501	2.648642	1.831029	1.929389	2.181067
30	0.338460	0.181822	0.000000	0.313105	0.585521	0.971147	0.543528	0.476324	0.320721	0.279566	0.316948	0.313056	3.491888	0.380894	0.396983	0.515219	0.571760	0.627461	0.550136	0.581277
31	0.408903	0.359869	0.864086	0.734306	0.416586	0.967616	0.409933	0.844725	0.000000	0.567529	0.361575	0.623328	3.516155	0.209847	0.033027	0.583265	0.731912	0.903785	0.126943	0.364383
32	2.707805	1.691785	3.679152	3.549874	0.000000	3.833537	2.779067	0.952152	3.609814	1.227253	1.785218	3.646429	3.774776	3.541374	3.457300	3.492577	2.743244	1.069177	1.364291	1.282837
33	1.012204	0.950462	0.542769	0.573568	1.094648	1.467977	0.737304	1.112425	1.412968	1.397360	1.032555	0.000000	3.225390	0.525506	1.224175	1.056941	1.171237	1.173975	0.934732	1.124092
34	-0.150942	-0.081609	0.229332	0.077686	0.212355	0.432983	0.000000	-0.237616	-0.327453	-0.225861	-0.128235	0.245746	2.171080	-0.088630	-0.247145	0.069359	0.020114	-0.305266	0.267698	0.183003
35	0.425892	0.441379	0.432000	0.000000	0.830462	1.601239	0.741569	0.525899	0.817631	0.638490	0.492711	0.819094	3.361598	0.414729	0.895339	0.688706	0.631193	0.602189	0.474681	0.654934
36	0.000000	0.628956	2.906821	2.792173	0.480571	1.033138	2.091201	1.240155	2.343474	0.789899	0.925462	2.684635	3.806512	2.297944	2.433075	1.310422	2.029258	1.236125	0.865673	1.013138
37	0.909009	1.146146	1.027405	0.000000	1.769709	1.579378	1.598758	1.300253	1.798990	1.311816	1.071939	1.449237	3.605231	0.970911	1.661536	1.160885	1.326766	1.293543	1.202633	1.447405
38	0.420235	0.213577	0.000000	-0.167617	0.531257	0.874045	0.494920	0.418325	0.478344	0.528186	0.389830	0.362104	2.789919	0.209580	0.557750	0.587638	0.473716	0.375672	0.345766	0.437444
39	0.881522	0.822958	2.271484	1.805856	0.869750	2.193700	1.507104	0.056887	1.268548	0.000000	0.440949	1.963879	3.181017	1.447833	1.406455	1.498210	1.103606	0.347693	0.993724	0.887642
40	0.919031	0.814672	1.952144	1.740945	0.000000	1.874849	0.593551	1.572444	1.430803	1.531333	1.216214	1.182472	3.679216	1.391198	1.180763	0.994082	1.506174	1.667541	0.058743	-0.246368
41	1.901550	1.790004	2.830410	2.217494	0.908886	2.518787	1.183634	1.974288	1.920216	1.699829	1.722902	1.941200	3.807539	1.912031	1.309825	2.051822	2.156040	2.097075	1.056625	0.000000
42	0.178118	0.414625	0.362729	0.049130	0.485717	1.174100	0.488825	0.353200	0.332728	0.228851	0.203393	0.263232	3.219840	0.000000	0.311612	0.505506	0.644783	0.496665	0.451725	0.506435
43	-0.692505	-0.915574	0.688360	0.189740	-1.691522	0.519487	-0.783054	-0.480816	-0.213851	-1.093734	-0.948288	-0.012631	2.117821	-0.287968	-0.532879	0.000000	0.126696	-0.622095	-1.746922	-1.890649
44	-0.233440	-0.543482	1.517365	-0.125904	0.292761	0.727014	0.120089	0.408839	-0.071487	-0.373255	-0.786594	-0.019609	2.938631	-0.616515	-0.142054	0.000000	0.261870	0.261747	-0.016878	0.317183
45	0.864928	0.469669	1.554693	0.799991	0.746888	1.995223	0.902286	0.173963	0.535302	0.000000	0.184504	1.086876	3.378378	0.551854	0.430598	0.916800	0.584537	0.224728	0.451455	0.504425
46	0.000000	1.161798	2.283030	1.599330	1.326382	1.716234	1.471614	1.607096	1.266251	0.755905	0.875227	1.579439	3.024020	1.214122	1.325146	1.285325	1.874935	1.861043	1.340806	1.418045
47	-0.362010	-0.694685	0.539794	-0.130219	-1.190190	0.662875	-0.521310	-0.300404	-0.276070	-0.842789	-0.864574	0.039189	2.631575	-0.449518	-0.495907	0.000000	0.081743	0.032559	-1.759293	-1.359502
48	2.590704	1.726100	3.288751	2.726012	0.846740	3.502273	2.183387	2.096459	2.810465	1.784264	1.774602	3.048193	3.858046	2.626231	2.499244	2.998229	2.917799	2.321978	0.000000	0.929027
49	0.197949	0.236938	0.646537	0.458290	0.289961	1.272291	0.151009	0.402815	0.179747	0.060575	0.024287	0.000000	3.116573	0.250823	-0.015633	0.580512	0.745345	0.641513	0.087861	0.131295
50	1.554619	1.096355	2.648382	2.271627	0.288859	2.781184	1.468137	1.904592	1.840019	1.217377	1.253155	2.109973	3.579970	1.801412	1.665188	2.120266	2.287988	1.772631	0.327046	0.000000
51	-0.115839	-0.725616	0.527641	0.172375	-0.938963	1.016944	-0.300328	-0.023704	0.206391	-0.650549	-0.672568	0.000000	2.495791	-0.085493	0.030888	0.301675	0.458901	-0.027823	-1.269284	-1.050230
52	0.653508	0.390697	1.832672	1.297834	1.261669	1.605672	1.319813	0.302150	0.883377	0.369975	0.408336	0.981221	3.042053	0.870503	0.651092	0.626963	0.000000	0.181196	1.241553	1.232413
53	1.041573	0.806468	0.782703	1.245179	0.931480	1.424351	0.603825	1.345879	0.810319	1.280510	1.062345	0.000000	3.201909	0.901639	0.748003	0.761600	1.255591	1.425842	0.951940	0.897403
54	1.217883	0.716685	1.808266	1.221106	0.864659	1.767190	0.845052	0.000000	0.704894	0.365373	0.355931	1.363633	1.739830	0.542625	0.670211	1.459848	1.423337	0.508722	0.745907	0.842183
55	1.536945	1.120148	0.977647	1.670672	1.683763	1.332586	1.258909	1.832009	1.267698	1.666400	1.582959	0.213600	3.110948	1.478492	1.057012	0.246371	0.000000	1.768369	1.777970	1.621012
56	-0.024932	0.231382	0.286164	0.000000	0.183568	0.566354	0.300583	0.159545	0.235922	0.126737	0.193263	0.361459	0.138120	0.159037	0.278019	0.184402	0.305058	0.138463	0.137698	0.261415
57	0.128089	0.412091	0.479031	0.000000	0.154748	0.770781	0.421977	0.311519	0.331667	0.397455	0.328983	0.564082	1.580465	0.161883	0.433597	0.314060	0.312542	0.190497	0.158386	0.141894
58	0.456831	1.033601	1.457805	1.037034	1.308884	1.134787	0.820615	1.548006	0.984427	1.207875	0.908268	0.000000	2.608651	0.610625	0.904523	0.201032	0.503762	1.449734	1.225839	1.296494
59	-0.215769	-0.077712	0.672969	-0.042676	-0.165456	0.459008	0.037847	0.077326	-0.149587	-0.199810	-0.296942	0.450898	2.280409	-0.301597	-0.209150	0.117820	0.219138	0.000000	-0.219939	-0.286301
60	-0.012038	0.442597	0.771755	0.293837	0.515338	0.943984	0.499649	0.217093	-0.020223	0.194239	0.177845	0.459833	2.753912	0.000000	-0.024627	0.352279	0.502984	0.320094	0.500378	0.536012
61	-0.481205	0.380092	0.520913	0.151561	0.493774	0.796831	0.274123	0.137773	-0.304214	-0.152497	-0.087813	0.000000	2.423033	-0.037601	-0.352192	0.025330	0.315513	0.343423	0.407084	0.437957
62	0.078468	0.138085	1.125149	0.849736	-0.416728	1.113564	0.213238	0.635099	0.476340	0.267891	0.000000	0.702130	2.428408	0.412993	0.095809	0.493299	0.960932	0.745752	-0.660757	-0.514683
63	0.054106	0.179226	0.743995	0.429545	0.175680	0.554209	0.078561	-0.022651	-0.246278	-0.196822	-0.203310	0.000000	2.914643	-0.163196	-0.270705	0.187095	0.213023	0.099283	0.185229	0.214798
64	-0.052396	0.396038	0.105767	0.134935	0.491867	0.971569	0.325200	0.229103	0.000450	0.134173	0.106215	0.000000	3.081882	0.134044	0.056473	0.229463	0.416506	0.423043	0.466933	0.503894
65	0.000000	0.800418	2.024256	0.497475	0.504211	1.696863	0.617008	0.995473	0.846887	0.214437	0.157566	1.152598	3.458674	0.354243	0.922104	0.985867	1.305834	1.129094	0.318119	0.419149
66	-0.577360	-1.116702	-0.031087	-0.353067	-1.188518	0.000000	-0.952875	-0.671894	-0.748749	-1.157449	-1.198696	-0.946167	2.237362	-0.823179	-0.988873	-0.656412	-0.504989	-0.294124	-1.616938	-1.261883
67	-0.243184	0.050392	0.000000	0.007263	0.376219	0.310666	0.174262	0.286260	-0.139375	0.033798	-0.064345	-0.044043	2.667209	-0.179638	-0.043383	-0.001774	0.320369	0.352789	0.477561	0.439580
68	0.228473	0.722344	0.962369	0.755568	0.846571	1.314876	0.678560	0.353556	0.000000	0.243244	0.370967	0.664058	2.804348	0.451990	0.081326	0.702219	0.805173	0.454567	0.856439	0.815316
69	1.852203	0.985658	2.913046	2.508641	0.515295	2.819340	2.125416	1.335716	2.240571	0.494301	0.747962	2.638595	3.760839	2.108752	2.203394	2.259050	1.950562	1.315033	0.000000	0.796002
70	-0.000742	-0.160051	0.323023	0.231545	-0.089859	0.376437	-0.084588	0.159376	-0.211544	-0.235294	-0.250242	-0.357151	2.704834	-0.145622	-0.330717	0.000000	0.103040	0.250872	-0.161523	-0.086761
71	0.000000	0.377898	0.262972	0.278387	0.605490	0.528846	0.312433	0.506389	-0.041644	0.137771	0.147353	0.091258	2.589855	-0.024405	0.033817	0.176360	0.367254	0.617762	0.602742	0.684242
72	1.779819	1.631241	2.948446	2.652727	0.000000	2.794497	1.626880	1.902541	2.091788	1.534670	1.572424	2.553663	4.027993	2.275417	2.060941	2.166303	2.206122	2.132125	0.150662	0.258073
73	1.544044	0.475126	2.799051	2.004460	0.406842	2.498055	1.481054	0.130139	1.461048	0.000000	-0.008399	2.010799	3.748607	1.350198	1.358892	1.858817	1.430342	0.430699	0.145784	0.484115
74	0.311926	0.661462	1.026043	0.798705	0.555497	0.793327	0.436057	0.577796	0.000000	0.347217	0.416623	0.687255	2.950631	0.415214	0.038466	0.566944	0.663634	0.681466	0.688805	0.581168
75	0.281078	-0.044496	0.204028	0.000000	0.053840	0.990823	0.043266	0.167215	0.020213	0.178865	0.183620	0.295833	2.919238	0.104092	-0.035094	0.305652	0.290404	0.252672	-0.106488	-0.070394
76	-0.166001	-0.316631	2.645670	1.498056	0.133136	1.905329	0.412151	-0.380303	0.093913	0.091686	-0.319444	1.014742	3.180843	0.000000	0.156243	0.297230	0.064252	-0.681014	-0.138925	-0.112374
77	0.055152	0.634901	1.871448	1.270151	0.842084	0.653502	0.721179	0.622161	0.238838	1.061973	0.465473	0.767374	2.815350	0.258898	-0.135777	0.000000	0.189199	0.496643	1.071612	0.950900
78	-0.342999	-0.146158	0.180907	-0.067326	-0.022864	0.165091	-0.178975	-0.169647	-0.461233	-0.390354	-0.392460	-0.054398	2.501398	-0.317054	-0.422683	-0.120260	0.000000	-0.004830	-0.028826	-0.055002
79	0.448171	0.616289	1.284164	0.822033	0.852999	1.643679	0.529646	0.325368	0.135733	0.000000	0.275180	0.660314	3.297499	0.348125	0.178814	0.817881	0.814182	0.653193	0.722580	0.784224
80	0.000000	1.035362	2.762815	2.434455	1.627065	1.137977	2.215950	1.270678	2.327296	1.794714	1.551649	2.411512	3.062793	2.256947	2.444845	0.537948	1.411202	1.048983	1.648245	1.792731
81	0.164006	0.455434	1.055749	0.835463	0.504667	0.398278	0.163577	0.582276	-0.140360	0.272552	0.194655	0.369369	2.503639	0.000000	0.021374	0.223696	0.405034	0.589387	0.631960	0.493828
82	0.459463	0.544808	1.373402	1.040508	0.401231	1.056988	0.418140	0.490949	-0.096305	0.267112	0.000000	0.444634	3.042597	0.149867	0.034338	0.607436	0.778763	0.493800	0.590074	0.511832
83	1.993445	1.424628	2.323292	2.512214	-0.765469	2.383430	1.516649	0.815138	2.388365	1.332237	1.340318	2.240402	2.051835	2.275976	2.367533	2.333027	2.055385	1.284632	0.555807	0.000000
84	1.112689	1.011874	0.789700	1.168832	1.290706	1.447139	1.050485	1.261625	1.085720	1.176726	1.312309	0.771607	0.000000	1.120106	1.276379	0.887967	1.179753	1.235216	1.235144	1.297821
85	1.098366	1.019494	1.539736	1.315881	1.042727	1.602671	1.254915	0.218771	1.423063	0.000000	0.686208	1.448381	0.804264	1.241495	1.568499	1.230295	0.984314	0.421819	0.912796	1.100415
86	-0.070914	0.010064	-0.301193	-0.149843	0.245654	-0.062446	-0.044825	0.535074	0.215245	0.480396	0.390956	-0.141123	1.191665	0.000000	0.399248	-0.207161	0.029256	0.364944	0.008651	0.160338
87	0.050222	-0.196537	0.408972	0.000000	-0.078630	0.566123	0.040061	0.453782	0.120624	-0.150854	-0.195651	0.268285	2.684005	-0.186648	0.287861	0.232439	0.399621	0.396059	0.011314	-0.036428
88	2.427779	1.610884	2.829004	2.689771	0.742671	2.795801	2.398099	0.000000	2.970183	0.690789	1.130994	2.800854	3.022974	2.632383	3.021023	2.723726	2.165613	0.699995	1.731837	1.750140
89	0.499137	0.476057	0.737387	0.580130	0.914558	0.759371	0.455964	0.567336	0.177212	0.695646	0.591872	0.420444	1.106092	0.000000	0.360780	0.245914	0.068219	0.376267	0.958568	0.987678
90	1.406944	0.808548	-0.485488	0.720317	1.708053	1.503499	1.172508	1.561057	1.593169	1.582718	1.567559	0.000000	1.708484	1.167777	1.854092	0.547813	1.215107	1.399307	1.676260	1.812907
91	0.031243	0.170524	0.416193	0.321731	-0.030817	0.564819	-0.242172	0.256657	-0.226586	0.000000	0.099138	0.033523	-0.290336	-0.145966	-0.461371	0.099825	0.003327	0.220294	-0.152214	-0.135497
92	0.390728	0.356206	1.069179	0.563205	0.276212	0.664959	0.163048	-0.005444	0.100742	0.026022	0.237581	0.562729	1.350949	0.171995	0.090753	0.394178	0.000000	-0.044607	0.274317	0.184399
93	1.555415	0.954541	2.117248	2.168356	0.753271	2.553802	1.798942	-0.018875	2.429491	-0.472509	0.543051	2.158476	2.671527	1.912785	2.399403	2.038853	1.188322	0.000000	0.860180	0.836600
94	0.397352	0.839195	2.387691	1.594325	0.262637	1.307458	0.746854	0.903985	0.000000	0.299023	0.540077	1.471962	3.045835	0.739971	-0.362843	0.879684	1.215430	0.982611	-0.133201	0.015776
95	0.478601	0.595125	1.707992	0.881788	1.090604	1.410519	0.762265	0.304568	0.136985	0.000000	0.265963	0.663987	2.939151	0.287221	-0.095107	0.601661	0.509608	0.522110	0.891153	0.970769
96	0.209417	0.962701	1.660627	0.768742	1.031031	1.419036	1.233130	0.037450	1.404993	0.322414	0.149753	1.242814	2.570593	0.000000	1.566518	0.997919	1.176736	0.468534	0.686528	1.041258
97	2.692539	2.078362	3.210514	3.180392	1.881664	3.051197	3.073908	1.198858	3.124627	0.000000	1.383852	3.280827	3.575921	3.014623	3.244689	3.247756	3.048459	1.755450	2.429796	2.508661
98	0.202940	0.456701	1.082081	0.410412	0.591344	1.072613	0.506528	0.540701	0.040834	0.325005	0.211323	0.850652	3.163715	0.000000	-0.014402	0.486536	0.720788	0.717185	0.459531	0.496294
99	0.000000	0.060737	0.768139	0.134544	0.008457	0.917740	0.163971	-0.556039	0.223467	-0.415741	-0.320312	0.460654	2.403950	0.059140	0.121588	0.354283	0.287836	0.026147	-0.133424	-0.124622
100	2.484636	1.840455	3.021483	2.816727	1.464780	3.022416	2.682781	1.028587	2.737063	0.000000	1.073373	3.011677	3.078509	2.594800	2.770473	2.965166	2.825825	1.703215	1.488723	1.773506
101	0.132904	0.152967	2.064575	1.487434	0.631655	0.957720	0.523717	-0.231691	0.021619	-0.007602	-0.119501	0.789329	2.308991	0.000000	0.261625	0.127359	0.042901	-0.202946	0.555777	0.615817
102	0.502441	0.527151	0.563076	0.580380	0.739802	0.957321	0.438344	0.510985	0.039989	0.444538	0.400360	0.279002	1.890440	0.000000	-0.054982	0.626772	0.818035	0.595530	0.840426	0.806782
103	0.127538	0.220924	0.597357	0.440032	0.108172	0.390100	-0.120471	0.604297	-0.179445	0.086400	-0.108966	0.000000	0.862340	-0.091343	-0.276562	0.253728	0.448761	0.477892	0.294692	0.148782
104	0.589452	0.605242	0.553431	0.595993	0.933028	0.000000	0.498986	1.207615	0.571723	0.991280	0.876884	0.581658	1.517409	0.515991	0.615224	0.676537	0.973269	1.257028	0.824239	0.880103
105	-0.049819	-0.185257	0.171930	-0.086660	-0.299684	0.485049	-0.064315	-0.271723	0.067502	0.041578	-0.184035	0.147668	0.432260	-0.043460	0.143180	0.000000	-0.044675	-0.351987	-0.571915	-0.367402
106	0.216332	0.333027	0.386344	0.524270	0.141660	0.195722	-0.009944	0.928193	0.672459	0.840918	0.465052	-0.142278	1.862588	0.318042	0.582198	0.000000	0.278815	0.747877	-0.007795	-0.076603
107	0.722011	0.733680	1.459898	1.306604	0.863654	1.417977	1.040758	0.483465	1.130641	0.416832	0.628837	0.995265	1.894697	1.054419	1.222657	0.663588	0.650820	0.000000	1.001431	0.888068
108	2.148247	1.677475	2.281213	2.376451	1.510666	2.178744	2.337428	1.475591	2.525253	0.000000	1.163829	2.370768	2.379980	2.301557	2.582233	2.355886	2.392225	1.911833	1.914420	2.003883
109	0.727461	0.999639	0.228978	0.617323	1.528186	0.630738	0.978125	1.565280	1.022692	1.260081	1.187209	0.702598	0.219019	0.883056	1.149980	0.000000	0.278292	1.245910	1.499514	1.584625
110	0.004336	0.285817	0.172596	0.000000	0.366789	0.592347	0.341009	0.234630	0.262873	0.303666	0.401435	0.440876	0.139088	0.326579	0.393710	0.279740	0.364889	0.128990	0.524894	0.391330
111	0.134412	0.200283	0.000000	-0.030592	0.427059	0.786724	0.482464	0.437620	0.651091	0.361535	0.442847	0.578003	1.018138	0.448618	0.781536	0.472640	0.528260	0.303310	0.305696	0.422300
112	0.108104	0.241141	0.224029	0.337520	0.541500	1.046156	0.483128	0.480170	0.000000	-0.051533	-0.119006	0.484564	2.336455	-0.147784	0.278595	0.449844	0.536745	0.384215	0.637794	0.657067
113	-0.305510	-0.086488	0.784356	-0.375573	-0.643289	0.441033	-0.135989	-0.417205	-0.480084	-0.753082	-0.841642	0.350865	1.999718	-1.003432	-0.643313	0.000000	0.141708	-0.375681	-0.477057	-0.556544
114	0.144022	0.416306	0.868136	0.611057	0.540367	0.905146	0.487948	0.337742	0.000000	0.224561	0.265230	0.399398	2.646678	0.327260	0.002308	0.456687	0.558792	0.402513	0.576889	0.551095
115	1.370169	1.271143	2.329043	1.528537	1.140877	2.434780	1.035615	1.417101	0.643126	0.755517	1.029278	1.632491	3.774292	1.093795	0.000000	1.730268	1.587464	1.691243	1.141538	1.035883
116	1.963807	1.342175	3.438333	2.592952	0.563432	2.908206	1.997678	0.884079	2.770988	0.000000	0.655678	2.904552	3.687765	2.256289	2.495584	2.650815	2.211394	1.255569	0.766831	0.098932
117	0.106296	0.092396	0.645696	0.377693	0.290214	0.628296	0.088695	0.202557	-0.269419	0.001993	-0.039458	0.000000	2.996683	-0.101560	-0.284256	0.200997	0.268791	0.334201	0.243395	0.260923
118	-0.275312	-0.326353	-0.532922	-0.487488	-0.239989	0.397532	-0.218201	0.179630	-0.073273	-0.015497	-0.279257	-0.251782	2.835698	-0.290146	-0.026630	-0.234028	0.000000	0.305289	-0.340320	-0.241917
119	1.966208	1.681473	3.207397	3.061967	1.369681	2.926481	2.432093	0.000000	2.577471	0.301437	1.025526	2.826194	3.691795	2.610381	2.528964	2.623978	1.878007	0.997823	1.605247	1.525266
120	1.350192	1.007295	2.197061	1.378554	0.979346	2.075482	1.418805	0.363630	1.179502	0.000000	0.516444	1.884663	3.498486	1.083596	1.080981	1.640796	1.278135	0.824101	1.028929	1.032473
121	0.062925	0.094374	0.237682	0.113008	0.311497	0.551140	0.218058	0.423140	0.046742	0.278072	0.143210	0.000000	3.177701	0.067119	0.103114	0.105415	0.339366	0.534518	0.240635	0.327485
122	-0.068988	0.060354	0.220024	-0.172795	0.250145	1.137731	0.249452	0.119584	0.041427	-0.068856	-0.203778	0.185870	3.292262	-0.143351	0.010931	0.124155	0.000000	0.425622	-0.051370	0.050788
123	1.401965	1.100063	3.347101	2.928536	0.650136	2.388120	2.135635	1.360169	1.712870	0.736206	0.000000	2.420143	3.355699	2.006086	1.442089	1.977929	2.038094	1.828958	1.313685	1.551760
124	0.186236	0.188995	1.248055	0.636520	0.477410	0.614022	-0.069567	0.186194	-0.338815	0.379627	0.161100	0.286950	2.746850	0.084787	-0.501155	0.000000	0.223119	0.327024	0.285408	0.323150
125	-0.211324	-0.366961	-0.059773	-0.122320	-0.488525	0.309541	-0.354252	-0.030997	0.022162	-0.151416	-0.219419	-0.206933	2.512169	-0.125493	-0.020321	-0.140375	0.000000	0.123106	-0.772608	-0.671183
126	1.484067	1.178525	2.641263	2.246703	1.007357	2.620232	1.764399	0.000000	1.880051	0.308079	0.735069	2.244119	3.344739	1.857658	1.878395	2.024910	1.548980	0.915793	0.965249	1.033373
127	2.438530	1.603338	3.134722	2.686797	0.227586	2.854479	1.505515	1.373397	2.470177	1.188067	1.390968	2.285218	2.916449	2.185733	2.203753	2.362825	2.073068	1.766763	0.197821	0.000000
128	0.097503	-0.012504	0.511678	0.231585	0.054921	0.560338	-0.069413	0.266432	0.030572	-0.008276	-0.065954	-0.040580	2.261066	-0.004055	-0.071169	0.000000	0.257852	0.406824	-0.081908	-0.029825
129	0.578099	0.086391	0.736852	0.407015	0.299576	0.764494	0.226072	0.425021	0.398620	0.266823	0.226474	0.229270	2.298384	0.269958	0.424577	0.098503	0.000000	0.495324	0.198953	0.251847
130	-0.407609	-0.203846	1.394203	0.704385	-0.807654	0.000000	-0.276994	-0.273098	0.169765	-0.154250	-0.301327	0.204728	1.772291	0.026558	0.142542	-0.066261	-0.172472	-0.522088	-0.448730	-0.655868
131	0.720653	0.070134	1.661610	0.609217	0.466348	1.356620	0.486905	0.276405	0.000000	0.581100	0.273842	1.124662	2.198015	0.171358	0.048092	0.327038	-0.071781	-0.009630	0.553371	0.334647
132	1.647183	0.985156	2.929320	2.546950	1.018696	2.452497	1.949256	-0.205917	1.798523	0.547370	0.567638	2.473790	3.100292	1.902885	1.607811	2.058225	1.440976	0.000000	0.931135	1.278694
133	0.333512	0.000000	1.266409	0.823789	0.467395	0.931881	0.861532	0.784224	1.043538	1.193790	0.715452	0.964853	1.256782	0.826257	1.042431	0.193244	0.220888	0.171479	0.919235	0.549624
134	0.945065	0.443936	0.730692	1.385480	0.031250	1.250333	-0.146877	0.506236	-0.363739	-0.003908	0.473611	0.000000	1.804503	0.657171	-0.753276	0.588059	0.773611	0.993939	0.061240	0.001915
135	1.667983	1.400475	2.209681	2.020114	1.333461	2.158663	1.569241	1.374554	1.490313	1.629539	1.626972	1.770593	0.000000	1.756258	1.550651	1.687572	1.733998	1.387982	1.483315	1.276372
136	0.278391	0.173600	0.000000	0.179083	0.192266	0.690427	0.145270	0.540642	0.301198	0.165109	0.188756	-0.019871	2.325159	0.170138	0.407143	0.241651	0.366636	0.613022	0.146914	0.125301
137	0.805763	0.446495	0.678833	0.902114	0.727707	1.276145	0.471864	1.108881	0.554562	1.002280	0.909074	0.000000	2.578376	0.704748	0.577850	0.530883	0.791446	1.025718	0.916391	0.692294
138	0.944525	0.860856	1.054229	0.773362	1.186997	1.034370	0.959413	1.191294	1.017233	1.109156	1.069140	1.084458	0.000000	0.935993	1.267330	0.906808	1.008767	1.088498	1.313446	1.146074
139	0.162890	-0.005809	-0.069435	-0.016080	0.131078	0.082606	0.073989	0.458710	0.195872	0.197831	0.207951	-0.067953	1.725996	0.000000	0.345111	-0.064510	-0.152208	0.434553	0.074721	0.047261
140	0.350300	-0.239675	-0.106565	0.000000	0.016916	0.695330	0.045774	-0.334123	0.125007	-0.258601	-0.086312	-0.059883	1.606726	0.025700	0.216919	0.163580	0.075592	-0.126361	0.012402	0.011307
141	0.361492	0.000000	1.107413	0.590716	0.547029	0.922622	0.948489	0.754699	1.146306	0.934532	0.671151	1.140296	1.314589	0.736389	1.287245	0.445822	0.623068	0.412632	0.398317	0.563366
142	1.363999	0.573901	2.025539	1.704493	0.169896	1.946645	0.730668	-0.104520	0.469227	0.000000	-0.013076	1.428906	2.000357	0.701335	0.305005	1.204980	0.423128	0.258634	-0.187282	0.019504
143	0.251395	0.039517	0.683121	0.420184	-0.323289	0.262093	-0.104359	0.365436	0.249895	0.000000	0.229049	0.268497	0.543656	0.255367	0.215302	-0.066408	-0.105418	0.466999	-0.291932	-0.640135
144	1.470526	0.906804	2.405989	1.853198	0.458237	1.985450	1.193854	0.789810	0.929758	0.000000	0.735807	1.660328	1.594568	1.328347	0.498640	1.658967	1.630175	1.297314	0.378339	0.274455
145	0.699486	0.163468	0.288700	0.000000	0.440555	1.288679	0.326398	0.281530	0.585755	0.485345	0.485453	0.400490	2.131043	0.339658	0.600497	0.379583	0.361990	0.428473	0.210001	0.260340
146	0.820947	0.673559	0.675138	0.686801	0.894442	0.799638	0.594916	0.922310	0.809255	0.891313	0.852547	0.474913	0.000000	0.661375	0.854509	0.752778	0.869054	0.905976	1.078774	0.944473
147	1.150169	1.143901	1.472495	1.318661	1.255917	0.000000	1.068314	1.649652	1.047981	1.587726	1.415317	1.283445	2.371043	1.159890	1.148382	1.363590	1.531503	1.612268	1.150885	1.138434
148	1.837393	1.432835	2.446819	2.384844	1.505114	2.559657	2.426598	0.344171	2.456585	0.000000	1.080138	2.581188	2.537857	2.325037	2.541244	2.589426	2.212763	0.758604	1.768088	1.955728
149	-0.252046	-0.132415	0.267986	-0.209471	0.127933	0.264257	0.043736	-0.443139	-0.094665	-0.628297	-0.445795	0.000000	1.651599	-0.179001	-0.109041	-0.015453	-0.095432	-0.341020	-0.063919	0.048043
150	0.184603	0.135271	0.143853	0.000000	0.171963	0.556700	0.135211	0.520359	0.205389	0.513607	0.406786	0.266549	2.458158	0.250138	0.200620	0.160830	0.256351	0.563849	-0.245540	-0.089159
151	1.960036	1.344180	2.707166	2.445951	1.269215	2.791528	1.865535	0.000000	1.368122	0.457875	0.945205	2.290409	3.113892	1.851566	1.642007	2.195521	1.645105	0.635988	1.298950	1.300109
152	2.007712	1.299942	2.674635	2.587227	0.226262	2.799178	1.783448	0.952886	2.901486	-0.095550	0.000000	2.504284	2.701745	2.301490	2.988926	2.467901	2.447777	1.669045	1.115642	1.477232
153	0.000000	0.445784	0.939955	0.290134	0.639283	0.469615	0.373993	0.588575	0.052332	0.566950	0.264808	0.589051	2.518258	0.083781	-0.081439	0.281811	0.495319	0.580902	0.710206	0.615984
154	0.525070	0.260214	0.899243	0.690651	0.345597	0.774997	0.003446	0.675466	-0.072366	0.515086	0.392724	0.000000	2.795219	0.295226	-0.025857	0.163263	0.223489	0.500044	0.266763	0.185562
155	1.550249	1.131056	1.461596	1.800341	2.243960	1.781692	1.650673	2.051992	1.733597	1.637356	1.741775	1.173040	2.624654	1.713494	2.003347	0.000000	0.599369	2.020344	1.863440	2.109356
156	0.480917	0.076873	0.429725	0.476195	0.908814	0.704234	0.105085	0.264343	-0.296244	0.000000	0.078007	-0.003046	1.110044	-0.188517	-0.382668	0.062884	-0.367602	0.186150	1.012950	0.799328
157	1.873210	1.254284	0.000000	1.607302	2.208088	2.175552	1.527627	1.886617	1.677345	1.949247	2.090851	0.332835	3.305604	1.669168	1.824147	0.928296	1.730860	1.837146	2.366046	2.272081
158	1.404498	1.019992	1.497256	0.844808	0.547120	2.160025	1.059549	0.571390	1.749651	0.982155	1.260464	1.682095	0.338187	1.618829	1.742581	1.744845	1.368775	0.534955	0.642441	0.000000
159	0.393801	0.448203	0.493043	0.635727	0.356595	0.730785	0.082465	0.962850	0.108338	0.829957	0.691377	0.000000	1.770559	0.429388	0.146701	0.309520	0.639085	0.934208	0.520560	0.321956
160	0.327190	0.437290	0.270037	0.000000	0.976372	1.229786	0.588691	0.327688	-0.125501	0.018113	0.241508	0.571304	2.291151	0.055766	0.068645	0.512023	0.345296	0.297312	0.951832	0.878031
161	1.188549	0.888086	2.662172	2.174870	1.542140	2.002021	1.405525	0.735084	-0.030645	-0.577695	0.359173	1.488863	2.484999	0.948421	0.000000	1.534678	1.812076	1.065521	1.727977	1.627716
162	2.265933	1.400239	2.745371	2.163543	1.329911	2.687908	2.133971	1.187007	2.207176	0.000000	1.126822	2.499545	2.770839	2.181788	2.106557	2.626182	2.408775	1.335500	1.478540	1.437858
163	2.183034	1.741145	2.300198	2.346815	0.736529	2.955408	1.685695	2.168842	1.777520	1.913334	1.782308	1.994044	3.991331	2.037567	1.572902	2.190701	2.108780	2.459621	0.000000	0.780929
164	0.000000	0.489600	2.272197	1.988441	0.373161	1.788423	1.243121	-0.094941	1.728578	0.190823	0.540189	1.593794	2.589789	1.561927	1.569541	1.209595	1.027497	-0.066262	0.303365	0.087134
165	1.745643	1.526987	2.708732	2.213580	0.853367	2.471339	1.482890	1.535928	2.194481	1.402617	1.516138	2.330174	2.809449	1.989095	1.951475	1.794773	1.915686	1.699587	0.000000	0.214217
166	1.374444	0.867645	0.761728	0.000000	0.589962	1.945359	0.446761	0.450349	1.868373	0.893122	1.085186	1.250220	2.790476	0.979998	1.819190	1.287981	1.077252	0.493495	0.359705	0.246853
167	-0.143751	0.864908	1.842237	1.069237	1.447488	1.056114	0.786995	1.122875	-0.132105	0.989955	0.483352	0.982443	2.809097	0.123109	-0.079548	0.000000	0.635763	1.028690	1.443054	1.397171
168	3.647419	3.045299	4.329494	4.038227	2.222472	4.200168	3.489606	3.397939	4.364917	3.501510	3.246837	4.134685	4.172517	3.988895	4.053713	3.762165	3.714357	3.358486	0.000000	2.325371
169	1.466285	0.814965	2.417676	1.967025	1.453611	2.190060	1.283425	0.490792	0.835329	0.617609	1.106153	1.084154	2.445019	1.246054	0.000000	1.543392	1.274132	0.572193	1.436934	1.559860
170	0.170199	-0.183400	0.155748	0.028753	0.250378	0.665507	-0.316047	-0.145712	-0.612141	0.123279	0.035239	-0.396791	2.385995	-0.120125	-1.021834	0.000000	0.001189	0.041311	0.229815	0.050023
171	0.196012	-0.051437	0.898882	0.000000	0.082135	0.827546	0.111007	0.043935	0.275773	0.376321	0.261925	0.488064	1.983468	0.215448	0.306234	0.248992	0.238109	-0.056311	0.226793	-0.042952
172	1.405002	0.706633	2.428736	2.214328	0.341740	2.320376	1.368447	-0.088734	1.564327	0.303729	0.588476	1.912000	2.440750	1.619942	1.577504	1.872628	1.325878	0.000000	0.601050	0.445966
173	1.522740	1.599805	2.080801	1.788440	2.281564	0.000000	2.235260	2.297606	2.684906	2.116083	2.015625	2.236285	2.237762	2.028168	2.901621	1.441296	1.808119	2.121680	2.214612	2.442816
174	0.788476	0.939590	2.021690	1.291836	1.314240	1.273122	1.010881	0.712803	0.000000	1.079172	0.807053	1.248527	2.217865	0.715313	-0.085620	0.907638	0.844559	0.755232	1.246595	1.178997
175	-0.136057	0.210273	0.798555	0.312666	0.266781	0.998793	0.456042	0.164216	-0.003360	0.032829	-0.032983	0.668098	2.482688	0.000000	0.036495	0.396982	0.622983	0.424297	0.325294	0.320917
176	1.850578	1.081216	3.081347	2.835600	0.866112	2.787560	2.229127	1.014884	2.533420	0.000000	0.761087	2.559908	3.580943	2.382577	2.540513	2.244691	1.951390	1.322432	1.469370	1.273973
177	1.921348	1.754742	3.697203	3.108030	1.597273	2.687665	1.591083	2.317833	0.889128	1.140531	1.421994	2.087377	3.860878	1.880006	0.000000	2.229987	2.227985	2.472295	1.459433	1.500152
178	0.426961	0.328468	0.073410	0.264032	0.459917	0.504430	0.477982	0.728989	0.610847	0.704532	0.561035	0.317555	0.000000	0.487974	0.750594	0.389297	0.530942	0.750315	0.467376	0.465436
179	1.991972	1.330395	2.173103	2.211661	1.307217	2.407128	1.830949	1.202683	1.875521	0.000000	0.935271	2.068872	2.510709	1.925077	2.079292	2.124408	2.000228	1.729266	1.478409	1.315683
180	1.680937	0.874534	1.767523	1.459843	0.153711	2.092713	0.922602	0.795767	1.702325	0.633299	0.655181	1.387272	2.430279	1.189784	1.625164	1.821485	1.713483	1.060336	0.122301	0.000000
181	1.302651	1.056305	-0.071851	0.000000	1.285309	1.991061	1.066014	1.220190	2.093377	1.072489	1.046118	1.188618	3.004637	1.197251	2.075144	1.415268	1.608439	1.629043	1.052220	1.192718
182	1.643721	1.151270	0.630754	0.000000	1.936025	2.351740	1.903102	1.603511	2.137425	1.508593	1.478675	1.803109	3.290375	1.293987	2.191793	1.761077	1.734938	1.679869	1.589317	1.910479
183	1.129781	0.906007	2.802951	2.511026	0.162769	2.456399	1.374816	0.602535	1.057864	-0.034776	0.526796	1.944164	3.497759	1.651888	0.987923	1.570819	1.702683	1.090824	0.325915	0.000000
184	2.041658	1.133170	2.828366	2.398258	1.630041	3.149153	2.061629	0.036954	1.984409	0.698008	1.060993	2.101218	3.522895	1.936638	1.930201	2.302103	1.459253	0.000000	1.604152	1.709087
185	0.063386	0.077793	-0.568992	-0.788415	0.414382	0.571181	0.261853	0.173054	0.387013	0.098376	-0.024923	0.105640	2.056394	-0.123132	0.379234	0.092642	0.056593	0.000000	0.410174	0.374016
186	2.180857	1.682586	2.496806	2.554769	1.490943	2.753080	2.423449	1.107732	2.803422	0.000000	1.110377	2.744485	3.075164	2.527924	2.840036	2.682611	2.499756	1.845137	1.741729	1.559965
187	0.965039	0.739112	2.698673	1.896875	0.677560	2.209918	1.141381	0.856851	0.000000	0.252054	0.182496	1.679841	3.369553	0.939835	-0.828507	1.642156	1.191564	0.876451	0.846648	0.636972
188	1.712624	1.198094	1.327090	1.713725	1.843627	2.091670	1.499225	1.392553	1.603387	1.599640	1.641987	0.000000	2.546911	1.503943	1.353446	1.288084	1.569280	1.515189	1.871402	2.014989
189	0.980289	1.121052	0.739298	0.000000	1.469354	2.183384	1.728781	1.385266	2.091136	1.279490	1.008069	1.818212	3.634675	1.154112	2.183928	1.487395	1.630459	1.548813	1.150646	1.449471
190	0.709886	0.997224	2.337888	1.185567	0.574783	1.974964	1.485862	0.597303	1.523907	0.524355	0.000000	1.924194	3.471495	0.784182	1.444137	1.605498	1.878484	0.812965	0.007730	0.605236
191	0.000000	1.080868	2.565241	2.404993	1.623523	2.019012	2.202207	1.960964	2.540566	2.126525	1.803656	2.368746	3.003587	2.419635	2.422224	1.122849	1.620489	1.598583	1.695849	1.642163
192	0.820276	1.141207	1.969207	1.253165	1.187160	1.656220	0.886533	0.592950	0.229250	0.769729	0.685307	1.258669	3.183607	0.680425	0.000000	1.055521	1.006834	0.725274	1.450952	1.217687
193	0.000000	0.865078	1.629812	0.942478	1.264422	1.254838	1.062031	0.877856	0.598029	-0.084717	0.253933	0.971725	3.298186	0.725439	0.754486	0.885842	1.443189	1.310157	1.385285	1.290071
194	1.435020	0.964967	1.675171	1.334954	1.560954	1.964613	1.379853	1.461775	1.688491	1.105682	0.956164	0.000000	3.029414	0.993067	1.322368	1.418289	1.708888	1.440516	1.459715	1.611992
195	0.373798	0.033128	0.464274	0.731804	0.707650	-1.215533	0.000000	1.855057	0.256350	0.994420	0.572247	-0.082494	1.877772	0.172337	0.473975	0.161431	0.904367	1.705933	1.102803	0.867937
196	2.187403	1.543224	2.874356	2.072155	0.617839	2.875878	1.140726	2.570665	1.985589	2.050219	1.759134	2.305986	3.721088	1.921957	1.794089	2.309136	2.462158	2.527810	0.790675	0.000000
197	0.270412	-0.019972	0.051391	0.000000	0.128696	0.684915	0.258600	0.240487	0.289482	0.121354	0.206725	-0.012473	0.864633	0.214732	0.365258	0.326917	0.261721	0.358786	0.448741	0.178103
198	1.111210	0.594563	0.000000	1.325592	0.833622	1.394380	0.349224	2.234512	1.820308	2.343635	1.880075	-0.151557	2.464976	1.530269	1.694325	0.366017	0.855957	2.011138	1.188561	0.829794
199	0.448842	0.828716	1.201131	0.676828	0.403184	1.860192	0.794228	0.973467	2.061804	0.564531	0.478586	1.444336	2.404917	0.914873	1.872963	1.435965	1.280846	1.387932	0.004382	0.000000
200	-0.829128	0.450215	0.313799	0.266358	0.803576	0.000000	0.911259	0.986933	1.360603	1.405908	0.961037	0.969225	0.918399	0.837255	1.371243	-0.208102	0.698206	0.801216	0.496991	0.502574
201	0.505371	0.820083	0.000000	0.024075	1.282282	1.223149	0.814473	1.287798	1.409673	1.203371	0.866970	0.801568	2.569774	0.598135	1.483640	0.334272	0.480137	1.220407	0.772343	0.958885
202	1.385310	1.156478	2.145427	1.812271	0.514298	2.451182	1.649257	1.391691	2.103667	0.874667	0.668774	2.276480	2.973268	1.604301	2.058853	1.652720	1.704462	1.522392	0.196242	0.000000
203	1.041100	0.630328	0.670100	0.029514	0.823720	1.685236	1.133282	0.613248	1.574126	0.515927	0.479294	1.181587	2.199361	0.648325	1.504817	1.281743	1.126592	0.776402	0.000000	0.911405
204	1.300820	1.562757	2.218775	2.133308	1.185614	2.126674	1.521781	1.476735	1.424966	0.790082	1.091453	1.265496	3.175192	1.714591	0.000000	1.547348	1.509382	1.706869	1.102178	0.874240
205	-0.553106	0.144778	0.798765	0.604001	0.789883	0.000000	0.347145	0.311328	-0.085085	0.435084	0.120172	0.216434	2.011406	0.101734	-0.049059	-0.675311	-0.345697	0.226817	0.655288	0.680986
206	-0.312253	-0.077672	0.000000	-0.365872	-0.026035	0.378963	0.216962	-0.191167	0.220127	0.143544	-0.072194	0.223119	1.134740	-0.093542	0.331000	-0.085417	0.049076	-0.120484	-0.160854	-0.024668
207	2.414627	2.028720	2.432597	2.255585	0.787577	2.571631	1.823231	2.200470	2.843780	2.330328	2.210317	2.252024	2.527600	2.358573	2.595453	2.395631	2.289678	2.255535	0.736339	0.000000
208	0.591562	0.892074	0.919184	0.000000	1.049295	1.187466	1.050064	0.948960	1.272596	1.054991	0.869706	1.281792	2.388291	0.658742	1.451826	0.608322	0.782185	0.643119	1.037073	0.872090
209	0.894829	0.946928	1.094367	0.806131	1.198386	1.523963	1.128481	0.648757	1.482846	1.276015	1.143005	0.832883	1.570804	0.853497	1.383974	0.528346	0.555610	0.000000	0.836717	1.095630
210	0.108538	0.053655	0.045784	-0.051927	0.250446	0.255249	-0.087987	0.189035	-0.067056	0.362678	0.269606	0.000000	0.697661	-0.120636	0.071646	-0.164952	-0.164623	-0.015408	0.318122	0.275392
211	0.714238	0.475779	0.457085	0.614839	0.775057	0.000000	0.627361	1.103413	0.991344	1.131829	0.928738	0.417510	1.465393	0.663137	1.101685	0.539302	0.775239	1.011647	0.756910	0.762804
212	0.627985	0.367110	0.619421	0.794665	0.353472	0.938119	0.303722	0.174058	0.680389	0.478950	0.509740	0.281846	0.768725	0.469383	0.636178	0.492020	0.444581	0.000000	0.435170	0.278441
213	-0.064237	0.069209	0.000000	-0.035014	0.353415	0.148423	0.254059	0.307928	0.128835	0.309527	0.285253	0.178429	-0.090617	-0.004053	0.361295	0.090883	0.219455	0.080130	0.508862	0.422015
214	0.626595	0.445156	0.566907	0.597919	0.896280	0.000000	0.533190	1.153659	0.577523	1.125867	0.852937	0.314043	1.159198	0.517308	0.702554	0.617738	0.812858	1.044515	0.928622	0.855353
215	1.776980	1.419605	2.230258	2.238456	0.755077	1.961036	1.044034	1.701550	1.587622	1.558875	1.606411	1.571486	2.030649	1.775286	1.362966	1.803037	1.771136	1.581781	0.907858	0.000000
216	-0.326329	0.019830	0.000000	0.055157	0.571205	-0.076347	0.052900	0.490424	-0.145987	0.491874	0.217755	-0.054359	0.718288	-0.113190	-0.056024	-0.226290	0.113016	0.361416	0.532172	0.447902
217	2.024394	1.503028	2.934635	2.595475	0.943033	2.519022	1.355114	1.427880	1.209117	1.687295	1.518194	1.944228	2.554892	1.755445	0.895361	1.918179	1.585208	1.433101	1.214575	0.000000
218	0.858080	0.726927	0.508060	1.021711	1.333120	0.769347	0.798378	1.302059	0.557347	0.963200	1.072293	0.526791	1.424427	0.716193	0.671706	0.000000	0.002493	1.293153	1.482040	1.386477
219	0.439181	0.925387	1.742148	1.464155	1.210861	1.183889	0.830851	0.383752	0.244518	0.487856	0.538997	0.989609	0.483019	0.896338	0.000000	0.735351	0.807982	0.558096	0.958196	0.939767
220	-0.296820	-0.211374	-0.334014	-0.572832	0.219161	0.000000	-0.290077	0.300843	-0.262156	0.210388	-0.060615	-0.207769	0.932642	-0.528373	-0.142375	-0.209847	-0.130838	0.281657	-0.096575	0.063657
221	0.547610	1.155276	1.270822	0.906519	1.644735	1.372084	1.184650	1.586022	0.200294	1.277045	0.827512	1.150688	2.958506	0.000000	0.352226	0.915979	1.278908	1.519210	1.497457	1.677908
222	1.545943	1.059989	2.149398	1.944687	0.384631	2.249767	1.794522	0.313814	2.168361	0.000000	0.619062	2.220635	2.138552	1.792068	2.374796	1.887929	1.479335	0.520006	0.762172	1.004464
223	0.871513	0.487965	0.154527	0.151781	0.376254	1.279065	0.753024	0.000000	0.960291	0.386419	0.434064	0.810820	1.542602	0.610891	0.758773	0.932131	0.707105	0.402451	-0.302037	-0.000368
224	0.217406	0.162765	-0.012129	0.000000	0.535642	0.612555	0.271695	0.333602	-0.054245	0.462387	0.312573	0.176484	2.368021	0.050585	-0.030099	0.014616	-0.132776	0.333923	0.501564	0.415328
225	0.089933	-0.028333	0.000000	0.037835	0.324821	1.061146	0.256700	-0.317603	0.074142	-0.398851	-0.193089	0.041112	2.811407	0.046039	0.120297	0.358793	0.265502	-0.093265	0.003833	0.230059
226	0.789204	0.666166	2.580573	1.902946	1.159296	2.217911	2.018077	-0.013068	2.148755	0.031316	0.022113	2.253788	2.705135	1.519468	2.128911	1.501142	0.865767	0.000000	1.241594	1.606670
227	1.039483	0.798308	-0.062769	0.000000	1.447438	1.908241	1.165813	1.225450	1.536945	1.290952	1.018615	0.779080	3.537733	0.980393	1.420623	1.066284	1.172034	1.357875	1.176039	1.349575
228	-0.277355	0.164832	0.434070	0.271877	0.398145	0.739596	0.000000	0.320273	-0.607669	0.312577	0.069904	0.082108	2.499870	-0.136194	-0.776119	-0.103508	0.183525	0.336604	0.375333	0.299536
229	-0.729372	-0.072094	0.116913	-0.112094	0.623576	0.210079	-0.678336	0.295298	0.542524	-0.018897	-0.060101	-0.831130	1.874265	-0.517629	0.525308	-0.472154	0.000000	0.255829	0.286629	0.287707
230	1.829353	1.449812	2.929594	2.486627	0.000000	2.719200	1.887388	1.258874	2.650023	1.304635	1.012561	2.446201	3.416341	2.126778	2.527192	1.969794	2.160258	1.780716	-0.163038	0.939907
231	0.274799	0.371422	0.570772	0.000000	0.825666	1.047855	0.503464	0.702215	0.308733	0.419959	0.311895	0.434272	3.004365	0.241741	0.458512	0.663734	0.901085	0.763831	0.823114	0.674971
232	0.004762	0.235285	0.578475	0.000000	0.338265	1.110348	0.295181	0.388172	-0.042398	-0.283541	-0.351131	0.574946	2.629398	-0.253801	0.252857	0.518290	0.646777	0.545175	0.425885	0.336586
233	2.247211	1.623417	3.154346	2.957453	0.949412	3.066271	2.751131	0.000000	3.131148	0.155509	0.771820	3.027678	3.298949	2.670082	3.122386	2.809791	2.030576	0.617004	1.717599	2.036779
234	1.247094	0.922637	2.680703	1.794620	0.690339	2.338684	1.175229	0.673931	0.000000	0.378148	0.178634	1.656816	3.459697	0.902259	0.080569	1.507617	1.302776	0.826401	0.231915	0.476837
235	0.948573	0.830865	0.734340	0.543969	0.902610	1.084250	1.043854	1.183000	1.324845	1.187379	1.100531	1.124327	0.000000	0.984044	1.564351	0.970142	0.993594	1.118033	0.761975	0.892986
236	2.216732	1.435205	2.613151	2.559302	0.216099	2.812577	2.341105	1.435008	2.599624	0.000000	0.840882	2.610742	2.923286	2.408805	2.681192	2.666824	2.557012	1.814511	1.360710	1.302639
237	2.383783	2.061519	3.147417	2.993931	0.291860	3.143187	2.067613	1.263269	3.056179	1.632364	1.812930	2.919946	3.001402	2.763357	2.958635	2.749264	2.592043	1.958673	0.513596	0.000000
238	0.800171	0.399826	-0.115643	0.000000	0.863470	1.613311	0.815400	0.902030	1.254433	0.422356	0.459471	0.392411	3.116522	0.675137	1.309797	1.015272	1.112595	1.146751	0.700753	0.679590
239	-0.597741	-0.037821	1.266288	0.067372	-0.077705	1.127626	0.000000	0.120590	0.523524	-1.336377	-0.597797	0.812418	2.203671	0.038718	0.280460	0.649535	0.956740	0.189160	-0.153937	-0.400119
240	2.807957	2.127501	3.245767	3.095590	1.415308	3.383572	3.114418	0.904487	3.148999	0.000000	1.279048	3.298671	3.551104	2.997074	3.230398	3.183431	2.814390	1.521620	2.519140	2.691970
241	-0.205640	-0.736330	0.887309	0.336186	-0.876369	0.666322	0.000000	-0.727485	-0.036349	-1.630288	-1.156426	0.488410	1.149250	-0.124182	-0.384975	0.444421	0.264542	-0.548979	-0.457608	-0.504921
242	0.000000	1.603907	1.848853	1.647436	2.092323	1.431981	1.795584	1.876949	1.610642	2.023552	1.402973	1.351362	3.318064	1.261411	1.425195	0.307209	0.586983	1.791411	1.987224	2.095787
243	2.792258	2.544848	3.758828	3.375352	0.938116	3.787344	1.866456	2.565909	3.627142	2.597102	2.620476	3.326666	4.225029	3.196077	3.281466	3.152914	2.974471	2.484471	0.411753	0.000000
244	1.683701	1.225556	2.986948	3.034338	0.851320	2.717448	2.685255	-0.410012	2.992087	-0.102718	0.658276	2.812821	3.268922	2.765077	3.000966	2.771758	2.100106	0.000000	1.800729	2.011742
245	1.884185	1.797905	3.694474	3.135066	1.971434	2.777857	2.092508	1.146971	0.720360	0.943603	1.234836	2.226259	3.914029	1.867419	0.000000	2.160998	1.580629	1.368870	2.275680	2.060860
246	0.000000	-0.091661	0.233537	0.294774	-0.020552	0.622860	-0.008230	0.060016	-0.323804	0.014482	-0.222848	-0.038194	3.125248	-0.239839	-0.268989	-0.288657	-0.179149	0.177360	-0.216421	-0.025849
247	0.797145	0.720625	2.782771	1.438955	1.463964	2.382441	1.051106	1.022837	0.000000	0.663739	0.475270	1.221237	4.004648	0.308807	0.137282	1.177808	1.104355	0.794223	1.468670	1.358689
248	2.319124	1.734934	3.053009	2.945945	1.742267	2.780192	2.802180	1.666298	2.887390	0.000000	1.271640	2.986951	3.306382	2.724028	3.011369	2.808602	2.687109	2.084870	2.231562	2.364938
249	0.559405	0.962370	1.733472	1.153436	1.326869	1.197183	1.301259	0.532388	0.789721	0.536920	0.000000	1.391587	2.740966	0.575233	0.699985	0.840667	1.122404	0.948659	1.296930	1.360062
250	-0.368210	-0.224064	0.039501	-0.357253	-0.123304	0.224091	-0.077387	-0.320199	-0.235981	-0.455622	-0.417412	0.000000	1.909757	-0.305520	-0.059722	-0.132057	-0.193506	-0.339268	0.004150	-0.071993
251	0.000000	0.102701	1.719388	0.584032	0.046896	1.609863	0.381516	-0.327870	0.662422	0.119341	0.063069	1.040876	2.494984	0.433112	0.702112	0.860859	0.434969	-0.714936	0.136417	-0.095074
252	2.813024	2.015497	2.991288	3.050505	0.304785	3.297739	2.033746	2.568887	3.497293	2.585696	2.462173	2.863924	3.617477	2.972059	3.302252	2.950968	2.939349	2.546723	1.032742	0.000000
253	0.736941	0.776101	1.400542	1.145738	0.713854	0.819366	0.885331	1.182521	0.828384	1.064332	0.915056	1.192359	0.000000	0.944265	1.002722	0.863365	1.105163	1.036852	0.959334	0.866944
254	0.151800	-0.229231	-0.205807	0.017914	-0.026523	-0.755642	-0.151325	0.622001	0.180500	0.320831	0.210636	-0.300909	0.936191	0.070677	0.284556	0.000000	0.171049	0.630182	0.024267	0.007392
255	0.427605	0.118633	1.237195	0.439692	0.242855	1.285433	0.107923	0.111762	-0.080840	-0.149260	-0.215079	0.656449	2.436557	-0.240878	-0.154880	0.681850	0.500852	0.221149	0.288954	0.000000
256	1.768091	1.198323	2.115928	2.092478	1.153779	2.108050	1.871711	0.000000	2.231378	0.477512	0.814777	2.111641	2.624594	1.802909	2.387678	1.912828	1.645503	0.798649	1.408040	1.543076
257	0.517255	0.590612	-0.336084	0.439627	1.130678	0.830240	-0.196500	1.249593	0.746397	0.865250	1.043099	-0.093541	0.785873	0.590839	0.897559	0.000000	0.731487	1.286274	0.981271	1.038786
258	0.514638	0.798352	0.999545	0.607236	1.192096	1.167883	1.017433	1.036273	0.874539	1.127683	1.037988	1.031024	0.000000	0.855231	1.026621	0.802948	1.041853	0.960210	1.183020	1.232915
259	-0.592778	-0.877190	-1.431751	-1.014209	-0.829207	-0.488818	-1.084055	0.000000	-0.671516	0.139881	-0.413591	-1.144937	1.452879	-1.022873	-0.670817	-0.839612	-1.063035	-0.209494	-0.787355	-0.887798
260	1.994941	1.795403	1.949082	2.151768	2.158664	0.000000	2.229457	2.518679	2.402062	2.514654	2.399938	2.142140	2.745600	2.360131	2.639966	2.179744	2.415091	2.443599	2.050761	2.246182
261	-0.416611	0.000000	1.125985	1.219584	0.717115	-0.262435	0.989015	0.971178	0.962864	0.803363	0.601025	0.524692	-0.926503	0.767275	1.041610	0.366789	0.942659	0.673326	1.084459	1.014789
262	2.556170	1.862417	3.313713	3.082951	0.979050	3.364774	2.515753	-0.037735	3.035436	0.000000	0.922079	3.134448	3.057431	2.856604	2.985634	2.943780	2.033164	0.936297	1.702864	1.596635
263	1.540544	1.131815	1.582033	1.625982	1.548705	2.268576	1.597545	0.651994	2.205493	0.735501	1.420976	1.748896	0.000000	1.902705	2.411387	1.629122	1.533342	1.073152	1.611902	1.654595
264	0.000000	0.685712	0.568687	-0.329776	1.303759	1.069067	1.253485	0.521096	1.468715	0.972365	0.634118	1.144297	1.281650	0.283226	1.553014	0.525801	0.715267	0.554736	0.824831	1.167738
265	0.953819	0.812523	1.212444	0.132707	0.743127	1.621584	0.000000	1.869282	2.338341	1.989261	1.590382	1.213386	0.861556	1.109229	2.204261	1.424227	1.796422	1.399961	0.734162	0.496200
266	1.450325	1.125137	2.481224	2.607369	1.610648	2.573503	2.663032	0.650617	2.719750	0.000000	0.415477	2.576523	2.794298	2.158636	3.157480	1.988059	1.865371	0.934635	2.274364	2.374555
267	1.447946	0.819617	2.647901	2.206939	0.394578	2.047406	1.425599	1.239943	1.919143	0.000000	0.236212	1.731614	2.660614	1.261845	1.664666	1.887665	1.294545	1.378809	1.013369	0.696094
268	1.501522	1.789759	2.086367	2.178861	1.731414	0.000000	2.033363	2.087074	2.148179	2.135623	2.037903	1.944997	2.165657	2.162231	2.342383	1.531793	1.785623	1.940167	1.823526	1.859157
269	2.085931	1.158064	0.000000	1.105250	1.514570	1.561691	1.693230	2.505810	2.433684	2.220130	1.898575	1.068758	2.846780	1.763273	2.433660	1.346254	1.506609	2.595249	1.283039	1.498836
270	0.630474	0.645319	1.643935	1.416418	0.810605	1.266109	1.327196	0.096442	1.283615	-0.080344	0.000000	1.380600	0.513123	1.035393	1.304273	1.145857	0.940741	0.479553	1.109589	1.214791
271	1.178014	1.068802	1.364908	1.354922	0.490418	1.761585	0.788600	1.161323	1.757654	1.010729	1.188584	1.541960	1.632964	1.233054	1.883096	1.528796	1.371528	1.102091	0.000000	0.794342
272	1.406009	1.608548	2.283011	1.970859	2.075852	0.000000	2.272314	2.384873	2.426194	2.383902	2.098428	2.081905	2.087602	1.986412	2.667312	1.790385	2.262454	2.222333	2.180276	2.329488
273	-0.344880	-0.606150	0.675529	-0.004053	-1.101187	-0.215690	-0.177343	-0.427375	0.172695	-0.586599	-0.634203	0.318357	0.872905	-0.180058	0.000000	0.089650	0.132372	-0.270482	-1.168737	-1.014057
274	0.280265	-0.515759	-0.585071	-0.179711	0.000000	0.509761	0.154040	0.102322	0.178902	0.482895	0.228925	-0.324499	1.299087	-0.016803	0.169387	-0.202702	-0.251895	-0.064553	0.111767	0.079788
275	3.118960	2.541803	3.944960	3.818116	1.849018	3.510195	3.121690	2.940532	3.790324	2.489864	2.369912	3.508948	3.022445	3.373133	3.692084	3.368422	3.406241	3.160922	0.000000	1.811413
276	-0.071856	-0.275380	0.230982	0.178407	-0.185423	-0.087545	-0.099101	-0.157899	-0.048696	0.045179	0.044372	0.063281	1.532488	0.054658	-0.160843	-0.073453	0.000000	-0.047843	-0.448731	-0.472677
277	0.571521	0.544478	1.401750	1.011139	0.691595	1.002862	0.374165	1.223250	0.525006	1.094591	0.823784	0.000000	1.363902	0.510781	0.569800	0.455350	0.958773	1.083986	0.558947	0.630427
278	2.393987	1.681946	3.157038	2.920196	1.915132	3.046408	2.787360	1.486354	2.808764	0.000000	1.135915	2.828902	3.288992	2.543700	2.944860	2.699740	2.453224	1.758063	2.012193	2.245824
279	1.569987	1.306731	2.281122	1.735392	0.268775	2.271610	1.419576	1.307361	1.888292	1.135064	1.225682	2.078666	2.960011	1.763375	1.807580	1.974177	2.097940	1.667515	0.172442	0.000000
280	-0.022996	0.110191	0.209453	0.185338	-0.053000	0.154108	-0.054258	0.291693	-0.097698	0.343926	0.187693	0.089866	-0.171798	0.078184	-0.039595	0.000000	0.289655	0.270665	-0.058297	-0.102599
281	1.642216	0.923208	2.179129	1.787657	1.105535	2.544961	1.283078	-0.177377	1.113722	0.000000	0.690517	1.827410	2.652133	1.288831	1.034658	1.908378	1.187302	0.215312	0.965139	1.039875
282	0.914022	0.257837	2.767375	2.662339	1.130340	2.332471	2.199925	0.099651	2.442967	0.072148	0.484276	1.962552	2.915571	2.095924	2.334997	1.375371	0.000000	-0.164945	1.751355	1.641552
283	0.256483	0.215300	0.369566	0.257242	1.060356	1.221961	0.564733	0.186940	0.129571	0.538038	0.241192	0.352214	2.288538	0.038495	0.301515	0.165542	0.306092	0.000000	0.986631	0.876100
284	0.315408	0.389981	1.362247	1.415764	-0.216899	1.418895	0.878898	0.131968	1.547041	0.036820	0.417533	1.184401	0.000000	1.183350	1.696944	1.037187	0.916394	0.520492	0.864633	0.828277
285	2.236692	1.587497	2.553962	2.716241	0.000000	2.619972	1.504150	2.356370	2.426343	2.148959	2.067108	2.028248	2.808539	2.424022	2.429045	2.248750	2.446767	2.513361	0.763108	0.276998
286	-0.078358	0.139167	0.593700	0.478659	0.268831	0.000000	0.206669	0.587959	0.222763	0.551854	0.402391	0.359784	-1.139438	0.374935	0.433002	0.072354	0.555918	0.667290	0.377398	0.409417
287	0.153340	0.173669	-0.150761	-0.102751	0.195597	0.209821	-0.118097	0.812781	0.467770	0.664602	0.508640	-0.075314	1.349272	0.000000	0.603116	-0.079908	0.099820	0.822498	-0.118475	0.124553
288	0.864947	0.817584	2.138844	1.715638	0.393254	1.660613	0.293946	0.807794	0.000000	0.362722	0.487507	1.204469	2.432080	0.749102	-0.038504	0.881561	0.816783	0.797031	0.508102	0.229313
289	0.497840	0.515340	0.751404	0.676304	0.573155	0.898098	0.466823	0.776264	0.405926	0.760727	0.666314	0.632704	0.000000	0.485663	0.549920	0.616398	0.752815	0.747589	0.639247	0.587276
290	-0.245501	0.203793	-0.123943	0.012483	0.345778	0.227612	-0.007160	0.401629	0.005950	0.090716	0.057449	0.000000	-0.034332	-0.118319	0.037762	-0.027258	0.317569	0.444479	0.430194	0.402832
291	1.695582	1.159675	1.918941	1.896516	1.281435	2.019151	1.835210	0.000000	2.157102	0.326046	0.940731	1.804781	1.981650	1.801844	2.129543	2.032874	1.706511	0.394461	1.347227	1.421706
292	2.185571	1.191203	0.000000	1.409168	1.875468	2.490722	1.859037	1.866834	2.190064	2.143165	1.978997	0.985467	2.836501	1.926736	2.215956	1.898495	2.194999	1.893644	1.794199	1.801004
293	0.944665	0.699578	2.269096	2.402067	0.426654	2.047934	1.925831	0.228552	2.134855	1.199247	1.122060	2.092104	1.296426	2.078822	2.261520	1.530532	1.088712	0.000000	1.038973	1.261236
294	2.184818	2.139582	2.242920	2.575937	2.639899	2.091374	2.279102	2.576700	2.014803	2.667979	2.345306	1.863665	3.537465	2.102226	1.850803	0.817152	0.000000	2.613962	2.525045	2.656749
295	-0.478141	0.093325	0.000000	-0.060871	0.180721	-0.030022	-0.140566	0.136598	-0.761390	0.043597	-0.187489	-0.100856	0.512938	-0.851522	-0.462621	-0.243004	-0.119977	-0.009262	0.102218	0.275162
296	0.000000	0.698829	1.623648	0.929234	0.614819	1.034796	0.416509	0.592817	-0.098941	0.897746	0.434152	0.522425	2.071909	0.145921	-0.219545	0.179823	0.470933	0.363393	0.549660	0.542029
297	2.887081	1.993818	3.687526	3.603259	1.287394	3.383153	3.355555	1.830836	3.631427	1.038647	0.000000	3.537499	3.755576	3.115056	3.739047	3.666089	3.739038	2.768116	2.492279	2.357492
298	0.561509	0.558874	1.582680	0.980942	0.612613	1.459160	0.685590	-0.172608	-0.027912	-0.019995	0.202380	0.852174	2.911890	0.527314	-0.135405	0.873361	0.749216	0.000000	0.824241	0.647650
299	-0.847448	-0.311833	0.000000	-0.283020	-0.193577	0.148434	-0.235058	-0.159537	-0.719453	-0.462428	-0.521666	-0.216551	2.084347	-0.528247	-0.701373	-0.381470	-0.158232	-0.154180	-0.097924	-0.148599
300	0.083750	0.427347	1.203659	0.920491	0.871974	0.960549	0.464868	0.849942	-0.205828	0.227298	0.062627	0.375935	2.536938	0.000000	-0.170871	0.392258	0.801910	1.058210	1.023832	0.916772
301	0.000000	-0.142241	0.230446	0.314039	0.177993	-0.693774	-0.266613	0.966071	-0.228888	0.429819	0.032030	-0.372163	1.788246	-0.327081	-0.037089	0.057352	0.567696	0.825356	0.642352	0.339524
302	2.344196	1.957444	3.647382	3.539164	1.136099	3.234558	2.320532	1.946786	2.802039	1.516116	1.523551	3.183740	3.234696	2.869002	2.556699	2.910214	2.698165	2.156491	0.000000	0.796334
303	1.335176	0.728824	0.000000	0.938366	1.420273	1.153303	1.111004	1.435465	1.166703	1.345862	1.313037	0.410445	2.156688	1.054094	1.178121	0.522407	0.135931	1.269132	1.575232	1.498022
304	0.000000	0.918801	2.031593	1.669780	1.225843	1.657223	1.249417	0.768713	1.426565	1.350814	1.268476	1.671885	0.770769	1.521158	1.579194	1.023320	1.032650	0.302803	1.040388	1.089170
305	0.210689	-0.165921	0.446930	0.085769	-0.026590	0.549915	0.047886	-0.134808	-0.172040	-0.121705	0.030135	0.304889	1.187565	0.000000	-0.188731	0.352452	0.215001	-0.032138	-0.087797	-0.125142
306	-0.072676	-0.059747	-0.071665	-0.087003	0.433159	0.499074	-0.055290	0.722600	-0.042036	0.398407	0.175582	-0.243412	1.996107	-0.203536	0.000000	0.084895	0.259202	0.681523	0.449874	0.397896
307	2.156498	1.822553	3.165283	2.819633	1.410512	2.793608	2.548128	0.000000	2.551097	0.647251	0.768451	2.936004	2.918211	2.102238	2.831651	2.553674	2.209350	0.990759	1.839910	2.114211
308	1.662520	1.343033	3.255986	3.116401	0.000000	2.857148	2.054688	0.706445	2.796306	0.779658	0.946487	2.773348	2.952588	2.613090	2.741609	2.619605	2.160994	1.131697	0.674026	0.608488
309	0.434657	0.496545	1.369475	0.661308	0.452545	1.374644	0.514604	0.459366	0.000000	0.120290	0.228369	0.897066	3.501192	0.305311	-0.008637	0.890837	0.989368	0.765795	0.475177	0.432988
310	0.573609	0.552035	1.822120	0.000000	0.924640	2.109735	0.885027	0.239591	1.503855	-0.029396	0.205458	1.439312	3.221796	0.525623	1.478058	1.088695	1.012182	0.577533	0.698987	0.886241
311	0.000000	0.269210	2.325779	2.179932	1.132066	1.640703	1.741941	-0.149983	1.714769	0.467484	0.620419	1.607573	2.212233	1.578707	1.651217	0.650231	-0.211565	-0.258414	1.445967	1.576834
312	0.030779	-0.098470	0.252123	0.000000	-0.060432	0.993749	0.060393	0.483307	0.547965	0.518083	0.286949	-0.759448	1.737537	-0.071624	0.410289	0.276253	0.773397	0.238715	-0.411939	-0.169532
313	0.150520	0.671394	0.944753	1.080180	0.823090	0.824030	0.594982	1.131949	0.000000	0.808603	0.587627	0.388753	3.473376	0.523948	-0.135312	0.390715	0.991415	1.322248	0.777138	0.783802
314	1.446274	1.278901	2.270708	2.188595	0.000000	2.175145	0.939365	1.383473	1.564537	1.472236	1.383543	1.731302	3.114733	1.529200	1.311049	1.617480	1.497192	1.453625	0.392184	0.265629
315	2.014306	1.446487	3.238759	3.082108	0.000000	2.778340	1.598033	1.780134	2.384205	1.235886	1.393714	2.309002	3.012311	2.376167	2.115414	2.336483	2.346464	2.080269	0.105268	-0.075971
316	0.387007	0.496996	1.734046	0.787426	1.156215	1.087011	1.004730	0.232991	0.156980	0.413285	0.000288	0.942913	2.469177	-0.023661	0.045255	0.412504	0.286529	0.000000	1.147829	1.232948
317	0.636069	1.099437	0.954908	1.134805	1.891650	1.093597	1.633713	1.981501	1.363020	1.438941	1.121143	1.054154	3.221648	1.222390	1.493689	0.000000	1.223942	2.146921	1.616682	1.886333
318	1.105759	0.250795	2.428186	2.181052	0.438563	1.973960	1.653512	-0.405841	2.078786	-0.655538	-0.836519	1.696629	2.444122	1.480697	2.082395	1.790942	1.374562	0.000000	1.020397	0.935128
319	1.555521	1.449296	1.963308	2.187142	2.020588	0.000000	1.808997	2.111726	1.912305	2.219378	1.888568	1.524402	2.389728	1.928340	2.264865	1.349368	1.570605	1.813916	2.160543	2.099304
320	1.304821	0.618229	2.255706	2.137234	-0.880370	1.878509	1.153198	1.267127	2.099815	0.000000	0.390686	2.113356	2.210823	1.789685	1.995369	1.951290	2.118205	1.680867	-0.758276	-0.283147
321	0.417364	0.538653	0.756450	0.644873	1.000665	0.636844	0.811394	1.033565	0.544910	0.952578	0.665702	0.651646	0.000000	0.438482	0.660990	0.460341	0.805402	0.906279	0.889001	1.032228
322	-0.440638	0.165601	0.229025	-0.274061	0.142346	0.050095	-0.271920	0.177532	-0.379522	0.165774	-0.003155	0.000000	-0.545553	-0.263572	-0.166913	-0.487936	-0.015004	0.114950	0.107611	-0.035842
323	0.230613	0.342182	1.818548	1.658270	-0.359672	1.258834	0.382392	0.326565	0.696494	-0.040023	0.000000	0.851056	0.145842	1.068874	0.363385	0.711989	0.840448	0.593073	-0.496041	-0.417285
324	0.001653	-0.235068	0.544178	0.613921	-0.031491	0.165642	0.044163	0.396469	0.084148	0.090896	0.163194	0.119123	-1.548767	0.232389	0.246217	-0.284519	0.000000	0.347536	-0.035822	0.037739
325	-0.159838	0.141390	0.260066	-0.027408	0.336112	0.379363	0.218403	0.144587	-0.101110	0.191137	0.253747	0.288540	-0.329118	0.000000	0.067082	0.104920	0.268763	0.066072	0.384978	0.350014
326	-0.393428	0.030231	0.270196	0.039547	-0.032936	0.000000	-0.193726	0.506570	-0.237058	0.099784	0.092709	-0.478520	0.628574	-0.212167	-0.094932	-0.546283	-0.015855	0.541824	-0.406844	-0.042008
327	1.936589	1.183416	2.426420	2.598889	0.000000	2.378286	2.082627	1.887584	2.807954	1.335306	1.509251	2.420527	2.358753	2.524277	2.849222	2.302881	1.847206	1.768421	1.305933	1.102084
328	2.550295	2.166198	2.705853	2.467187	1.759725	2.705494	2.012136	2.323139	2.394698	2.652837	2.369268	2.386554	2.390274	2.400654	2.267980	2.410639	2.291934	2.301519	0.000000	1.411736
329	0.403334	0.349886	0.436196	0.000000	0.603553	1.117408	0.576928	0.265794	0.361563	0.415821	0.388289	0.522530	2.394227	0.279129	0.482184	0.436234	0.307952	0.237680	0.687986	0.555904
330	0.383134	0.017455	0.409833	0.367807	0.103934	0.352464	-0.018464	0.156900	-0.122206	0.031257	-0.015236	0.000000	1.735743	0.036446	-0.004752	0.140069	0.153622	0.395829	0.034779	0.068895
331	1.234998	1.268404	2.742742	2.363402	2.448768	1.731121	2.522357	2.223573	2.593268	2.419894	1.909936	2.105298	2.275221	2.172642	2.672052	0.000000	0.914169	1.943703	2.554309	2.617868
332	0.858621	0.320612	1.584445	1.047362	0.218438	1.561160	0.614454	-0.043054	0.593222	-0.016133	0.000000	0.963934	1.453099	0.534954	0.523672	1.009887	0.742186	-0.091732	0.490472	0.269993
333	1.649419	0.606943	2.317915	2.255203	-0.065145	2.041919	1.483745	-0.192522	1.720804	0.000000	0.389427	2.002226	1.819506	1.701874	1.884887	1.827858	1.152873	0.165822	0.520559	0.528555
334	0.376451	0.229570	0.531799	-0.079091	0.526008	0.681114	0.558018	0.166147	0.548974	0.488009	0.356356	0.683030	1.606673	0.245607	0.598269	0.271627	0.000000	-0.128632	0.623179	0.414952
335	0.132085	0.196974	0.000000	0.128965	1.042016	0.850266	0.845196	0.798348	0.847549	0.684560	0.683380	0.396077	0.409660	0.514444	1.052264	0.422920	0.832778	0.653164	1.218001	1.003822
336	0.529912	0.475274	0.746997	0.707804	0.583348	0.668442	0.574846	0.475762	0.418941	0.417895	0.518332	0.594997	0.000000	0.511504	0.512748	0.547145	0.619013	0.564624	0.714745	0.663168
337	0.847823	0.644120	0.476135	0.600149	1.191778	0.000000	0.944385	0.998251	0.951780	0.990551	1.062347	0.657431	0.962767	0.833221	1.050913	0.769953	0.839225	0.970619	1.257986	1.290955
338	0.006608	-0.012130	-0.071521	-0.011802	0.319209	0.117642	0.180064	0.139628	0.240401	0.219954	0.301760	0.000000	-0.327455	0.229562	0.374443	0.050897	0.142888	0.090838	0.292786	0.373064
339	-0.107014	-0.249311	-0.308905	-0.155767	-0.056445	-0.573302	-0.127663	0.109071	-0.029835	-0.065439	-0.047926	-0.355923	-0.224643	-0.139901	0.052411	-0.214690	-0.123915	0.000000	-0.009263	0.038504
340	0.268213	-0.081775	0.528923	0.419031	-0.124051	0.341509	-0.057753	-0.228963	-0.114720	0.049727	0.041448	-0.009004	0.617871	0.000000	-0.197593	0.129622	0.029107	-0.182104	0.003414	-0.051388
341	0.275370	0.300735	0.597634	0.474759	0.392438	0.469682	0.301541	0.210858	0.000000	0.286733	0.282866	0.347574	0.084823	0.178877	0.049015	0.330326	0.332768	0.211522	0.360411	0.377767
342	0.000000	0.124702	1.296711	0.701123	0.380810	0.468632	0.210820	0.039864	-0.224054	0.212501	-0.340522	0.287273	0.520472	-0.381380	-0.571677	-0.091758	-0.097650	-0.087025	0.467589	0.412446
343	0.276505	-0.256339	0.096501	0.352972	-0.072736	0.622185	-0.018877	-0.132680	0.065562	-0.145933	-0.034731	-0.164964	0.988585	0.085027	0.108464	0.044762	0.191565	0.000000	0.022361	-0.005085
344	0.552336	0.000000	0.907553	0.900598	1.107493	0.397591	0.973011	1.196711	0.734421	0.935791	0.762736	0.742955	0.408305	0.708558	0.819738	0.502822	0.697971	0.958758	1.166401	1.246509
345	0.262621	0.024884	0.529141	0.235089	0.253519	0.497930	0.000000	0.338635	0.087754	0.442142	0.275370	0.361419	1.420425	0.158964	-0.108028	0.141828	0.101191	0.393211	0.008887	0.123485
346	0.231244	0.504942	1.590257	1.248447	0.573923	0.791585	0.670355	0.657407	0.558180	0.891042	0.742530	1.036423	0.000000	0.865585	0.518102	0.533949	0.698857	0.546074	0.568821	0.561075
347	-0.060639	0.034316	0.863739	0.230763	0.426154	0.311400	0.365505	0.454997	0.246787	0.571653	0.159703	0.546584	2.273181	0.029989	0.140455	0.016538	0.000000	0.363003	0.308363	0.397516
348	0.000000	0.574328	1.588752	1.265316	0.421899	0.912873	0.760250	0.670207	1.006755	0.928629	0.734879	1.254322	0.651791	0.884706	0.875895	0.367420	0.479613	0.248825	0.596212	0.463432
349	1.265272	0.572896	1.880930	1.585644	0.583690	1.836606	1.060555	0.675893	1.342446	0.801797	0.651897	1.637068	2.257640	1.197831	1.166543	1.584040	1.388353	0.768362	0.000000	0.573784
350	0.485255	0.264576	0.000000	1.086233	0.034398	0.452963	0.311792	1.311875	1.018911	1.488641	1.074238	-0.203103	0.655945	0.870318	0.879202	-0.146104	0.781647	1.169352	-0.275828	-0.283003
351	1.376980	0.647230	1.257713	1.559492	-0.164402	1.535671	0.959538	0.901273	1.815312	0.000000	0.504126	1.151661	1.874082	1.378935	1.791824	1.223338	1.132748	1.271559	0.472497	0.650393
352	0.927825	1.170275	1.931361	1.927418	1.632940	0.000000	1.580402	2.053543	1.852463	1.603974	1.539357	1.571233	2.084430	1.534955	1.856112	1.105677	1.433519	1.747504	1.837357	1.707100
353	1.193428	0.784084	2.218637	2.017372	0.921085	1.135308	0.268487	1.602630	0.000000	1.040980	0.961010	1.006932	1.571014	0.796296	-0.010905	1.365851	1.716614	1.700705	1.016058	0.830866
354	1.489085	0.731794	1.134110	1.356782	1.199560	0.000000	1.003314	1.967259	1.334701	1.390612	1.243349	0.628994	2.318469	1.229830	1.409453	1.318245	1.528106	2.081069	1.215585	1.147709
355	0.927379	0.112472	0.000000	0.051120	0.294358	1.247620	0.247555	0.181111	0.737300	0.439824	0.314080	0.222336	1.911465	0.188274	0.723111	0.738766	0.473896	0.276787	0.116931	0.320246
356	1.836986	0.957052	2.583947	2.048619	0.000000	2.493277	1.047128	0.636554	1.350322	0.737851	0.962926	1.832256	1.939423	1.589281	1.184440	1.866944	1.601478	0.762900	0.132186	0.107604
357	1.945411	0.950461	3.017290	2.433280	0.719129	2.536508	1.254078	0.517641	0.994609	1.196038	1.182696	1.984983	2.751607	1.758301	0.000000	2.242221	1.578764	0.343866	0.581417	0.427902
358	1.439383	1.084529	2.453647	2.245926	1.305123	2.114018	2.153001	0.000000	2.094547	0.496015	0.988865	2.312566	1.959439	2.079369	2.162086	2.211219	1.939164	0.388566	1.572322	1.624539
359	0.542887	0.225095	1.405340	1.006461	0.292801	1.164321	0.318456	-0.157328	0.474584	0.000000	0.220561	-0.302715	1.694565	0.024917	0.316284	0.084677	0.281916	-0.097229	0.594777	0.353898
360	0.699261	0.364796	2.155715	1.994033	0.174790	1.469023	0.798859	0.032213	0.826183	0.125228	0.000000	1.338890	2.185126	1.077814	0.860313	1.004560	1.012855	0.348589	0.227294	0.348183
361	0.187096	0.000000	0.992497	1.176249	0.233180	0.298676	0.671200	1.170112	0.948997	1.267361	0.896873	0.645172	0.499311	0.956277	1.044545	0.348131	0.898478	0.972396	0.453575	0.338741
362	-0.332815	-0.273888	1.826039	1.642713	-0.001149	0.435450	0.792009	-0.200687	0.931331	-0.219493	-0.057905	1.056609	1.446015	1.028651	0.962229	0.148818	0.000000	-0.342249	0.551284	0.103882
363	0.584067	0.740934	0.981382	0.740877	1.379461	0.908043	0.639459	1.163848	0.000000	1.102548	0.903577	0.631809	1.990546	0.375279	0.078563	0.573954	0.653811	0.956354	1.499292	1.291416
364	1.317129	0.849065	1.830777	1.890052	1.501598	1.865600	1.747838	-0.127290	1.486931	0.609087	0.716088	1.450709	0.945116	1.475431	1.688218	1.541565	1.057383	0.000000	1.632777	1.743203
365	1.342661	0.953120	1.022860	1.728640	1.740707	1.171209	1.217087	1.863737	1.091603	1.791172	1.694865	0.366798	2.688518	1.418530	0.865111	0.112380	0.000000	1.682554	1.970731	1.748146
366	0.894923	0.464667	1.809338	1.501312	-0.345556	1.450895	0.548533	0.860051	0.598912	0.343076	0.000000	1.190971	1.875207	0.596210	0.588632	1.217937	1.247841	1.331686	-0.228730	0.488820
367	0.090478	-0.012978	0.000000	-0.018220	-0.025794	0.116134	0.060610	0.324022	0.113690	0.296756	0.143682	0.161091	0.851056	-0.000772	0.186046	0.099672	0.224400	0.272322	0.040818	-0.005390
368	1.217733	1.319229	0.000000	1.280673	1.589655	1.620474	1.055655	2.222543	1.898065	2.253484	1.541391	1.015219	3.284049	1.305086	2.089344	0.986105	1.363539	2.071734	1.331425	1.476089
369	2.896371	2.113487	3.326220	3.238731	0.000000	3.275466	2.478509	1.991055	3.159815	1.390509	1.686670	3.107565	3.108184	3.022625	2.963796	3.175522	2.908538	2.401315	0.953250	0.412409
370	1.590632	0.739370	2.324841	1.965910	0.832140	2.256755	1.428817	0.458866	1.216280	0.000000	0.597597	1.716241	2.760452	1.455675	1.065111	1.721898	1.351424	0.887086	0.623409	0.800476
371	0.162647	-0.045936	0.780100	0.366633	0.216683	0.707250	0.091993	-0.082892	-0.159631	-0.172313	-0.074651	0.244208	1.794764	0.000626	-0.341026	0.381570	0.000000	0.157779	0.040824	0.119956
372	0.000000	0.278074	1.957432	1.695420	0.854096	1.636515	1.580076	-0.583206	1.554806	0.105460	0.264936	1.625041	1.992303	1.389394	1.549914	0.879852	0.298708	-0.537094	0.895320	1.023534
373	0.628051	-0.255446	1.550231	1.688589	-1.581550	1.226130	0.000000	-0.371329	1.322779	-0.791925	-0.367828	1.219256	0.967618	1.377144	1.148996	1.238580	0.755951	-0.049233	-0.246526	-0.910491
374	1.253961	0.747557	1.922465	1.530455	0.490804	1.347342	0.000000	1.208328	0.996194	1.205233	1.043221	1.387562	2.684253	1.193645	0.707095	1.339440	1.487878	1.279877	0.415526	0.252032
375	0.897971	0.707014	1.610257	0.000000	1.245170	1.527686	1.053468	0.432328	1.077880	0.252373	0.459537	1.308942	1.920541	0.501038	1.146371	1.434207	1.434278	0.652718	1.148445	1.217357
376	1.728565	0.997681	2.337146	2.219144	0.982947	2.093505	1.978677	0.485655	1.995879	-0.547461	0.000000	2.183832	2.041404	1.951402	2.066991	2.170815	2.025803	1.311344	1.249429	1.468181
377	-0.206231	0.908965	1.903317	1.622573	1.117400	0.000000	1.470737	1.335508	1.549249	1.109973	1.109828	1.538969	1.903837	1.626115	1.549408	0.636968	1.495153	1.456744	1.024548	1.343140
378	1.893498	1.270976	2.162655	2.030694	0.979846	1.743890	0.000000	1.611536	1.523258	1.467963	1.688240	1.779820	2.089833	1.633485	1.359686	1.786084	1.883335	1.900844	0.588181	0.748541
379	1.600846	1.246156	1.970024	2.028901	1.769197	2.032611	2.148255	0.000000	2.050296	0.321297	1.149821	2.006712	1.859706	2.039066	2.085674	2.020152	1.699536	0.510818	1.877391	2.010557
380	-0.211176	-0.574283	1.514225	0.968502	-0.697712	0.891228	0.395726	-2.002345	0.341746	-1.565276	-1.360138	0.964891	1.236612	0.000000	0.452274	0.525784	0.044251	-1.330001	-0.566693	-0.454060
381	1.350272	1.272191	2.508205	1.823274	0.329236	2.185394	1.525551	1.414048	1.869892	0.945220	0.831650	2.146178	2.809824	1.450713	1.673087	1.817308	1.961977	1.600720	0.653071	0.000000
382	-0.610516	-0.665588	0.000000	-0.081028	-1.391539	-0.086483	-1.083138	-0.193384	-0.076086	-0.763097	-0.851602	-0.323103	1.129190	-0.538455	-0.179024	-0.296252	-0.044786	0.056755	-1.693479	-1.367039
383	0.955592	0.808463	1.886682	1.539276	1.118581	1.956186	1.290711	0.081766	0.715870	0.516157	0.000000	1.552565	2.638656	0.751188	0.731186	1.255286	1.331041	0.725037	0.870443	1.169530
384	0.000000	1.032829	2.511059	1.766153	1.765122	1.788239	1.882006	0.841831	1.659070	0.293894	0.554850	1.965810	2.597777	1.178353	1.669454	0.922849	1.439993	1.290332	1.658943	1.785005
385	-0.189198	-0.316771	1.099752	0.501343	0.231312	0.575164	0.310331	-0.477614	0.167072	0.100317	-0.151521	0.069940	0.422830	-0.072235	0.112089	-0.201964	-0.389410	-0.689197	0.409753	0.000000
386	0.000000	0.504932	0.620466	0.286210	0.928935	0.777531	0.537288	0.575101	0.225467	0.772866	0.203821	0.508501	2.011173	0.026637	0.140954	0.177315	0.618730	0.671466	0.583081	0.692338
387	0.000000	0.277590	-0.210042	0.010593	0.531834	-0.044082	-0.070580	0.693806	0.154782	0.581265	0.438144	-0.085565	0.837048	-0.003583	0.398670	-0.156400	0.039590	0.700726	0.348551	0.476686
388	0.506337	0.527198	1.939304	1.162894	1.253113	1.378343	0.785729	0.873191	0.579024	-0.314859	0.253292	0.165320	2.792217	0.000000	0.648062	0.816622	1.203784	0.769810	1.583355	1.503205
389	1.098108	1.339481	1.453895	1.735445	1.569477	1.225240	1.494368	1.810827	1.627480	1.859978	1.687407	1.449340	0.000000	1.658408	1.684672	1.222836	1.603480	1.812961	1.326840	1.469418
390	1.746685	0.961262	2.044361	2.074014	0.000000	2.003328	1.747996	0.867329	1.700755	0.784140	1.073612	1.972574	1.627382	1.875649	1.922121	1.899548	1.830989	1.232149	1.005734	1.255176
391	1.296413	0.808494	1.957340	1.929013	0.409190	1.655197	1.590052	0.659368	2.045404	0.000000	0.542699	1.745716	1.716327	1.699517	2.059645	1.406586	1.074752	0.988487	0.843532	0.982844
392	1.036881	1.114645	1.591185	1.539283	0.765348	1.630475	0.855636	1.239067	1.651723	0.000000	0.511832	1.339652	2.831955	0.693864	1.607934	1.146116	1.245438	1.537449	1.230090	1.090359
393	2.619225	2.244130	3.555992	3.151287	2.444068	2.490114	2.051374	2.762760	0.964839	2.464355	2.034261	2.557280	3.465131	1.825385	0.000000	2.653308	2.772571	2.782537	2.591954	2.548931
394	-0.161544	0.043295	-0.014899	0.153291	0.163651	-0.321260	-0.025300	0.785979	0.032322	0.699950	0.164008	0.000000	2.076247	0.035162	-0.125353	-0.112039	0.335068	0.814782	0.053401	-0.019425
395	0.037888	0.844548	1.198541	0.810266	1.101671	0.000000	1.012293	1.435701	1.096875	1.621995	1.166414	1.094304	-0.018125	0.955134	1.041660	0.386852	0.864024	1.188238	1.090221	0.951437
396	0.000000	0.747857	1.669633	1.264481	1.008499	0.979034	1.091526	0.972483	1.269309	1.291067	1.021246	1.286982	0.493671	0.941882	1.488577	0.586908	0.853043	0.536520	1.486157	1.375817
397	0.394647	-0.096331	0.536582	0.814241	0.077443	0.751287	0.301730	-0.273321	0.688703	0.486876	0.322435	0.000000	1.029800	0.589744	0.717372	0.307813	-0.155060	-0.224812	0.239023	0.332380
398	0.130087	0.024766	0.033255	0.000000	0.266155	0.356671	0.335318	0.147155	0.677200	0.138265	0.164910	0.288350	-0.798152	0.327261	0.767039	0.143593	0.313984	0.313669	0.107785	0.236101
399	-0.278223	0.653339	0.458541	0.658654	0.919108	0.000000	0.846454	1.298503	1.253979	1.352102	1.040979	0.947866	0.731737	0.930417	1.355251	0.357415	0.911449	1.016782	1.023745	1.084561
400	1.780813	1.086242	2.413040	2.094880	0.000000	2.371943	2.066817	0.834765	2.306115	0.606202	0.854345	2.383682	2.043608	1.900864	2.370905	2.119946	1.531921	0.683372	1.088191	1.446149
401	0.118049	-0.012988	-0.720846	-0.383921	0.741778	0.271819	0.000000	0.191422	0.100743	0.710176	0.292219	0.085589	0.093806	-0.058932	-0.224229	0.123827	-0.022231	0.084688	0.275557	0.371468
402	0.771510	0.335113	0.036152	0.000000	0.800211	0.476201	0.634717	0.746998	1.313105	0.720863	0.872770	0.678317	0.594819	0.781220	1.325725	1.011752	0.923982	0.853234	0.529084	0.692878
403	0.000000	1.112350	2.453981	2.181250	1.266299	1.657855	2.153098	1.475662	2.338773	1.378542	1.369843	2.340917	2.571659	2.124601	2.199885	1.499110	1.787195	1.375492	1.332320	1.509125
404	1.489053	0.861723	2.609053	2.289997	0.743209	2.386418	1.931291	0.002059	2.326767	0.563945	0.928442	2.020618	2.191706	2.138899	2.248877	1.906750	1.474300	0.000000	0.828546	1.020712
405	0.417402	0.896554	1.547503	1.100153	1.287283	0.000000	1.143582	1.487987	1.158413	1.639984	1.217137	1.183597	1.712513	0.959852	1.066330	0.694157	0.865518	1.182409	1.245370	1.422908
406	0.297692	0.007370	0.483972	0.000000	0.330654	0.626649	0.412618	0.594076	0.788218	0.322543	0.256078	0.385595	1.605568	0.264989	0.635673	0.648643	0.830998	0.738730	-0.000678	0.326702
407	1.938540	1.549388	2.797213	2.612000	1.247195	2.725888	2.306046	0.000000	2.502955	0.832728	1.243505	2.602521	2.865792	2.477028	2.503775	2.324011	1.842020	0.426533	1.417957	1.524027
408	0.093133	0.125593	1.790977	1.446702	-0.792495	0.807567	0.469183	0.054018	1.281827	0.021669	0.000000	0.695380	1.280863	1.113896	1.113426	0.292246	0.354323	0.354673	-0.737362	-0.530289
409	-0.132221	-0.092634	0.972484	0.305946	0.180591	0.586624	0.207672	0.063948	-0.322150	0.247988	-0.135651	0.477157	1.466243	-0.060796	-0.519077	0.000000	0.068531	-0.016018	-0.005328	0.090021
410	0.913696	0.853388	1.994588	1.680465	0.221328	1.781647	0.845028	0.406374	1.062025	0.000000	0.485669	1.443178	2.134490	1.008746	1.116335	1.230630	1.369976	1.061846	0.475555	0.721434
411	-0.218610	0.188533	0.683204	0.785669	-0.370061	0.237294	-0.101363	0.795292	1.079268	0.469635	-0.080151	0.204302	1.815917	-0.088026	1.269296	0.000000	0.399315	0.717378	0.014972	0.158039
412	0.000000	-0.059001	1.953002	1.866997	0.254131	1.272392	1.324226	0.181398	1.264244	0.013726	-0.060670	1.373396	1.695698	1.388663	0.932138	0.888052	0.626724	0.012155	0.662142	0.676453
413	0.000000	0.545626	1.804274	1.185823	1.204612	0.897124	1.131661	0.609196	0.438753	0.879268	0.381328	1.224493	2.401943	0.526642	0.429927	0.112327	0.970896	0.875533	0.814267	1.081441
414	1.589753	1.541979	2.047614	2.166003	2.222339	1.722148	1.480782	2.037862	1.359373	1.708693	1.594776	0.984958	3.429212	1.358209	1.352848	0.514075	0.000000	1.694422	2.429680	2.308613
415	0.442638	0.781270	1.509344	1.404622	0.870039	1.315647	1.178548	0.553831	1.317003	0.915376	0.910309	1.430174	0.000000	1.287031	1.446428	0.764706	0.647999	0.271285	0.813867	0.740583
416	-0.015255	0.357294	0.601883	0.269944	0.248597	0.384338	0.164333	0.359708	0.000000	0.216862	0.222781	0.429371	1.751238	0.136685	0.152342	0.226467	0.381974	0.481673	0.268131	0.038852
417	1.433429	1.094041	2.233259	2.303938	0.009843	1.816924	0.000000	2.449851	1.485568	2.303439	1.708853	1.070354	2.181317	1.704352	0.256673	1.396515	1.760718	2.365492	-0.155020	-0.271884
418	2.325537	1.813658	3.002997	2.997892	1.437749	2.438151	2.749315	2.197808	2.933133	0.000000	1.150230	2.925052	3.386761	2.532051	3.086986	2.949952	3.157678	2.677107	2.260311	2.161237
419	0.955347	1.063222	2.635008	1.655219	1.415632	2.022727	1.324952	0.245471	0.000000	0.676351	0.511594	1.807614	2.973040	0.486476	0.528024	1.224725	1.126559	0.557059	1.492193	1.487145
420	0.048961	0.360112	0.485661	0.313796	0.525858	0.752158	0.395559	0.718456	0.078685	0.465101	0.240497	0.238712	2.850101	0.260723	0.109094	0.000000	0.638942	0.852632	0.598438	0.491605
421	1.389258	0.805789	2.765509	2.072806	1.055717	2.580011	1.676887	0.000000	0.888553	0.001717	0.334044	1.930007	3.168569	1.302756	0.933224	1.850698	1.517650	0.435645	1.179762	1.160664
422	1.838083	1.267951	1.864060	1.971553	1.717844	0.000000	1.347483	2.552531	1.502993	1.964474	1.797727	1.256342	2.983842	1.674384	1.700634	1.687875	2.114122	2.577729	2.110343	1.887407
423	2.313129	1.809076	3.714207	3.688978	1.076781	3.162649	2.761094	1.156146	3.087285	0.000000	1.137527	3.440609	3.452895	3.159367	3.236794	3.248595	3.017484	1.661136	2.145668	1.474809
424	2.687829	1.792925	3.259624	3.160830	1.588292	3.203165	3.020341	0.701587	3.209910	0.000000	1.156904	3.298294	3.407052	2.996823	3.236229	3.187493	2.850281	1.411426	2.219383	2.144317
425	-0.043598	0.581369	0.264665	0.442234	0.935906	0.326093	0.427847	1.080450	0.328675	0.707475	0.651294	0.373034	-0.564579	0.401185	0.540056	0.000000	0.548862	0.964190	0.862228	0.961483
426	-0.150097	0.195626	0.067050	-0.141475	0.525873	0.219579	0.152687	0.371241	-0.056788	0.391700	0.273711	0.137936	0.000000	-0.037334	0.168724	-0.046377	0.189854	0.209146	0.434343	0.496469
427	0.961612	0.646443	0.000000	0.517513	0.881806	0.730188	0.720020	1.364298	1.213035	1.089760	1.055377	0.475318	2.273344	0.863738	1.423011	0.777983	0.794763	1.320068	0.746225	0.816145
428	1.358905	0.995534	1.261305	1.342119	0.000000	1.922717	1.095108	1.083689	1.844104	1.076033	0.947808	1.487679	2.290052	1.374134	1.906013	1.356088	1.392923	1.377030	-0.180218	0.166793
429	0.159091	0.086855	0.148419	-0.037495	0.353125	0.739952	0.191931	-0.115288	0.214731	0.294835	0.281293	0.184189	0.413804	0.000000	0.407081	0.146070	0.087456	-0.253441	0.505250	0.366918
430	1.221389	0.339158	0.532245	0.000000	-0.160454	1.625230	0.950853	0.142675	1.870322	0.124155	0.185106	1.212363	1.377828	0.834226	1.772242	0.951004	0.695735	0.136865	-1.128437	-0.230142
431	2.064870	1.255687	0.000000	1.442962	1.919892	1.622966	1.783960	2.205788	2.243210	2.013153	1.984587	0.698349	2.366084	1.846300	2.215811	1.002967	0.642828	2.113445	1.984218	1.947105
432	0.072849	0.125171	-0.162625	-0.183383	-0.103072	0.782087	-0.099888	-0.096176	-0.040146	0.163748	0.223245	0.000000	0.228734	0.109741	0.151654	0.070086	0.054658	-0.030095	-0.252270	-0.228894
433	0.561108	0.608031	0.278572	0.000000	0.956686	1.336402	0.836071	0.891988	0.953929	0.713082	0.559826	0.682579	1.713965	0.271422	1.152565	0.833680	0.946080	0.913875	0.775600	0.875738
434	0.276479	0.255771	1.050246	0.749638	-0.084269	0.957565	0.048798	-0.067320	0.195727	-0.136960	0.094824	0.265176	1.686658	0.326851	-0.100105	0.184041	0.000000	0.186617	-0.296791	-0.398306
435	0.614086	0.350614	0.595065	0.000000	0.263906	1.530638	0.557057	-0.056277	0.879929	0.178052	0.222674	0.509363	2.655942	0.297827	0.563828	0.578410	0.284298	0.182644	0.080029	0.189733
436	1.136718	0.470844	2.433698	1.896035	0.410238	2.164498	1.101851	0.000000	1.016865	-0.648969	0.075805	1.237424	2.639076	1.039429	1.081771	1.645954	1.359420	0.757740	0.559873	0.381831
437	1.503250	0.954774	0.916146	1.723261	1.759805	1.688431	1.591588	1.553120	1.714557	1.635052	1.626665	0.000000	2.785116	1.574239	1.675825	1.229156	1.744376	1.669897	1.694930	1.822341
438	0.473579	0.443600	0.776422	0.563531	0.000000	1.144443	0.645970	0.878692	0.769332	0.657001	0.484393	0.777239	2.516329	0.624809	0.502425	0.671584	0.852695	1.106245	-0.126177	0.034613
439	2.116437	1.495601	2.823587	2.565862	1.628909	2.597221	2.037789	1.689880	1.791139	0.000000	0.956312	2.377298	2.809767	1.870119	1.723405	2.501290	2.534950	2.221034	1.781327	1.586487
440	2.459483	1.780093	3.360058	3.061607	1.184565	3.121932	2.549793	1.396753	2.791638	0.000000	1.145414	2.743411	3.663119	2.543942	2.653510	2.710886	1.817560	1.640633	1.772461	1.826096
441	0.343108	0.191151	1.147472	0.543891	-0.043285	1.016240	0.204024	0.546137	0.000000	0.060231	0.159076	0.690731	2.674596	0.241233	-0.158240	0.607075	0.983223	0.707622	-0.379281	-0.376991
442	0.457131	0.165784	0.933082	0.219525	0.367436	1.231516	0.250640	0.383551	0.433499	0.074341	0.169413	0.504373	2.508964	0.000000	0.252349	0.739458	0.926393	0.487660	0.041855	0.234183
443	0.000000	1.397704	3.071994	2.852815	1.736668	1.589575	2.638196	2.373164	2.790219	2.113506	1.939142	2.922773	3.524204	2.714466	2.772519	1.500798	2.373292	2.070268	1.881620	1.939519
444	1.902579	1.319243	2.307983	2.205770	1.452288	2.317280	2.207664	1.667515	2.381129	0.000000	1.179215	2.238658	2.719007	2.060833	2.320219	2.161902	2.099233	1.873411	1.667368	1.765061
445	-0.112173	-0.419572	0.194260	-0.196744	-0.190853	-0.048701	-0.349035	0.147612	-0.076850	0.184703	-0.025761	-0.039097	1.779119	-0.183950	-0.338990	-0.036942	0.000000	0.015268	-0.695150	-0.568071
446	1.053388	0.446514	1.266586	0.984914	0.397914	1.676793	0.518836	0.000000	0.773904	0.504185	0.597239	0.900758	2.381546	0.732415	0.617622	1.022984	0.672766	0.293474	0.088029	0.212486
447	1.796580	1.333562	2.701555	2.704188	1.504282	2.682493	2.546130	0.173967	2.865566	0.667286	1.337471	2.837778	2.724834	2.666513	2.807495	2.587660	2.026704	0.000000	1.792686	1.942590
448	0.701271	1.265459	2.568910	2.538539	1.157530	0.000000	1.930238	1.920011	2.031410	1.728101	1.715982	2.290699	2.400967	2.289218	2.039328	1.646269	2.114437	1.741209	0.842133	1.248505
449	-0.338565	-0.351239	0.344032	-0.233726	-0.232434	-0.061000	-0.035792	0.006827	0.339618	0.139212	-0.079148	0.028453	1.200342	-0.049079	0.226195	-0.229721	0.000000	-0.048992	-0.310742	-0.248290
450	2.180266	1.581447	2.987397	2.805037	1.440831	2.897415	2.580138	0.750006	2.763645	0.000000	0.911709	2.905228	2.972445	2.572494	2.902644	2.756032	2.479116	1.337683	1.784756	2.033923
451	1.141037	1.346178	2.297329	2.226555	1.722316	1.572575	2.178916	1.695309	2.089619	1.721377	1.801908	2.224681	0.000000	2.185400	2.263748	1.788499	2.193755	1.699712	1.684703	1.797840
452	2.070935	1.453667	2.092166	2.101625	0.000000	2.359793	1.946138	1.785095	2.501253	1.823020	1.768451	2.252671	2.303050	2.263033	2.418668	2.099178	1.932092	1.641938	0.434213	0.595868
453	0.448964	-0.118042	0.174327	0.244944	-0.365414	1.288424	0.049400	-0.502326	1.104549	-0.172591	-0.004340	0.257911	1.927136	0.512650	0.951549	0.346639	0.000000	-0.256203	-0.596947	-0.477145
454	2.469233	1.893221	3.164058	2.812268	0.934844	3.436136	1.687897	1.105939	2.296492	1.812586	1.976725	2.724817	3.061394	2.596657	1.911218	2.876731	2.337648	1.439015	0.770170	0.000000
455	0.540943	0.726361	2.153831	1.649491	0.275392	1.913787	1.396307	0.615686	2.172068	0.059149	0.000000	1.945135	2.800863	1.308213	2.099369	1.274469	0.518679	0.569534	0.100507	0.588302
456	1.723226	1.075076	2.188525	1.604182	0.942741	2.699430	1.928969	0.466278	2.529171	0.000000	0.599480	2.217600	2.967733	1.769522	2.436115	2.131570	1.630269	0.696589	0.977084	1.171761
457	1.354730	1.028673	0.243885	0.000000	1.414889	2.219956	1.632931	1.389133	2.438369	1.888008	1.542189	1.332072	2.859926	1.508547	2.275877	1.172736	1.127814	1.288607	0.686993	1.229827
458	1.537800	0.629488	2.964226	2.232376	0.677828	2.907708	0.953156	0.369655	0.000000	0.023656	0.407968	1.690764	3.643894	1.190103	-0.079956	1.776388	1.356314	0.862236	0.393551	0.351525
459	2.638355	1.823691	3.620591	3.340484	0.407068	3.450799	1.995127	1.610127	3.407142	1.503016	1.729968	3.188174	3.678159	3.094255	3.125995	3.028455	2.515383	1.898219	0.000000	0.452026
460	0.290805	-0.166671	1.094794	0.262838	-0.379044	1.069275	0.350789	-0.644218	0.482265	-1.043813	-0.778389	0.490120	1.739494	0.037202	0.000000	0.618414	0.318658	-0.152959	-0.466288	-0.088386
461	1.065225	0.533724	-0.198021	0.327724	0.871875	1.428562	0.769330	0.973428	1.154631	0.879465	0.845082	0.620418	2.279816	0.821014	0.557806	1.010532	0.825926	1.241018	0.000000	0.828940
462	0.361393	0.527687	0.296064	0.363914	1.146454	1.017615	1.187483	1.692308	1.254799	0.566491	0.000000	0.954177	3.135976	0.576467	1.467544	0.960895	1.802621	2.170762	0.885873	1.280100
463	1.909603	1.088805	3.377062	2.120199	1.414981	3.317405	2.074385	0.430943	2.142479	0.815183	1.044181	2.629226	3.502319	1.760301	1.956149	2.325897	1.702864	0.000000	1.318018	1.078424
464	0.263333	0.145499	0.231979	-0.061979	0.000000	1.223364	0.084033	0.916619	1.649229	0.597159	0.471948	0.550425	2.177202	0.804420	1.479244	-0.045064	0.224278	0.800831	0.066344	-0.178600
465	0.484384	0.807210	2.101555	1.578176	1.395544	1.161740	0.484595	1.399959	0.000000	1.083369	0.815829	0.904819	2.785857	0.694174	-0.359657	0.024414	0.679123	1.460039	1.304086	1.231778
466	1.753061	1.300143	1.856392	1.732362	1.894885	0.000000	1.694100	2.835309	1.635596	2.165306	1.681331	1.384808	3.546892	1.504041	1.818251	1.624601	2.231746	2.779405	2.204031	2.372252
467	0.957437	0.309439	0.513533	0.000000	0.726118	1.744472	0.780897	0.631176	1.238558	0.723901	0.655493	1.096694	3.188218	0.833826	1.259301	1.067585	0.845631	0.677281	0.554663	0.462380
468	2.607668	1.677772	3.386928	3.181566	1.303018	3.484626	2.541334	0.000000	3.442142	1.714632	1.816797	3.051515	3.342864	3.071395	3.286680	2.879398	2.031386	0.701484	1.155261	1.327138
469	0.978828	1.136705	0.990363	1.098519	1.887375	1.066080	1.302155	1.891945	1.235896	1.571773	1.457778	1.274659	0.000000	1.162081	1.487506	0.546940	0.909040	1.734598	1.943930	1.968699
470	0.799187	1.009264	1.796222	1.246142	0.938052	1.714038	0.900781	0.768519	0.000000	0.862157	0.847517	1.291885	0.671560	0.829297	0.274006	1.069209	1.236019	0.793000	0.819443	0.818873
471	1.001127	0.725642	0.000000	0.521007	1.245622	0.723327	0.666965	1.902109	1.180170	1.495689	1.333892	0.493250	1.739933	1.014258	1.462185	0.613865	1.010169	1.827549	1.005311	1.153247
472	0.560174	-0.025236	0.816326	0.148109	0.775438	1.177769	0.655115	1.285658	0.485441	0.349580	0.132884	0.633609	3.405951	0.000000	0.559531	0.866242	1.552846	1.378134	0.805746	0.745038
473	2.114592	1.423969	2.559884	2.376482	0.944094	2.488174	1.459381	1.672222	2.063447	1.003792	1.204924	2.088228	2.886771	1.746435	1.827997	2.329136	2.144777	1.949481	0.000000	0.700565
474	0.539817	0.253947	1.202709	0.445909	1.392505	1.058861	0.894451	-0.024424	1.045427	0.556625	0.000000	-0.108758	0.760406	0.080046	1.039695	0.483424	0.345074	-0.423607	1.549957	1.433362
475	0.250958	0.645411	0.540047	0.222079	0.985710	0.718288	0.623622	1.035919	0.000000	0.736191	0.669672	0.719853	1.418253	0.121499	0.229628	0.352391	0.633736	1.098960	0.926094	0.910320
476	0.341507	0.256385	1.136433	0.487697	0.349208	1.474630	0.047679	0.800281	0.000000	0.925329	0.547178	0.607746	3.185677	0.275966	0.069147	0.340271	0.151845	0.492373	0.110878	-0.074175
477	3.005212	2.405153	3.580554	3.272656	0.653057	3.473819	2.755014	2.662353	3.461553	2.184198	2.341299	3.445270	3.455486	3.185519	3.386263	3.160143	3.128092	2.871181	0.000000	0.975196
478	-0.430042	0.108522	0.373707	-0.068519	0.557117	0.517504	-0.164370	-0.094331	-0.146359	0.042544	-0.045414	0.031938	1.475844	-0.493446	-0.209721	-0.142413	-0.140994	0.040492	0.000000	0.386490
479	0.688800	0.776749	0.336990	0.000000	1.320884	1.481701	1.105346	1.114233	1.122129	1.062214	0.817493	1.076740	3.235718	0.552678	1.194573	0.966937	1.082767	1.189810	1.144259	1.291422
480	1.358195	1.376235	1.932170	2.025650	0.997747	2.243498	2.018821	1.409230	2.328263	0.462587	0.000000	2.318344	3.557070	1.762026	2.585320	2.079947	2.415995	2.079497	0.979174	1.147192
481	0.906385	0.805912	3.252988	1.920863	1.109177	2.334127	1.427866	0.575449	0.000000	0.264731	-0.015139	1.867702	3.513273	0.647149	0.260940	1.343271	1.247726	0.719677	0.822758	0.884557
482	1.333996	1.888243	3.293390	2.684033	2.543770	2.363681	1.897803	2.084472	0.497596	1.947670	1.689400	2.191560	3.898329	1.677377	0.000000	1.743124	2.175680	2.250969	2.384259	2.380128
483	0.052538	-0.234287	0.521740	0.000000	0.295644	1.102596	0.050909	-0.233604	-0.302720	-0.228991	-0.154322	0.244708	2.939765	-0.098564	-0.251592	0.037967	-0.018802	-0.043975	0.111413	0.148124
484	1.679114	0.663432	1.596997	0.937616	0.915701	2.379984	1.245843	0.000000	1.955163	0.046986	0.465795	1.983050	2.765762	1.295268	2.016171	1.871128	1.295468	0.298241	0.800476	0.685540
485	0.153595	-0.245260	1.190682	1.040890	1.263395	1.079700	1.863488	0.662151	2.245178	0.195179	0.185625	1.347613	1.674500	1.153413	2.288133	0.810479	0.408712	0.000000	1.619631	1.483772
486	1.593273	1.843610	2.570972	2.208215	2.181453	0.000000	2.094355	3.028615	2.674613	2.622038	2.117838	2.041760	2.933169	2.098631	2.853753	1.928439	2.752008	3.010474	2.161516	2.160501
487	2.020035	1.387215	2.855553	2.098787	1.997139	2.637739	2.261257	0.244176	2.632359	1.266585	1.184484	2.500847	2.859151	1.729996	2.663885	2.131957	1.443384	0.000000	1.747801	2.116459
488	0.509015	0.350272	1.425815	1.387369	1.453972	1.611156	1.551637	0.795503	2.132475	1.593208	1.252202	1.363644	2.117394	1.499811	1.997468	0.479175	0.251267	0.000000	1.279845	1.215487
489	0.757117	1.320776	0.941615	0.000000	1.979281	1.655161	1.615281	1.834929	2.086068	1.780904	1.526660	1.634202	0.619226	1.082968	2.079244	1.038962	1.387154	1.659310	1.859022	1.734818
490	0.766486	0.758084	0.927579	1.333771	0.771445	1.408355	1.375409	0.808976	1.918047	0.709537	1.063193	1.175450	0.000000	1.399958	2.164861	1.009617	1.163476	0.779422	1.198548	1.519853
491	0.797865	0.409499	1.202399	1.425920	-0.371255	1.159302	0.661998	-0.291794	1.168094	-0.457923	-0.148250	0.865888	1.525381	1.016296	0.991323	0.790493	0.387296	0.000000	-0.550822	-0.313476
492	0.678933	0.772568	0.904860	0.646736	0.290266	1.188079	0.314829	0.959824	1.332590	1.310254	1.146015	0.779151	0.000000	1.030939	1.207056	0.937596	1.039590	0.815082	0.036106	-0.109924
493	0.114491	-0.042310	0.787313	0.987872	-0.476082	0.568409	0.000000	-0.046784	0.315998	-0.325786	-0.350006	0.171700	0.948467	0.185424	-0.114191	-0.787553	-1.096960	0.029871	-0.464481	-0.799907
494	1.898248	1.501377	0.000000	1.364436	2.158904	0.951188	1.591462	2.301033	1.894354	2.033414	1.965117	0.655412	1.605860	1.646741	1.947349	1.099449	1.342357	2.271962	2.241094	2.087834
495	0.838392	1.057789	0.454420	0.000000	1.811674	0.988833	1.151811	1.554292	1.271411	1.682365	1.361902	0.159609	1.223691	0.706601	1.380564	0.798100	1.253005	1.332361	1.660456	1.660752
496	0.257452	0.319020	0.159140	-0.068457	0.493983	0.408147	0.053375	0.375592	0.057217	0.491117	0.247385	0.101679	1.530547	-0.018878	0.036115	-0.004285	0.000000	0.469679	0.310903	0.277125
497	0.986229	0.518251	0.430275	0.299670	0.507695	1.114340	0.451852	0.900935	1.038837	0.850059	0.620124	0.493397	1.691376	0.324189	0.939271	0.725490	0.936289	1.031949	0.538909	0.000000
498	0.832602	0.000000	1.082355	1.430509	-0.342829	1.680875	0.989705	0.718100	2.111541	0.601792	0.540496	0.769836	2.087083	1.451267	2.013340	0.813103	1.128138	0.699315	-0.279678	-0.327073
499	0.622196	0.550009	0.000000	0.782396	0.384815	1.211196	0.718524	-0.374944	1.433354	0.182768	0.667440	0.641877	-0.163596	1.139828	1.439083	0.915624	0.699155	-0.003261	0.520677	0.643669
500	0.863832	0.840659	0.815843	1.099051	1.021879	1.567150	1.429534	0.860891	1.991555	0.893320	1.077401	1.391918	0.000000	1.532725	2.001864	1.317372	1.249176	0.958137	0.931116	1.294842
501	0.000000	0.651812	1.722012	1.289736	1.193690	1.035305	1.449621	0.992720	1.955481	0.904127	0.758756	1.417206	1.742852	1.163934	2.045446	0.849796	1.071119	0.836121	0.863817	1.019881
502	-0.192695	-0.260941	0.841087	0.891369	1.025189	0.651993	1.138918	-0.119023	1.252154	0.226579	0.182786	0.430038	1.117801	0.693788	1.250489	0.000000	-0.846843	-0.615547	1.328859	1.202166
503	0.831377	0.514586	0.998876	0.957345	0.447978	1.098270	0.719882	0.135281	1.314712	0.000000	0.236835	0.997787	1.638860	0.907170	1.370675	0.987165	1.038562	0.666012	0.378016	0.613657
504	0.957875	0.494713	1.061941	0.808394	0.000000	1.014451	0.778941	0.985545	1.077213	0.918081	0.771410	1.028577	0.650688	0.926500	0.918679	0.936187	1.062997	1.100413	-0.217895	0.108571
505	0.369058	0.005338	-0.061708	-0.404674	0.223770	0.299557	0.000000	0.271671	0.829117	0.369749	0.283377	0.438042	0.112210	0.275065	0.764122	0.489357	0.699497	0.495660	-0.133246	0.133664
506	0.688579	0.487024	0.611421	0.746932	0.129292	1.188262	0.943232	-0.260065	1.767208	0.044831	0.326460	0.993060	1.277131	1.097687	1.849104	0.709439	0.654246	0.000000	-0.014617	0.337468
507	-0.409189	0.517534	1.140528	1.164674	0.693423	0.636317	0.744021	0.513209	0.953771	0.634968	0.431880	0.588289	0.977322	0.858994	0.708693	0.000000	0.490793	0.469982	0.631088	0.609924
508	0.482812	0.151793	0.709663	0.625609	0.629710	0.263359	0.162653	1.167625	0.539130	0.887945	0.543221	0.000000	1.582335	0.275741	0.400406	0.091740	0.159496	1.055333	0.717934	0.745146
509	2.159366	1.889635	0.000000	1.669078	2.993626	1.817878	2.562567	3.311479	2.945686	3.156745	2.691221	1.318109	2.799362	2.242899	3.113351	1.752866	2.556153	3.228803	2.901176	3.227341
510	0.477845	0.067987	0.029467	0.064186	0.243704	0.448755	0.111999	0.437047	0.275617	0.218025	0.217446	0.218212	0.883864	0.078714	0.264222	0.368090	0.435266	0.533994	0.119659	0.000000
511	0.415708	0.401813	-0.147009	0.282892	0.717253	0.407986	0.225646	0.632253	0.243590	0.730021	0.728034	-0.199525	-0.574417	0.248023	0.424122	0.000000	0.259920	0.658714	0.514883	0.645286
512	0.870846	0.086547	0.195554	0.082778	0.000000	0.798731	0.593313	0.223546	1.271146	0.495488	0.520153	0.552705	0.426219	0.733077	1.283123	0.669168	0.449008	0.285127	0.105375	0.281242
513	1.506398	1.180254	1.703269	1.304774	0.758914	2.179174	1.501866	0.000000	2.147376	0.369109	0.845342	1.943371	2.064060	1.726042	2.141112	1.804071	1.455356	0.797497	0.596607	0.728911
514	0.187476	0.083012	0.383551	0.158406	0.154632	0.324090	-0.068209	0.378214	0.077696	0.392615	0.357851	0.010927	0.315134	0.105528	0.000000	0.099111	0.256833	0.455257	-0.089879	-0.055984
515	0.935403	0.315733	0.355269	0.299125	0.216220	0.856599	0.439542	0.493512	0.905816	0.443879	0.587309	0.675319	1.164933	0.632064	0.779786	0.911244	0.794477	0.807352	0.111271	0.000000
516	1.731530	0.962906	2.318944	2.277735	-0.485234	2.298978	1.680500	0.497334	2.463063	0.361964	0.804547	2.144571	2.122572	2.073067	2.443164	2.160682	1.764110	1.032988	0.357221	0.000000
517	1.427486	0.725011	1.667998	1.577276	0.539681	2.092130	1.343338	0.287084	2.098651	0.059777	0.635663	1.333743	2.057612	1.567013	1.860581	1.290091	0.000000	0.491283	0.535517	0.603913
518	-0.381974	0.145166	0.827902	0.198246	0.143669	0.378119	0.174121	0.320244	0.160428	0.126944	0.128315	0.478008	1.511512	0.092173	0.000000	0.054363	0.461562	0.416524	-0.034308	-0.025644
519	0.501408	0.417568	1.550027	1.182607	0.500095	1.452074	0.873578	0.247071	1.116554	0.440984	0.551505	0.914126	2.208399	0.895782	1.056957	0.752176	0.000000	0.188469	0.678383	0.557828
520	1.515052	1.208545	2.496292	2.153362	0.198294	2.411796	1.775861	-0.260361	2.437742	0.000000	0.512108	2.170590	2.323380	1.980518	2.511430	2.111444	1.893852	0.451778	0.794966	0.771838
521	0.937584	0.510048	1.821143	1.337814	0.209120	2.013271	1.287395	-0.066168	1.714385	-0.176904	-0.198758	1.771217	2.037394	0.911605	1.810186	1.620198	1.252412	0.521142	-0.362787	0.000000
522	-0.144268	0.056728	1.207900	0.607430	0.051789	0.977884	0.587191	-0.310587	0.310314	-0.170303	-0.253875	0.801450	1.432874	0.000000	0.352373	0.345405	-0.167861	-0.361171	0.588930	0.410964
523	2.218060	1.571422	3.271999	2.973440	0.000000	2.975931	1.529229	2.329718	2.702321	1.613964	1.582408	2.709624	3.346552	2.576295	2.690636	2.658566	2.811296	2.512956	0.648369	0.445788
524	0.573615	0.707575	1.086567	0.884460	1.616283	1.600615	1.429540	0.949357	1.583481	0.734794	-0.023048	0.478288	1.646746	0.000000	1.779161	0.848291	1.521091	0.955302	1.456298	1.805386
525	2.273497	1.669386	3.109005	3.157923	0.000000	2.814683	2.746055	0.359108	3.152673	0.352628	0.541520	3.007101	3.323933	2.963107	3.288985	2.973022	2.842271	1.577279	1.434862	1.662691
526	0.052448	0.062736	1.432664	0.990523	-0.831580	1.188107	-0.253483	-0.814930	0.521590	-1.436181	-1.048342	0.746314	2.115562	0.000000	0.508485	0.542718	0.151158	-0.332050	-0.962104	-0.806628
527	0.843342	0.944941	0.873752	0.000000	0.935639	1.898594	0.877099	1.352918	1.743447	1.242529	0.973230	1.473129	3.724685	0.738342	1.925206	0.943440	1.144719	1.404160	0.637757	0.723867
528	0.000000	1.554678	2.685022	2.006223	1.877473	1.789775	1.965818	1.947779	1.835483	1.906215	1.589904	2.165915	3.266505	1.762330	1.880282	1.136427	2.003695	1.865676	1.836836	1.847511
529	2.019000	1.374154	2.861578	2.845090	1.066983	2.582712	2.665655	1.507017	2.917033	0.000000	0.950513	2.879387	3.019497	2.735319	2.996606	2.740532	2.714618	1.846208	1.725411	1.784469
530	-0.671659	0.000000	1.734895	1.300931	1.076442	0.428427	1.408466	1.531324	1.426932	1.030097	0.807591	1.275375	2.376596	1.277127	1.412870	0.212626	1.244949	1.381407	1.179311	1.209286
531	-0.005305	0.225665	0.722185	0.516541	0.380457	1.011237	0.142160	-0.240926	-0.380790	-0.106653	-0.015827	0.171882	3.066719	0.000000	-0.297898	0.278208	0.272907	-0.016475	0.540220	0.420722
532	0.000000	0.615509	1.648784	0.382443	0.418025	2.043255	1.104661	0.429467	1.397021	-0.125337	0.128937	1.796549	3.064628	0.957233	1.451951	1.085790	1.206989	0.637889	0.774215	0.298247
533	0.000000	0.905529	2.256347	2.251351	1.927277	1.262796	1.520023	1.451677	2.130105	1.646585	1.490914	1.374250	2.290442	1.843023	2.214848	0.112161	1.029772	1.161794	2.011718	1.852441
534	0.443495	0.305735	0.820758	0.882755	0.544815	-0.252291	0.105990	1.442264	0.000000	0.712612	0.446492	0.029192	2.231081	0.133138	0.272170	0.588834	1.264394	1.333441	0.959250	0.725934
535	0.873589	0.850188	1.105605	1.258039	0.835867	1.630426	0.000000	1.906474	2.307385	2.078605	1.678609	1.235932	2.062955	1.450199	2.317839	0.976847	1.544609	1.719487	0.133228	0.410960
536	0.449069	0.146324	0.159213	0.000000	0.286319	0.908177	0.116142	0.089016	0.215204	0.325256	0.261541	0.285336	1.036338	0.058969	0.382310	0.106869	0.024837	-0.035575	0.388123	0.364521
537	2.482613	1.783077	2.279861	2.267351	1.859953	0.000000	2.158669	2.505059	2.351783	2.189299	2.216212	2.275700	2.616686	2.358046	2.473698	2.473344	2.560535	2.604245	1.873034	2.024332
538	0.923989	1.306377	1.843170	1.744207	1.430651	1.524645	0.895223	1.633830	1.029056	1.249825	1.468160	1.380724	0.000000	1.331133	1.150052	1.131746	1.588048	1.661040	1.255622	1.333015
539	2.115123	1.795473	2.376796	2.433745	1.719232	2.509063	2.236157	1.145571	2.322083	0.000000	1.275722	2.403666	1.737382	2.186686	2.616930	2.239233	2.092416	1.757145	1.996420	2.156640
540	0.842010	1.259073	1.584058	1.314129	0.457631	1.613550	0.000000	1.966298	1.998185	2.118997	1.698433	1.041983	1.652619	1.470620	1.707358	0.954999	1.538033	1.730351	-0.232824	-0.199121
541	0.541424	0.468555	0.827716	0.847533	0.329553	0.707174	0.076811	0.856501	0.000000	0.075416	0.004998	0.469322	2.396797	-0.055815	-0.177192	0.477050	0.140048	0.893512	0.499731	0.244469
542	0.338059	0.000000	1.195610	1.174758	0.163796	1.305603	1.410160	0.736696	1.718583	0.212382	0.465177	1.400458	1.703576	1.490959	1.818851	1.089172	1.242868	0.476173	0.672046	0.667453
543	1.897056	0.681382	0.000000	1.527744	1.782673	2.043738	1.766822	1.695580	2.330180	2.254499	2.073656	0.523468	2.507534	1.796493	2.419496	0.235793	0.529510	1.147465	1.858980	1.782179
544	2.321915	1.490900	2.893550	2.814280	0.646318	2.667736	2.364304	0.000000	2.728388	0.535344	0.993463	2.706227	2.342543	2.586921	2.747672	2.642954	2.283152	0.861860	0.960944	1.290923
545	0.111138	0.719886	1.366351	1.131201	-0.087829	0.717665	0.610288	0.888838	0.436150	0.730987	0.370750	0.990682	2.145906	0.529207	-0.483800	0.000000	0.465529	0.926486	-0.114029	-0.026916
546	0.757886	0.103010	0.535415	0.794605	0.092409	-0.552912	0.176163	1.313728	0.618542	0.624866	0.492706	0.000000	2.354057	0.589480	0.703521	0.526762	0.727138	1.355890	0.283400	0.145360
547	1.245451	0.872238	1.251689	2.334995	1.546800	1.949505	1.361690	1.684571	1.939676	1.936673	1.746505	0.514225	2.942962	2.010713	2.125425	0.000000	1.198017	1.385449	1.879846	1.551578
548	0.438901	0.065966	1.065930	0.642144	-0.383844	0.731334	-0.066090	-0.048215	0.006308	-0.182483	-0.012228	0.443941	0.724430	0.352019	0.045432	0.342435	0.000000	-0.038144	-0.155865	-0.412276
549	-0.053273	0.344335	0.304179	0.000000	0.619062	0.846989	0.600827	0.407830	0.343987	0.338471	0.474300	0.702164	1.311838	0.405348	0.524301	0.406106	0.596479	0.341262	0.632786	0.655370
550	0.000000	1.212311	2.214836	2.300124	1.549881	1.748000	2.135804	1.599600	2.365759	1.720116	1.755867	2.164721	2.283520	2.172064	2.419891	1.382150	1.674510	1.040055	1.953478	1.841075
551	1.909638	2.099259	2.724881	2.807209	1.739500	0.000000	2.631102	2.087178	2.669462	2.138900	2.211960	2.687699	2.886070	2.704236	2.828834	2.529748	2.563457	2.230889	1.966258	2.157690
552	0.269168	0.311306	0.813692	0.444512	0.547356	1.050035	0.490487	0.435877	0.121476	0.186512	0.064256	0.435559	3.112310	0.000000	0.165161	0.597627	0.621443	0.679129	0.493929	0.594675
553	0.719768	0.559494	2.085124	1.817069	0.683680	1.971116	1.016850	-0.152403	0.000000	-0.457764	-0.251700	1.172174	2.801510	0.502161	0.262066	1.101058	0.429564	0.129239	0.825791	0.864718
554	2.505690	1.676471	3.500174	3.135272	0.929143	3.291796	2.866354	0.521300	3.163367	0.000000	0.828430	3.325839	3.565960	2.904948	3.183917	3.078067	2.913076	1.481823	0.882138	1.557616
555	0.963210	0.749070	1.765114	1.193333	0.000000	2.006763	0.975332	0.743462	1.162707	0.277590	0.293609	1.298342	3.495464	0.914511	1.139334	1.358037	1.467571	1.240641	-0.215242	0.116047
556	-0.212274	0.229438	-0.018668	0.006260	0.714325	0.477546	0.293313	0.383940	0.115637	0.294224	0.175427	0.000000	2.901046	0.167526	0.220586	-0.115326	0.112419	0.534198	0.486828	0.585905
557	0.155562	0.217599	2.034301	1.814113	0.110103	1.559978	1.317183	0.127506	1.844795	0.235992	0.000000	1.645176	1.951482	1.500031	1.738184	0.925665	0.615166	-0.164904	-0.041364	0.253258
558	2.090196	1.490989	3.046935	2.775862	1.137523	2.829553	2.619172	0.798797	2.726308	0.000000	0.549966	2.949902	3.012864	2.303607	2.659238	2.619166	1.900919	1.306517	1.222632	1.486632
559	0.921917	0.889895	2.552293	1.504175	1.578294	1.445680	1.182013	0.674733	0.162155	1.330218	0.855778	1.534124	2.609311	0.656505	0.000000	0.903209	1.097926	0.412643	1.545043	1.436492
560	1.435469	0.893735	2.370179	1.954789	0.869443	1.936259	1.184761	0.924766	0.876515	0.000000	0.197948	1.487409	2.428231	0.958837	0.766644	1.463907	1.255182	1.135080	0.844533	0.850795
561	1.712807	2.478657	3.072578	3.056907	2.362167	0.000000	2.689656	2.904026	2.660125	2.533626	2.578538	2.857991	3.057994	2.887594	2.776684	2.578420	3.214298	3.162606	2.516263	2.475813
562	0.548248	0.605082	2.038967	1.416264	1.152711	1.024118	1.016559	1.454562	0.000000	1.319814	0.418710	1.277375	2.521847	0.378802	-0.315296	0.899864	1.173591	1.290931	0.980348	1.044619
563	0.114202	0.682666	2.070297	1.516361	1.619026	0.752849	1.172519	0.816975	0.006319	0.869542	0.572422	1.148079	2.427837	0.517019	0.153595	0.000000	0.738080	0.742905	1.638105	1.641155
564	-0.003050	-0.306621	1.086737	0.000000	0.113417	0.840891	0.103255	-0.165126	-0.177657	-0.203976	-0.337262	0.698765	1.934406	-0.225373	-0.021964	0.522709	0.521517	-0.597218	0.312710	-0.007652
565	1.077587	1.262871	2.004306	2.075457	1.758816	1.813545	1.594276	1.834446	1.636178	1.893666	1.836905	1.635072	0.000000	1.843314	1.704807	0.826307	1.396767	1.665832	1.760693	1.782036
566	2.439950	2.144009	3.183477	3.226917	1.335808	2.772092	2.286252	2.604967	3.039337	2.571362	2.468260	3.161935	1.976235	2.927384	3.050988	2.769113	2.809637	2.602011	0.000000	1.823043
567	0.164647	0.465745	1.533433	0.993074	1.185416	0.007857	0.258612	0.946606	-0.561386	0.754096	0.439491	0.366918	-0.148673	-0.131466	-0.860538	-0.110033	0.000000	0.993654	1.197305	0.883035
568	0.521417	0.469692	1.822249	1.402295	0.469605	1.672020	0.713927	0.388938	-0.115016	0.000000	0.263515	1.266045	2.554067	0.595098	0.111439	0.831276	0.870426	0.278397	0.440798	0.280758
569	0.000000	0.244474	2.197643	1.897396	0.544385	1.063700	0.594928	-0.155441	0.666205	-0.226287	-0.014561	1.218786	1.956738	0.493773	0.880399	0.735508	0.946664	0.181794	0.361143	0.532036
570	2.438576	1.530926	3.421092	3.229617	0.579188	3.007921	2.528596	0.651070	2.903335	0.000000	0.562448	2.843216	3.163735	2.687232	2.216990	2.960144	2.119079	1.406819	1.092878	0.953040
571	0.552010	0.479485	0.719680	0.000000	0.496659	1.619040	0.434490	0.586218	0.855235	0.311304	0.444061	1.074237	3.152811	0.558855	0.988209	0.740482	1.002436	0.661203	0.435592	0.106546
572	-0.095388	-0.038700	1.039776	0.521488	0.215386	0.719394	-0.474203	-0.402749	-0.935755	-0.515183	-0.425362	0.000000	2.677454	-0.285194	-1.017348	-0.030933	-0.123493	-0.049099	0.081684	-0.049294
573	2.051170	1.670033	2.729753	2.699421	1.585028	2.740738	2.572686	0.306757	2.753648	1.013882	1.438929	2.604632	2.651201	2.610816	2.723246	2.650522	2.307140	0.000000	2.120473	2.242477
574	1.020993	0.504920	2.230763	2.150165	1.250223	1.738750	1.914056	0.634767	1.940746	0.883848	0.936836	1.776491	2.022426	1.720349	1.693318	1.111989	-0.271171	0.000000	1.607625	1.562998
575	1.581494	1.152667	1.025532	1.401061	2.021437	0.000000	1.372426	2.473058	1.476911	1.964404	1.717602	0.714303	2.834538	1.260053	1.729003	1.341220	1.916345	2.567233	2.296961	2.218235
576	0.000000	-0.228294	0.201411	-0.609065	-0.064938	0.459267	-0.064470	-0.331200	0.117746	-0.005208	-0.458110	0.269240	1.670162	-0.653954	0.067141	-0.083960	-0.228796	-0.186920	-0.008806	0.026648
577	1.145271	1.105832	2.720712	2.464058	1.328075	1.759423	1.005022	1.206650	0.000000	0.875297	0.974525	1.532607	0.880293	1.229899	-0.044524	1.236392	1.218036	1.224017	1.459223	1.242772
578	0.242709	-0.270990	1.024238	0.796853	-0.567926	0.548951	-0.384346	0.079743	-0.752309	-0.388478	-0.361291	0.000000	1.824218	-0.037022	-0.936943	0.171501	-0.020278	0.067675	-0.510928	-0.569459
579	0.931071	0.771759	2.172665	1.991801	0.199728	1.490386	1.468550	0.094286	1.726608	-0.151853	0.000000	1.637593	0.565685	1.581949	1.808715	1.367061	1.377903	0.749306	0.501356	0.822035
580	0.862948	0.687871	0.343515	1.006304	1.280514	1.412378	0.739948	1.134009	0.654569	1.277071	1.010631	0.000000	3.083097	0.696710	0.615456	0.390712	1.076011	1.101835	1.220294	1.178030
581	0.624383	0.939575	2.474005	2.311203	1.404888	1.975090	1.732876	0.345656	1.781618	1.382854	1.356783	1.994118	0.686310	1.982241	1.926169	1.269709	1.370095	0.000000	1.072542	1.220757
582	0.358706	0.722619	1.313420	0.956776	0.626874	0.916012	0.649050	0.615217	-0.052777	0.439405	0.394846	1.003768	3.140528	0.283481	0.000000	0.860110	0.708056	0.694988	0.640077	0.586162
583	0.077416	0.738802	1.309258	1.668835	0.488052	1.017914	0.718217	1.403755	1.241170	1.176935	0.996066	1.155311	0.000000	1.236028	1.368961	0.559770	0.977562	1.264248	0.699012	0.413682
584	2.223073	1.480773	2.918983	2.816374	1.006224	2.658355	2.475054	1.741022	2.600162	0.000000	1.018034	2.753041	2.992649	2.476488	2.634807	2.644360	2.490864	1.944297	1.727552	1.644901
585	2.253353	1.684308	3.352353	2.869615	1.534771	2.662902	2.252760	0.918582	2.065850	0.000000	0.861382	2.795424	3.456118	2.209738	2.118636	2.497207	2.206501	1.627867	1.457673	1.553402
586	-0.100610	0.257717	0.690426	0.623936	0.175175	0.955154	0.032786	-0.099566	-0.608926	-0.179913	-0.109213	0.000000	3.397776	0.078377	-0.564841	0.221503	0.217927	0.063361	0.277962	0.099091
587	0.833623	0.981331	2.787777	2.581002	0.265948	2.193697	1.236682	1.680905	1.864936	1.463452	1.201655	2.135780	3.092311	1.947968	1.345013	1.737167	1.344828	1.207053	0.938120	0.000000
588	3.237229	2.370188	4.030485	3.860339	0.000000	3.887971	2.849413	2.625875	3.725310	1.751177	2.010147	3.525236	3.995126	3.566228	3.553082	3.662798	3.558523	3.117966	1.712759	0.919489
589	-0.153803	0.358077	0.865347	0.000000	0.329855	0.651276	0.293266	0.371859	-0.274129	-0.076670	-0.108935	0.654368	3.284688	-0.057975	-0.086617	0.424872	0.584073	0.555654	0.264166	0.180548
590	0.454533	0.540546	0.770705	0.671186	0.506536	0.724609	0.624834	0.772418	0.311905	0.512019	0.647134	0.683233	0.000000	0.577244	0.412960	0.538950	0.625956	0.802434	0.663439	0.619651
591	2.926103	2.082332	3.221447	2.940910	1.374582	3.179102	3.100339	1.874498	3.038650	0.000000	1.620998	3.237820	3.140280	2.971374	3.073925	3.318357	3.286275	2.231925	2.050580	2.221072
592	1.501614	1.401719	2.277928	2.311702	0.000000	2.421055	1.214413	0.828407	1.664105	0.645267	0.999398	1.657586	3.882568	1.730243	1.502300	1.810895	2.158522	1.675054	0.190837	0.289609
593	-0.238757	-0.106123	0.053647	0.013350	0.209345	0.349861	-0.120378	0.060087	-0.279007	-0.194076	-0.119119	-0.331877	2.752111	-0.165512	-0.233644	-0.049196	0.000000	0.128540	0.248073	0.217877
594	2.551974	1.972268	3.282780	3.014851	0.520611	3.097558	2.164562	2.559315	2.872987	2.370428	2.306968	3.151394	3.511200	2.883988	2.848985	2.983601	2.907527	2.583647	0.000000	0.722182
595	2.722030	1.990728	3.009766	2.927056	2.135256	2.929433	3.032516	1.759415	2.843986	0.000000	1.480540	2.998913	2.990531	2.813971	2.920675	2.928915	2.901179	2.268397	2.548491	2.692218
596	0.293302	0.240392	0.589698	0.202011	0.804247	0.871142	0.535403	0.185223	0.000000	0.200451	0.126280	0.613047	3.266443	0.150735	0.234413	0.411839	0.367606	0.257833	0.765401	0.751558
597	0.427016	-0.020791	0.000000	-0.207758	0.392660	0.860639	0.296936	0.275951	0.407110	0.293614	0.232181	0.396639	3.180235	0.158703	0.479753	0.499389	0.480361	0.323859	0.319939	0.305704
598	0.263827	0.251030	1.408430	0.257228	0.664124	1.979545	0.841685	-0.178498	0.491267	0.253621	0.050947	1.256263	3.093488	0.000000	0.549247	0.734356	0.308809	-0.413015	0.506850	0.583064
599	1.117785	0.484046	1.900491	1.726747	1.358289	1.617744	1.266616	0.527922	1.377817	0.315870	0.552420	0.000000	2.613110	1.086776	1.393790	0.689420	0.548216	0.542974	1.306049	1.524583
600	0.235565	0.700118	1.139341	0.587809	0.839460	0.817436	0.648045	0.451263	0.000000	0.465659	0.382357	0.910151	2.043223	0.340277	0.237539	0.561314	0.637152	0.283334	1.040597	0.893612
601	0.478244	0.072390	0.092229	0.188545	0.218516	0.253416	0.213021	0.677015	0.556064	0.454689	0.424434	0.000000	1.744636	0.443239	0.612534	0.374234	0.444239	0.653267	0.305139	0.180632
602	-0.040079	-0.221095	0.645183	0.107224	-0.231526	0.348659	-0.097966	-0.403133	-0.103891	-0.968617	-0.557212	0.074965	1.395448	-0.216774	-0.199419	0.000000	-0.037907	-0.243500	-0.035428	-0.085211
603	0.530351	0.571913	1.111441	0.871656	0.000000	1.074625	0.372887	0.683637	0.763399	0.933397	0.902078	0.784002	0.423227	0.932488	0.792312	0.726608	0.817532	0.459678	0.378332	-0.007179
604	1.372168	1.008078	1.846251	1.579619	1.568158	1.816100	1.651953	0.209195	1.310635	0.760704	1.075721	1.586992	1.429449	1.375162	1.401634	1.197119	0.849914	0.000000	1.529573	1.661966
605	1.537263	1.167921	1.274159	1.667269	1.822166	0.000000	1.572435	2.262722	1.484530	2.249167	1.929296	1.211963	2.171553	1.619691	1.532741	1.210029	1.641130	2.270995	1.824613	1.912656
606	1.826839	1.426664	2.540847	2.593488	1.023873	1.932822	1.328950	1.956143	2.451716	2.444744	2.107659	2.137769	2.323162	2.214926	2.464773	1.638973	1.879998	1.556232	0.000000	1.190318
607	0.407114	-0.024950	-0.006910	0.435474	0.576321	0.709953	0.324656	0.484237	0.198035	0.111234	0.208486	-0.112378	1.838874	0.148875	0.285232	0.000000	0.279777	0.502985	0.626069	0.561264
608	-0.330298	0.136516	0.759965	0.617121	0.543362	0.307823	0.391424	0.055903	-0.258682	0.319614	0.149858	0.390614	-0.475122	0.240257	-0.025141	-0.111700	0.000000	-0.148152	0.456929	0.458391
609	0.176390	0.024320	0.000000	0.064417	0.366758	0.387438	0.246253	0.491425	0.322447	0.383724	0.323197	0.309557	1.982665	0.184018	0.444664	0.173928	0.246194	0.434671	0.190974	0.231150
610	2.293959	1.721371	1.824741	1.955508	1.235116	2.481862	1.878471	1.698086	2.645637	2.068471	1.962896	2.154445	2.886852	2.237413	2.561410	2.294145	2.275514	1.827296	0.000000	0.997075
611	-0.288199	-0.218774	0.284443	-0.060162	-0.375850	0.435745	-0.333607	-0.093380	0.089768	-0.175996	-0.290838	-0.342186	1.306252	-0.406877	-0.118099	0.000000	-0.220628	-0.500830	0.000884	-0.388950
612	1.310809	1.278058	1.822882	1.512305	0.974852	1.733626	1.419724	0.920746	1.911379	0.983395	0.825624	1.676360	0.000000	1.368676	2.056764	1.446867	1.406543	1.021475	1.132684	1.071764
613	1.389719	0.836603	1.098917	1.348672	0.263106	1.742456	1.195679	0.739216	1.927208	0.763471	0.859711	1.531486	1.963368	1.358320	1.923517	1.331075	0.677193	0.661748	-0.259986	0.000000
614	0.000000	-0.122817	0.975380	0.632991	0.135293	0.787077	0.260700	-0.213072	-0.482942	-0.771315	-0.548444	0.309257	1.707231	-0.153135	-0.453185	0.378353	0.394056	0.168274	0.153546	0.224136
615	-0.201002	-0.182242	0.000000	-0.030475	0.110375	0.211607	-0.029672	0.130736	-0.035755	-0.071977	-0.053624	0.117521	0.660065	-0.071051	0.116961	0.061641	0.273219	0.168630	0.081043	0.095114
616	0.075177	0.611423	0.704129	-0.065707	0.629098	0.779174	0.527857	1.169730	0.954040	1.227613	0.666183	0.422582	1.488240	0.000000	0.995801	0.512423	1.023697	0.886100	0.559273	0.510123
617	-0.396897	-0.323590	2.152709	0.641903	0.745488	0.763326	1.108968	0.250473	0.702988	0.336130	-0.324321	1.374954	2.239695	0.224689	0.668572	0.000000	0.459618	-0.005664	0.687181	0.722011
618	1.860005	1.152539	3.077727	2.866363	0.485021	2.510642	1.747782	0.000000	2.296592	0.815637	1.042665	2.589777	2.855145	2.285390	2.180585	2.297395	1.556786	0.586258	0.816032	0.576678
619	0.239434	-0.234768	1.171917	0.178552	-0.226041	0.276717	0.113460	0.143787	0.000000	0.069945	0.031224	0.676001	0.852552	0.030150	-0.027300	0.301928	-0.046445	0.031577	-0.226726	-0.250494
620	1.042698	0.745933	3.306318	3.138608	1.639388	2.008286	2.898440	0.853998	3.078013	1.401393	1.602378	2.931073	2.916981	2.893349	2.942629	2.095194	1.469833	0.000000	2.265607	2.019749
621	0.699990	0.118457	1.258526	0.741084	0.336129	1.209737	0.364029	-0.086216	0.176164	0.131328	0.353000	0.591308	2.305776	0.392181	0.000000	0.531788	0.333201	0.106222	0.456265	0.322574
622	1.552536	1.052240	3.392468	3.027108	0.554310	2.464089	2.615687	0.000000	2.877571	0.599081	0.683036	3.017700	3.370351	2.613051	2.932945	2.560694	2.243546	0.632465	0.777820	1.521027
623	0.207577	-0.104464	0.295847	0.434605	-0.267602	0.836596	-0.265992	0.296821	0.044481	0.096400	0.069536	-0.094492	1.868724	0.202368	-0.076659	0.000000	0.093320	0.435328	-0.057231	-0.460431
624	1.469267	1.133210	2.867531	2.531143	0.584712	2.393981	1.523872	0.317138	0.959750	0.000000	0.637910	2.263879	1.268916	1.786851	0.698991	1.986495	1.271964	0.701474	0.980158	0.746514
625	0.467747	0.261761	1.076605	0.760664	0.200893	0.866819	0.221268	0.473669	0.000000	0.381744	0.418752	0.617038	0.969203	0.496842	-0.090250	0.521061	0.429690	0.437174	0.268972	0.088069
626	-0.203458	-0.275684	0.182357	-0.058445	-0.095049	0.307286	0.064712	-0.080702	-0.060793	-0.331746	-0.219684	0.149842	1.561034	-0.008521	-0.062593	0.000000	0.031760	-0.020382	0.035941	-0.046480
627	0.000000	0.995080	2.060196	0.773124	1.193504	1.514301	1.477478	1.134510	1.486790	1.024808	0.722404	1.733696	2.577015	0.794329	1.364329	1.080853	1.372627	0.926106	1.389128	1.195016
628	1.315936	0.476922	1.585086	1.298014	0.248199	1.670286	0.552815	0.957242	1.353121	0.000000	0.477088	1.350286	2.059301	1.015353	1.368932	1.412880	1.293254	1.191769	0.567688	0.329288
629	1.016560	0.940428	1.301055	1.212034	1.243281	0.000000	1.259673	1.751844	1.246104	1.238740	1.208215	1.338018	1.798299	1.211101	1.415154	1.317625	1.589372	1.808729	1.418667	1.418054
630	0.196236	-0.017907	0.000000	0.116270	0.294910	0.518780	0.264242	0.468908	0.463084	0.373029	0.365157	0.258325	0.601875	0.374477	0.517686	0.224320	0.370276	0.510782	0.148859	0.275882
631	-0.164738	-0.301758	-0.010554	-0.139276	-0.192345	0.043310	-0.128814	0.068127	0.000000	-0.246079	-0.219678	-0.188520	1.028531	-0.111336	0.044893	0.000915	0.146560	0.130203	-0.177818	-0.222988
632	0.000000	0.801761	1.296631	0.968321	0.941916	1.311827	1.038946	0.982091	1.343965	1.162775	0.877578	1.277341	1.781218	1.050431	1.347718	0.535808	0.810436	0.721494	0.779889	0.783149
633	0.358492	0.036289	0.593586	0.523494	0.149614	0.627307	0.205029	0.351330	0.064202	0.354949	0.282799	0.368276	-0.510269	0.276041	0.018617	0.288426	0.286071	0.352283	0.170236	0.000000
634	0.068181	0.155599	0.115948	0.000000	0.277867	0.646225	0.305106	0.145600	0.346357	0.200648	0.217772	0.366311	0.488744	0.195994	0.483085	0.188527	0.219395	0.074606	0.339754	0.284416
635	2.319886	1.738611	2.710782	2.702600	0.721598	2.439712	2.333786	1.885516	2.669183	1.750883	1.747918	2.685815	2.294862	2.553197	2.625121	2.441729	2.387406	2.023664	0.000000	1.239147
636	0.709629	0.476435	0.109642	0.706206	0.862483	0.060741	0.419312	1.274189	0.469399	0.921651	0.789219	0.000000	2.149837	0.525571	0.429816	0.277118	0.222355	1.142589	1.096000	0.921597
637	-0.061688	-0.030528	0.000000	-0.109610	0.151838	0.395461	-0.019000	0.161114	-0.137636	0.075613	-0.021745	0.110444	0.425736	-0.156507	-0.004888	0.155638	0.299895	0.263207	-0.105488	0.060257
638	0.229739	-0.055941	0.005346	0.036774	-0.185668	0.447533	-0.143542	0.411116	0.169184	0.306572	0.227785	0.000000	1.420248	0.137697	0.123766	0.135222	0.229963	0.451658	-0.376656	-0.276642
639	0.574244	0.635234	0.794505	0.000000	1.208564	1.193654	0.871591	0.957374	1.087246	0.498132	0.578105	0.722051	2.216734	0.145452	1.260046	0.958695	1.172251	0.863030	1.214026	1.248852
640	1.646216	0.905085	2.399236	1.693196	0.529278	2.391770	1.570329	0.178020	1.440369	-0.067140	0.000000	1.950847	3.079072	1.317820	1.335934	1.819361	1.518029	0.950445	0.437842	0.980007
641	0.223383	0.092106	0.618578	0.579362	0.190125	0.668252	0.105390	0.357264	-0.332639	0.082573	0.149217	0.232566	2.181391	0.116183	-0.582585	0.232556	0.288785	0.523789	0.196569	0.000000
642	0.230938	0.169887	0.775622	0.539046	0.431874	0.928184	0.473316	0.381237	0.015499	0.000000	0.131473	0.533937	2.530453	0.219110	-0.056683	0.599853	0.704805	0.643606	0.487717	0.504244
643	2.496125	1.888668	3.009038	3.007156	0.000000	3.023756	3.014952	2.192059	3.062236	1.487601	1.799110	3.221284	3.363689	3.037429	3.186340	3.039009	3.084188	2.571051	1.638946	2.325873
644	1.508175	1.644742	3.535090	2.670768	1.905526	2.496387	1.882650	1.642053	0.305820	1.592167	1.185622	2.635132	3.686778	1.326097	0.000000	1.987819	2.111459	1.885484	1.965721	1.908109
645	-0.223354	-0.360421	0.767056	0.142287	0.222935	0.393768	0.088165	0.003367	-0.522311	-0.202115	-0.335583	0.191904	2.832971	-0.252656	-0.656470	0.000000	0.197338	0.114819	0.146306	0.223930
646	-0.686402	-0.550672	1.003542	-0.196023	-0.134673	0.720610	0.096272	-0.263660	0.269673	-1.139625	-0.948405	0.286759	2.476489	-0.335946	0.405136	0.000000	0.309233	-0.182776	-0.041177	-0.179401
647	2.124259	1.359052	2.968600	2.648987	1.217036	2.847623	2.634820	-0.432720	2.666747	-0.147866	0.709021	2.880431	3.039624	2.573412	2.690234	2.883908	2.500637	0.000000	1.795963	1.942165
648	0.000000	1.324454	2.560873	2.080851	1.972824	1.480453	1.970986	1.652542	1.827560	1.587698	1.345265	1.886236	2.959499	1.617045	1.833523	0.855131	1.716788	1.678636	1.988572	1.984846
649	0.366044	0.122043	0.258964	0.250661	0.070842	0.837465	0.443630	1.020288	0.596245	0.600749	0.370062	0.501477	2.774074	0.395507	0.532961	0.601124	0.912821	1.244471	-0.269752	0.000000
650	0.000000	0.914009	2.586361	2.423565	1.425425	1.775123	2.233294	1.279846	2.574554	1.084262	1.130031	2.488841	3.248259	2.284421	2.568375	1.116365	1.484995	1.237737	1.657048	1.579511
651	2.546095	1.526099	3.735160	3.580373	0.658898	3.476672	3.317832	0.163350	3.793460	-0.061759	0.000000	3.388335	3.735749	3.491252	3.677035	3.440757	2.789559	0.752555	2.258804	2.150990
652	0.755043	0.294984	1.629152	1.291966	0.713208	1.241026	0.961864	0.600029	0.530828	0.723742	0.492595	0.074165	2.519184	0.654921	0.000000	0.699566	0.773172	0.614466	0.864135	0.936013
653	0.283629	-0.161946	0.202332	-0.226123	0.269535	0.972290	0.417055	-0.002711	0.389496	-0.018566	-0.109232	0.311898	2.580088	0.000000	0.357671	0.510038	0.450166	0.192411	0.090550	0.161976
654	3.049659	2.405693	3.637221	3.614682	0.702207	3.522157	2.070446	2.843582	3.555792	2.820931	2.790042	3.397780	3.654488	3.520574	3.189202	3.323264	3.198132	2.874670	0.809814	0.000000
655	1.523024	0.884165	3.400644	2.801272	0.000000	2.614623	1.358052	1.664340	2.390009	1.423951	1.244176	2.280988	3.048297	2.349062	2.326859	1.936759	2.011358	1.676024	0.285972	0.147927
656	0.431090	0.191702	1.300944	0.656823	0.188666	1.176324	0.712109	0.330706	0.463414	0.000000	0.104002	1.074952	2.778510	0.494411	0.410288	0.618896	0.732899	0.596098	0.259257	0.281640
657	0.045749	-0.338692	0.219250	-0.084580	-0.214189	0.632123	0.015579	-0.198437	0.000000	-0.292452	-0.239491	0.083469	1.967805	-0.055929	0.078320	0.031612	-0.036326	-0.037174	-0.227961	-0.184370
658	0.935141	-0.029954	1.283496	0.338490	0.170853	1.739437	0.545425	0.205056	0.896057	0.236834	0.215557	0.980267	2.606848	0.630108	0.780316	0.987643	0.501922	0.000000	0.437360	0.155442
659	0.555895	-0.182509	1.649984	0.923177	0.070999	1.438121	0.239291	0.277286	0.000000	-0.370033	-0.157527	0.758751	2.262231	0.302100	0.067724	0.778780	0.210158	0.314016	0.284840	0.028239
660	0.545128	-0.026371	0.511445	0.602249	0.292722	-0.230119	0.141008	0.843037	0.215135	0.390256	0.291535	0.000000	1.642722	0.232626	0.331673	0.442250	0.799943	0.975996	0.477438	0.415584
661	0.240278	-0.431939	0.624807	0.209565	-0.081056	0.792354	0.245019	-0.484813	0.206832	-0.356478	-0.283841	0.500464	1.394388	0.000000	0.168749	0.379565	0.197850	-0.291362	-0.076428	0.003553
662	0.306433	-0.231307	0.249863	0.299675	-0.170176	0.767965	0.144941	-0.061979	0.353603	-0.009851	0.000000	0.140093	0.460533	0.309947	0.277412	0.307409	0.282435	0.142984	-0.341857	-0.153753
663	0.788288	0.119878	1.512491	1.128588	-0.049806	1.273512	0.437721	0.000000	0.685861	0.321364	0.263748	0.945746	0.866758	0.763456	0.550910	0.966578	0.645878	0.114013	-0.047281	-0.081653
664	-0.086453	-0.388741	-0.140293	-0.176750	-0.181405	0.177227	-0.111839	0.079877	0.177961	0.000000	-0.044061	-0.052646	-0.047688	-0.030469	0.122356	-0.115825	-0.010876	0.079563	-0.327370	-0.263869
665	2.097299	1.305961	2.854587	2.724573	0.000000	2.534811	1.739986	1.168494	2.675427	1.016653	1.324562	2.496554	2.181651	2.458074	2.578292	2.384997	2.114892	1.538807	0.617036	0.357171
666	0.330219	0.125180	0.324479	0.281000	0.746367	0.000000	0.327690	0.703676	0.150108	0.639234	0.487327	0.180728	1.244803	0.180497	0.112277	-0.022260	-0.006993	0.649999	0.847815	0.751097
667	-0.058393	0.176968	0.497714	0.000000	0.656911	0.652191	0.527953	0.043712	0.227736	0.529682	0.310737	0.514759	-0.487157	0.181462	0.275739	0.130929	0.232176	-0.122062	0.491706	0.541856
668	0.084958	0.149710	0.182024	0.000000	0.439890	0.028027	0.038166	0.515173	-0.111938	0.449655	0.235770	0.004313	0.892196	-0.093242	-0.082816	-0.021069	0.176218	0.543298	0.423232	0.456801
669	0.950475	0.613297	0.000000	0.273835	1.551767	1.646106	1.192054	1.998408	2.059070	2.138219	1.456609	-0.174374	2.110913	0.725049	2.047580	0.478323	1.363265	1.699165	1.483916	1.492544
670	2.173434	1.514624	2.397207	2.576813	1.913577	2.557168	2.545382	0.256756	2.609251	1.312142	1.800728	2.302007	2.368780	2.519917	2.748351	2.362629	1.925948	0.000000	2.483587	2.509421
671	1.608858	1.097098	2.594736	2.111720	0.825513	1.937924	0.814066	0.580804	0.492743	1.049505	1.089256	1.429877	2.267565	1.356089	0.000000	1.643538	1.323487	0.602699	0.809481	0.758206
672	1.530642	0.598788	1.866988	1.529835	0.692267	1.930068	1.395908	-0.089374	1.997601	0.499663	0.482104	1.897195	1.776286	1.356820	2.049228	1.463469	0.717189	0.000000	1.050604	1.077503
673	0.000000	-0.023741	0.084171	0.614678	-0.011960	0.648708	0.069977	0.490569	1.383657	0.688595	0.516714	0.492737	1.911060	0.861399	1.248799	-0.306191	-0.054673	0.499080	-0.613132	-0.320840
674	0.332878	0.224441	-0.062756	0.177497	0.459508	0.194240	0.312883	1.042579	0.749263	0.634346	0.506704	0.000000	1.484527	0.397299	0.883034	0.489512	1.012823	1.112635	0.641908	0.459422
675	0.976001	0.459736	1.304361	0.763647	0.286566	1.424170	0.673877	0.013848	0.658202	0.000000	0.322315	1.094227	1.037972	0.739835	0.534837	0.957667	0.581487	0.078774	0.323883	0.263653
676	-0.047701	-0.357463	-0.495922	-0.304690	0.077032	-0.007561	-0.096350	0.323498	0.000000	0.008922	-0.053620	-0.423781	1.169175	-0.226076	0.018354	-0.473015	-0.716956	0.223073	0.093829	0.086227
677	0.296881	0.231051	0.217359	0.225808	0.677870	0.435872	0.394191	0.609517	0.375788	0.555419	0.508727	0.335760	0.000000	0.361803	0.471222	0.186964	0.406205	0.669976	0.579248	0.709392
678	-0.002550	-0.618989	-1.052467	-0.413526	-0.371773	-0.630064	-0.226542	0.057580	0.102599	-0.265074	-0.206756	-0.778252	0.594400	-0.042975	0.000000	-0.166171	-0.148302	0.192368	-0.289608	-0.331859
679	0.996923	0.323185	1.977701	1.459091	0.680058	0.922611	0.764404	0.000000	0.622153	0.162819	0.332413	0.878137	1.650748	0.602542	0.642811	1.341904	1.256671	0.361826	0.813367	0.707026
680	0.525268	-0.056850	0.177736	-0.292363	0.296061	0.459280	0.487198	0.361326	1.033658	0.550583	0.293075	0.589942	1.855933	0.316739	0.909894	0.000000	-0.166835	0.192219	0.227725	0.220619
681	2.355436	1.590562	3.579936	3.474316	0.000000	2.952385	3.093573	1.600357	3.540581	1.217184	1.265420	3.472834	3.514250	3.328233	3.471662	3.288078	2.957686	1.838782	1.892144	1.688080
682	0.506276	-0.299414	-0.876037	-0.767417	0.175473	0.908458	0.114538	0.115079	0.892897	0.252888	0.198575	0.000000	1.759209	0.148193	0.862363	-0.374201	-0.557388	0.138921	-0.100187	0.049096
683	3.025823	2.128833	3.495185	3.475138	0.000000	3.433069	3.425988	1.849888	3.505838	1.883945	2.074345	3.523997	3.270267	3.542487	3.472122	3.429020	3.283237	2.150434	2.574398	2.568133
684	1.601751	0.751847	1.997008	1.695816	0.000000	2.118715	1.211855	0.490439	1.829250	1.193823	1.102293	1.615635	2.464406	1.625694	1.617083	1.283877	0.895004	0.599142	-0.737530	-0.115843
685	2.025488	1.523189	3.091671	3.196835	1.889924	2.911849	2.950538	0.580063	2.846971	1.404227	1.847995	2.948701	2.535916	2.939196	2.914209	2.717794	2.218459	0.000000	2.547693	2.551179
686	0.941372	0.763918	2.456100	1.694987	0.675677	1.230114	1.084762	0.557891	0.816898	0.853747	0.584390	1.540221	1.879786	0.695343	0.141447	0.690914	0.000000	0.275888	1.074531	0.734880
687	0.000000	0.231589	1.323353	1.336375	-0.198635	0.745924	-0.177836	0.253540	0.010487	-0.141953	0.026171	0.662813	1.777068	0.583199	-0.002104	0.377044	0.383649	0.529158	0.100730	-0.023251
688	1.739558	1.534021	1.996406	2.008828	1.731124	1.862498	1.714038	1.885670	1.979711	2.049898	1.936341	1.945825	0.000000	1.906838	2.003176	1.607126	1.671213	1.712288	1.940938	1.767236
689	0.310181	0.087907	0.515041	0.797850	0.186857	-0.610981	0.027511	0.904606	0.000000	0.425912	0.367672	-0.198905	1.367733	0.296470	-0.025412	0.225184	0.374450	0.877787	0.412290	0.202789
690	1.080888	0.662352	0.725691	1.302401	0.780566	1.303837	0.107834	1.010699	-0.015387	0.979028	0.863114	0.000000	2.661068	0.487737	-0.163026	0.620379	0.835927	1.078667	0.878750	0.590252
691	0.985803	0.855333	1.446971	1.455342	0.599318	1.351340	0.983693	0.057123	1.015613	0.536387	0.637817	1.198323	0.344087	1.138528	1.013965	0.964349	0.617982	0.000000	0.465063	0.584354
692	-0.115333	0.719467	1.259299	0.837243	0.187668	0.022444	0.263374	1.002542	0.632627	0.964822	0.506353	0.639808	1.811535	0.380811	0.519747	0.000000	0.152317	0.725557	-0.229059	-0.048623
693	-0.012942	-0.485838	0.000000	0.244552	-0.423703	0.588403	-0.156997	-0.082578	-0.262737	-0.251238	-0.352386	-0.058232	2.276853	-0.200033	-0.235755	0.026235	0.159941	0.060071	-0.318937	-0.350622
694	1.753472	0.843886	2.682816	2.307823	0.101381	2.389838	1.560493	0.000000	1.954643	0.351097	0.466486	2.314489	2.110870	1.868787	1.860136	1.969146	1.512351	0.421433	-0.261292	0.269531
695	2.583695	1.611358	3.227869	2.990660	1.094196	3.183235	2.465720	0.000000	2.667256	0.814642	1.275794	3.043395	3.007342	2.683279	2.670651	2.959059	2.283158	0.597392	1.412990	1.401590
696	1.232131	1.169893	0.803177	1.092283	1.753536	1.457043	1.143232	1.644176	1.387517	1.606619	1.609927	1.232912	0.000000	1.275977	1.549489	1.020984	1.295033	1.533889	1.767414	1.773094
697	1.355649	1.370516	2.579149	2.128618	1.432879	2.064218	1.394251	0.982597	0.357980	1.201274	1.173135	1.880732	1.783077	1.334432	0.000000	1.465144	1.325764	1.114960	1.321497	1.352128
698	-0.239839	-0.096986	-0.409276	-0.290890	0.067985	0.089055	-0.219177	0.331868	0.120527	0.284280	0.174018	-0.053276	0.599159	0.049750	0.181318	-0.185238	0.000000	0.251255	-0.217263	-0.080376
699	1.027445	0.634922	0.461427	0.000000	1.122488	2.230407	1.210381	0.398301	1.772455	0.659296	0.707747	1.630406	2.987803	0.892353	1.879349	1.369844	1.001142	0.437669	0.689545	1.120220
700	1.572868	1.314492	3.068892	2.873186	1.112374	2.935395	2.692563	0.101283	2.731205	0.279665	0.759701	2.938348	3.403600	2.340351	2.753945	2.455742	1.394167	0.000000	1.520629	1.859380
701	0.934932	0.364388	1.195284	0.000000	0.231732	1.877686	0.889293	0.352246	1.634717	0.272080	0.206564	1.175922	3.167150	0.812541	1.534454	1.390607	1.383354	0.650385	0.352796	0.060193
702	-0.456729	-0.169273	-0.210780	-0.627286	0.472165	0.321834	0.209417	0.233711	0.000000	0.113358	-0.087590	0.065234	2.101558	-0.201834	0.056370	0.055630	0.159389	0.236893	0.452830	0.459057
703	0.000000	1.121247	2.763707	2.645832	0.740960	1.936730	2.174504	1.016099	2.566049	1.018310	0.860624	2.595156	3.140410	2.481200	2.497536	1.716147	2.175513	1.158023	1.270759	1.234746
704	2.397374	1.778860	2.890620	2.799756	1.461832	2.885578	2.832520	0.000000	2.929690	0.216025	1.172286	2.974219	3.187071	2.822159	2.954201	2.958691	2.694169	0.901486	1.910069	2.040783
705	0.403160	0.416782	0.940159	0.539533	0.665096	1.271598	0.652276	-0.005364	0.331460	0.067141	0.051126	0.700869	2.838550	0.305955	0.000000	0.658282	0.522313	0.332972	0.502206	0.583579
706	0.791370	0.678572	1.121541	0.976475	0.434664	1.445149	0.912877	0.781774	1.371391	0.237186	0.000000	1.237855	2.867028	0.988033	1.289582	1.300613	1.742933	1.469617	0.548541	0.550694
707	-0.143195	-0.380503	0.892580	0.295081	-0.239923	0.981138	-0.143743	0.462539	1.014945	0.126585	-0.170391	-0.039271	2.524307	0.328693	1.026763	0.000000	0.378570	0.240099	-0.068288	-0.504832
708	0.742989	0.674970	2.192469	1.476680	0.111377	1.793708	0.803782	-0.095521	0.396556	-0.135442	-0.032821	1.435167	2.594740	0.757481	0.000000	1.084072	0.966016	0.456564	0.269559	0.038969
709	0.033909	0.260774	0.033286	0.288940	0.438340	0.200468	0.087673	0.422853	-0.155573	0.316669	0.171604	0.105630	0.670028	-0.130896	-0.008122	0.000000	0.246268	0.413359	0.473895	0.554784
710	0.391687	0.322403	0.673592	0.574860	0.110165	1.025905	0.276818	0.161009	0.207526	0.185666	0.210556	0.542024	2.056176	0.362795	0.000000	0.537585	0.539822	0.325136	0.026295	0.070827
711	1.798217	1.365968	2.377866	2.511695	0.913580	2.315950	1.971714	0.000000	2.305680	0.732165	0.964004	2.261771	2.687104	2.178308	2.239401	2.065608	1.744934	0.910791	1.117954	1.323636
712	0.007069	-0.085925	0.666373	-0.165098	-1.030803	0.878165	-0.146582	-0.099846	0.449588	-0.944418	-0.866991	0.000000	2.175438	-0.471964	0.420867	0.151708	0.307262	0.406617	-0.600579	-0.836899
713	-0.229141	-0.103199	0.000000	-0.056552	-0.019798	0.377393	0.068736	0.036828	-0.145464	-0.065668	-0.122266	0.120345	1.951520	-0.109540	-0.046185	-0.049112	0.191832	0.214732	0.032478	0.047575
714	0.000000	-0.383032	0.721566	0.248380	-0.283774	1.071928	0.063968	-0.833445	-0.199199	-0.710564	-0.596854	0.469919	1.998919	-0.055291	-0.217485	0.336068	-0.136163	-0.541830	-0.289787	-0.256384
715	2.797401	2.094761	3.080619	3.260174	0.000000	3.029133	2.830042	2.478549	3.379612	1.935495	1.980470	3.186310	3.235736	3.239637	3.315989	3.211735	3.316611	2.922534	1.876497	1.465627
716	0.083365	-0.312862	-0.013126	0.058450	-0.069243	-0.455968	-0.253126	0.586445	-0.078129	0.139683	-0.077720	-0.432362	1.370332	-0.363884	0.000000	0.032586	0.620321	0.645601	0.257993	0.054730
717	1.941868	1.337131	2.633739	2.675043	1.872428	2.497757	2.349551	1.323323	2.889337	0.000000	1.191404	2.123943	2.651219	2.316538	2.895166	2.072166	1.363902	1.545223	2.486409	2.440194
718	1.343084	0.687340	0.078081	1.024962	0.920609	1.097127	0.888339	1.511963	1.255123	1.423442	1.357075	0.000000	2.221155	1.141377	1.284070	0.527018	0.469260	1.508789	1.118335	1.017916
719	0.760729	0.937183	0.000000	0.278994	1.191583	1.157516	0.779444	1.229457	1.383459	1.298266	1.210502	0.712444	0.727907	0.905502	1.477753	0.787248	1.071456	1.270653	0.887652	1.061230
720	0.080511	0.000599	0.045770	0.043580	-0.114087	0.349304	-0.080976	0.274580	0.005581	0.171642	0.082213	0.000000	1.598397	0.028181	0.076692	-0.047858	0.039453	0.248753	-0.209109	-0.146979
721	0.959743	0.473156	0.609765	1.256428	0.700312	1.373741	0.458809	0.797968	1.012778	0.759736	0.835887	0.166523	2.187443	0.719604	1.098883	0.000000	-0.576910	0.778798	0.823261	0.840010
722	2.031125	1.132564	2.728633	2.834874	0.736396	2.593394	2.548534	0.381711	2.827205	0.000000	0.644202	2.596303	2.834574	2.580118	2.849563	2.596658	2.291047	0.968763	1.528452	1.694412
723	0.502990	0.289727	0.428898	0.000000	0.373288	0.914408	0.389586	0.024472	0.433209	0.391175	0.327615	0.716891	1.595442	0.221148	0.487112	0.497751	0.521545	-0.013854	0.321548	0.305399
724	1.858764	1.151735	2.332887	2.479823	0.000000	2.318909	1.982026	0.964830	2.413951	1.367394	1.411770	2.169417	1.944617	2.338634	2.470055	2.059570	1.851533	1.097014	0.827037	0.815799
725	0.063287	-0.147004	-0.076207	-0.277859	-0.019564	0.373110	0.125037	-0.110210	0.343376	0.000000	0.097178	0.431974	1.088676	0.119614	0.383575	0.161213	0.242902	-0.150832	-0.107598	-0.100551
726	1.282815	0.800014	0.992348	1.041970	0.993661	0.000000	1.110355	1.248322	1.536352	1.379775	1.284932	1.038164	1.597756	1.282397	1.576302	1.129276	1.185834	1.206436	1.080571	1.040565
727	1.505582	0.761924	1.372879	1.493599	0.891863	1.755902	1.549177	0.000000	1.990846	0.108770	0.328311	1.594183	1.557162	1.350869	2.237989	1.548232	1.523145	0.772071	0.901071	1.138635
728	-0.089307	-0.023834	0.124917	-0.132598	0.165127	0.285322	0.142481	0.111208	0.172421	0.163774	0.143256	0.215629	0.261970	0.000000	0.221177	0.087797	0.103019	0.025809	0.130883	0.135825
729	0.358263	0.349680	0.473871	0.413547	0.491662	0.618328	0.562595	0.413560	0.679358	0.586059	0.584331	0.577085	0.000000	0.546478	0.713840	0.510937	0.577899	0.351432	0.401286	0.459056
730	0.203314	0.101181	-0.238930	0.045011	0.507568	0.161299	0.233442	0.339176	0.489774	0.465594	0.437293	0.033690	0.002937	0.227837	0.536488	0.027798	0.000000	0.282645	0.370575	0.491037
731	0.012175	-0.162133	-0.206570	-0.164121	0.226603	0.084044	0.086624	-0.081681	0.243821	0.000000	0.132425	-0.030415	-0.253124	-0.010987	0.243388	-0.117153	-0.130549	-0.171103	0.271644	0.271487
732	-0.080933	-0.115917	0.043860	-0.077698	0.285302	0.000000	0.142662	0.056321	0.251319	0.140248	0.157312	0.078361	-0.190224	0.011387	0.281590	0.004148	0.052108	-0.006025	0.307479	0.416905
733	0.405439	0.320482	0.357290	0.361875	0.762066	0.462886	0.694155	0.427910	0.697118	0.566101	0.618787	0.494138	0.000000	0.483821	0.762337	0.426151	0.425380	0.411044	0.763928	0.877574
734	0.371833	0.282595	0.210088	0.265186	0.721389	0.328178	0.529910	0.484221	0.598730	0.618584	0.654403	0.344808	0.000000	0.392238	0.645158	0.290828	0.322897	0.422592	0.704678	0.794423
735	0.032693	-0.032669	-0.072789	-0.022328	0.287149	0.011823	0.219773	0.180677	0.373166	0.281662	0.307990	0.000000	-0.183943	0.164262	0.399105	0.010589	0.062257	0.080851	0.238903	0.388909
736	-0.115982	-0.261144	-0.155113	-0.034042	-0.013729	-0.095022	0.065219	-0.061302	0.280863	0.044442	0.092832	-0.099760	-0.297763	0.000000	0.236727	-0.064965	-0.035421	-0.060452	-0.152466	0.066651
737	0.340437	0.121527	0.248318	0.386252	0.407331	0.238803	0.416305	0.481093	0.659873	0.421062	0.460387	0.277086	0.000000	0.442206	0.639313	0.304187	0.368832	0.524788	0.154775	0.475590
738	0.377557	0.177244	0.328430	0.411273	0.441483	0.238084	0.387080	0.561103	0.557095	0.571871	0.599409	0.291355	0.000000	0.458281	0.540841	0.318464	0.353652	0.524458	0.323996	0.477618
739	0.132997	-0.280892	0.220022	0.371126	0.155068	0.177354	0.329763	0.021716	0.482306	-0.078823	0.124135	0.196802	0.277133	0.361903	0.505993	0.190159	0.219143	0.000000	-0.061309	0.205256
740	0.067099	-0.368027	-0.007959	0.056161	-0.212858	0.307923	-0.030867	-0.079703	0.237627	-0.060423	0.076385	-0.121607	-0.451947	0.168249	0.221199	0.000000	0.006220	0.006417	-0.622661	-0.223679
741	0.442639	-0.062619	0.771404	0.635464	-0.061157	0.779212	0.427003	0.000000	0.662249	0.004233	0.288050	0.618586	0.083462	0.617744	0.636047	0.561433	0.420292	0.274384	-0.435918	0.002470
742	1.478659	0.822977	1.955964	1.899470	0.942843	1.527184	1.511091	1.584524	1.789162	1.345210	1.415527	1.764248	0.861609	1.797464	1.706755	1.681088	1.627557	1.632559	0.000000	1.033095
743	0.708579	0.207258	1.217081	1.103981	0.179205	0.970201	0.713399	0.408190	0.913140	0.000000	0.457584	0.978349	0.899617	0.856109	0.912762	0.846730	0.805915	0.710177	-0.069740	0.242120
744	0.785454	0.265280	1.414405	1.113117	0.224714	1.237460	0.893036	0.000000	1.045140	0.169410	0.560551	1.207782	0.988229	1.047848	1.031900	1.023849	0.897132	0.397287	-0.036021	0.228015
745	0.473688	0.259701	1.555299	1.351579	-0.061079	0.891862	0.878916	-0.121518	1.274788	-0.039796	0.351312	1.372361	0.988776	1.186956	1.251187	1.059445	0.858048	0.000000	-0.241551	0.042888
746	0.561785	0.281160	1.406819	1.226751	0.000000	0.921592	1.111800	0.398917	1.250438	0.119821	0.582747	1.375530	1.366762	1.249462	1.275451	1.046426	0.986623	0.598072	0.044847	0.307267
747	-0.203575	-0.335449	0.826773	0.611632	-0.369430	0.000000	0.170316	-0.381009	0.475227	-0.556163	-0.126856	0.522350	0.865932	0.424245	0.505411	0.239447	0.199932	-0.078593	-0.521453	-0.259174
748	0.600727	0.315327	1.702268	1.439854	0.079071	0.986233	0.997242	-0.166607	1.319292	-0.088369	0.419586	1.534039	1.386291	1.303913	1.317435	1.177202	0.892307	0.000000	0.028827	0.219553
749	0.570133	0.273107	1.720454	1.383487	0.312797	1.050878	1.144103	-0.247755	1.295701	-0.264728	0.266614	1.535925	1.775846	1.201351	1.303494	1.130524	0.816274	0.000000	0.272609	0.501425
750	0.292592	0.049606	1.286035	1.124289	-0.049348	0.637271	0.735384	-0.303972	0.990408	-0.322936	0.000000	0.934690	1.252165	0.961317	0.984442	0.636352	0.414524	0.032560	-0.110153	0.159837
751	0.231173	0.135704	1.257677	1.100071	0.047072	0.000000	0.741179	0.071892	0.999938	0.003034	0.359748	0.986913	1.364047	0.904278	0.994148	0.663127	0.556956	0.240364	-0.029578	0.228130
752	0.258308	0.170714	1.624609	1.304894	0.122117	0.617773	0.934100	-0.260804	1.166144	-0.411346	0.174635	1.413239	1.433774	1.110021	1.173101	0.943401	0.788853	0.000000	0.101794	0.275418
753	0.735864	0.657081	2.184308	1.821602	0.665616	1.315020	1.449290	0.000000	1.660021	0.171452	0.730785	1.934381	2.169272	1.590376	1.632007	1.455205	1.218061	0.442483	0.728720	0.875764
754	0.133740	0.234345	1.614524	1.266505	0.066862	0.558022	0.808462	-0.171827	1.043822	-0.259682	0.164649	1.310881	1.487262	0.989375	1.051153	0.809613	0.647204	0.000000	0.116122	0.281881
755	0.180158	0.124425	1.351239	1.027673	0.205032	0.526948	0.843073	-0.156588	0.886801	-0.313403	0.175587	1.154671	1.472251	0.832669	0.886830	0.738646	0.526680	0.000000	0.178799	0.355183
756	-0.123389	-0.254544	1.110870	0.795332	-0.047728	0.000000	0.414297	-0.464191	0.555559	-0.571268	-0.091280	0.637891	1.429296	0.486448	0.550868	0.312701	0.101354	-0.204331	-0.078358	0.053087
757	0.775146	0.616795	2.136858	1.884382	0.418295	1.217876	1.410111	0.000000	1.757144	0.075037	0.631955	1.866929	2.222867	1.609465	1.752672	1.436188	1.114602	0.422774	0.526649	0.666520
758	0.203037	0.079419	1.737065	1.473713	-0.175071	0.595164	0.905008	-0.219060	1.272927	-0.436897	0.030432	1.363620	1.638064	1.124802	1.238576	0.897830	0.678149	0.000000	-0.150223	0.040085
759	0.344450	0.070384	1.407712	1.066706	-0.246639	0.675465	0.601375	0.000000	1.044559	-0.114593	0.301433	1.100691	1.896179	0.883429	0.962417	0.912055	0.790166	0.378990	-0.335917	-0.203467
760	0.089393	0.029139	0.900720	0.724655	0.104661	0.232925	0.437397	0.398762	0.686796	0.000000	0.379425	0.801639	1.299021	0.581336	0.659111	0.474710	0.564072	0.573867	0.001770	0.086573
761	0.747280	0.483045	1.853318	1.562658	0.157235	1.163409	1.101721	0.000000	1.529527	0.034320	0.554533	1.651548	2.206649	1.401251	1.488127	1.330876	1.134478	0.520638	0.092955	0.262944
762	0.794971	0.536613	1.919671	1.480047	0.000000	1.407544	1.178075	0.522916	1.593894	0.277494	0.701235	1.783630	2.397676	1.479159	1.511241	1.421788	1.284401	0.826574	-0.143954	0.171038
763	-0.326602	-0.514805	0.746898	0.332124	-0.618014	0.368332	-0.229223	-0.491170	-0.112503	-0.745198	-0.417159	0.218613	1.546452	-0.049031	-0.195292	0.036679	0.000000	-0.197943	-0.805254	-0.593770
764	-0.349982	-0.668173	0.536133	0.213283	-0.832554	0.000000	-0.272659	-0.387087	0.177867	-0.609838	-0.378269	0.239484	1.256822	0.057211	0.073776	0.039407	0.089525	-0.090081	-1.034978	-0.819170
765	0.360890	-0.109191	1.043962	0.735796	-0.349357	0.843540	0.283745	0.000000	0.669169	-0.101509	0.255082	0.821098	1.491909	0.670175	0.522842	0.713253	0.694245	0.445736	-0.612552	-0.425159
766	-0.221042	-0.333918	0.890873	0.444022	-0.585235	0.380351	-0.032078	-0.082923	0.211370	-0.451401	-0.219332	0.387283	1.467738	0.195905	0.000000	0.212447	0.273625	0.148897	-0.871136	-0.618539
767	-0.719407	-0.948949	0.000000	-0.165116	-0.924566	-0.350936	-0.507321	-0.588943	-0.399101	-0.819649	-0.650776	-0.244820	1.051900	-0.348140	-0.448961	-0.419971	-0.375626	-0.431863	-1.191668	-0.956284
768	-0.151528	-0.312481	0.595231	0.385760	-0.503414	0.212895	-0.052862	-0.021870	0.238831	-0.243311	-0.093940	0.386936	1.176258	0.198140	0.000000	0.196192	0.222033	0.165200	-0.746406	-0.566483
769	-0.346801	-0.497797	0.325750	0.155487	-0.678077	0.131937	-0.212670	-0.431151	0.000000	-0.517468	-0.326886	0.134825	0.918293	0.037434	-0.116697	0.006513	-0.012345	-0.174117	-0.938753	-0.758515
770	-0.068097	-0.108238	0.512890	0.386359	0.077195	0.284845	0.140026	0.171978	0.000000	0.025312	0.120255	0.275306	1.068861	0.192200	-0.104633	0.242609	0.346729	0.317526	-0.071285	0.038927
771	-0.079678	-0.152946	0.256758	0.144834	-0.087444	0.253097	0.010125	-0.009267	0.000000	-0.102652	-0.017970	0.079723	0.854874	0.041330	-0.092574	0.085665	0.156971	0.183829	-0.324662	-0.139049
772	-0.080797	-0.361230	0.098390	0.018398	-0.353516	0.085942	-0.083992	-0.077101	0.111238	-0.201902	-0.136676	0.000000	0.707624	0.057575	0.040279	0.019332	0.123594	0.131775	-0.602607	-0.312600
773	-0.143087	-0.209586	0.028550	0.048988	-0.057161	0.070695	-0.008095	-0.045260	0.000000	-0.135707	-0.033037	-0.005890	0.473153	0.019248	-0.017198	-0.042618	0.073634	0.169782	-0.190433	-0.036630
774	0.000000	-0.195461	0.085588	0.012915	0.128798	0.234329	0.052528	-0.016107	0.102751	-0.085314	0.010594	-0.004066	0.411368	-0.020542	0.081591	0.049489	0.126870	0.200718	0.019714	0.155680
775	-0.082794	-0.144975	-0.014647	0.055439	0.175541	0.038715	0.041161	0.099039	0.101598	0.023791	0.105791	-0.134847	0.221096	-0.025947	0.000000	-0.102869	0.014840	0.209535	0.139004	0.225516
776	0.092370	-0.023917	0.116070	0.218274	0.254674	0.173037	0.118021	0.302559	0.184945	0.229336	0.239404	0.009410	0.320487	0.139741	0.183463	0.000000	0.175880	0.370380	0.207495	0.308245
777	-0.018569	-0.314002	0.138025	0.121005	0.111543	0.000000	0.046238	0.050553	0.105034	0.097117	0.149298	0.001723	0.044116	0.088114	0.107353	-0.002526	0.144987	0.118294	0.043090	0.201361
778	-0.165037	-0.421248	0.002170	0.000000	-0.078913	-0.124170	-0.000001	-0.141928	-0.007414	-0.116838	-0.035676	-0.122437	0.174533	-0.041278	-0.002749	-0.160685	-0.058139	-0.111402	-0.056092	0.008660
779	0.024048	-0.319099	0.086293	0.140896	-0.061428	0.240630	0.100425	-0.055739	0.199342	0.029320	0.118533	0.000000	0.264235	0.187407	0.176907	0.022947	0.069753	-0.009292	-0.150501	0.002790
780	0.119766	-0.174532	0.123302	0.152300	0.208247	0.161605	0.175214	0.073813	0.211014	0.101392	0.193894	0.066967	0.000000	0.157896	0.209453	0.106756	0.172996	0.190079	0.170111	0.253783
781	0.136707	-0.224636	0.010420	0.082698	0.129264	0.023429	0.152805	0.088536	0.191874	0.152134	0.210230	0.041049	0.051349	0.129867	0.165608	0.095284	0.107585	0.112886	0.056524	0.000000
782	0.000000	-0.196425	0.084836	0.144537	0.060246	0.111204	0.108815	0.003517	0.201609	0.038456	0.096473	0.024751	0.253561	0.109898	0.233597	0.049787	0.110051	0.074342	0.036780	0.134027
783	0.042973	-0.235313	0.100482	0.151897	-0.008020	0.034241	0.073141	0.012456	0.188881	0.007739	0.065542	0.004187	0.383814	0.127980	0.189717	0.000000	0.079791	0.050638	-0.038569	0.044532
784	0.010479	-0.293074	0.081477	0.105739	-0.053548	0.148244	0.075646	0.000000	0.262538	0.037061	0.076607	0.018058	0.345377	0.076748	0.225771	-0.005737	0.112679	0.151948	-0.124063	-0.007042
785	-0.077845	-0.334395	0.000000	0.121642	-0.066869	-0.004774	0.089324	-0.067137	0.190313	-0.041515	0.044193	0.031695	0.160848	0.098126	0.188421	-0.031624	0.035887	-0.011384	-0.083476	0.020292
786	0.007305	-0.217264	0.022485	0.077973	0.031461	0.155322	0.114336	0.000000	0.300573	0.049429	0.083217	0.003157	0.139190	0.071493	0.247018	-0.022540	0.083211	0.159346	-0.017109	0.106329
787	0.020948	-0.081589	0.105508	0.138410	0.059377	0.124280	0.109149	0.120739	0.336742	0.169098	0.150495	0.048428	0.243175	0.167858	0.286279	0.000000	0.128562	0.094473	0.017973	0.088966
788	-0.284915	-0.399518	-0.277357	-0.185004	-0.369736	-0.235967	-0.221632	-0.276536	0.000000	-0.296312	-0.229157	-0.322831	0.010041	-0.172149	0.000519	-0.300462	-0.231779	-0.233258	-0.362716	-0.297121
789	-0.091827	-0.416502	-0.040530	-0.005921	-0.281278	0.000000	-0.057562	-0.145336	0.242758	-0.137231	-0.081603	-0.092604	0.113323	0.007827	0.241733	-0.093260	0.033241	-0.035456	-0.308790	-0.141425
790	-0.055721	-0.347450	0.006852	0.000000	-0.235870	0.317470	0.081862	-0.070947	0.384888	-0.109065	-0.032268	0.027259	0.283710	0.147125	0.352661	-0.066138	0.004465	-0.027413	-0.240237	-0.143295
791	0.003573	-0.153321	-0.003703	0.053610	-0.049847	0.240022	0.149886	-0.143746	0.344806	-0.083894	0.021344	0.000000	0.343171	0.180780	0.362480	0.005163	0.095702	-0.074062	-0.072532	0.040907
792	0.088814	-0.413804	0.113514	0.111746	-0.197359	0.056342	0.092872	-0.195141	0.201469	-0.106577	0.019803	0.000000	0.377017	0.195562	0.143589	0.029063	-0.018156	-0.187685	-0.242616	-0.121332
793	0.075150	-0.270124	-0.066372	-0.034888	-0.016211	0.163411	0.126642	-0.153627	0.318214	-0.104683	0.008320	-0.017811	0.000000	0.087622	0.320162	0.055732	0.083904	0.015883	-0.046052	0.057618
794	-0.032842	-0.262825	0.008030	0.008732	0.055689	0.000000	0.087786	-0.117134	0.257354	0.037951	0.084934	-0.066708	0.469413	0.085708	0.255435	-0.039569	0.064435	-0.038127	0.012158	0.113137
795	0.236904	-0.099635	0.154075	0.174044	0.000000	0.323848	0.427569	0.121394	0.418350	0.095515	0.245383	0.229727	0.190212	0.323167	0.467652	0.232357	0.360057	0.202487	0.191353	0.321076
796	-0.133596	-0.140652	-0.165745	-0.065844	0.048872	0.009612	0.102319	0.077897	0.315344	0.113890	0.133142	-0.080340	0.257703	0.000000	0.311520	-0.096795	0.055507	0.053504	0.022627	0.130779
797	-0.023912	-0.168785	0.145630	0.128268	-0.126020	0.110921	0.117865	-0.109141	0.242808	-0.037190	0.017809	0.000000	0.369576	0.130131	0.273163	-0.025646	0.042057	-0.070397	-0.151144	-0.028194
798	-0.116397	-0.168280	0.000149	0.023220	-0.058470	0.101819	0.047392	-0.018793	0.272746	0.045333	0.024401	0.003453	0.248632	0.073227	0.261943	-0.076796	0.000000	-0.016026	-0.159737	-0.026816
799	0.138594	-0.069994	0.000000	0.168744	0.069805	0.268463	0.237458	0.049741	0.398054	0.111483	0.185641	0.152457	0.322017	0.223583	0.434743	0.145635	0.186139	0.051515	0.042741	0.134202
800	0.137130	-0.130967	0.000000	0.158739	-0.062442	0.270570	0.205674	-0.069262	0.405278	0.012371	0.092823	0.157234	0.301165	0.217707	0.439313	0.119035	0.105616	-0.045109	-0.109564	-0.005475
801	0.196690	-0.049799	0.036640	0.093203	0.088300	0.275869	0.238123	0.090312	0.502804	0.094296	0.111256	0.169792	0.346984	0.211953	0.492429	0.135290	0.155716	0.000000	-0.045627	0.120845
802	-0.130743	-0.494017	-0.047695	-0.056137	-0.416328	0.126385	-0.035112	-0.332108	0.280895	-0.247313	-0.180084	-0.004921	0.339357	0.000000	0.207917	-0.089466	-0.111314	-0.281615	-0.564501	-0.356681
803	0.019843	-0.298639	0.147178	0.078254	-0.016964	0.253667	0.174052	-0.099242	0.415761	-0.033642	0.057796	0.107869	0.844709	0.211533	0.361651	0.044672	0.000000	-0.070746	-0.195362	-0.007205
804	0.032383	-0.219578	0.132680	0.094638	-0.204817	0.085338	-0.007530	0.032152	0.281434	0.050005	0.049750	0.020414	0.544390	0.141527	0.220758	0.000000	0.052240	0.033747	-0.325391	-0.188503
805	0.505347	-0.003113	0.575936	0.559164	0.000000	0.604941	0.705487	0.225337	0.779694	0.246726	0.419258	0.624264	0.622848	0.685355	0.768251	0.515098	0.475567	0.250203	0.164239	0.331033
