	A	C	D	E	F	G	H	I	K	L	M	N	P	Q	R	S	T	V	W	Y
1	0.221997	-0.246302	0.110030	0.198507	-0.094550	0.160758	0.165037	-0.031579	0.450113	-0.027321	0.000000	0.141368	0.303714	0.321067	0.403220	0.279355	0.285373	0.147810	-0.282508	-0.048080
2	-0.222455	-0.625353	0.131908	0.103752	-0.567944	-0.122334	-0.127452	-0.301289	0.139426	-0.403614	-0.335006	-0.023727	0.245745	-0.025699	0.000000	-0.010900	-0.040158	-0.263735	-0.695064	-0.510798
3	0.148461	-0.255842	0.354212	0.276657	-0.057350	0.272212	0.198794	0.026157	0.351016	-0.041285	0.003768	0.266798	0.460301	0.170108	0.300820	0.184115	0.160734	0.000000	-0.159902	0.037192
4	0.137186	-0.293389	0.098334	0.122298	-0.012425	0.099941	0.121751	-0.001479	0.306258	0.014414	0.000000	0.072315	0.044570	0.159949	0.263573	0.146673	0.155564	0.121966	-0.134727	0.043415
5	-0.139991	-0.574183	0.124129	0.023354	-0.392329	0.000000	-0.127120	-0.246063	0.161540	-0.203775	-0.185639	-0.019684	0.341356	-0.053581	0.102051	-0.020304	-0.006719	-0.191429	-0.536356	-0.293607
6	0.149983	-0.321341	0.308021	0.231846	-0.095279	0.289794	0.168146	0.000000	0.389695	0.009871	0.087404	0.230417	0.435765	0.170176	0.326689	0.181077	0.199992	0.159797	-0.205849	-0.014188
7	-0.082560	-0.405926	0.212433	0.125391	-0.252573	0.041148	0.074946	-0.109156	0.289425	-0.086657	-0.060931	0.134921	0.183879	0.000000	0.210678	0.029198	0.030883	-0.054948	-0.362567	-0.161698
8	-0.212757	-0.574353	-0.051590	0.077141	-0.450090	-0.124107	-0.160352	-0.320111	0.145912	-0.292807	-0.246319	-0.157127	0.146719	-0.047862	0.000000	-0.155753	-0.167374	-0.247851	-0.556466	-0.403813
9	-0.112572	-0.415547	0.110932	0.041483	-0.306439	-0.042967	-0.063300	-0.304052	0.152686	-0.225916	-0.196941	0.000000	0.331076	0.003258	0.122611	-0.064369	-0.084098	-0.237904	-0.414863	-0.243094
10	0.456657	0.000000	0.642505	0.649983	0.017322	0.530218	0.537438	0.303278	0.968272	0.300784	0.268482	0.690588	1.019610	0.679445	0.917264	0.557393	0.559473	0.336679	-0.134661	0.156825
11	-0.121908	-0.527040	0.149989	0.095602	-0.427687	0.031516	-0.008519	-0.197971	0.268171	-0.181652	-0.144495	0.056792	0.356933	0.000000	0.188725	-0.008951	-0.015501	-0.135704	-0.577114	-0.378141
12	0.002363	-0.313421	0.246696	0.258879	-0.144444	0.181001	0.000000	-0.054900	0.398236	-0.017379	0.009033	0.225836	0.472218	0.214228	0.298208	0.125685	0.150408	-0.024460	-0.406340	-0.170567
13	0.311974	-0.167361	0.454087	0.393776	0.059272	0.395617	0.354534	0.096903	0.627323	0.000000	0.145644	0.422527	0.730283	0.374698	0.565599	0.366723	0.315343	0.178828	-0.113456	0.096059
14	0.369637	-0.089762	0.407973	0.347621	0.000000	0.491733	0.518179	0.156592	0.608054	0.090858	0.204190	0.469332	0.664734	0.445596	0.571672	0.449126	0.441128	0.278761	-0.028330	0.245232
15	-0.236672	-0.460738	0.153704	0.032126	-0.457757	-0.124292	-0.064092	-0.401012	0.146629	-0.387511	-0.320304	0.058817	0.482473	-0.052433	0.000000	-0.037864	-0.053824	-0.289228	-0.586138	-0.422518
16	0.794104	0.240107	1.124099	1.036341	0.514120	1.002992	0.970933	0.482968	1.087060	0.461125	0.560608	1.100334	1.214586	0.966427	1.034397	0.994726	0.829049	0.571053	0.000000	0.645423
17	-0.392240	-0.918058	0.537911	0.210596	-1.007095	0.000000	-0.174580	-1.041002	0.223060	-1.007789	-0.847763	0.239329	0.773757	-0.018756	0.095341	-0.007949	-0.209848	-0.792590	-1.221326	-0.844178
18	-0.273552	-0.530295	0.513734	0.193284	-0.535836	0.047210	-0.008037	-0.514093	0.263088	-0.540898	-0.440037	0.293376	0.739212	0.074891	0.182299	0.107077	0.000000	-0.383113	-0.728980	-0.509615
19	0.425051	-0.063391	0.937012	0.738090	-0.086200	0.738766	0.527257	-0.141382	0.840684	-0.068859	0.000000	0.780332	1.128451	0.670728	0.718416	0.707161	0.573139	0.125183	-0.318858	0.010521
20	0.563101	0.145618	1.377185	1.018127	0.043736	1.018162	0.851065	0.000000	1.146268	-0.009606	0.202832	1.174008	1.679184	0.887577	1.040505	0.971637	0.816866	0.305842	-0.039361	0.204549
21	0.503722	0.145315	1.322257	1.029730	0.187616	0.978034	0.916565	0.087950	1.107467	0.000000	0.281248	1.140705	1.793522	0.926069	1.013332	0.826298	0.615914	0.192726	0.111421	0.280091
22	-0.373407	-0.690022	0.713477	0.389685	-0.686810	0.000000	0.003855	-0.729591	0.278392	-0.750857	-0.616346	0.320541	1.286766	0.106951	0.180159	0.051801	-0.057370	-0.546127	-0.777111	-0.545771
23	0.415839	-0.011750	1.160420	0.989045	-0.046221	0.837026	0.750642	-0.052864	1.076819	-0.085361	0.000000	0.930541	1.499043	0.881393	0.988356	0.762932	0.591007	0.182134	-0.187954	0.077224
24	0.475255	0.140132	1.269175	0.986755	0.086291	0.857220	0.825751	0.000000	1.148691	-0.059637	0.213513	1.038806	1.638102	0.870043	1.031575	0.820825	0.712943	0.331090	-0.023957	0.203289
25	0.337235	0.050061	1.065356	0.816463	0.110380	0.660610	0.612058	0.000000	0.778787	0.061356	0.229198	0.768322	1.437568	0.655964	0.645891	0.578823	0.506762	0.273552	0.017993	0.165331
26	0.269148	-0.011034	0.862193	0.664855	0.088988	0.557753	0.542570	0.000000	0.688370	0.062510	0.204024	0.668288	1.387724	0.556306	0.609082	0.466945	0.440390	0.237271	0.046477	0.161451
27	0.181369	0.000000	0.927915	0.833710	0.090253	0.461998	0.716432	0.056860	0.989667	0.103961	0.160306	0.861100	1.508278	0.813309	0.988699	0.495255	0.475752	0.107627	0.010726	0.263282
28	-0.150841	-0.423887	0.402765	0.308577	-0.354354	0.139500	0.034422	-0.278299	0.338380	-0.350420	-0.259703	0.170520	1.010564	0.200589	0.260341	0.000000	0.012405	-0.168719	-0.532227	-0.332616
29	0.000000	-0.280228	0.472616	0.360557	-0.310636	0.336395	0.120993	-0.181990	0.372809	-0.227457	-0.066618	0.306759	0.756792	0.265287	0.317396	0.214977	0.178863	-0.000624	-0.431392	-0.236271
30	0.000000	-0.139798	0.068466	-0.017772	-0.070616	0.131877	0.052968	-0.068151	0.255496	-0.008933	0.054649	0.065526	0.349052	0.053643	0.257513	0.023049	0.030089	-0.067252	-0.122404	-0.013584
31	0.097722	-0.111750	0.001323	0.000000	0.267510	-0.030299	0.306221	0.167729	0.527601	0.230504	0.263749	0.153917	0.233096	0.258842	0.548697	0.124120	0.181768	0.103929	0.240954	0.306288
32	-0.057558	-0.153240	0.005979	-0.165693	-0.059944	-0.079487	-0.019921	-0.144028	0.014780	0.082659	0.035240	0.000000	0.035940	-0.096662	0.059901	-0.050667	-0.123295	-0.192177	-0.079982	0.005493
33	1.060604	0.454254	1.298270	1.297782	0.350835	1.491861	0.843105	0.305791	1.481967	0.000000	0.383196	0.979531	0.847940	1.014676	1.428500	1.138212	1.034299	0.511974	0.071289	0.084000
34	2.577501	1.804987	2.760526	2.593476	0.622238	2.713012	1.642127	2.074704	2.553830	2.339881	2.188416	2.345803	2.767054	2.556516	2.270546	2.278121	2.134394	2.165849	0.000000	0.120899
35	1.402698	0.938868	2.878150	2.806375	1.331312	2.599123	2.630981	-0.003166	2.747215	0.333578	0.895358	2.838123	2.771002	2.285040	2.942660	2.474542	1.941042	0.000000	1.431050	1.728867
36	1.463138	1.283411	2.535612	1.711148	1.933700	2.087243	1.887241	1.428040	2.094882	1.859229	1.490305	1.703128	2.756146	1.131844	1.908293	1.025404	0.000000	1.022485	1.854500	2.086576
37	1.597873	0.995780	2.499680	2.417633	0.805989	2.235715	2.280533	-0.325291	2.500095	-0.298784	0.533700	2.498471	2.453604	2.247446	2.582234	2.419619	1.864535	0.000000	1.431432	1.536012
38	1.867658	1.506883	3.128516	2.852489	0.287825	2.573119	1.528369	1.309969	2.279673	1.225525	1.261103	2.391113	2.680571	2.179065	2.148466	2.269876	1.992865	1.448897	0.792808	0.000000
39	1.877676	1.390519	2.285240	2.325904	0.339345	2.203660	1.509780	1.705599	2.046484	1.679735	1.661128	2.028252	2.293320	2.057966	1.843515	2.078021	2.196312	1.811747	0.358491	0.000000
40	1.073773	1.050109	1.920795	2.016133	1.185633	0.000000	1.786408	1.517359	2.026789	1.235357	1.415295	1.672131	1.916503	1.839402	2.264667	1.551233	1.656079	1.536134	1.304051	1.386761
41	0.064240	0.392151	1.936625	1.600834	0.567144	1.007696	1.239392	0.668693	0.666204	0.567576	0.144522	1.055525	1.926182	0.521783	0.683521	0.702871	0.235004	0.000000	0.706173	0.893351
42	1.373341	1.112561	1.930904	1.837804	0.603708	2.037947	1.136023	1.302404	1.725784	1.118709	1.317692	1.533180	0.000000	1.638825	1.894825	1.712007	1.935418	1.485780	1.034912	0.613508
43	1.059448	0.657264	1.933209	1.772246	1.796969	1.528392	1.303629	0.149042	0.285748	0.701928	0.791825	0.805200	1.908667	0.815997	0.345022	0.499429	0.700940	0.000000	1.879925	1.840262
44	1.927076	1.078452	2.662294	2.652287	0.638315	2.358320	1.413599	0.745897	1.894803	1.226182	1.311067	2.182641	2.265837	2.164716	1.646799	1.861904	0.949921	0.591354	0.000000	0.230870
45	0.541214	0.352215	1.319676	0.726636	0.279637	0.987447	0.020032	0.158525	0.000000	0.575089	0.422803	0.766720	2.144442	0.285362	-0.019703	0.281615	0.208058	0.138094	0.465621	0.038435
46	0.216506	0.339545	0.000000	0.104676	0.286616	0.712905	0.308492	0.242518	0.448634	0.111718	0.316764	0.297123	-0.112278	0.337861	0.535378	0.275375	0.375001	0.275450	0.335729	-0.068813
47	0.000000	0.740953	0.741558	0.498415	1.412302	1.377929	1.461847	1.030347	1.833291	1.359975	0.976274	1.444185	2.530556	1.192525	1.912366	0.764052	1.050834	0.806503	1.445390	1.293772
48	0.414876	0.134899	-0.060265	0.000000	0.403886	0.956780	0.364238	0.076169	0.397256	0.530376	0.431902	0.306188	0.562210	0.256486	0.574467	0.266748	0.310641	-0.096164	0.308820	0.379428
49	-0.082180	-0.281657	0.945925	0.527308	-0.303031	1.038592	0.702091	-0.236538	1.373271	0.110945	-0.045758	1.113251	1.487680	0.772687	1.246690	0.537437	0.000000	-0.527225	0.127963	-0.157864
50	0.023708	-0.278111	0.238053	-0.075288	-0.305769	0.400552	0.006756	-0.390389	0.405870	-0.430347	-0.263621	0.094924	-0.353040	0.068282	0.412892	0.114480	0.000000	-0.230878	-0.260773	-0.257683
51	1.786764	0.779525	2.110313	2.077487	0.346676	2.011706	1.371493	1.069003	2.033097	0.000000	0.501614	1.854844	1.656650	1.645561	2.048985	1.789109	1.311960	1.208906	0.724336	0.622512
52	1.251061	0.630941	1.454896	1.253933	0.000000	1.597007	1.121284	0.163107	1.554493	0.781246	0.874819	1.331901	1.809104	1.360252	1.493169	1.041152	0.670989	0.441477	0.354154	0.261303
53	0.259357	0.000000	1.458669	1.297331	0.167803	-0.166211	0.997493	0.126061	0.937305	0.155923	0.267652	1.207861	0.208149	1.057043	0.932648	1.221266	1.180217	0.141157	0.192750	0.325730
54	0.000000	-0.159341	1.558245	0.757260	0.307137	0.894985	0.271878	-0.059398	-0.788089	-0.176451	-0.559808	0.704055	1.661385	-0.342062	-0.972774	0.112064	0.002691	-0.043559	0.392699	0.237354
55	0.950376	0.718390	1.569099	1.606472	1.256911	1.135788	1.206757	1.015329	1.743667	1.242319	1.196463	0.742230	1.784893	1.378730	1.643870	0.000000	-0.311942	0.779434	1.263171	1.148036
56	0.377993	0.323852	0.000000	0.080684	0.562171	0.409268	0.285422	0.518606	0.620931	0.649503	0.580910	0.262584	0.024030	0.381092	0.681730	0.373194	0.405171	0.502449	0.511011	0.452887
57	0.000000	0.013084	0.208926	0.122427	-0.075034	0.486396	0.209700	-0.119232	0.773752	0.074552	0.070094	0.409881	1.271699	0.312317	0.829681	0.205463	0.160810	-0.125636	-0.015596	-0.175752
58	-0.173164	-0.322807	-0.528300	-0.200130	-0.225234	0.001616	-0.183274	-0.105050	0.000000	-0.189644	-0.072941	-0.415066	-0.216203	-0.086751	0.077503	-0.195291	-0.100991	-0.122689	-0.163213	-0.198543
59	0.000000	-0.282156	0.062674	0.038241	-0.378101	0.191899	-0.098561	-0.464052	0.248924	-0.316528	-0.226094	0.120799	-0.048471	-0.019547	0.260720	0.115215	0.012882	-0.226028	-0.558919	-0.308254
60	0.350313	-0.157297	-0.224468	0.037836	0.056683	0.055457	0.216664	0.313218	0.486045	0.158168	0.235702	-0.028145	0.446350	0.175638	0.463954	0.111564	0.066791	0.411415	-0.037803	0.000000
61	0.228193	-0.117730	-0.041021	0.000000	0.147662	0.366474	0.327881	0.069126	0.537265	0.069814	0.120358	0.224434	0.710428	0.212309	0.563682	0.156740	0.122820	0.150093	0.142566	0.229429
62	-0.061043	-0.222711	0.062344	0.044809	-0.007854	0.058252	0.020563	0.090055	0.125991	0.019026	0.037786	0.041932	-0.014497	0.037599	0.166270	-0.060327	0.000000	0.066728	-0.029332	0.009188
63	0.038965	-0.309430	-0.021618	0.000000	-0.069527	-0.253008	0.019313	0.104748	0.301019	0.063917	0.063162	-0.040811	0.309146	0.102380	0.281524	-0.094960	-0.102680	0.080515	-0.066507	-0.037178
64	-0.043648	-0.234061	0.051644	0.142668	-0.128530	-0.047016	-0.118545	-0.021929	0.000000	0.102956	0.081197	-0.095545	0.147301	-0.015129	0.023659	-0.056539	-0.098174	-0.080026	-0.169371	-0.167490
65	0.286040	-0.210151	0.093262	0.301928	0.048362	0.486335	0.000000	0.184112	0.563963	0.347432	0.243040	0.282172	0.266902	0.280996	0.513911	0.237005	0.287321	0.209254	-0.005136	-0.020498
66	0.915254	0.559822	0.633932	0.953239	0.720210	1.113349	0.534031	1.046338	1.264973	1.072312	1.164132	0.000000	1.844246	0.917021	1.226587	0.278810	0.599707	0.904957	0.888440	0.640055
67	0.314945	0.470053	1.563010	1.446365	0.818678	1.239409	1.466073	0.242979	1.487177	0.318195	0.661622	1.408127	0.954385	1.330400	1.527632	1.167408	1.095288	0.000000	1.179481	1.137631
68	2.537243	1.763531	2.400417	2.519574	1.037740	2.726585	1.404223	1.928947	2.833889	1.964993	2.126063	2.129234	3.082582	2.414263	2.727151	2.393061	2.211933	2.157633	0.000000	0.807008
69	0.000000	-0.093527	0.578917	0.867083	0.537922	0.076161	0.923141	0.450302	1.128248	0.453153	0.611444	0.511877	1.071922	0.858455	1.251736	0.472785	0.636559	0.315989	0.880178	0.669968
70	0.203821	-0.221034	0.110100	0.241553	-0.134686	0.087542	0.061092	0.221841	0.409732	0.213786	0.166029	0.027539	0.215622	0.262194	0.319033	0.053406	0.000000	0.219703	-0.234071	-0.265788
71	0.223724	-0.124893	0.402796	0.441717	-0.024743	0.294926	0.000000	0.010744	0.298415	0.085388	0.177080	0.320399	0.354554	0.288378	0.251201	0.239307	0.289304	0.097211	-0.101531	-0.013396
72	0.000000	-0.394359	-0.156419	-0.066447	-0.387719	0.080844	-0.098571	0.013133	0.650845	0.039596	0.010169	-0.087220	0.309491	0.115755	0.633323	0.048185	0.117710	0.050816	-0.510402	-0.419314
73	0.005265	0.000000	0.855189	0.899134	0.719100	0.766118	1.007738	0.974853	1.390975	0.915592	0.627174	0.947723	1.117089	0.992956	1.450827	0.411200	0.639452	0.738294	1.064700	1.003785
74	0.200308	0.080269	0.519858	0.392754	-0.096703	0.703098	0.531802	-0.272017	0.653170	-0.906888	-0.469549	0.564138	0.702877	0.179459	0.607530	0.482922	0.444110	0.000000	-0.071538	0.134990
75	-0.120808	-0.135071	0.280968	-0.076519	-0.147055	0.284999	0.022236	-0.105801	-0.156437	-0.178188	-0.194290	0.122354	0.000000	-0.194979	-0.134912	-0.000560	0.085472	-0.026693	0.011276	-0.093170
76	-0.323157	0.142403	0.810498	0.531648	0.475985	0.414632	0.200661	0.011780	-0.176305	0.360150	0.151756	0.327577	0.499364	0.127005	-0.265073	-0.190604	0.000000	-0.079134	0.614482	0.362372
77	0.379218	0.374938	0.000000	0.356354	0.397642	0.618922	0.308871	0.506717	0.606276	0.519736	0.531335	0.222119	0.297862	0.393268	0.634537	0.232413	0.462093	0.480331	0.418365	0.423394
78	0.448581	0.548159	0.509066	0.482864	0.643425	0.612681	0.484472	0.596437	0.429059	0.526324	0.619063	0.505385	0.000000	0.463990	0.578138	0.396732	0.507547	0.556712	0.760417	0.719823
79	0.360087	0.320205	0.285993	0.403925	0.334808	0.421573	0.301321	0.568927	0.532446	0.568936	0.570074	0.000000	1.069251	0.409268	0.611117	0.287328	0.449909	0.538152	0.500396	0.427975
80	0.712798	0.752436	0.922572	0.921282	0.709618	0.765611	0.660736	0.879496	0.708108	0.824495	0.818348	0.745865	0.000000	0.710130	0.802061	0.722568	0.883325	0.935529	0.906177	0.892268
81	0.038941	-0.113681	0.111305	-0.016219	-0.082022	0.255616	0.060622	0.055180	0.363583	0.056285	0.060527	0.144596	0.139867	0.000000	0.343344	0.136308	0.202505	0.084215	-0.134129	-0.104367
82	1.381417	0.952089	0.566540	0.000000	1.576360	1.635059	1.581376	1.443188	2.261698	1.665107	1.521906	1.467007	1.798681	1.310660	2.234232	1.077437	1.282660	1.368679	1.301959	1.402244
83	0.955240	0.312358	0.438004	0.293042	0.170856	0.886506	0.505439	0.000000	1.065944	0.603065	0.484013	0.277885	1.452872	0.260232	0.981279	0.556632	0.017191	0.115245	0.078167	0.292206
84	0.242888	0.266579	-0.025529	0.193768	0.153546	0.599486	0.000000	0.422049	0.409668	0.443484	0.493862	0.218500	-0.028673	0.357905	0.413794	0.123283	0.215532	0.395686	0.177265	0.030437
85	2.100526	1.326314	2.278663	2.372148	1.280986	2.139023	1.818694	0.948220	2.137318	0.000000	0.839436	2.053492	2.340391	1.863347	2.183725	2.230267	2.063998	1.381853	1.654897	1.782735
86	0.021302	-0.042642	0.201712	0.000000	-0.199044	0.534485	-0.096425	0.150131	0.182561	0.091787	0.096015	0.145090	0.057699	0.178060	0.252077	0.259039	0.312345	0.162860	-0.027850	-0.293924
87	1.121777	0.808836	0.997831	1.461930	0.970730	0.662201	0.700953	2.120905	1.042336	1.353066	1.360124	0.000000	2.714259	1.165146	1.074464	1.136835	1.807099	2.278987	1.215925	1.017950
88	1.757769	0.889229	2.216193	2.217129	0.767401	2.317651	1.783956	0.563710	2.080806	0.297021	0.853024	2.049439	2.323387	1.882231	1.910234	2.073388	1.550179	0.000000	0.907662	1.127063
89	0.979248	0.289993	1.738214	0.878504	0.280363	1.668872	0.617802	0.062287	0.681513	0.437414	0.374747	1.014197	2.172280	0.600837	0.751829	0.468248	0.000000	0.053886	0.161414	0.247860
90	-1.011756	-1.226476	0.485924	0.000000	-1.797498	0.021322	-0.802456	-2.004060	-0.275582	-1.987904	-1.676377	0.141161	0.944884	-0.291276	-0.357410	-0.131826	-0.579879	-1.793088	-1.555435	-2.000813
91	0.887714	0.199861	0.411077	0.000000	0.081131	1.330484	0.337664	0.455534	1.084416	0.536560	0.521880	0.460663	1.138379	0.664329	1.129117	0.693437	0.609104	0.478721	0.054506	-0.183420
92	3.027742	2.164841	2.977185	3.244824	0.000000	2.781463	2.834469	2.375301	3.410615	2.092989	2.141380	3.043931	3.113440	3.166720	3.435134	3.121244	3.206885	2.806280	2.424103	2.003496
93	1.358827	0.751033	0.065369	0.985905	0.985560	1.859193	0.911320	1.536142	1.688191	1.652473	1.429666	0.000000	2.769217	1.267660	1.697399	0.990954	1.538522	1.551972	0.846355	0.852038
94	0.365337	0.073098	0.000028	-0.602672	-0.428118	1.189088	0.756157	0.016999	1.529382	0.132864	0.000000	0.864984	1.128583	0.574305	1.432178	0.622456	0.281212	-0.107481	-0.454890	-0.234034
95	2.753132	1.931558	2.397279	2.529765	1.108245	2.850354	2.158008	2.594696	3.276544	2.734899	2.491817	2.393619	3.259786	2.914032	2.970930	2.584567	2.538290	2.630305	0.000000	0.760548
96	0.174589	-0.214397	0.377032	0.344701	0.267572	0.631316	0.181576	0.430227	0.000000	0.268588	0.151267	0.090592	2.558749	0.080954	0.182216	0.025049	-0.100669	0.418297	0.240038	0.154972
97	1.727408	1.230363	1.397054	2.019568	1.554959	1.963225	1.553838	1.868957	2.106129	1.869966	1.802045	0.000000	2.527797	1.794149	1.974144	1.192863	1.857559	1.900951	1.642767	1.861693
98	0.187366	0.084963	0.584169	0.494560	-0.626183	0.303088	-0.463447	0.493364	-0.035729	0.503403	0.371927	0.000000	0.043319	0.341843	0.074193	0.024362	0.123475	0.291276	-1.008345	-0.713846
99	1.916282	1.397702	2.837645	2.717625	0.514966	2.301302	2.232221	0.504015	2.831830	0.289153	0.000000	2.629202	2.740906	2.252565	2.858985	2.506141	2.117990	1.308298	0.967410	1.336810
100	0.905038	0.869725	1.451643	1.475828	0.662689	1.462758	1.294931	0.190454	1.585216	0.728430	0.885332	1.484729	1.775136	1.417522	1.621001	1.170307	0.932715	0.000000	0.701770	0.737747
101	0.274796	0.085250	-0.124354	0.000000	0.389245	0.355813	0.269401	0.408783	0.118168	0.455461	0.373179	0.071067	1.030429	0.173905	0.128506	0.192660	0.201682	0.419282	0.284878	0.344942
102	0.644472	0.990739	1.011909	0.761806	0.548509	1.349707	0.793270	0.597419	0.736914	0.710293	0.472865	1.150068	2.266062	0.000000	0.870190	0.826954	0.813654	0.870522	0.447806	0.568656
103	0.102979	0.342270	1.700492	1.740266	0.432913	0.926330	1.399609	0.135447	1.604957	0.258877	0.000000	1.538737	1.600296	1.318833	1.415620	0.919865	0.806415	0.329461	0.540888	0.841461
104	0.560722	0.047172	0.033828	0.277731	0.018339	0.795766	0.000000	0.171126	1.073732	0.175931	0.174933	0.293818	1.986169	0.548333	0.849908	0.477410	0.345099	0.213417	-0.234170	-0.232888
105	-0.434689	-0.444060	-0.261228	-0.394906	-0.369941	0.003135	-0.360407	0.043782	-0.306883	-0.205664	-0.317422	-0.448399	1.593262	-0.454554	-0.333250	-0.223984	0.000000	0.105425	-0.472469	-0.372202
106	1.097399	0.643442	0.000000	1.224855	0.242765	1.423409	0.813162	0.752436	1.857314	0.807463	0.979060	0.774538	2.615468	1.385180	1.804239	0.873991	0.544523	0.991363	0.231321	0.244023
107	0.470158	0.396984	1.109370	0.946042	-0.040510	1.029003	0.679857	0.000000	1.564076	0.171536	0.262435	0.983173	2.043359	0.757325	1.586346	0.626922	0.472181	0.407525	0.249265	0.416394
108	0.157983	-0.133008	0.325931	-0.075192	0.160524	0.406362	0.106593	0.000000	0.312672	0.043799	-0.149832	0.187604	2.046181	-0.153369	0.325663	0.494544	0.568087	0.255360	0.069400	0.133447
109	-0.245152	0.043634	0.000541	-0.141621	0.224658	0.323542	0.162172	0.489201	0.191419	0.090364	-0.017973	0.011827	2.093626	-0.042733	0.183180	0.000000	0.381159	0.574580	0.112238	0.245220
110	0.058393	0.237772	1.199257	0.723729	0.493420	0.897394	0.616417	0.205923	0.473528	0.000000	0.058273	0.310403	1.743725	0.141928	0.062806	0.219278	0.310695	0.324212	0.540832	0.721071
111	1.273277	0.595466	2.125907	1.924687	0.146198	1.935726	1.315133	-0.014966	2.084352	0.362141	0.582548	1.883071	2.252156	1.637883	2.047109	1.635296	0.850632	-0.026111	0.000000	0.651969
112	0.569835	-0.075867	0.000000	-0.205749	-0.018457	0.911924	0.187906	0.093769	0.724773	-0.050369	0.026039	0.356931	2.107438	0.235690	0.655886	0.665907	0.488458	0.308031	-0.021910	0.003186
113	0.097694	-0.074675	0.201768	-0.016001	-0.244914	0.551669	0.201311	-0.046884	0.614275	-0.092540	-0.110454	0.411198	1.519365	0.000000	0.599825	0.359818	0.405145	0.212792	-0.374760	-0.150977
114	-0.530491	-0.235330	1.110979	0.468594	-0.292943	0.631261	0.209782	-0.228796	0.657082	0.006884	-0.280975	0.414109	1.583000	0.208634	0.626235	0.000000	-0.025408	-0.437613	-0.208561	-0.385212
115	1.246735	0.876898	1.813573	1.806289	0.553615	1.610716	1.573672	0.597837	1.744563	0.000000	0.485510	1.599620	2.085412	1.456727	1.808129	1.430091	1.350356	0.987129	1.041367	1.157893
116	-0.297583	-0.107611	0.343652	0.031722	-0.033574	0.278295	0.190622	0.042956	0.000000	-0.198793	-0.172317	0.331381	1.069710	-0.020844	0.055831	0.157819	0.285952	0.181407	-0.059905	0.002698
117	-0.066314	-0.387133	-0.203959	-0.116052	-0.202091	-0.225591	-0.188442	0.144926	0.022972	-0.019580	-0.079242	-0.254612	0.000000	-0.075722	0.080315	-0.103335	0.022369	0.191690	-0.180819	-0.163005
118	0.046973	0.000000	0.842796	0.727292	0.468431	-0.287778	0.777338	1.173430	1.283046	1.008231	0.402199	0.329674	1.721487	0.614456	1.310177	-0.096277	0.330456	0.888350	0.530399	0.641496
119	0.634457	0.596856	1.014546	1.157179	0.716550	1.359248	1.100255	0.495184	1.549811	0.732012	0.595401	0.774694	0.916509	0.893705	1.686913	0.801313	0.147457	0.000000	0.701450	0.911015
120	-0.191147	-0.171399	-0.629518	-0.286409	0.190855	0.204837	0.048988	0.125006	0.000000	-0.039828	0.007804	-0.322444	-0.246254	-0.099658	0.117557	-0.281363	0.015609	-0.042862	0.326440	0.199809
121	1.749057	0.951825	2.104352	2.311014	0.844624	2.125942	1.861158	1.409766	2.369986	0.000000	0.756229	2.065728	2.464584	2.043132	2.427250	2.228478	2.206184	1.814705	1.281757	1.078780
122	-0.271023	-0.113541	-0.237000	-0.387253	-0.050267	0.018307	0.025975	0.130337	0.187324	-0.053379	-0.044438	0.106121	1.163909	-0.016497	0.199770	-0.037516	0.000000	0.290304	-0.145167	-0.118607
123	-0.228960	-0.000380	0.463236	0.111463	-0.035837	0.421560	0.305285	0.192969	0.436404	0.259055	0.184598	0.506392	0.000000	0.193378	0.689915	0.244506	0.478429	0.021726	0.111145	0.140947
124	1.718835	1.187741	2.705693	2.620216	0.722792	2.449954	2.237081	0.926064	2.413908	0.000000	0.483845	2.508596	3.052485	2.088646	2.692516	2.147843	1.955457	1.273247	1.012438	1.648557
125	0.472455	0.000000	0.541151	0.461087	0.584647	1.146582	1.002440	0.429612	1.347665	0.430769	0.344294	0.730519	1.748722	0.807193	1.420620	0.802340	0.909497	0.546838	0.881379	0.761667
126	0.788280	0.529461	1.027564	0.322257	1.002599	1.138817	0.910353	0.527749	0.821457	0.907808	0.610503	0.934000	1.955006	0.390252	0.856619	0.778175	0.682275	0.000000	1.225094	1.141723
127	0.311820	0.230344	0.522651	0.423738	0.108908	0.837763	0.393280	-0.172711	0.426029	-0.202668	0.166306	0.351416	0.419365	0.483150	0.558292	0.177177	0.000000	-0.112425	0.244532	0.189896
128	2.181407	1.357451	3.285799	3.097090	0.636442	2.751527	2.077747	0.689229	2.536975	0.000000	0.482552	2.949643	3.112777	2.483523	2.652545	2.685270	2.471673	1.426055	1.009531	0.699725
129	0.416221	0.054680	0.701011	0.168198	-0.519619	0.681798	-0.044088	0.018916	0.385825	-0.190991	-0.079801	0.265547	1.889596	0.000000	0.389801	0.105074	0.156016	0.302719	-0.468968	-0.608760
130	0.109368	0.000000	1.413574	1.274624	0.672965	0.749457	1.608840	0.776525	1.844916	0.688298	0.573907	1.610902	1.918658	1.500241	1.866248	1.057116	1.138553	0.513843	1.114464	1.097805
131	0.391445	0.064229	0.639087	0.368053	0.032445	0.475530	0.216867	0.268909	0.263186	0.436546	0.282216	0.294394	1.556129	0.225324	0.176356	0.102921	0.000000	0.252365	-0.025901	0.042342
132	0.756392	0.446048	-0.526994	-0.122330	0.424072	0.862473	0.465949	0.674830	1.169168	0.602411	0.675163	0.000000	0.705878	0.594518	1.178038	0.503402	0.656302	0.727142	0.185182	0.398069
133	0.618157	0.314898	0.541736	0.564588	-0.004393	0.973228	0.352684	0.007324	0.994741	0.022404	0.162667	0.601754	0.572517	0.601665	0.877212	0.748590	0.565327	0.000000	-0.032341	-0.163651
134	0.117150	-0.190428	0.240079	0.194586	-0.147707	0.248595	0.058451	0.132093	0.212498	0.042880	0.010570	0.109825	0.622162	0.094429	0.200352	-0.012224	0.000000	0.137397	-0.198746	-0.093829
135	0.078272	-0.031986	0.349614	0.382848	-0.141610	-0.433219	0.049033	0.198736	0.256202	-0.055477	0.011734	0.000000	1.013344	0.128271	0.211893	0.073431	0.211741	0.272328	-0.163091	-0.186478
136	0.383601	0.313219	0.064241	0.294829	0.457138	0.284566	0.250027	0.458200	0.360941	0.545284	0.557526	0.000000	0.397364	0.350337	0.426516	0.138276	0.306511	0.394563	0.460653	0.528316
137	0.355735	0.120600	0.352372	0.199727	0.233867	0.501425	0.383403	0.000000	0.598195	0.261556	0.202307	0.472719	0.706379	0.218360	0.591726	0.256521	0.216603	0.095572	-0.108315	0.128586
138	0.144331	0.168381	-0.074169	0.203001	0.208938	0.193168	0.131853	0.324314	0.259816	0.257749	0.325141	0.080887	-0.163482	0.236463	0.276337	-0.148379	0.000000	0.320543	0.205581	0.234883
139	-0.043087	0.169664	0.000000	-0.004825	0.140951	0.249896	0.127562	0.231218	0.186698	0.203460	0.215666	0.194933	0.213951	0.140656	0.274395	0.086586	0.214102	0.127913	0.100489	0.149671
140	0.009082	0.141915	0.000000	-0.032911	0.153279	0.157830	0.180127	0.290477	0.415886	0.357369	0.276466	0.235475	0.618098	0.212779	0.459146	0.007056	0.204317	0.242975	0.046652	0.125697
141	1.367601	0.493839	1.630745	1.163343	0.930404	1.370428	1.240147	0.896650	1.376337	0.356947	0.000000	1.110180	2.093649	0.939593	1.397001	1.473554	1.572290	1.025012	0.904324	0.965044
142	0.068213	0.194406	0.261002	0.203164	0.061545	0.416436	0.161356	0.107244	0.058117	0.184926	0.167036	0.184921	0.969037	0.101153	0.000000	0.121272	0.371108	0.172501	0.083542	0.067624
143	1.185974	0.355579	0.073411	0.550522	0.726477	0.000000	0.841850	1.458144	1.499473	1.281509	1.095504	0.217230	2.312379	1.056108	1.459908	0.872437	1.075937	1.593750	0.765522	0.777346
144	0.620592	0.451979	0.765456	0.000000	0.650035	1.379030	0.985797	0.556156	1.262381	0.628019	0.448525	1.059573	2.108418	0.436911	1.318992	0.829008	0.975626	0.543692	0.517601	0.697506
145	1.463551	0.595986	1.930606	1.638319	-0.032931	1.744098	1.055123	-0.030677	1.399600	0.000000	0.283980	1.555222	1.684499	1.153898	1.174570	1.555485	1.111146	0.388310	-0.250220	-0.007213
146	0.176173	-0.311612	1.335390	0.837522	-1.132655	0.738548	-0.013508	-0.714400	0.000000	-1.299082	-0.872526	0.543566	1.273537	0.033683	0.204017	0.448235	0.432020	-0.461296	-1.162235	-1.157312
147	0.281538	-0.267373	0.513042	-0.181985	-0.409836	0.696792	-0.250061	-0.353419	-0.451486	-0.461432	-0.293993	0.000000	1.948726	-0.311787	-0.668728	0.054758	0.157086	-0.217633	-0.458913	-0.502310
148	0.386182	0.000000	1.444100	1.375339	0.734511	1.037853	1.602274	0.651975	1.829087	0.792291	0.754194	1.534556	1.834285	1.574266	1.823523	1.155067	1.099231	0.432437	1.136205	1.136022
149	0.450401	-0.121617	0.925060	0.319300	-0.767263	0.878845	-0.200814	-0.013345	0.420123	0.077507	-0.020874	0.379321	2.110764	0.211002	0.278905	0.000000	0.012712	0.136648	-1.023614	-0.849724
150	1.411817	1.003723	2.072273	2.038424	0.000000	1.467088	1.687744	1.335305	2.173809	1.141068	1.111483	1.981532	2.135329	1.976456	2.068244	1.816491	1.708794	1.389817	0.423892	0.392195
151	0.480038	-0.093688	-0.228256	-0.346351	-0.326150	0.821371	0.053407	-0.016260	0.639807	-0.054231	0.002122	0.000000	1.170675	0.178849	0.646081	0.234286	0.230708	0.155745	-0.754672	-0.476811
152	0.495556	0.356649	1.615870	1.492494	0.093863	1.286156	0.826461	-0.459224	1.286960	0.060324	0.000000	1.195150	1.560119	1.071502	1.186390	0.831586	0.468610	-0.356925	0.154155	0.109751
153	-0.001064	-0.227980	0.002572	-0.034848	-0.556493	0.124160	-0.193240	0.056747	0.113523	-0.353899	-0.277418	-0.211462	-0.283733	-0.044382	0.047558	-0.061256	0.000000	0.186593	-0.565411	-0.620375
154	1.037836	0.463532	0.824240	0.805698	0.507037	0.869337	0.916755	1.056704	1.288863	0.499792	0.437232	0.778219	2.206589	0.797186	1.144698	0.514977	0.000000	1.027228	-0.018727	0.365407
155	0.199937	0.091896	0.335247	0.000000	0.111109	0.578533	0.420363	0.282800	0.871715	0.389939	0.359791	0.606487	0.726091	0.545241	0.861031	0.349600	0.453021	0.229834	-0.263517	-0.029981
156	0.392087	-0.163587	-0.005173	0.221110	0.094995	0.419040	0.066989	0.166855	0.321117	0.000000	0.225202	0.043518	0.866171	0.163786	0.361382	0.064424	0.049051	0.228246	0.163213	0.164676
157	-0.199615	-0.114002	-0.030875	-0.065162	-0.024611	0.099703	-0.065749	-0.037180	0.034842	-0.107718	-0.086307	-0.022175	-0.030201	-0.054300	0.000000	-0.091324	0.023452	-0.042350	-0.065671	-0.028965
158	0.418793	-0.073664	0.000000	0.273150	0.108073	-0.047639	0.226177	0.555555	0.599332	0.434428	0.405253	0.125964	1.019607	0.426525	0.565640	0.276935	0.365080	0.561970	0.024010	0.124895
159	0.143794	-0.424667	0.291237	0.084229	-0.251303	0.369825	-0.080908	-0.302626	0.000000	-0.285631	-0.277786	0.115984	0.731091	-0.092524	-0.001350	0.102055	-0.075023	-0.298666	-0.208857	-0.160253
160	0.209940	-0.373393	0.584122	0.132627	-0.691193	0.518956	-0.254480	-0.347704	0.000000	-0.462541	-0.425805	0.294848	0.699373	-0.130918	0.014348	0.026254	-0.174902	-0.278809	-0.811184	-0.727415
161	0.156924	-0.212278	0.553670	0.327628	-0.130628	0.754620	0.224545	-0.215105	0.236895	-0.160809	-0.197064	0.503610	1.669173	0.000000	0.181429	0.356939	0.253173	-0.067136	-0.124500	-0.016569
162	0.351549	-0.130545	0.648198	0.141665	-0.209573	0.726473	-0.005171	0.005504	0.000000	-0.190493	-0.033461	0.168418	0.697459	0.000393	0.000705	0.234161	0.107194	0.006547	-0.368140	-0.256561
163	0.325645	0.050799	1.178724	0.340436	0.291273	1.019503	0.334698	0.504412	0.700923	0.564938	0.211377	0.693201	2.088101	0.141401	0.563586	0.549240	0.534902	0.000000	0.334703	0.215215
164	0.902956	0.112975	0.869245	0.504064	0.178938	1.107717	0.389633	0.580145	0.522750	0.726142	0.549864	0.592611	2.042731	0.343712	0.411784	0.310928	0.155298	0.572848	0.043356	0.000000
165	-0.360019	-0.034324	0.918589	0.740512	0.009700	-0.549449	0.677488	0.482765	0.867375	0.397933	0.062336	0.709386	1.729355	0.365194	0.947483	0.000000	0.227292	0.408655	-0.204715	0.340150
166	1.440950	0.626733	2.247733	1.971409	0.292006	1.811032	0.913566	0.236003	1.045718	0.000000	0.528213	1.061262	2.669145	1.104562	0.850622	1.230889	0.914271	0.665462	0.518684	0.338909
167	1.322551	0.591348	2.841568	1.661829	0.000000	2.289848	1.066481	0.679790	1.781674	0.045789	0.396813	2.018987	2.861068	1.551159	1.750946	1.948500	1.910376	0.725167	0.346997	0.419501
168	1.042533	0.805113	1.305573	1.586748	0.448712	1.084808	0.378616	1.486032	1.034393	1.097443	1.138250	0.482734	0.824336	1.158579	0.616355	0.480896	0.545514	1.430283	0.321032	0.000000
169	-0.283147	-0.174901	-0.232571	-0.172282	0.117737	0.024200	0.001791	0.043652	-0.007787	0.348329	0.178729	-0.109917	0.276368	-0.026221	0.000000	-0.579206	0.045640	0.244433	-0.087980	0.019901
170	0.950355	0.558685	0.724796	0.746309	0.402144	1.054674	0.637040	0.550222	1.162029	0.000000	0.348734	0.882149	2.013524	0.650034	1.062806	0.808661	0.822018	0.995895	0.343106	0.379087
171	2.243069	1.561421	0.000000	1.855396	2.211266	2.275650	2.277306	2.498134	2.665909	2.592071	2.232361	1.339442	3.037848	2.373797	2.593706	1.898522	2.285621	2.535539	1.988505	2.317439
172	1.403868	0.623453	2.476337	2.428247	1.016888	2.163852	2.152851	0.253272	2.323864	-0.206079	0.391705	2.140809	2.564284	1.963634	2.418631	1.655000	0.883984	0.000000	1.557570	1.584289
173	0.636350	0.289236	0.816795	0.219117	0.231586	1.044419	0.519946	0.089464	0.532298	0.421287	0.303209	0.821698	2.250786	0.302348	0.540972	0.489808	0.359735	0.000000	0.418962	0.319582
174	0.161413	0.424178	0.455898	-0.385753	0.415175	0.675127	0.481766	0.474314	0.522610	0.286204	0.352131	0.515195	0.206596	0.000000	0.670521	0.333808	0.598560	0.457243	0.498311	0.398768
175	0.752646	0.407379	0.687039	0.608730	0.526493	1.131750	0.747056	0.000000	0.882690	0.001203	0.364064	0.713825	1.525781	0.602022	1.013346	0.722707	0.638073	0.206592	0.704175	0.685800
176	0.553150	0.356212	0.200001	0.340953	0.400440	0.305974	0.305934	0.744373	0.686719	0.605740	0.627482	0.000000	1.264142	0.466189	0.749583	0.241938	0.423410	0.778288	0.422305	0.418800
177	0.112939	0.047020	-0.060603	0.000000	0.308937	0.085225	0.218366	0.300122	0.453518	0.330226	0.346964	0.036625	0.161978	0.196551	0.505865	-0.032817	0.053432	0.207535	0.340981	0.379351
178	0.159022	0.103800	0.027880	0.020630	0.171939	0.045333	0.189091	0.407362	0.455215	0.376883	0.344374	0.000000	0.626649	0.140329	0.522009	0.023260	0.176878	0.306346	0.133902	0.247129
179	0.011250	0.019009	-0.163630	-0.003413	0.149020	0.039233	0.077616	0.383520	0.351640	0.372424	0.285837	-0.134782	0.388801	0.000000	0.312393	-0.108634	0.074856	0.313969	0.151894	0.192119
180	-0.034472	-0.438468	-0.083713	-0.064679	-0.167968	0.000000	-0.080667	0.006821	0.194112	-0.006531	0.010246	-0.186333	0.285844	-0.039219	0.152449	-0.170318	-0.075141	0.007039	-0.226717	-0.070088
181	0.424720	0.194573	-0.152511	0.134492	0.442319	0.129454	0.301131	0.634878	0.614016	0.540648	0.567137	0.000000	0.518392	0.363891	0.657365	0.139603	0.332740	0.567963	0.408969	0.531277
182	-0.236670	-0.281556	-0.318960	-0.186405	-0.109490	-0.280859	-0.186553	0.134215	0.121287	0.071846	-0.005691	-0.338033	0.163147	-0.160075	0.000000	-0.341715	-0.171733	0.037701	-0.158665	-0.102612
183	0.292073	-0.115389	-0.018215	0.159962	0.044354	0.121617	0.154127	0.402087	0.458581	0.248455	0.221061	0.011612	0.824167	0.250272	0.424199	0.000000	0.162863	0.336899	0.044686	0.090868
184	0.344637	0.159385	-0.073861	0.162424	0.360654	0.164919	0.224429	0.540641	0.483575	0.424094	0.425545	0.000000	0.351046	0.310948	0.538217	0.098830	0.293091	0.457825	0.342567	0.437632
185	0.235399	0.022744	0.090977	0.174201	0.220102	0.097927	0.229920	0.388945	0.585746	0.368580	0.340546	0.000000	0.681796	0.305623	0.608692	0.023584	0.139456	0.292201	0.233782	0.284726
186	0.122913	0.040450	0.001124	0.015704	0.140826	0.241563	0.094976	0.294446	0.274825	0.224577	0.129564	0.118850	0.622814	0.103834	0.281995	0.000000	0.107393	0.230756	0.139959	0.160396
187	-0.238730	-0.122482	0.115129	-0.069306	-0.186209	0.233562	-0.043463	-0.116976	0.029309	-0.134007	-0.195449	0.000000	-0.108335	-0.024215	0.097739	-0.110480	0.035196	-0.171710	-0.226062	-0.180193
188	-0.129985	-0.012311	0.111304	-0.179611	0.079502	-0.076173	0.028324	0.199951	0.000000	0.108002	-0.005279	0.070172	0.483488	-0.191858	0.104160	-0.006925	0.032661	0.085959	0.070145	0.114340
189	0.394002	0.202929	0.358167	0.000000	0.152980	0.747490	0.267709	0.463945	0.699426	0.020440	0.301616	0.381599	0.543578	0.286748	0.762385	0.301365	0.355743	0.491431	0.232808	0.175965
190	1.258170	1.011733	2.238027	1.927545	0.303079	1.883717	1.505916	1.392341	2.430605	1.161636	1.103441	2.012816	2.481624	1.871927	2.241290	1.683958	1.617930	1.093899	0.559568	0.000000
191	0.525686	0.360515	1.360846	0.564408	0.347759	1.264486	0.502878	0.115799	0.193464	0.270755	0.131849	0.940342	2.399024	0.209516	0.000000	0.563882	0.480197	0.188915	0.205630	0.213449
192	2.172204	1.650204	2.778729	2.661044	0.922003	2.462089	2.248985	0.793029	2.554218	0.000000	1.003201	2.428877	1.726025	2.399627	2.547453	2.347185	1.968505	1.363761	1.578830	1.629282
193	-0.046915	0.064358	0.571113	0.227058	0.190264	0.396118	0.197117	0.000000	0.073873	0.237354	0.253019	0.310688	1.014756	0.199913	0.043973	0.033666	0.217325	0.209195	0.018762	0.061131
194	-0.688191	-0.408298	0.430826	0.242297	-0.722372	-0.195483	-0.075184	0.156517	0.538067	0.029226	-0.087121	0.000000	0.030822	0.120968	0.677780	-0.314650	-0.087751	0.060559	-0.921057	-0.422070
195	0.453843	0.000000	0.811669	0.828956	0.784361	1.033274	1.219750	0.808331	1.436031	0.963140	0.762321	0.974982	1.262383	1.092903	1.528507	0.653127	0.746785	0.651210	0.717361	0.934437
196	0.329207	0.193526	-0.058024	0.124354	0.205492	0.224199	0.248399	0.604411	0.419027	0.485347	0.426750	0.000000	0.944336	0.326867	0.508435	0.216469	0.462182	0.665292	0.257695	0.268625
197	0.385872	0.022617	0.479860	0.283710	-0.119138	0.487261	0.104161	0.180319	0.378073	0.235819	0.229990	0.266609	1.780742	0.214124	0.400890	0.055621	0.000000	0.243585	-0.099415	-0.131985
198	0.065935	0.431373	0.761560	0.547656	0.544856	0.879931	0.533369	0.930816	0.713457	0.875471	0.238341	0.545997	2.101675	0.062571	0.825501	0.000000	0.727416	0.860856	0.583202	0.550845
199	0.000000	-0.194816	-0.377353	-0.536570	0.022353	0.350662	0.010615	-0.378050	0.147804	-0.142842	-0.135010	-0.120807	0.651960	-0.213204	0.307653	-0.209205	-0.302355	-0.352235	0.024382	0.046653
200	1.208413	0.655995	1.693981	1.754747	0.883708	1.567354	1.627949	0.000000	1.852044	0.223166	0.491601	1.571983	1.349939	1.478756	1.861620	1.285793	0.687254	0.217785	1.182856	1.343285
201	0.661941	0.438433	1.640169	1.014987	-0.164469	1.310134	0.483007	-0.131480	0.689997	0.276082	0.238262	1.146794	1.709793	0.680684	0.529354	0.557653	0.000000	-0.028482	-0.381333	-0.344739
202	0.898895	1.360262	2.482663	1.307682	1.262621	1.601210	1.614131	1.325244	1.752958	0.627971	0.098285	2.062026	2.460334	0.000000	2.012055	1.456411	1.958120	1.588977	1.289637	1.613131
203	0.000000	0.444640	2.068578	1.460590	0.600585	1.341435	0.898160	0.276284	0.326119	0.430412	0.034280	1.418039	1.812568	0.425929	0.395351	0.720959	0.818332	0.308728	-0.149185	0.634953
204	0.480154	0.000000	-0.625791	0.604871	0.300425	0.596719	0.136912	0.821969	1.169594	0.544244	0.719936	-0.061286	-0.140099	0.937126	1.282303	0.133756	0.839898	0.809176	0.351392	0.428511
205	0.622805	0.276696	0.465520	0.475500	0.615564	0.860553	0.524082	0.224498	0.699958	0.549024	0.471469	0.654221	0.000000	0.575146	0.691321	0.571611	0.307437	0.191722	0.666633	0.607965
206	-0.168318	-0.531248	-0.346621	-0.402425	-0.179988	-0.228127	-0.232504	0.233063	0.000000	0.009710	-0.083689	-0.208165	1.095910	-0.252473	0.104842	-0.125150	-0.150238	0.207225	-0.385161	-0.250569
207	1.092026	0.318402	1.234715	1.304361	0.168152	1.741502	0.814615	-0.017038	1.387791	0.223988	0.221239	1.265918	1.932743	0.945359	1.380315	1.167217	0.551012	0.000000	-0.001402	0.097039
208	1.048654	0.464037	0.214554	0.795733	1.024975	0.908732	0.769239	0.980776	0.821262	1.027673	1.037653	0.528390	1.785238	0.825488	0.961304	0.000000	0.470794	1.027844	0.986526	0.988652
209	1.421734	0.668875	1.302848	1.516337	0.000000	1.596886	0.883670	1.029469	1.805400	0.807920	0.896160	1.024738	1.289008	1.363749	1.701545	1.072121	0.660512	1.194740	-0.080829	0.079054
210	0.723342	0.282995	0.243882	0.000000	0.204408	1.221607	0.459096	0.581697	0.912099	0.683204	0.629650	0.696149	2.156374	0.604421	0.888204	0.749906	0.620747	0.716358	0.226837	0.144068
211	0.318890	0.880926	1.380291	0.906603	1.009477	1.373628	1.160669	1.049154	1.345539	1.231022	1.157189	1.434011	0.000000	1.176406	1.387930	0.961307	1.292739	0.908105	1.042835	1.011216
212	0.891840	0.304614	0.655704	0.311999	0.395544	1.004493	0.678573	0.000000	1.115319	0.211926	0.319796	0.895525	0.789675	0.597998	1.101707	0.936490	0.688928	0.362660	0.481984	0.396729
213	0.071365	0.086766	0.354963	-0.120459	0.510828	0.692193	0.217713	0.347533	0.263071	0.436758	0.393791	0.258603	0.000000	0.112556	0.335584	0.152024	0.145709	0.257406	0.519556	0.413976
214	1.952680	1.116731	2.353202	2.243467	1.018258	2.222884	2.023309	0.000000	2.127882	0.417248	0.837542	2.195188	2.244985	1.997720	2.148362	2.198334	1.720512	0.554885	1.292983	1.527436
215	1.387231	0.969591	2.710088	1.884916	0.499000	2.110712	0.000000	1.171771	0.387490	1.260345	0.903098	1.216361	2.568547	0.707581	-0.160064	1.234537	1.499211	1.300689	0.528930	-0.018256
216	2.220086	1.714578	3.173989	3.040883	0.688463	2.755006	2.113709	1.377187	2.572896	0.806491	1.303392	2.550898	2.456703	2.458692	2.328853	2.618078	2.567689	1.889676	0.352741	0.000000
217	0.598706	0.000000	1.833122	1.376267	0.415567	1.030407	0.813176	1.057650	1.393986	1.109946	0.631125	1.105500	2.298097	1.036130	1.241560	0.945415	1.210321	0.700382	0.682845	0.401644
218	0.000000	0.601471	1.769308	1.565741	1.272302	1.380417	1.527483	0.933917	1.569389	1.095886	1.019028	1.499398	1.594026	1.319597	1.581055	0.632898	0.509532	0.063491	1.450060	1.290298
219	1.228499	1.115983	1.470566	1.081866	1.358934	1.380155	1.499508	1.406700	1.850212	1.390408	1.292785	1.404400	0.000000	1.341720	1.829033	1.392401	1.465470	1.305206	1.531168	1.513272
220	0.000000	0.010970	0.178455	0.235631	-0.359846	0.674713	0.141994	0.039334	0.732980	0.203403	0.131903	0.303900	-0.033748	0.363097	0.763448	0.228163	0.126563	0.001344	-0.181797	-0.072107
221	1.106035	0.538819	1.463732	1.541937	0.318750	0.000000	0.913053	1.280492	1.774849	0.978976	0.808006	0.989309	2.328200	1.281848	1.669772	1.104079	1.246507	1.385817	0.478730	0.215828
222	1.460412	0.929395	1.352828	1.400296	0.000000	1.878474	0.886508	1.684867	2.162291	1.517279	1.245358	1.339144	2.460467	1.625271	1.977248	1.327540	1.433382	1.771311	0.738165	0.139305
223	0.000000	0.110558	1.805136	1.284904	0.327465	1.322940	0.891309	0.127919	0.904601	0.367999	0.324369	1.279503	2.488351	0.760156	0.827180	0.728402	0.737378	0.018361	0.539408	0.337967
224	2.351489	1.623678	2.894731	2.696929	1.244729	2.637522	2.610420	0.000000	2.668413	0.298156	1.003579	2.771942	3.016157	2.445958	2.812614	2.745637	2.633218	1.217992	1.898746	2.072326
225	2.229877	1.151550	2.626178	2.605749	0.079157	2.423664	2.002322	1.183220	1.907351	0.000000	0.899022	2.490573	2.731647	2.162013	2.157887	2.281743	2.268594	1.741049	1.335670	1.633807
226	0.561475	-0.035291	2.147603	0.499556	0.261009	1.539467	0.666956	-0.165062	0.000000	-0.181195	-0.326299	1.461596	2.695403	0.026005	0.191522	1.033841	0.862860	-0.511829	0.378068	0.246565
227	0.557723	0.000000	0.911316	1.781578	2.207455	1.645182	2.179630	1.816652	2.667607	2.299856	1.901574	1.226412	1.696358	2.145018	2.839339	0.191896	1.244642	1.035624	2.356959	2.414152
228	0.229402	-0.654756	0.616942	0.336794	-0.138431	0.591809	-0.580522	0.210464	0.000000	-0.642011	-0.469327	-0.600872	1.946248	-0.171404	-0.074310	0.221173	-0.077974	0.359264	-0.278837	-0.345462
229	1.000860	0.569080	0.000000	0.405603	0.900062	1.582496	0.864381	1.618701	1.735700	1.344834	1.094773	0.602655	2.839953	0.935068	1.841423	0.876156	1.269743	1.525683	0.831788	0.772015
230	-0.000772	0.392752	0.720290	0.634753	0.682510	0.652970	0.340356	0.254082	0.000000	0.187999	0.402516	0.490219	-0.428490	0.420864	0.402217	0.089945	0.186764	0.099607	0.710410	0.671262
231	0.004719	-0.105404	0.339446	0.415833	-0.250972	0.137419	-0.210809	0.571136	0.000000	0.101923	-0.052975	-0.211732	1.592096	-0.036708	0.120429	-0.123562	0.014567	0.601744	-0.117774	-0.332052
232	1.805236	0.933231	1.401196	2.366540	0.000000	2.156827	1.743988	2.538023	2.615350	2.334322	2.128690	1.801430	2.223712	2.390255	2.648716	1.889415	2.349946	2.829130	0.809381	1.040238
233	0.205478	0.314179	-0.043726	-0.034081	0.672290	0.298502	0.137822	0.796806	0.235452	0.351313	0.234656	0.000000	0.310401	-0.075916	0.471940	-0.045154	0.066851	0.696517	0.690048	0.680264
234	1.024922	1.167542	2.194541	1.969484	1.158555	0.000000	1.901913	1.814154	2.470357	1.678025	1.393606	2.104496	2.430279	1.948282	2.417163	1.487579	1.300461	1.674701	1.232813	1.344604
235	0.613495	0.223875	1.019332	0.484830	0.261854	1.150421	0.549039	0.312695	0.520325	0.550898	0.306724	0.834582	1.881145	0.192307	0.572469	0.209122	0.000000	0.124118	0.394238	0.256436
236	2.088453	1.555795	2.139818	2.153311	1.658198	0.000000	2.057244	1.932049	2.157313	1.858481	1.917474	2.082986	2.274153	2.187485	2.249832	2.225581	2.219616	2.088108	1.647102	1.830234
237	0.139557	0.132442	0.430495	0.248486	0.259591	0.846687	0.226932	-0.135970	-0.035894	-0.220340	0.116314	0.229591	0.000000	0.175612	0.271846	0.095537	0.061886	-0.211488	0.536105	0.358181
238	0.311889	0.000000	0.650807	1.037301	1.596379	1.151728	1.604608	1.398813	1.959286	1.719210	1.289514	1.073074	1.138485	1.498829	2.091595	0.224291	1.142956	0.807339	1.532973	1.722043
239	0.207367	0.099900	0.434544	0.285862	0.409854	0.354933	0.066941	0.419671	0.086959	0.234125	0.303314	0.037565	0.000000	0.179056	0.287922	0.070450	0.252645	0.448453	0.544350	0.348909
240	0.331742	-0.105763	-0.486591	0.194983	0.073031	0.644039	-0.115316	0.354317	0.103094	0.396492	0.301467	-0.469772	1.615267	0.067889	0.249374	0.000000	0.174077	0.478942	0.232061	0.120964
241	2.021104	1.270795	2.871257	2.892483	2.360009	2.610129	2.695771	0.495556	2.349419	1.199063	1.599586	2.286486	2.335860	2.308446	2.640630	1.847141	1.411808	0.000000	2.792382	2.807801
242	0.314621	0.341857	1.711905	0.435329	-0.397125	1.150982	0.317649	0.231813	1.608481	0.499245	0.275823	1.370013	2.598836	0.714308	1.510144	0.000000	0.497004	0.181348	-0.886645	-0.937326
243	-0.056966	-0.225245	1.715165	1.265404	-0.034102	1.090823	0.605370	-0.792014	0.464084	-0.231516	-0.094714	0.964083	1.610400	0.566410	0.449833	0.260765	0.000000	-0.943302	-0.315750	-0.110010
244	1.033763	0.797208	1.921738	1.682705	1.029871	1.526129	1.384926	0.633518	1.546310	0.733569	0.535890	1.829327	1.821212	1.263951	1.405920	1.367801	0.880173	0.000000	1.180077	1.111570
245	0.351819	0.516785	0.711344	0.468239	0.220353	0.900555	0.340856	0.546045	0.225708	0.445100	0.400771	0.395653	0.850295	0.000000	0.124162	0.391505	0.514000	0.772580	0.182898	0.171737
246	0.160018	0.000000	1.394747	0.507985	0.828742	0.702446	0.896679	0.867561	0.921474	0.987804	0.258871	1.123007	1.705463	0.262486	0.860085	0.344834	0.672895	0.488805	1.016762	0.890199
247	1.750524	1.250804	2.219717	2.304237	1.178354	1.736078	1.781249	1.997530	2.150924	1.241380	1.405374	1.601212	2.278140	1.838585	2.059586	0.697017	0.000000	1.927768	1.270537	1.575741
248	0.275229	0.008647	-0.698303	-0.343679	0.617543	0.388989	0.000000	0.382763	0.476098	0.604168	0.411321	-0.084132	-0.028322	0.110748	0.429338	0.093899	0.160886	0.378844	0.483061	0.546136
249	0.156298	0.837909	1.258975	1.141417	1.070183	0.000000	1.056798	1.218091	0.951903	1.233453	1.105528	1.077816	0.291152	1.091846	1.177479	0.790363	1.396286	1.276565	1.039449	1.134744
250	1.211759	0.531670	1.660609	1.670378	-0.062955	1.387823	0.758990	0.000000	1.350402	0.306317	0.427428	1.231441	1.786150	1.205554	1.308250	1.282266	1.045894	0.452951	0.148109	0.161133
251	0.374273	0.108865	0.997574	0.693413	0.199940	0.826263	0.175117	0.369000	0.000000	0.066089	0.260728	0.429953	0.424814	0.353450	-0.129508	0.641635	0.574429	0.407587	0.334433	0.098892
252	0.765978	0.552254	1.559411	1.331886	0.259725	1.241630	0.728819	0.530391	1.235445	0.263935	0.554565	0.845645	0.000000	0.928153	1.191559	0.944176	0.811998	0.729080	0.469175	0.665355
253	0.285180	-0.231864	0.078394	0.164115	-0.263490	0.212401	-0.039811	0.103876	0.581970	0.327318	0.190257	-0.114639	0.587622	0.289053	0.395286	0.054618	-0.050407	0.000000	-0.480209	-0.445252
254	0.477088	-0.122531	0.548767	0.371364	-0.376657	0.579454	-0.012451	-0.361198	0.760511	-0.300872	-0.154148	0.296372	0.311369	0.260086	0.676387	0.453745	0.360587	0.000000	-0.716774	-0.410700
255	0.567444	0.461582	0.989449	0.867153	0.855270	0.692627	0.783414	0.990401	1.381780	1.278661	0.924065	0.418248	1.708877	0.676102	1.332949	0.000000	0.101770	0.610030	0.753429	0.764107
256	0.249059	-0.076750	1.223982	0.200923	-0.060892	0.544534	0.065540	0.367163	0.604277	0.311117	0.047622	-0.181627	1.612925	-0.153163	0.383558	-0.063931	0.000000	0.339567	-0.285409	-0.035839
257	0.388749	0.224007	1.489011	1.278967	0.432952	0.758106	0.385066	-0.675370	0.238132	-0.040693	0.192523	0.541657	1.248837	0.000000	0.400184	0.477174	0.105336	-0.626991	0.821292	0.730654
258	1.235627	0.837286	2.018969	1.884619	0.633875	1.679421	1.627210	0.421988	1.885808	0.000000	0.442926	1.852073	2.061885	1.567552	1.909557	1.539267	1.308688	0.793196	0.918171	1.043554
259	1.185894	0.630899	1.554965	1.550320	0.390629	1.416942	0.850976	-0.006989	1.068424	0.000000	0.471131	1.188076	1.672610	1.024293	1.044719	1.080942	0.843912	0.473932	0.451146	0.511073
260	1.421992	0.522797	1.695012	1.458524	0.515408	1.613683	0.950584	0.167333	1.044894	0.000000	0.441474	1.219292	1.497886	0.989738	0.819020	1.188216	0.744793	0.330652	0.907598	0.683784
261	1.621349	0.634709	-0.406749	0.951526	1.500299	1.509703	1.387525	1.718101	1.823004	1.683269	1.517547	0.000000	2.407816	1.419523	1.842966	1.203242	1.752298	1.858845	1.370563	1.528970
262	0.923012	0.692407	1.993214	1.734468	0.502918	0.000000	0.273364	1.316460	0.587710	0.357907	0.585103	1.207035	2.149701	0.768517	0.813175	0.905898	1.244630	1.645257	0.542597	0.620995
263	0.377100	-0.091341	0.206291	0.031163	-0.422826	0.494951	0.104689	0.361030	0.445016	0.292010	0.086838	0.198704	0.448183	0.199230	0.418485	0.000000	0.201977	0.361309	-0.268644	-0.305296
264	0.980898	0.551370	1.683192	1.453091	1.014776	1.293394	1.351704	0.626565	1.269409	0.000000	0.635456	1.010160	1.283389	1.016171	1.259143	0.861367	0.458358	0.380412	1.619842	1.163264
265	0.000000	0.813525	1.322883	0.355924	1.016522	0.866995	0.664753	0.955364	0.758688	0.510353	0.318583	0.562071	1.273853	0.073205	0.821630	0.303327	0.507732	0.857628	0.928713	1.073004
266	0.288050	0.338044	0.312211	0.000000	0.314616	0.557312	0.464533	0.557424	0.635716	0.448390	0.384032	0.706762	0.301898	0.322919	0.815854	0.410045	0.454289	0.468952	0.344757	0.305467
267	0.552156	-0.100589	-0.142588	0.000000	0.067284	0.422164	0.279779	0.199688	0.805120	0.295659	0.326113	0.255452	1.081332	0.400672	0.867786	0.268932	0.008511	0.177971	0.203184	0.068946
268	0.840120	0.353474	0.450377	0.000000	0.883901	1.115296	0.834448	0.495339	1.137682	0.949415	0.777157	0.898100	1.793020	0.654676	1.228788	0.641701	0.537127	0.386727	0.880817	0.818562
269	1.005759	0.801040	1.423105	1.710915	0.594667	1.888307	1.404315	0.524666	2.255633	1.019471	1.084462	1.639009	0.693757	1.842360	2.298214	1.516863	0.726042	0.000000	0.856053	0.672592
270	0.975657	0.467741	1.095005	0.825028	0.719245	1.173636	0.990558	-0.238477	0.768811	-0.283389	0.000000	0.864157	1.168577	0.616028	0.797078	0.809164	0.657772	0.238383	0.899336	1.026864
271	1.333156	0.701844	1.741611	1.841042	0.391300	1.813735	1.383265	0.000000	1.981577	0.132788	0.632198	1.710749	1.884714	1.658977	1.998529	1.628002	1.316822	0.474498	0.893705	0.839001
272	-0.192642	-0.917553	0.643442	0.230950	-1.952428	-0.025497	-1.011235	-1.065705	0.106953	-1.349010	-1.587671	-0.089829	0.314971	-0.546179	0.000000	-0.152546	-0.426824	-0.564521	-1.498866	-1.638588
273	0.571832	0.424419	1.183707	1.480326	0.392325	0.843181	1.014374	1.217839	1.931227	1.380946	1.038224	0.988229	1.819874	1.503070	1.906941	0.000000	0.291295	0.964802	0.343891	0.630157
274	0.815895	0.662497	1.074581	0.000000	0.654896	1.407809	1.096831	1.283765	1.554987	0.896502	0.809767	1.398976	1.749433	0.754082	1.588434	1.324041	1.685101	1.401335	0.664236	0.589365
275	0.644759	0.211379	-0.598775	0.223325	0.567012	0.985736	0.525738	0.924946	0.858237	0.837165	0.678284	0.000000	1.944849	0.571405	1.058503	0.378121	0.889957	0.888055	0.653726	0.631513
276	0.766321	0.549863	1.231226	1.150178	-0.217688	0.965951	0.444395	0.000000	1.197152	0.417603	0.384894	1.133312	0.639017	1.077731	1.215140	1.012781	1.044824	0.613836	-0.351500	-0.306802
277	-0.048550	-0.276415	0.186853	0.081233	-0.464896	0.164911	-0.063086	0.342012	0.109698	-0.165290	-0.307213	-0.042377	1.393905	-0.047386	0.169287	-0.101251	0.000000	0.523321	-0.660919	-0.408808
278	0.718917	0.107589	-0.304437	0.533053	0.613854	0.993422	0.678639	0.735943	1.143908	0.666659	0.626872	0.000000	1.910777	0.825858	1.251919	0.397646	0.912857	0.721697	0.564259	0.734780
279	-0.025955	0.083519	0.026092	0.527098	0.196953	0.440458	0.217940	0.485595	0.621215	0.756362	0.554695	0.000000	-0.050224	0.585357	0.760842	-0.146105	0.198029	0.295473	0.016696	0.181140
280	0.000000	-0.254605	0.042894	0.008864	-0.043590	0.147738	-0.007640	0.311373	0.209886	-0.090460	-0.038516	-0.034643	1.503802	-0.008093	0.257016	-0.027984	-0.011203	0.441878	-0.113395	-0.056131
281	-0.188540	-0.789436	-0.357340	-0.554134	-0.699221	0.369314	-0.539012	-0.163293	0.000000	-0.071808	-0.348397	-0.252026	1.382023	-0.342680	0.069762	-0.463299	-0.374918	-0.263805	-0.589792	-0.754109
282	-0.069753	-0.084517	0.763940	0.602465	-0.268411	0.601676	-0.038257	0.117821	0.098487	0.070192	0.050977	0.000000	-0.043967	0.280416	0.157541	0.020250	0.278686	0.072710	-0.147422	-0.339235
283	1.694151	1.153511	2.287081	2.193795	0.932763	2.051424	1.761617	0.000000	2.145047	0.639258	0.991951	2.106802	2.318886	1.927010	2.222250	1.960540	1.740398	0.625946	0.878517	1.075141
284	1.489284	0.869883	1.990912	1.569629	0.300969	1.935629	1.102471	-0.034721	1.721162	0.000000	0.430401	1.608412	2.148524	1.197875	1.663548	1.417696	1.028051	0.442863	0.397117	0.430936
285	1.561165	1.174019	2.524596	2.499304	1.362554	2.306557	2.354903	0.242510	2.529506	0.949344	1.431540	2.600224	2.732387	2.401498	2.602618	2.387277	2.028470	0.000000	1.816124	1.860968
286	0.644580	0.161319	1.389719	1.150155	0.260192	1.067407	0.441627	-0.868013	0.234675	-0.692070	-0.096048	0.515815	1.677081	0.000000	0.283461	0.538999	0.046800	-0.376272	0.669129	0.674640
287	2.138946	1.350029	2.689454	2.770720	0.000000	2.507907	2.478077	1.722585	3.043554	0.387525	1.240106	2.308135	3.044559	2.636231	3.182273	2.454566	2.615649	2.237391	1.437938	1.791630
288	-0.151015	0.190396	-0.048476	-0.059018	0.429128	0.570508	0.247164	0.521434	0.425743	0.870425	0.470248	0.000000	0.494580	0.138702	0.559152	-0.255514	-0.086154	0.134644	0.539523	0.498120
289	0.423637	0.188114	0.560531	0.338280	0.167074	0.826485	0.294690	0.397220	0.303812	0.499370	0.332017	0.357701	1.898562	0.210338	0.382051	0.247010	0.000000	0.238797	0.342419	0.202284
290	-0.031516	0.337464	1.396304	0.564143	0.144147	0.959602	0.517177	0.171458	0.223896	0.071664	0.147347	0.914838	0.000000	0.403907	0.284657	0.302347	0.481038	0.153404	0.243950	0.129137
291	1.845263	1.279708	1.806278	2.104068	1.361929	2.115667	1.952083	0.239867	2.125956	0.746876	1.226937	1.884889	2.014524	1.938136	2.189768	2.004468	1.514450	0.000000	1.511687	1.768451
292	0.241281	0.359444	0.896016	0.227196	0.156406	0.641462	0.286719	0.294190	0.213380	0.233421	0.164058	0.401272	0.333683	0.000000	0.209269	0.297423	0.232156	0.189136	0.207003	0.180746
293	1.538414	0.807655	2.582799	2.430911	-0.023268	2.226266	1.758477	0.000000	2.385989	0.168018	0.137787	2.396526	2.435648	2.003548	2.437768	2.095893	1.957580	0.630289	0.004217	0.398375
294	0.560107	-0.026682	0.078271	-0.253499	-0.136520	0.801551	-0.111633	-0.463346	0.476790	0.014293	0.173958	0.000000	1.698997	0.090761	0.486961	0.159760	-0.085704	-0.477503	-0.062340	-0.115335
295	0.551013	0.000000	1.737706	1.810554	-0.241799	1.221020	1.352561	0.208301	2.342578	0.718946	0.510741	1.745343	1.963707	1.803532	2.243174	1.115625	0.849933	-0.012820	0.507017	0.185953
296	0.629952	0.064284	0.834995	0.037034	-0.301977	1.149300	0.167232	-0.215277	0.863847	0.091659	0.090236	0.612185	2.046962	0.310868	0.753784	0.432752	0.000000	-0.213066	-0.327795	-0.376497
297	0.641998	0.058203	0.411338	1.209764	-0.068636	1.043000	0.106471	-0.008439	0.207891	-0.388934	0.222693	-0.185563	1.835707	0.340051	0.000000	0.289115	1.049372	0.457854	-0.061793	-0.072067
298	0.389246	0.367012	0.143829	-0.048739	0.087150	0.602911	0.216240	0.438711	0.836658	0.323945	0.326469	0.317606	0.000000	0.383171	0.740558	0.444067	0.467455	0.519618	0.085901	-0.068604
299	1.043949	0.716582	0.772109	0.525176	0.917426	1.233494	1.033851	0.917372	1.809063	1.070197	0.608821	0.000000	1.726814	0.578673	1.639909	1.084540	1.430550	0.954263	0.832374	1.079890
300	0.673370	0.369223	-0.058961	0.501943	0.360895	0.824353	0.390945	0.651472	0.785437	0.667811	0.725178	0.000000	1.074496	0.612733	0.861067	0.496467	0.797779	0.714856	0.381576	0.461292
301	0.160583	-0.239406	0.225400	0.172421	-0.736690	0.262096	0.118212	-0.075548	0.672973	0.081884	-0.096830	0.000000	0.861235	0.244174	0.558799	0.042908	0.026518	-0.100397	-1.005423	-0.469379
302	0.258224	-0.264413	0.346273	-0.002388	-0.214065	0.536610	-0.097347	-0.080595	0.231042	-0.268075	-0.203807	0.106288	1.608838	-0.077618	0.246148	0.054365	0.000000	0.134417	-0.145722	-0.148413
303	-0.073838	-0.142647	1.069145	0.554943	-0.055114	0.607502	0.390178	-0.289856	0.249893	-0.204359	-0.206034	0.623992	0.387956	0.185460	0.000000	0.027934	-0.068159	-0.575782	-0.073923	-0.048332
304	0.456378	-0.336922	0.749420	0.424940	-0.359989	0.765454	-0.077664	-0.542863	0.000000	-0.178401	-0.104395	0.327229	1.476299	0.177820	0.072312	0.435783	0.153872	-0.437696	-0.207048	-0.340070
305	-0.254045	-0.466872	0.518943	-0.498603	-0.260701	0.327723	-0.100051	-0.317197	-0.178400	-0.476738	-0.468843	0.321267	0.219811	-0.365651	-0.067021	0.000000	0.021031	-0.433133	-0.312199	-0.235349
306	1.384569	0.420282	1.858795	1.618840	-0.270599	1.620655	0.463737	0.000000	1.445413	0.257015	0.507752	1.391912	1.964278	1.293472	1.405154	1.655969	1.451016	0.571103	0.059534	-0.289995
307	0.268612	0.017992	0.772160	0.535138	0.055330	0.779424	0.285510	0.019017	0.082874	-0.030438	0.068405	0.371326	0.434041	0.218757	0.000000	0.239485	0.083667	-0.057719	-0.097938	0.056652
308	1.280912	0.656525	1.790606	1.814926	0.065510	1.352908	1.200034	0.000000	2.018176	0.391195	0.592502	1.714011	1.758500	1.659637	1.956278	1.575578	1.195114	0.592920	0.214368	0.090650
309	0.548129	1.011779	1.605739	1.331398	1.012463	0.000000	1.394439	1.878018	1.366850	1.329563	1.263005	1.440836	2.166287	1.313552	1.449933	1.324362	1.838879	2.047370	0.881193	1.131487
310	0.422846	0.334369	0.733782	0.464812	0.588710	0.965756	0.547471	0.422261	0.388869	0.460034	0.572649	0.746502	0.000000	0.493980	0.561922	0.590760	0.634623	0.324109	0.776734	0.699113
311	0.580058	-0.024535	0.418738	0.598044	0.338596	0.000000	0.370281	0.841003	0.643167	0.644360	0.569908	0.255646	1.432990	0.541955	0.653920	0.577737	0.696757	0.884768	0.380336	0.465322
312	0.562237	0.178794	0.945499	0.466722	0.555036	1.186165	0.653809	0.551276	0.695315	0.329083	0.099989	0.755855	2.046214	0.000000	0.872170	0.690230	0.726211	0.624390	0.345053	0.677625
313	0.000000	-0.932315	-0.557833	-0.634905	-0.864216	0.367492	-0.448343	-0.964259	0.029234	-0.590470	-0.575383	-0.306748	0.610588	-0.355344	-0.017276	-0.236898	-0.660311	-0.887959	-0.810465	-0.877921
314	1.786991	0.867988	2.376212	2.363755	0.000000	2.326885	2.063984	0.382081	2.502848	0.509198	0.798600	2.346265	2.426136	2.277904	2.471586	2.488156	2.017736	0.721929	0.741291	0.877635
315	0.917468	0.343924	0.454345	0.443090	0.249765	1.204411	0.712317	0.317455	1.415879	0.247674	0.442275	0.664155	1.293355	0.613100	1.500404	0.576292	0.450815	0.592409	-0.036845	0.000000
316	0.000000	-0.089648	1.427442	1.445097	-0.144776	0.889981	1.052141	-0.031984	1.481619	-0.379221	0.122259	1.135205	1.487571	1.215113	1.557762	0.447327	0.263381	-0.073179	0.658236	0.696823
317	-0.067217	-0.249379	0.851627	0.660357	-0.593609	0.417981	0.052988	-0.483916	0.070307	-0.571064	-0.617725	0.352017	0.268572	-0.002560	-0.240851	0.227463	0.000000	-0.181119	-0.760245	-0.500075
318	0.891583	0.807123	0.887171	1.216369	1.018240	0.000000	1.373424	1.436256	1.602389	1.237341	1.244822	1.333956	1.785206	1.420224	1.722932	1.234444	1.463368	1.544895	0.795967	1.067018
319	0.291919	0.000442	0.000000	-0.106090	0.305598	0.607994	0.335459	0.439954	0.443517	0.475730	0.381893	0.297711	0.986804	0.229556	0.538609	0.373974	0.498093	0.447147	0.208450	0.313930
320	1.204470	0.783128	1.427433	1.300710	0.525335	1.451582	1.008154	0.000000	1.456081	0.615273	0.872014	1.299815	0.911976	1.153162	1.485307	1.226284	0.979397	0.308773	0.612743	0.671076
321	0.149815	-0.256723	0.108169	-0.167295	-0.094328	0.415050	-0.042868	0.000000	0.279361	0.100929	0.100382	0.165512	0.975031	-0.040904	0.303792	0.087601	0.183654	0.158041	-0.047794	-0.021586
322	0.982241	0.442107	0.737297	0.849778	0.791168	0.000000	0.842152	1.207859	1.157312	1.133948	1.035799	0.699714	1.518897	0.945619	1.165834	0.906864	1.011251	1.181087	0.720960	0.876030
323	-0.083327	-0.105830	0.000000	-0.154868	0.101468	0.433308	0.164721	0.104398	0.237000	0.187725	0.103540	0.251350	0.036797	0.046909	0.336853	0.070400	0.093310	-0.042044	0.188243	0.184009
324	1.593822	0.780964	1.725662	1.723026	0.262144	1.896482	1.273286	0.000000	1.880446	0.387491	0.743089	1.676412	1.609084	1.612044	1.742369	1.852534	1.464796	0.551395	0.126580	0.220120
325	0.351079	0.034149	0.935941	0.354895	0.041781	0.795266	0.257007	0.132103	0.048268	-0.044976	-0.061587	0.463261	2.073574	0.076019	0.000000	0.566983	0.588237	0.176297	0.114883	0.079377
326	0.185935	0.221934	0.572885	0.170602	0.321333	0.412217	0.460980	0.416870	0.301052	0.361272	0.147878	0.324375	0.023169	0.000000	0.217292	0.378872	0.586185	0.481192	0.386748	0.443456
327	0.000000	0.484174	0.874011	1.157800	0.801654	0.776935	0.862783	0.863600	1.337872	1.142201	1.038339	0.631456	-0.254372	1.171474	1.352595	0.293655	0.933682	0.812944	0.449869	0.599486
328	0.288270	-0.137517	1.068040	0.161001	-0.152191	0.819161	0.000000	-0.042030	0.474899	-0.004035	-0.093920	0.593850	1.766052	0.073958	0.369741	0.131181	-0.084477	-0.209896	-0.113379	-0.250217
329	0.245395	0.000000	1.886407	1.871138	1.170128	1.140892	2.119817	0.481871	2.282259	0.804834	0.660567	2.006588	2.265493	1.836370	2.439206	1.105919	1.263436	0.110091	1.377348	1.429316
330	0.483290	0.137554	-0.103811	-0.140347	0.233018	0.806955	0.054631	0.378191	0.420952	0.206040	0.310722	0.000000	2.010582	0.086527	0.459671	0.048548	-0.005612	0.359731	0.216044	0.230507
331	1.466070	1.308162	2.489930	2.509525	0.964622	2.163355	2.200068	0.278125	2.502760	0.830907	1.007404	2.493226	2.513122	2.316799	2.482152	2.172232	1.642546	0.000000	1.597498	1.611005
332	0.355822	0.387625	0.077839	0.605318	0.301133	0.553084	0.299495	0.524737	0.479827	0.079358	0.429773	0.010490	0.452699	0.518243	0.639773	0.000000	0.744909	0.687832	0.259327	0.397540
333	0.341826	0.702028	1.870650	1.076830	0.490109	1.260521	0.810610	0.480696	0.000000	0.246065	0.315292	1.203007	2.215194	0.513262	-0.022414	0.724470	0.930427	0.607053	0.313089	0.398492
334	0.000000	0.299413	0.826659	0.565763	0.199731	0.587972	0.445053	0.280973	0.067820	0.155052	0.239200	0.559106	1.234895	0.243031	0.164524	0.181623	0.391542	0.387058	0.268081	0.273883
335	-0.686475	-0.211717	-0.167314	-0.293346	0.010057	0.264959	0.108995	-0.328812	-0.128941	-0.597743	-0.378163	0.166876	0.917694	-0.234280	0.086291	-0.129429	0.000000	-0.325328	-0.065129	0.088026
336	3.092530	2.426926	3.744260	3.633695	1.623489	3.408610	3.177762	2.554234	3.468577	2.047293	2.264984	3.578051	3.767646	3.305717	3.447580	3.279944	3.095682	2.805468	0.000000	1.974149
337	0.248480	-0.084391	-0.177643	-0.239293	-0.182962	0.788235	0.231551	0.046449	0.533897	-0.307113	-0.228759	0.000000	2.393998	0.095974	0.530291	0.323343	0.390939	0.363929	-0.279278	-0.124523
338	-0.031269	0.086960	0.242129	0.000000	0.259260	0.596972	0.389139	0.277369	0.272061	0.226222	0.198116	0.315100	2.260375	0.213126	0.341324	0.204745	0.391491	0.373809	0.276537	0.291592
339	-1.077968	-0.739111	1.065023	0.003039	-0.698026	0.588732	0.085779	-0.524028	0.101711	-0.849114	-1.022128	0.332869	1.950389	-0.346690	0.220442	-0.157843	0.000000	-0.719757	-0.588208	-0.515454
340	1.940167	1.139698	2.959506	2.714428	0.865478	2.647269	2.401833	0.365789	2.205689	0.000000	0.174684	2.639562	3.313913	2.042334	2.383731	2.394732	1.991948	1.023883	1.385352	1.672549
341	-0.477384	-0.540701	-0.053947	-0.493237	-0.351231	0.000000	-0.118796	-0.286996	-0.056400	-0.473732	-0.479920	-0.078821	1.916210	-0.289853	-0.141405	-0.177697	0.124616	0.025388	-0.512526	-0.365742
342	-0.312365	-0.092371	-0.119173	-0.223281	0.274870	0.289913	0.183614	0.423244	0.000000	-0.162986	-0.147610	0.014590	1.797251	-0.208467	0.127326	0.118168	0.419427	0.525453	0.299001	0.320813
343	1.442120	0.816157	2.617765	2.504343	0.300479	2.555056	2.311526	0.324582	2.612115	-0.623607	0.517923	2.616772	3.058405	2.386180	2.570374	2.496670	1.541265	0.000000	1.080446	1.252894
344	1.451719	0.868135	2.370095	1.956993	1.323253	2.434351	2.063648	0.276001	2.085395	0.570941	0.911488	2.171155	2.931834	1.886026	1.993623	2.122004	1.611841	0.000000	1.368512	1.502767
345	-0.313488	-0.269255	-0.069210	-0.282326	-0.100696	0.220356	0.091484	-0.037788	0.000000	-0.241304	-0.286884	0.037152	1.907424	-0.148324	0.043870	0.013500	0.127323	0.014821	-0.070818	-0.063251
346	0.173269	0.235978	1.741968	0.027334	0.837467	1.135154	0.920866	0.470061	0.839948	0.516696	0.090470	1.246904	2.556956	0.000000	0.914183	0.851876	0.908532	0.159927	0.807982	0.853999
347	1.689928	1.019647	2.240886	2.427330	0.381366	2.111152	2.245388	0.827719	2.611854	0.000000	0.661420	2.450742	2.702911	2.387008	2.669819	2.287626	2.169791	1.376559	1.323703	1.477017
348	1.061933	1.046535	2.462680	1.772095	1.263001	1.341625	0.753962	0.980902	0.730752	0.942107	0.740490	1.396603	2.548716	0.362173	0.000000	1.209607	1.204570	1.059417	1.175997	1.472874
349	0.196631	-0.013254	0.709185	0.416544	0.258519	0.639675	0.362802	0.093283	0.000000	-0.027097	0.045570	0.423078	1.973554	0.236415	0.144878	0.355930	0.254818	0.026567	0.438177	0.321298
350	0.505391	-0.061390	1.272947	0.780107	-0.395364	1.305017	0.000000	-0.019258	1.218031	0.035090	0.124950	1.142787	1.894251	0.777597	1.093942	0.903271	0.910417	0.168207	-0.502690	-0.647820
351	1.480532	0.652610	1.966288	1.825087	0.000000	1.962226	1.609826	0.521288	2.156661	0.349747	0.726896	1.843508	2.188051	1.988084	2.120079	1.689744	1.446312	0.719600	0.578459	0.329542
352	0.642156	0.173000	0.833306	1.049573	0.459644	0.000000	0.839179	1.032079	0.913494	0.690127	0.702268	0.717000	1.775251	0.911325	0.954370	0.698480	0.969903	1.063575	0.472979	0.639999
353	0.107154	-0.079110	-0.192033	-0.249723	0.096066	0.454021	0.055902	0.150085	0.222958	0.187425	0.178157	0.000000	0.615284	0.155408	0.325644	0.068065	0.256049	0.164846	-0.037811	0.069677
354	0.275265	-0.281343	0.160026	0.183881	0.044614	0.264288	0.138151	0.388383	0.356644	0.253102	0.211212	0.000000	1.585983	0.235917	0.348113	0.175918	0.156311	0.371208	-0.098041	0.072139
355	0.331286	-0.034406	1.497845	1.256585	0.010438	1.294727	0.518912	-0.070077	0.281986	0.127603	-0.036252	0.948006	1.706817	0.584082	0.347762	0.447571	0.000000	-0.276668	0.090202	0.081578
356	0.791899	0.215526	1.457887	0.400237	0.458548	1.550730	0.688213	0.000000	1.024659	0.500953	0.470044	1.153949	1.863360	0.466971	0.980347	0.851277	0.497297	0.077480	0.380087	0.494009
357	1.988374	1.216885	2.340682	2.303939	0.739243	2.284441	1.919322	0.000000	2.385363	0.792919	1.251363	2.373928	2.248368	2.238693	2.437484	2.407919	2.066351	0.634819	1.307151	1.195049
358	0.449931	-0.225228	1.238734	0.583817	-0.160481	0.992714	0.183125	-0.409340	0.186655	0.041762	0.008678	0.397343	1.915443	0.209512	0.000000	0.384034	0.089280	-0.387248	0.010421	-0.066993
359	2.063922	1.163441	2.203794	2.351025	0.000000	2.172039	2.275499	1.336552	2.528162	1.137825	1.365448	2.295298	2.336003	2.328271	2.637334	2.159800	2.012131	1.596270	1.279983	1.700082
360	0.000000	-0.244343	0.657806	0.199013	0.009660	0.672559	0.292860	-0.205772	0.039445	-0.131526	-0.186461	0.438274	1.852043	0.056287	0.099852	0.156769	0.095381	-0.223646	0.182303	0.049718
361	0.103392	0.425333	-0.003067	0.192354	0.498476	0.258158	0.265982	0.573687	0.253341	0.590975	0.495057	0.000000	-0.016900	0.262055	0.471509	-0.021873	0.282886	0.335833	0.609491	0.506735
362	-0.057288	0.224936	0.784302	0.751951	0.284782	0.460207	0.293191	0.609195	0.560523	0.737968	0.568680	0.317167	-0.346710	0.594227	0.485128	0.000000	0.283450	0.216717	0.471189	0.261593
363	0.103825	0.046006	0.383272	0.306597	-0.067414	0.328704	0.066813	0.227279	-0.010831	0.051775	0.043683	0.148058	0.465067	0.126917	-0.023713	0.000000	0.119152	0.192705	-0.094666	-0.015294
364	0.538606	0.135913	0.534322	0.620283	0.396479	0.000000	0.560812	0.776799	0.801893	0.744709	0.622549	0.490796	1.604923	0.625926	0.829055	0.360709	0.566679	0.707450	0.363071	0.483826
365	0.523888	0.174949	0.549211	0.605924	0.424890	0.000000	0.557781	0.737722	0.750153	0.607642	0.575915	0.526664	1.143804	0.645869	0.771927	0.525421	0.794097	0.732444	0.393073	0.499772
366	-0.095922	-0.115626	0.000000	0.067304	0.018971	0.008846	0.022241	0.266328	0.208677	0.103970	0.126149	0.125139	0.087108	0.065183	0.187076	-0.251257	-0.148833	0.237187	-0.067755	0.032965
367	0.548329	0.170348	-0.120010	-0.007308	0.248931	0.792770	0.492540	0.084139	1.003293	0.000000	0.293212	0.456856	0.289346	0.517668	1.002592	0.601447	0.397628	0.213856	0.076734	0.218032
368	0.551763	0.440359	0.525484	0.000000	0.473614	0.971554	0.717828	0.639486	1.017059	0.771548	0.533324	0.701357	1.341978	0.444136	0.848777	0.685744	0.719433	0.610390	0.115096	0.345471
369	0.524444	0.026649	0.203468	0.020886	0.352691	0.634940	0.260583	0.114923	0.337689	0.206904	0.224955	0.236779	1.484530	0.086292	0.369827	0.371837	0.261389	0.000000	0.200723	0.338204
370	0.430724	0.118895	0.737335	0.243764	0.314413	0.935627	0.562546	0.231735	0.414380	0.369764	0.163964	0.549143	1.806609	0.216852	0.356923	0.195622	0.000000	0.177811	0.166464	0.275302
371	0.242586	-0.567257	0.854648	-0.007648	-0.550182	0.609299	-0.160452	0.056341	0.659871	-0.553204	-0.593133	0.281955	1.583455	-0.148668	0.610063	0.173158	0.000000	0.104237	-0.619947	-0.673857
372	-0.701594	-0.661607	1.102481	1.126555	-1.393258	0.358491	0.000000	-1.214229	0.955178	-0.980776	-0.873688	0.632228	0.662852	0.608693	0.975453	0.063612	0.165483	-0.707684	-1.037356	-0.524960
373	0.127970	-0.236017	1.148998	0.706453	-0.702158	0.438585	0.120551	0.088924	0.605063	-0.038573	-0.211394	0.561850	1.416397	0.304685	0.488513	0.000000	-0.022780	-0.156057	-0.750300	-0.679665
374	1.390257	0.508101	1.629835	1.583351	0.000000	1.598189	1.380400	0.879826	1.619831	0.958384	0.923178	1.526512	1.774577	1.517447	1.702034	1.344682	1.151508	0.903252	0.883295	0.889035
375	0.467408	-0.293281	0.605720	0.106054	-0.106397	0.682790	0.239194	-0.234661	0.636039	-0.559462	-0.148308	0.000000	0.976660	0.218375	0.675777	0.321755	0.348712	-0.111950	0.048603	-0.054018
376	0.399168	0.000000	1.434779	1.550769	0.797031	1.268175	1.764538	0.385323	2.118879	0.700100	0.563663	1.714275	1.818737	1.668311	2.236605	0.983931	1.217677	0.134287	1.146634	1.057794
377	0.469279	-0.149151	0.509393	0.298211	0.295779	0.000000	0.559963	0.915555	0.838084	0.455686	0.203643	0.329192	2.342855	0.402646	0.927150	0.812314	1.214729	1.045404	0.381783	0.358723
378	1.694051	0.850548	1.225647	1.398185	1.203643	0.000000	1.444389	1.557515	1.687132	1.482295	1.393929	0.847668	2.361670	1.486816	1.673368	1.384663	1.456643	1.705340	1.182434	1.360762
379	0.879858	0.662357	0.902592	0.000000	0.651450	1.579809	0.977201	0.294430	1.536695	0.484137	0.372723	1.346957	2.547877	0.364347	1.444932	0.841841	0.471193	0.419126	0.091654	0.484207
380	1.178385	0.532126	1.470815	1.148402	0.000000	1.654736	0.869144	0.436832	1.117994	0.673399	0.594798	1.036454	1.581825	0.835920	1.036120	1.061824	0.734509	0.502666	-0.586986	0.124575
381	1.713800	1.168674	2.816008	2.435086	0.000000	2.061821	1.711744	1.198834	2.562173	1.170649	1.224600	2.307365	2.624294	2.296582	2.426595	2.305796	2.212747	1.411386	1.031997	0.474489
382	1.457739	0.884326	1.784674	1.060652	-0.085318	1.839465	1.007605	0.996591	2.019971	0.430403	0.586411	1.489292	2.298727	1.052071	1.925956	1.356801	1.363288	1.327379	0.571467	0.000000
383	-0.000120	0.000000	1.593293	1.441896	0.786710	1.104102	1.882610	0.504011	2.016541	0.689741	0.561691	1.768734	1.876585	1.618507	2.112108	0.635391	0.880748	0.248282	1.257466	1.276764
384	1.206083	0.400030	-0.760307	0.574951	1.010303	1.396552	1.055535	1.010002	1.203468	0.913273	0.964939	0.000000	1.826556	0.991971	1.342834	0.901872	1.285644	1.087114	0.899330	1.142429
385	0.052655	0.055556	1.642296	1.582120	0.230359	0.592946	0.753753	-0.232729	1.088665	-0.397127	0.101286	0.717608	0.172417	1.042293	1.134571	0.299701	0.000000	-0.391184	0.393842	0.176601
386	0.117916	0.216735	0.151824	0.025855	0.184155	0.379387	0.392943	0.406859	0.524505	0.396806	0.325422	0.369740	2.295790	0.406029	0.592978	0.000000	0.147981	0.364334	0.073567	0.139460
387	-0.434693	-0.214063	0.557252	0.001407	-0.102690	0.000000	-0.030842	-0.101779	-0.114647	-0.419177	-0.304155	-0.060786	0.469160	-0.091523	0.063175	-0.026107	0.454766	-0.077531	-0.013121	-0.009215
388	2.256993	1.643189	2.774942	2.675352	1.494349	2.665200	2.629111	0.713192	2.849446	0.000000	0.948981	2.786982	2.794459	2.443173	2.985886	2.632527	2.461535	1.249618	1.008937	1.936168
389	1.757524	1.103894	2.069360	2.144222	0.000000	2.000338	1.928809	1.633890	2.351929	1.247719	1.233851	1.910595	2.231030	2.070518	2.442985	1.762997	1.834306	1.804372	0.734295	1.086343
390	0.458777	0.223620	0.057630	0.281675	0.627456	0.533664	0.444253	0.698888	0.636467	0.719248	0.579140	0.000000	1.964346	0.407819	0.732188	0.193899	0.511698	0.695463	0.522548	0.621712
391	0.342530	0.049768	0.666087	0.519177	-0.071807	0.354774	-0.015640	0.164888	0.290215	0.302433	0.109358	0.209296	1.604288	0.042453	0.345382	0.000000	0.139435	0.176871	-0.198143	-0.138211
392	0.553400	-0.091561	0.543414	0.106307	-0.054222	1.024208	0.408758	-0.234577	0.837014	0.027983	0.113106	0.651748	1.606807	0.338418	0.806885	0.395681	0.000000	-0.203559	-0.382301	-0.101730
393	1.927534	1.130055	1.940110	1.879297	0.603756	2.218567	1.386989	1.278266	2.032452	1.552007	1.467744	1.925782	2.517107	1.830865	1.801634	1.795951	1.610816	1.330201	0.000000	0.502067
394	0.200340	-0.280724	0.074569	0.043395	-0.452989	0.324249	-0.253218	0.000000	0.272934	0.084173	0.052923	-0.056108	0.316449	0.057024	0.194657	0.085914	0.163476	0.160418	-0.416289	-0.531087
395	-0.044288	0.073348	0.069544	0.168552	-0.005709	0.113894	0.144796	0.288087	0.471651	0.391573	0.264887	0.085807	-0.058778	0.307083	0.471649	0.000000	0.342253	0.225426	-0.110613	-0.042142
396	0.589170	0.100976	-0.137889	0.276001	0.368876	-0.086966	0.421157	0.697805	0.815010	0.668335	0.642094	0.000000	0.919417	0.586487	0.860201	0.328509	0.536887	0.654258	0.355366	0.440382
397	-0.087725	-0.400487	0.128267	-0.016690	-0.127752	0.080457	-0.012731	-0.028371	0.200347	-0.066770	-0.106723	0.004424	0.777409	-0.033304	0.196336	-0.055578	0.000000	-0.095804	-0.174557	-0.109540
398	0.114481	-0.111780	-0.020458	-0.063299	-0.117095	0.296628	0.041949	0.003734	0.259725	-0.024342	-0.027738	0.084402	0.515208	0.097430	0.259137	0.000000	0.044683	-0.016901	-0.140478	-0.087292
399	0.026468	-0.290888	-0.499681	-0.265701	-0.076029	0.180245	-0.079886	0.129049	0.309552	-0.065135	-0.014298	-0.182724	-0.031271	-0.069433	0.351906	-0.043668	0.168734	0.000000	-0.081271	-0.078461
400	-0.006804	-0.170342	-0.076409	0.025131	0.045499	0.057587	0.152576	0.065066	0.444929	0.204483	0.149757	-0.013338	0.111319	0.000000	0.462780	-0.086961	0.000982	-0.039363	0.059409	0.123975
401	0.139864	-0.331195	0.006265	0.118126	-0.024806	0.000000	0.163105	0.037779	0.617932	0.097657	0.178403	0.047989	0.889736	0.258785	0.612537	0.030427	0.094412	0.058106	-0.091772	0.064417
402	0.224717	-0.066418	-0.112055	0.111600	0.109199	0.112053	0.220653	0.256543	0.567563	0.282176	0.241170	0.015108	0.496256	0.246871	0.584043	0.000000	0.117462	0.155689	0.112766	0.175348
403	0.285111	0.112352	-0.082887	0.155500	0.383068	0.129724	0.336276	0.447692	0.586717	0.415832	0.473273	0.000000	0.552010	0.361771	0.634845	0.084925	0.246950	0.310143	0.389514	0.479879
404	0.155144	0.049144	-0.054147	0.081857	0.309510	0.113299	0.236574	0.387761	0.489265	0.377931	0.309225	0.022569	0.817133	0.229036	0.497808	0.000000	0.127452	0.220752	0.281093	0.306386
405	0.008526	-0.180084	-0.015034	0.007851	-0.144278	0.135409	0.053617	0.107375	0.344982	-0.030550	0.039991	-0.008785	0.308322	0.123410	0.349444	-0.080643	0.000000	0.097963	-0.163395	-0.092804
406	0.149005	-0.157761	-0.086541	0.128257	0.361077	0.000000	0.278621	0.312559	0.486236	0.280123	0.355048	-0.101773	0.784145	0.265278	0.527057	-0.094634	0.074819	0.226465	0.375145	0.448170
407	0.054383	-0.003860	0.026095	0.150372	0.068368	0.015955	0.105122	0.260987	0.314956	0.245519	0.236265	0.023558	0.144002	0.233429	0.390320	0.000000	0.137466	0.099590	0.115740	0.091407
408	0.625429	0.289457	0.026624	0.360384	0.481637	0.326213	0.401475	0.760098	0.835636	0.646612	0.685699	0.000000	1.109534	0.507737	0.925947	0.204196	0.292458	0.665700	0.491225	0.548398
409	0.046364	-0.048490	0.000000	-0.007914	0.147368	0.480559	0.247094	0.109799	0.386854	0.127271	0.037651	0.355093	1.162982	0.116013	0.432390	0.163705	0.097939	-0.011619	0.103891	0.156449
410	0.386785	-0.102067	0.356941	0.229759	-0.458641	1.007640	-0.098318	-0.326990	0.233348	-0.355704	-0.276715	0.099771	1.286275	0.061230	0.343728	0.000000	-0.180872	-0.398422	-0.456206	-0.467100
411	1.963030	1.055191	2.220980	2.103530	0.368186	2.194456	1.512217	0.000000	1.994362	0.705365	0.909481	2.125973	2.544383	1.936197	2.014072	2.185846	1.705667	0.723050	0.656681	0.583647
412	0.458563	0.166488	0.715924	0.246071	-0.044913	1.006452	0.176827	-0.147629	0.260350	0.110827	0.207486	0.428362	0.956220	0.248634	0.217067	0.228053	0.000000	-0.193556	-0.079039	-0.133279
413	2.186070	1.274667	2.719442	2.582449	1.279000	2.382995	2.294904	1.146124	2.704728	0.000000	0.719431	2.482538	2.472094	2.254571	2.798563	2.525716	2.371202	1.606489	1.586731	1.861858
414	0.289707	0.065791	0.627759	0.383367	-0.013904	0.917322	0.140474	0.139297	0.141973	-0.035607	0.202798	0.304277	0.000000	0.265586	0.125097	0.363290	0.344589	0.215879	-0.141592	-0.092631
415	0.305039	0.000000	1.110017	1.053730	1.149226	1.202100	1.601516	0.594278	1.662764	0.582348	0.692477	1.284652	1.559285	1.301917	1.718465	0.837382	0.847158	0.526836	1.218020	1.460746
416	0.481714	0.024524	0.551693	0.292969	0.188701	1.027955	0.280100	-0.128302	0.224506	0.087030	0.008985	0.488589	2.018990	-0.027896	0.000000	0.305103	0.225948	0.093290	-0.185726	0.041075
417	1.346884	0.814964	2.300788	1.689748	0.958680	1.729075	1.453534	0.000000	1.524264	0.359857	0.696145	1.844754	1.852145	1.329396	1.573977	1.545067	1.248567	0.335262	1.155834	1.152500
418	0.661218	0.547680	2.033821	1.654142	1.142437	1.298322	0.968825	0.571069	0.000000	0.778825	0.506511	1.204590	2.275663	0.528278	-0.143602	0.557043	0.588171	0.479682	0.961242	1.138999
419	-0.294243	0.155434	1.411659	1.117044	0.088366	0.030053	-0.203292	0.786595	-0.385756	0.604063	0.193150	0.409621	0.731529	0.000000	-1.101589	-0.028944	0.349964	0.751724	0.310668	0.124258
420	1.437475	0.619629	2.240348	2.233603	0.129120	1.847514	1.680095	0.000000	2.204601	-0.017825	0.452425	1.638115	2.352732	1.711492	2.332205	1.348956	0.904324	0.580667	0.838734	1.311575
421	1.239954	0.382292	1.395126	1.112649	0.325387	1.341002	0.773538	0.000000	0.753762	0.491091	0.425823	1.069237	2.348747	0.679923	0.528712	1.086366	0.768551	0.285989	0.522852	0.542754
422	0.226697	0.240503	0.146104	0.218535	0.031658	0.415264	0.131859	0.583327	0.423360	0.437225	0.274793	0.000000	0.085473	0.180644	0.296652	0.106885	0.288414	0.559272	-0.223794	-0.067634
423	0.958087	0.474426	1.621858	1.539867	0.510188	1.426063	1.101481	0.266070	0.660671	-0.251607	0.000000	1.162531	1.756700	0.844844	0.775413	1.249372	1.096041	0.459019	0.955386	1.063961
424	1.060671	0.371362	1.633194	1.672062	0.063439	1.206998	1.161876	1.642804	1.620556	1.145069	0.876731	1.483156	2.410930	1.355439	1.513412	1.546303	1.708895	1.648968	0.000000	0.570017
425	0.149479	-0.378266	0.174857	0.307479	-0.151522	-0.606479	-0.060721	0.566638	0.267077	0.290988	0.138242	-0.208764	1.238258	0.000000	0.202893	0.102559	0.330509	0.581630	-0.143525	-0.166249
426	0.649168	0.361689	0.858250	0.885540	0.731083	0.885987	0.577200	0.786735	0.315272	0.767394	0.537087	0.551439	2.334951	0.431789	0.000000	0.686851	0.753963	0.755617	0.813126	0.779766
427	-0.033482	-0.243753	-0.016998	-0.140376	-0.018760	0.188044	-0.105350	0.000000	-0.053684	-0.031566	0.060176	0.012754	-0.163117	-0.084543	-0.006535	0.031624	0.145615	0.100903	0.001487	0.029468
428	0.778787	-0.010487	0.228308	0.467014	0.341330	0.000000	0.415637	0.707681	0.792110	0.610055	0.638972	0.374747	1.956246	0.677764	0.799130	0.605005	0.524968	0.798318	0.238814	0.398596
429	0.587961	0.128775	1.045357	0.589718	0.039649	0.847882	0.151901	-0.011249	0.285829	-0.247070	0.000667	0.567476	1.504132	0.000000	0.292885	0.617402	0.342650	0.085228	-0.061824	0.041883
430	0.000000	-0.068889	0.623747	0.793656	0.022185	0.683713	0.342996	0.269508	0.800827	0.528203	0.274653	0.461453	1.546159	0.400182	0.794551	-0.358180	-0.034851	0.240995	-0.425596	-0.078087
431	1.342459	0.360711	2.333418	1.749396	0.073728	2.014601	1.428184	-0.060367	1.553933	0.272255	0.000000	1.822363	2.077289	1.333134	1.395788	1.717884	1.238931	0.100958	-0.132809	0.269554
432	1.695720	1.028901	2.606912	2.460454	0.432271	2.416183	1.477109	1.254802	1.549028	0.469588	0.628898	2.097142	2.487418	1.668169	1.530567	2.128954	2.261284	1.535635	0.515028	0.000000
433	0.000000	-0.300833	1.176247	1.030076	-0.512363	0.642541	0.012130	-0.242928	0.062698	-0.420449	-0.288677	0.196759	1.076527	0.328040	-0.438656	0.127883	0.075872	-0.016387	-0.161448	-0.308627
434	1.020407	0.913545	1.701439	1.551901	1.533773	1.635245	1.555121	0.848016	1.529735	0.847294	1.183105	1.410216	0.000000	1.381894	1.665310	1.216628	1.128602	0.679269	1.701005	1.661099
435	1.067748	0.913369	1.753131	1.533984	1.162900	1.558447	1.430424	0.961067	1.672072	1.369194	1.257833	1.305938	0.000000	1.451555	1.697079	0.992731	0.813213	0.824154	1.282194	1.248251
436	0.087568	-0.082385	0.545809	0.029385	0.388674	0.249592	0.109803	0.000000	-0.156010	0.068334	-0.036608	0.094625	0.118137	-0.290627	-0.179018	0.065110	0.108474	-0.083794	0.468504	0.473055
437	-0.010841	-0.003583	-0.178850	-0.286174	0.511676	0.142049	0.341042	0.329762	0.427651	0.490354	0.369428	0.050012	-0.184686	0.000000	0.500000	-0.098172	0.004378	0.154602	0.479386	0.552769
438	1.145366	0.503914	0.804308	0.898749	0.891151	0.000000	0.951104	1.186689	1.347632	1.209119	1.154544	0.806629	1.602731	1.099142	1.386638	0.998335	1.108824	1.244240	0.810218	0.933717
439	0.992420	0.672122	1.198577	0.630436	0.991148	1.408294	0.813174	0.312873	0.624128	0.853378	0.667640	0.874684	0.785554	0.464386	0.690835	0.811723	0.502684	0.000000	1.076649	1.080798
440	1.737561	0.736618	1.704146	1.693201	0.813836	2.112653	1.440627	0.000000	1.700229	0.303191	0.803556	1.596607	1.793664	1.431686	1.785548	1.614166	0.958845	0.394357	0.725520	0.992877
441	0.532261	-0.084721	0.925513	0.185188	-0.120081	0.918045	0.000174	-0.071788	0.218951	0.188261	0.183662	0.301907	1.678537	0.114748	0.000000	0.238346	0.071220	-0.030933	-0.172983	-0.269928
442	0.826374	0.000000	1.194740	0.874295	0.845248	1.325107	0.909064	0.516175	0.859388	0.534255	0.432785	1.140420	2.341801	0.563470	1.083691	0.825202	0.919843	0.484495	0.972452	0.836634
443	0.556044	-0.007831	0.378698	0.370550	-0.004297	0.841054	0.104470	-0.005968	0.301661	-0.036662	0.170060	0.164007	1.067608	0.205240	0.351030	0.106251	0.035723	0.000000	0.075299	0.060466
444	-0.196820	-0.719027	0.884514	0.439361	-0.898694	0.271254	-0.215285	-0.280835	0.287761	-0.576422	-0.747069	0.280584	1.317628	0.097395	0.261378	0.000000	-0.035783	-0.502213	-0.374611	-0.807603
445	0.554680	0.036553	0.283011	0.347579	-0.118807	0.978582	0.230830	-0.041205	0.445970	0.007948	0.230033	0.000000	1.787029	0.339040	0.503461	0.311220	0.367266	0.062787	-0.130586	-0.135326
446	1.273453	0.877022	2.525942	2.486922	0.946536	2.290689	2.181236	0.000000	2.432796	0.368832	0.833570	2.240404	2.426858	2.137256	2.349940	2.206041	1.670558	0.228883	0.943682	1.368604
447	1.286618	0.957772	1.676902	1.800359	1.193344	1.634972	1.328917	1.448969	1.582664	1.657197	1.473611	1.015714	2.125147	1.418045	1.462463	0.584942	0.000000	0.940791	1.159576	1.197666
448	1.856658	1.326583	2.163926	2.168597	1.295563	0.000000	1.962391	1.643302	2.143872	1.465194	1.629224	2.010571	2.436132	2.047562	2.201535	2.171032	2.129500	1.864960	1.313252	1.554377
449	0.497908	0.542525	2.468350	2.302562	0.912125	1.684395	2.115519	0.626196	2.169692	0.000000	0.091251	2.209159	2.548162	1.791218	2.376858	1.483804	1.745650	0.963504	1.277449	1.533711
450	1.187068	0.629400	1.669029	1.367516	0.829876	1.784691	1.077126	0.000000	0.788454	0.408089	0.736863	1.225976	2.097694	0.887753	1.009063	1.242497	1.182991	0.412166	0.887723	1.036261
451	1.712029	0.941144	2.008056	2.015893	0.851934	1.968732	2.027359	1.025734	2.239133	0.000000	0.773135	2.070251	2.277366	1.878843	2.320673	1.944245	1.751543	1.202067	1.603399	1.639992
452	0.169037	-0.389376	0.455141	-0.055349	-0.869853	0.258107	-0.548387	0.211799	0.018990	0.208451	0.002842	-0.060372	1.447943	-0.308277	-0.070645	-0.037918	0.000000	0.197154	-0.793998	-1.025828
453	1.044293	0.907488	2.207281	1.888206	0.858784	1.474138	0.897160	0.711513	0.115798	0.551434	0.608312	1.239225	1.662669	0.669569	0.000000	1.037456	1.291980	1.024342	0.886007	0.911605
454	0.449891	0.279281	0.000000	0.101419	0.586681	0.808099	0.608169	0.293697	0.825473	0.286039	0.429761	0.555400	0.799983	0.424257	0.896038	0.600931	0.534499	0.272460	0.671413	0.616754
455	0.271907	-0.013962	0.245429	0.285849	0.347671	0.000000	0.337772	0.347754	0.465451	0.406218	0.384077	0.280042	0.818057	0.311275	0.496989	0.231623	0.335667	0.309478	0.374145	0.402370
456	0.049427	-0.394998	-0.133206	-0.014362	0.042295	0.000000	0.074658	0.003677	0.290337	0.075384	0.069527	-0.092101	0.486724	0.051363	0.310126	-0.140710	-0.041863	-0.015362	0.025384	0.173451
457	0.161161	-0.087590	0.034740	0.142208	0.145731	0.038690	0.163711	0.284781	0.344534	0.266460	0.257923	0.003367	0.096647	0.215304	0.373193	0.000000	0.126418	0.231991	0.127274	0.204100
458	-0.122382	-0.394312	-0.074072	-0.078889	-0.148384	-0.173046	-0.044327	0.094449	0.195502	0.005358	-0.004048	-0.145375	0.172524	-0.012136	0.172913	-0.106405	0.000000	0.068336	-0.207867	-0.107840
459	0.261351	0.012512	-0.141448	0.112783	0.383523	0.036081	0.307045	0.418795	0.459020	0.391675	0.403280	0.000000	0.356635	0.293480	0.496070	0.090984	0.254872	0.331089	0.357657	0.495539
460	0.048600	-0.062929	0.110975	0.122507	0.142130	0.033607	0.094609	0.171241	0.187874	0.173635	0.160089	0.033477	0.200188	0.139230	0.241061	0.000000	0.180026	0.108818	0.132069	0.187769
461	0.108342	-0.372816	0.153889	0.153684	-0.275564	0.065838	0.006228	0.020343	0.215662	-0.061677	-0.020393	0.052425	0.599148	0.106325	0.205357	0.012911	0.000000	0.108554	-0.300965	-0.233471
462	0.204935	-0.268595	0.264669	0.029674	-0.115641	0.494058	0.215609	-0.231512	0.529914	-0.057745	0.053771	0.284295	0.805296	0.190100	0.549478	0.179797	0.000000	-0.255201	-0.268747	-0.117659
463	0.015853	-0.617621	0.460343	0.000000	-0.429256	0.497501	-0.184381	-0.975661	0.168441	-0.478644	-0.412248	0.247032	0.843664	-0.108578	0.302663	0.236291	-0.200404	-0.933116	-0.282097	-0.374457
464	0.647876	0.054712	0.886426	0.646766	0.047387	0.864494	0.423647	-0.151943	0.740093	0.291802	0.389107	0.554408	1.079380	0.526414	0.681534	0.504551	0.000000	-0.101228	-0.054970	0.061822
465	2.158425	1.308322	1.805619	2.083091	0.000000	1.826684	1.863424	1.482306	2.314391	1.245838	1.581826	1.963007	1.877587	2.182133	2.367685	2.287548	2.364217	1.941228	1.415578	1.273368
466	1.068853	1.011937	2.105715	1.523322	0.573358	1.201491	0.719552	1.234168	0.557530	1.141857	0.848836	1.241599	1.795493	0.809219	0.000000	0.810964	0.862286	1.236990	0.672787	0.443970
467	0.848307	1.151502	1.806069	1.701997	1.650980	1.321054	1.798074	1.352840	1.676095	1.569206	1.519417	1.511162	0.000000	1.472367	1.804692	1.149960	1.499051	1.135104	1.853920	1.758834
468	0.009522	0.137357	0.363895	0.735375	0.949707	0.000000	0.476345	1.024897	0.501445	1.079022	0.793256	0.217501	0.911471	0.486917	0.378383	-0.206826	0.119372	0.995264	0.689552	0.795406
469	0.260305	0.323437	0.772816	0.910965	1.015885	0.000000	0.870774	1.168973	0.901374	1.181342	0.990727	0.555425	0.992979	0.790644	0.931880	0.326628	0.780992	1.041666	1.045936	1.088502
470	0.335902	-0.020029	0.435839	0.527614	0.282732	0.000000	0.301714	0.502189	0.507910	0.480575	0.499965	0.342894	0.820193	0.411966	0.543684	0.396599	0.561047	0.516849	0.303351	0.408170
471	1.047525	0.610084	0.000000	0.740390	1.125822	1.116442	1.013316	1.224429	1.307768	1.295566	1.210414	0.488418	1.255095	0.989850	1.370242	0.894925	1.109446	1.195439	1.093014	1.145905
472	0.335299	-0.056105	0.341479	0.398623	-0.099670	0.368877	-0.039778	0.202223	0.596627	0.021554	0.000000	0.290844	-0.118524	0.256818	0.525345	0.432815	0.460842	0.495536	-0.342890	-0.200546
473	0.430304	0.618109	1.191791	0.914503	0.813970	0.718328	0.782946	0.717240	0.243324	0.528933	0.508106	0.853505	1.146155	0.452618	0.000000	0.669061	0.648776	0.768579	0.781268	0.830307
474	0.189138	-0.141646	0.000000	0.123614	0.180198	0.768581	0.432662	-0.294996	0.828161	-0.219339	-0.008894	0.369387	1.475351	0.293009	0.933723	0.458305	0.337481	-0.079128	-0.130010	0.210098
475	0.034274	0.159864	0.955915	0.632862	0.188300	0.251897	0.564078	0.057507	0.404377	-0.010542	0.114047	0.000000	0.881143	0.243015	0.248581	0.397164	0.654495	0.110819	0.342148	0.276043
476	1.050317	0.676651	1.463256	1.471829	0.465790	1.591293	1.262692	0.476367	1.525481	0.270175	0.566926	1.492755	1.474989	1.327009	1.436207	1.444835	1.172303	0.946606	0.000000	0.735757
477	0.011065	-0.045470	1.362445	0.962280	-0.299867	1.105479	0.486000	-0.736670	0.221651	-0.614145	-0.657672	0.889279	1.668050	0.372645	0.000000	0.806017	0.607355	-0.182297	-0.321200	-0.350458
478	-0.544079	-0.017260	0.861967	0.674571	-0.611673	-0.051185	-0.257012	0.178190	0.626935	-0.147778	-0.297221	0.261478	1.317943	0.220993	0.643335	0.000000	0.544578	0.385880	-0.701243	-0.508331
479	0.976970	0.829637	1.337228	0.000000	1.298720	1.628254	1.398012	1.291603	1.776921	1.312868	1.093561	1.351763	2.030817	0.707738	1.805283	1.474269	1.835068	1.029653	1.370656	1.285739
480	1.879829	1.108238	2.117306	2.197208	0.992003	2.139585	2.059803	1.190104	2.235526	0.000000	0.959400	2.140876	2.361125	2.016161	2.358703	2.120639	1.892363	1.572236	1.533633	1.693282
481	0.546721	0.655720	1.752360	1.670656	0.456128	1.267321	0.826560	0.717002	1.529444	0.694254	0.793996	1.222412	1.352976	1.316800	1.539900	0.950713	1.307560	0.784171	0.772514	0.000000
482	-0.438350	-0.103820	0.466466	0.089690	0.989717	0.105122	0.490389	0.588463	0.000000	0.479622	0.227896	0.160617	-0.593859	-0.236182	0.041601	0.120741	0.583986	0.480463	1.007836	1.009290
483	2.764835	1.762918	3.144800	3.061534	0.878699	3.056623	2.034552	1.997137	3.298225	1.690529	2.105186	2.559891	3.150394	2.987545	2.955968	3.030545	2.825500	2.197357	1.470302	0.000000
484	1.206913	1.104522	2.871080	2.236814	1.466265	2.012866	1.097824	1.658933	0.000000	1.584123	1.163045	1.820584	3.287349	1.032699	0.002769	1.251036	1.351650	1.705362	1.436143	1.459777
485	1.254969	0.801969	2.421879	2.116998	1.502849	2.083547	1.990459	0.319111	1.853468	0.142314	0.669720	1.854750	1.573504	1.306700	1.926382	1.274700	0.568590	0.000000	1.826708	1.951387
486	1.465691	0.742563	2.873881	2.616074	1.173319	2.228599	1.664330	0.844361	1.008090	0.989756	0.949462	2.295574	2.857525	1.764950	0.715209	2.140086	1.826232	0.000000	1.420807	1.159718
487	-0.152405	0.164706	1.625195	-0.067607	0.528124	0.815837	0.727773	0.510988	0.000000	0.204997	0.159671	1.223360	2.240988	-0.185592	0.109505	0.658933	1.178156	0.500547	0.602510	0.561150
488	1.896317	1.002482	2.299389	2.200618	0.457895	2.331327	1.547864	0.000000	2.444227	0.293380	0.687718	2.043930	2.313859	1.862147	2.357823	2.062267	1.695445	0.738749	-0.224603	0.582540
489	0.432672	-0.249681	0.315011	0.000000	0.232476	0.855957	0.215794	-0.096419	0.482183	-0.016184	0.066056	0.085992	1.669987	0.054323	0.449842	0.499321	0.319502	0.015658	0.364525	0.058642
490	1.452585	1.518814	2.471012	2.531085	1.706598	2.095979	2.042936	1.961879	2.202435	1.828177	1.909914	1.844437	0.000000	2.172568	2.147260	1.924948	2.190674	1.943036	1.610243	1.682754
491	1.693260	0.866435	1.791983	1.898458	0.557461	1.708877	1.452123	-0.247169	1.475041	0.000000	0.653625	1.678529	1.837870	1.526242	1.380117	1.788695	1.190460	0.363122	1.168121	1.210163
492	-0.172948	0.139146	1.837551	1.417022	0.972822	0.000000	0.983121	0.048335	0.143734	-0.002591	0.055529	1.197086	1.701705	0.270970	-0.165752	0.385644	0.501662	-0.085505	1.138795	1.370393
493	1.507082	0.743185	1.901357	1.903867	0.329549	1.972154	1.635627	-0.446311	1.816720	-0.468297	0.153118	1.886206	1.690079	1.626594	1.961315	1.977781	1.481945	0.000000	1.083229	1.132644
494	0.000000	0.816655	1.967752	1.897342	0.789516	1.301723	1.732559	0.350245	2.085283	0.770930	1.004479	2.026713	1.727632	1.896231	1.918905	1.272503	1.029839	0.220894	1.358790	1.098174
495	2.004873	1.770775	2.624732	2.582796	1.962442	2.424721	2.287693	2.121939	2.322177	2.160654	2.116760	2.316441	0.000000	2.317243	2.435308	2.462409	2.757174	2.158963	2.120198	2.156400
496	1.199867	0.671908	0.432710	0.996657	1.616451	1.077695	1.024465	1.387477	1.615628	1.605625	1.446846	0.583837	1.960089	1.179756	1.490385	0.195073	0.000000	1.092488	1.568317	1.503275
497	0.085162	-0.019558	0.511567	0.525096	0.001054	0.300020	0.035469	0.217392	0.176326	-0.119559	0.041643	0.077714	-0.201218	0.208770	0.000000	0.153222	0.056162	0.256704	0.196420	0.072627
498	0.000000	-0.274195	-0.070716	-0.280052	-0.048369	0.375166	-0.046456	0.042275	0.126934	-0.012547	-0.087873	0.025904	1.419540	-0.218200	0.173121	0.137029	0.073773	0.071885	0.017519	0.022148
499	0.497360	0.755352	1.477843	0.918096	0.987069	1.010619	0.656758	1.018438	0.000000	1.024849	0.529783	0.856172	0.465098	0.146690	0.082194	0.715176	1.019914	0.911797	1.137539	1.053501
500	-0.240645	0.022197	0.424758	0.163926	0.273287	0.451572	0.305767	0.476259	0.125589	0.137968	0.026004	0.383608	1.185673	0.056535	0.000000	0.212539	0.645684	0.575690	0.501245	0.387305
501	-0.033561	-0.276890	-0.321083	-0.109172	-0.003078	-0.006686	-0.084741	0.097170	0.091627	0.025569	0.019018	-0.204062	0.062078	-0.061872	0.000000	-0.126142	-0.014146	0.069537	-0.036922	0.027687
502	-0.140703	-0.372937	-0.377439	-0.311941	-0.112621	-0.106029	-0.284202	0.047420	-0.081267	-0.137744	-0.181731	-0.363787	-0.176321	-0.302532	-0.107840	-0.251739	-0.146133	0.000000	-0.158631	-0.100455
503	-0.261632	-0.633903	-0.455617	-0.354004	-0.371988	-0.590914	-0.443263	0.027300	-0.147540	-0.248287	-0.300192	-0.541221	-0.005731	-0.379143	-0.250282	-0.425994	-0.296876	0.000000	-0.402749	-0.345088
504	0.081916	-0.338919	-0.102931	-0.042043	0.211630	0.000000	0.121180	0.074592	0.376313	0.140901	0.197978	-0.014829	0.357658	0.104019	0.403717	-0.021085	0.035716	0.109734	0.185466	0.319927
505	0.084223	-0.317171	0.076116	0.196285	-0.196480	-0.002734	-0.064445	-0.117616	0.173720	-0.122128	-0.022861	-0.038399	0.171322	0.103532	0.000000	-0.009615	-0.013562	0.011194	-0.229549	-0.120098
506	-0.038780	-0.364449	-0.057540	0.000000	-0.119041	0.019989	0.000548	0.071144	0.330359	0.103225	0.062436	0.050727	0.202398	0.099444	0.289864	-0.095197	-0.102982	0.027863	-0.197912	-0.047468
507	-0.276135	-0.456281	-0.316708	-0.177193	-0.346086	-0.198787	-0.200622	-0.190853	0.000000	-0.239566	-0.213848	-0.216393	-0.303956	-0.126189	0.057537	-0.316817	-0.364859	-0.200603	-0.373330	-0.253511
508	0.035489	-0.184605	-0.061142	0.043924	-0.098306	0.017954	-0.030750	-0.206630	0.109345	-0.270329	-0.105029	0.048339	-0.134178	0.109084	0.000000	-0.013826	-0.056691	0.000609	-0.076126	0.013843
509	0.000000	-0.011826	0.197197	0.147983	0.239460	0.103719	0.167596	0.335594	0.285600	0.195372	0.098632	0.149280	0.418373	0.085649	0.275124	0.114558	0.233211	0.286416	0.225586	0.311836
510	-0.012721	-0.264003	0.016799	0.077710	-0.075847	-0.099794	0.053041	0.021210	0.097374	-0.157714	-0.104964	0.003833	-0.119273	0.026736	0.115901	-0.064971	0.058463	0.000000	-0.038632	0.084727
511	0.246731	-0.041997	0.232985	0.215942	0.113836	0.000000	0.227433	0.129243	0.524688	0.157863	0.204836	0.240986	0.029816	0.312221	0.544451	0.198159	0.303392	0.252730	0.042971	0.292931
512	0.091753	-0.268880	0.212716	0.246355	-0.084668	0.093777	0.166365	0.000000	0.442636	-0.036640	0.032036	0.218087	0.175446	0.226686	0.433542	0.147069	0.279886	0.155205	-0.135267	0.049681
513	0.014129	-0.415688	0.222239	0.177769	-0.240646	0.000000	0.010967	-0.190806	0.365024	-0.156403	-0.111172	0.057413	0.173177	0.147411	0.320642	0.023428	0.026670	-0.085795	-0.315054	-0.088647
514	0.000000	-0.356553	0.286477	0.205286	-0.121644	0.165962	0.104874	0.009858	0.395154	-0.112853	-0.066619	0.169648	0.369577	0.186499	0.374896	0.100542	0.088939	0.084883	-0.253461	-0.028121
515	-0.001560	-0.311930	0.253365	0.239719	-0.126226	-0.041378	0.154662	0.099453	0.326182	-0.039142	-0.046495	0.181963	0.424934	0.149760	0.337777	0.041536	0.083047	0.000000	-0.084247	0.010180
516	0.326367	-0.218576	-0.095396	0.114535	0.000000	0.474238	0.577369	-0.081910	0.772467	-0.052738	0.097146	0.261381	0.475245	0.463096	0.790962	0.281584	0.277579	-0.007609	0.118720	0.341904
517	0.495243	0.118558	1.089625	0.745772	0.324262	0.773918	0.485930	0.375540	0.540949	0.000000	0.148811	0.824363	0.369665	0.546620	0.533212	0.605035	0.586356	0.419221	0.346854	0.293960
518	0.721258	0.457313	0.947513	0.824477	0.629011	0.000000	0.736327	1.132401	1.080936	0.909246	0.738702	0.833561	1.623403	0.788559	1.059037	0.895316	1.159677	1.153114	0.549609	0.699437
519	1.876994	1.162280	2.190425	1.993554	0.000000	2.360777	1.939462	1.269812	2.420576	1.048922	1.288051	2.209384	1.706064	2.098054	2.416847	2.055393	1.867701	1.572142	0.078849	0.697547
520	1.899107	1.044296	2.639205	2.694759	0.468701	2.498878	2.179672	1.419200	2.748459	0.000000	0.559772	2.323060	2.889631	2.273556	2.895888	2.472757	2.578115	1.934081	1.187885	1.370986
521	1.289173	1.299284	2.125272	1.904953	1.477014	0.000000	1.845188	1.763145	1.887375	1.604107	1.545634	1.905802	2.315587	1.826070	1.973888	1.711737	1.933391	1.797889	1.455211	1.635585
522	0.000000	0.925065	1.525414	0.864820	0.937942	1.270809	1.153877	1.310268	1.622258	1.410137	0.942843	1.262229	1.542957	1.042789	1.600895	0.602221	0.938349	1.119130	1.024861	0.709053
523	0.000000	0.940912	2.564683	2.100055	1.118210	1.673447	1.776339	0.510258	1.397209	0.853192	0.457167	2.081626	2.682277	1.377918	1.182758	1.038805	0.880528	0.649378	0.915780	1.121175
524	1.979078	1.568437	2.469754	2.504631	1.648293	0.000000	2.196323	1.977815	2.363561	1.795384	1.919624	2.173209	2.579418	2.357817	2.448310	2.207213	2.293329	2.109317	1.659222	1.856636
525	-0.227144	-0.681576	0.559734	0.006312	-0.403455	0.370150	-0.279463	0.302444	-0.157919	-0.562429	-0.924454	0.154520	1.578613	-0.327489	-0.076751	0.000000	0.323155	0.272656	-0.494568	-0.577232
526	0.277425	0.666610	1.269074	1.366974	0.904341	0.738752	0.741898	0.888378	0.501459	0.881955	0.769298	0.304020	0.414137	0.806416	0.358938	-0.092570	0.000000	0.652561	1.013624	0.977042
527	1.707580	0.986597	2.954286	2.764831	0.915683	2.417288	2.248031	0.258235	1.989230	-0.398487	0.000000	2.279513	2.758062	2.308146	1.881501	2.646066	2.561747	1.191195	1.633197	1.782436
528	-0.560226	-0.609824	0.528774	0.098786	-0.426668	0.000000	-0.387880	-0.197121	-0.738239	-0.390243	-0.472718	-0.188555	1.603350	-0.402966	-1.154864	-0.348135	-0.045875	0.061040	-0.568196	-0.361067
529	0.000000	-0.100910	0.534936	0.314822	-0.277401	0.693146	0.197233	-0.134614	0.310160	-0.118977	-0.129609	0.449142	1.582857	0.196829	0.274510	0.363778	0.244142	-0.048533	-0.212443	-0.161127
530	0.000000	1.314056	2.374289	1.815264	1.424098	1.211292	1.941764	1.435417	2.033805	1.371432	1.235967	2.117025	2.605649	1.730413	1.957782	0.997709	1.518057	1.487080	1.294351	1.501348
531	-0.238956	0.168305	1.995379	1.416360	0.408574	0.820465	0.693743	-0.027403	0.326713	-0.300250	-0.308917	0.962017	2.704200	0.532001	0.189803	0.000000	0.469574	0.303881	0.477358	0.570946
532	0.341287	0.036319	0.986183	0.658475	0.086194	0.735296	0.578443	0.306741	0.587489	0.065433	0.000000	0.779210	1.379170	0.517896	0.461650	0.624408	0.640802	0.414291	0.124481	0.231526
533	-0.282954	-0.314184	0.460176	-0.392351	-0.844567	0.154647	-0.357929	-0.046516	0.378921	-0.397410	-0.606751	0.186623	1.228463	-0.753266	0.257471	0.038766	0.000000	-0.047382	-0.903909	-0.854499
534	1.461793	1.125435	2.156385	1.984550	0.819226	1.933697	1.535319	1.171636	1.902542	0.000000	0.840249	1.546952	2.400155	1.629377	1.841540	1.709623	1.577584	1.295476	1.347188	1.190108
535	-0.594156	-0.483866	0.167530	-0.081389	-0.496830	-0.312445	-0.265800	-0.071880	0.047917	-0.221312	-0.303300	0.082568	0.223877	-0.131537	0.010674	-0.238439	0.000000	-0.112441	-0.677467	-0.459605
536	0.183803	0.044568	0.610578	0.230088	0.178525	0.521740	0.460494	0.085369	0.725682	0.197141	0.077169	0.662873	1.460718	0.317612	0.612201	0.494357	0.342458	0.000000	0.105719	0.204518
537	0.263982	0.162079	1.359317	0.406112	-0.053530	0.997643	0.426720	-0.044235	1.048947	-0.173633	-0.237614	0.516551	1.564985	0.000000	1.067993	0.655692	0.644473	0.240336	0.058770	0.234009
538	0.000000	0.015364	0.671958	0.569783	0.270641	1.117449	0.251891	0.046113	0.472136	0.378389	0.265756	0.541169	1.951307	0.330722	0.397342	0.386730	0.444779	-0.144443	0.103586	0.087884
539	-0.422488	-0.698714	0.397591	0.284866	-0.755534	0.004889	-0.136187	-0.390571	0.201946	-0.698299	-0.472541	0.210203	1.907010	0.086944	0.000000	0.029437	0.062942	-0.256025	-0.997286	-0.789781
540	-0.115595	-0.296167	0.384046	0.101383	-0.189525	0.347163	-0.085226	0.217105	0.115504	-0.151302	-0.218212	0.000000	2.124212	-0.045577	0.019655	0.184659	0.502294	0.390191	-0.587267	-0.261777
541	1.037829	0.854019	1.257727	0.535630	0.943967	1.579600	1.099595	0.391238	1.647291	0.000000	0.443300	1.297609	2.138850	0.869872	1.557497	1.358341	1.265126	0.823083	0.943327	1.011005
542	0.548025	0.238264	0.893396	0.453759	0.348614	1.031730	0.619166	-0.114578	0.695996	0.000000	0.278168	1.141234	1.795387	0.543716	0.699536	0.729449	0.533845	-0.034258	0.207179	0.275607
543	-0.033883	-0.037403	-0.028116	-0.057545	0.297646	0.401492	0.236452	0.221847	0.031969	0.041670	-0.037991	0.081083	2.038688	-0.055052	-0.009253	0.000000	0.169330	0.315809	0.098484	0.266599
544	-0.630674	-0.362089	0.157608	-0.112279	-0.125233	0.000000	-0.415611	-0.467472	-0.894686	-0.662743	-0.601800	-0.216238	1.348496	-0.706502	-0.835230	-0.532907	-0.332167	-0.193085	-0.304314	-0.078697
545	0.991989	0.437319	1.601740	1.291737	0.127505	1.463312	1.201136	0.000000	1.501645	-0.093995	0.374594	1.614157	1.732802	1.270813	1.458094	1.421614	1.253963	0.546035	0.240410	0.550427
546	0.102471	-0.105879	0.634089	0.300254	0.025286	0.418858	0.164934	-0.029207	0.129978	-0.139705	-0.090119	0.454279	1.612638	0.131268	0.043453	0.244630	0.246141	0.000000	-0.079331	0.070455
547	0.065596	0.245289	0.471766	0.296388	0.355369	0.573845	0.214408	0.327224	-0.078727	0.250947	0.255576	0.258775	2.018919	0.000000	-0.088633	0.176177	0.325668	0.383033	0.323668	0.376881
548	0.040330	0.188419	0.506206	0.258067	0.120948	0.700568	0.324467	0.155882	0.554603	0.050837	-0.008801	0.354548	1.983585	0.000000	0.297372	0.291779	0.392034	0.357183	-0.312865	0.132403
549	-0.317405	-0.533686	0.213080	0.109417	-0.719192	0.249943	-0.167482	-0.812791	0.390271	-0.872249	-0.535976	0.211550	1.216297	0.000000	0.344043	0.054384	-0.080586	-0.494676	-0.970295	-0.724132
550	-0.057617	-0.208952	0.214510	0.083647	-0.188622	0.004176	-0.124819	-0.146446	-0.099363	-0.247927	-0.196409	0.056399	1.141157	-0.027385	-0.124381	0.000000	0.044813	-0.103561	-0.197552	-0.116673
551	-0.247510	-0.051116	0.259217	0.054849	-0.016123	0.135271	-0.095252	-0.393485	-0.538818	-0.210976	-0.194916	0.000000	0.730432	-0.158953	-0.569896	-0.155338	-0.170534	-0.395432	-0.056767	-0.032247
552	0.563152	0.118564	1.215653	0.709090	0.086499	1.219324	0.829760	-0.009778	1.072677	0.000000	0.132599	1.116570	1.897270	0.696374	0.916814	0.784650	0.597979	0.123682	-0.407161	0.114464
553	0.317084	0.048111	0.722584	0.548008	0.201404	0.626035	0.439146	0.165120	0.311154	0.000000	0.186769	0.582307	1.537123	0.416532	0.203663	0.409164	0.419535	0.270918	0.109450	0.255668
554	0.126557	0.141045	0.504409	0.420466	0.178467	0.355319	0.308950	0.086051	0.094519	0.032826	0.098888	0.350065	1.396578	0.236655	0.000000	0.184287	0.212407	0.174225	0.205501	0.262128
555	0.000000	-0.295370	0.776071	0.403946	-0.106639	0.575062	0.111158	-0.474519	-0.113755	-0.786312	-0.342834	0.227905	1.113481	-0.017529	-0.278735	0.294313	0.078300	-0.383178	-0.224156	-0.090241
556	0.537586	0.148013	0.999293	0.734280	0.309118	1.041610	0.774490	0.000000	0.788428	0.008867	0.226049	0.891828	1.681477	0.631723	0.726655	0.833029	0.819636	0.318718	0.148761	0.345686
557	-0.250743	-0.375136	0.267820	0.000000	-0.171014	0.028542	-0.042967	-0.240943	-0.113454	-0.403870	-0.338000	0.087868	1.249913	-0.113418	-0.140884	-0.094849	-0.004584	-0.100871	-0.266341	-0.135280
558	0.000000	-0.207077	0.506202	0.249339	-0.178010	0.320906	-0.005086	-0.093198	0.079425	-0.193037	-0.153611	0.157130	1.188369	0.065696	-0.070459	0.104872	0.129559	0.055222	-0.229621	-0.204707
559	-0.033496	-0.406807	0.427495	0.213948	-0.238233	0.465018	0.064296	-0.420830	0.177724	-0.426780	-0.243605	0.065513	0.806909	0.000000	0.025880	0.057586	-0.001329	-0.258721	-0.282025	-0.187752
560	-0.053714	-0.224900	0.141850	0.217440	-0.119592	-0.147532	-0.064128	0.064844	0.068483	-0.042416	-0.040394	0.004912	0.253348	0.000000	-0.003848	-0.058441	0.056766	0.077657	-0.178451	-0.050388
561	0.032482	-0.295561	0.316761	0.361437	-0.179636	-0.078148	0.000000	0.004048	0.253098	-0.115405	-0.089604	0.199277	0.841559	0.222561	0.122550	0.050015	0.069946	-0.026930	-0.270215	-0.113676
562	0.208467	-0.147161	0.586413	0.336823	0.238183	0.353228	0.296643	-0.014788	0.295948	0.000000	0.143462	0.428091	0.971521	0.251556	0.195963	0.242393	0.203011	-0.016500	0.126072	0.206508
563	0.232654	0.072365	0.206129	0.272691	-0.009122	0.364169	0.198485	0.161933	0.538616	0.000000	0.126295	0.250032	0.583106	0.251239	0.426216	0.188560	0.192831	0.280951	-0.438525	-0.061773
564	-0.185950	-0.189901	0.101390	0.000277	-0.132235	0.015825	-0.017358	-0.147467	0.000000	-0.231220	-0.193625	0.051565	0.571234	-0.049697	0.005438	-0.045768	0.022982	-0.036006	-0.300306	-0.114743
565	0.343446	-0.163024	0.494203	0.447660	-0.022212	0.436090	0.280199	0.117207	0.443645	0.000000	0.138690	0.366463	1.135268	0.388382	0.370729	0.293527	0.248129	0.179603	-0.139924	-0.006434
566	0.390636	0.013473	0.690122	0.659468	0.116353	0.752267	0.221613	0.150585	0.823376	0.100932	0.273155	0.611661	1.379835	0.636894	0.692616	0.233769	0.000000	0.218126	-0.049439	0.094484
567	0.101818	0.069591	0.592340	0.387746	-0.106318	0.312327	0.035631	0.019915	0.412227	0.033299	0.065701	0.361607	0.150813	0.306211	0.250327	0.153006	0.237369	0.000000	-0.259863	-0.245241
568	0.368480	0.325786	0.834544	0.591453	0.140877	0.676411	0.346061	0.337883	0.668396	0.272121	0.127314	0.269080	0.838018	0.108839	0.595540	0.525769	0.433103	0.346603	0.000000	0.402586
569	-0.222113	-0.405806	0.623323	0.430626	-0.566134	0.000000	0.007420	-0.090188	0.457628	-0.039613	-0.074494	0.324015	1.199871	0.319784	0.296794	0.227749	0.377694	-0.026457	-0.804456	-0.560065
570	0.543648	0.177868	0.864432	0.607183	0.237087	0.937132	0.517882	0.000000	0.663964	0.040971	0.280559	0.803314	1.650259	0.499298	0.602765	0.691281	0.653992	0.333490	-0.059390	0.243799
571	0.379207	0.613069	1.214227	1.018188	0.803164	1.018246	0.627070	0.526724	0.000000	0.256777	0.388117	0.617293	2.442954	0.494077	-0.012127	0.620462	0.770600	0.706106	0.729881	0.720933
572	-0.108302	-0.301283	0.845378	0.466965	-0.580333	0.503924	0.161751	-0.562125	0.338688	-0.592521	-0.559276	0.464990	1.623895	0.000000	0.087960	0.317881	0.139368	-0.142128	-0.554406	-0.425734
573	0.502237	0.098757	0.938865	0.721447	0.383994	1.069380	0.746645	0.088684	0.935027	0.000000	0.308784	1.016374	1.820735	0.745759	0.794940	0.757601	0.647274	0.289865	0.260613	0.417068
574	-0.079895	-0.167857	0.543739	0.056997	-0.075018	0.475655	0.161480	-0.489712	0.170065	-0.353252	-0.200291	0.410715	1.839066	0.000000	0.123356	0.302444	0.272118	-0.289345	-0.182749	-0.113373
575	0.000000	0.985415	1.615969	1.296698	1.099252	0.909886	1.339294	0.953777	1.450343	0.706477	0.675400	1.134999	2.302845	1.048363	1.397580	0.507375	0.927370	1.074714	1.053914	1.211587
576	0.013513	-0.318974	0.667679	0.520939	-0.725205	0.584483	-0.166282	-0.497720	0.352326	-0.716757	-0.457379	0.266732	1.747445	0.174292	0.000000	0.295343	0.114352	-0.094618	-0.943314	-0.743566
577	0.093806	-0.062696	0.479396	0.278454	0.171714	0.668085	0.330972	-0.069294	0.316802	-0.221077	-0.130904	0.452224	1.785317	0.115262	0.258103	0.362151	0.329536	0.000000	0.034598	0.213423
578	0.232589	0.114662	0.015455	-0.180809	0.176730	0.759421	0.445145	0.121081	0.655749	0.000000	0.032712	0.447831	2.151420	0.251293	0.644974	0.356606	0.476022	0.366619	0.227619	0.291062
579	0.000000	0.905774	1.768016	0.976246	0.789048	1.128595	1.304987	0.849331	1.603141	0.829506	0.567466	1.537136	2.594605	0.942838	1.463459	0.687205	0.984602	0.931759	0.114248	0.793969
580	0.722051	0.125080	0.924332	0.537440	0.204540	1.273251	0.687538	-0.251216	0.982355	-0.313184	-0.035686	0.916563	1.929594	0.623645	0.844697	0.984245	0.715871	0.000000	-0.166815	0.173031
581	-0.058633	-0.371006	0.359918	0.000000	-0.108518	0.404988	0.159287	-0.215375	0.236511	-0.353584	-0.192841	0.317256	1.707713	0.082359	0.208534	0.197182	0.239922	-0.010070	-0.297965	-0.140188
582	-0.320659	-0.078124	-0.193741	-0.084202	-0.048828	-0.013990	-0.013461	-0.088401	-0.112801	-0.402384	-0.561721	-0.056432	1.943558	-0.443807	0.000000	-0.295009	-0.040111	0.257106	-0.356059	-0.132041
583	1.083260	0.746505	1.788364	1.586809	0.103703	1.778714	0.902734	0.489233	1.571332	0.236514	0.579026	1.675329	2.619295	1.309156	1.343098	1.606493	1.463020	0.974809	-0.000708	0.000000
584	0.709778	0.239301	0.861619	0.643365	0.574299	1.212066	0.728593	0.461044	0.765532	0.000000	0.351880	0.725473	2.406539	0.601042	0.741101	0.871424	0.907011	0.705620	0.586987	0.705645
585	0.214356	0.331610	0.641165	0.357170	0.526080	0.569930	0.342222	0.608947	0.187199	0.403839	0.312623	0.494184	2.431775	0.156966	0.000000	0.386187	0.614518	0.750341	0.466771	0.491938
586	0.917222	0.452316	0.000000	0.455875	0.863918	1.386600	0.856093	0.184455	1.563757	0.403045	0.618901	0.718843	2.826088	0.978846	1.569199	0.967516	0.809100	0.351046	0.595080	0.668328
587	0.601960	0.367796	1.517328	0.428125	0.623510	1.425483	0.780936	0.327006	0.571227	-0.230091	-0.040364	0.979727	2.273881	0.000000	0.592783	1.019924	1.102668	0.560544	0.653623	0.744540
588	-0.135054	-0.297419	0.361828	0.196802	-0.344083	-0.046823	-0.120264	0.065587	0.111019	-0.143051	-0.056464	0.201541	1.581942	0.000000	0.038217	0.158221	0.300025	0.199596	-0.466886	-0.378256
589	0.223519	0.461668	1.148218	0.868598	0.511145	1.089962	0.409173	0.020669	-0.376568	0.000000	-0.011209	0.604743	2.369947	-0.028275	-0.644101	0.442524	0.340517	0.216789	0.475564	0.579493
590	1.786730	1.409614	2.776047	2.472556	1.559885	2.267780	2.168287	1.527804	1.296617	0.000000	0.831571	2.347649	2.935176	1.726199	1.265023	2.080585	1.962357	1.906423	1.890449	2.021671
591	-0.054950	-0.233871	-0.197397	-0.221331	-0.001962	0.000000	-0.093232	0.110902	-0.133965	0.041623	-0.039829	-0.164220	1.692940	-0.195220	-0.158104	-0.110680	0.056651	0.246407	0.063482	0.141360
592	0.567189	0.452363	0.996031	0.755513	0.571086	1.026071	0.551752	0.000000	0.064421	0.119496	0.336839	0.580651	2.079628	0.373025	0.002843	0.537605	0.556223	0.405411	0.662860	0.673634
593	2.171483	1.738429	3.153529	2.986652	0.972183	2.814833	2.420745	1.744842	2.823976	1.485418	1.494519	2.700710	3.157418	2.616703	2.718959	2.549152	2.444903	2.120857	0.000000	1.327746
594	1.040379	0.720433	1.148449	1.343640	1.193723	0.000000	0.795442	1.558018	0.698729	1.096334	1.038518	0.634446	2.253149	0.856250	0.650277	1.064158	1.595009	1.718294	1.456323	1.334754
595	-0.186905	0.000000	1.783337	1.415630	0.888625	0.455624	1.659849	1.074822	1.902018	0.930642	0.701101	1.642624	1.712598	1.443958	2.032933	1.006049	1.400615	0.844671	1.265767	1.361567
596	-0.033533	0.018014	0.171497	0.090335	0.008975	0.246291	-0.017101	0.244660	0.057029	0.122849	0.082376	0.143728	0.933658	0.057049	0.079970	0.000000	0.215914	0.389264	-0.058990	0.044519
597	0.678699	-0.117790	0.531074	0.644630	0.042683	0.000000	0.278750	0.612784	0.597374	0.357387	0.400700	0.289654	1.216339	0.566102	0.568311	0.476198	0.503101	0.785196	0.055995	0.219428
598	0.217485	-0.057904	0.485194	0.089802	0.278858	0.603328	0.317342	0.222670	0.000000	-0.027562	0.024926	0.412623	1.179016	-0.029774	0.147633	0.271446	0.451749	0.337066	0.388311	0.418616
599	0.876967	0.599243	1.113702	0.841339	0.622070	1.264446	0.839640	0.429795	0.905627	0.000000	0.379988	0.991968	1.069507	0.710073	0.857354	0.928608	0.841583	0.710278	0.683146	0.660314
600	0.965473	0.474491	2.001173	1.125323	0.759610	1.776015	1.033476	0.000000	0.674449	0.603830	0.562642	1.540656	2.242134	0.740739	0.677829	0.979490	0.767054	0.139262	0.749011	0.769942
601	0.629394	0.000000	1.571949	1.163260	0.180286	1.019177	1.050407	0.502215	1.452652	0.579939	0.589469	1.326160	1.776689	1.239763	1.531435	1.055349	0.959941	0.498842	0.033546	0.222818
602	-0.448571	-0.456150	-0.107720	-0.389811	-0.319543	0.485401	-0.417333	-0.017215	0.094462	-0.337683	-0.148964	-0.488957	-0.595494	-0.102572	0.101561	-0.261803	0.000000	0.007030	-0.182550	-0.329767
603	2.140653	1.601302	2.495629	2.583507	1.863950	2.254449	1.952954	1.995184	2.413634	1.777851	1.857829	1.948763	2.818736	2.214406	2.284865	0.929399	0.000000	2.015750	1.795560	2.006471
604	0.469322	0.342988	0.032368	0.516492	0.497674	0.654613	0.525853	0.639985	0.996271	0.584992	0.646500	0.000000	1.000952	0.767812	0.960383	0.118139	0.240286	0.812602	0.329229	0.381190
605	1.844293	1.043316	2.349267	1.847982	1.002148	2.602218	1.946433	0.167042	2.281133	0.179392	0.693621	2.327344	2.515492	1.768948	2.270321	2.298084	1.570082	0.000000	1.083536	1.226513
606	0.231102	0.433171	0.825201	0.129496	0.428463	0.804095	0.387404	0.309835	0.126618	0.195628	0.238601	0.618005	0.000000	0.100499	0.225393	0.403587	0.556997	0.339533	0.607067	0.428270
607	3.153631	2.559241	3.388983	3.369216	1.716055	3.486991	3.072658	2.674201	3.622946	2.778116	2.673187	3.452282	3.429455	3.409302	3.500952	3.254709	3.171162	2.553423	0.000000	1.941082
608	0.712656	0.251901	-0.179410	0.487258	0.502785	0.883350	0.345312	0.783983	0.683654	0.673970	0.700798	0.000000	-0.590820	0.600676	0.873669	0.463261	0.956531	0.880791	0.330772	0.623230
609	0.055913	0.266923	0.310704	0.097198	0.364100	0.446183	0.077185	0.309306	-0.087607	0.276103	0.258250	0.189304	-0.102418	0.137858	0.067229	0.000000	0.205018	0.271192	0.309653	0.270240
610	0.090534	0.125789	0.244836	-0.059426	0.083504	0.480122	0.185872	0.364197	0.166777	0.207745	0.128540	0.269170	2.133102	0.069858	0.303587	0.000000	0.349949	0.521114	-0.109163	0.119266
611	3.015246	2.636448	3.394506	3.300752	1.931521	3.589724	3.057120	2.200027	3.706007	2.862724	2.615053	3.342250	3.389383	3.232059	3.579194	3.144847	2.959605	2.380112	0.000000	2.023269
612	1.494973	0.910595	1.580160	2.300680	1.226860	1.604713	1.459422	1.078523	2.274463	0.928930	1.270030	1.214183	2.730658	1.934869	2.298275	0.000000	0.385761	1.546402	1.153610	1.147241
613	0.274112	0.224531	0.277595	0.418505	0.372960	0.206658	0.103652	0.670022	0.197997	0.516526	0.380010	0.000000	0.377002	0.175370	0.317973	0.138117	0.362914	0.611579	0.393754	0.402442
614	1.092627	0.819435	1.958996	1.712771	0.795697	1.680776	0.604991	0.937296	0.225015	0.543716	0.671876	1.231529	2.467893	0.915955	0.000000	1.248651	1.234210	1.057530	0.729180	0.571456
615	0.180001	0.204365	-0.105105	-0.071499	0.614428	0.359839	0.268378	0.553509	0.063112	0.411444	0.431368	0.000000	0.553507	0.164056	0.074175	-0.508388	-0.475474	0.426310	0.469437	0.627274
616	1.438019	1.015988	1.183967	0.657738	0.693305	2.010844	1.417515	0.605409	2.059547	0.000000	0.655706	1.730779	1.541300	1.290809	2.060347	1.687951	1.326421	0.946588	0.576588	0.691324
617	0.118473	0.338480	0.395448	0.233942	0.164939	0.415727	0.090956	0.449649	-0.214058	0.296436	0.174636	0.229732	1.093732	-0.051680	-0.111312	0.000000	0.199702	0.339941	0.110367	0.181220
618	0.755888	0.415976	0.376986	0.000000	-0.237243	1.043449	0.188051	0.834246	1.187870	0.967736	0.697877	0.841151	2.649695	0.641908	1.170246	0.559805	0.580236	0.847453	-0.869245	-0.709562
619	1.788003	1.487772	2.612347	2.436658	0.947208	2.702426	1.970800	0.000000	2.356710	0.643152	0.959970	2.229403	3.371566	1.942659	2.377568	2.375118	2.011067	0.853977	0.754002	1.055196
620	1.775410	1.209513	2.179943	1.724213	1.056015	2.383276	1.540594	1.142395	1.390428	0.989461	0.847707	1.469327	3.077477	1.371450	1.133987	1.751402	1.553623	1.445278	0.000000	0.891877
621	0.375423	-0.112539	0.000000	0.060532	0.079843	0.389353	0.197960	0.571228	0.337813	0.265268	0.196740	-0.186961	2.428597	0.166654	0.405325	0.185990	0.366364	0.588874	0.184303	0.070173
622	0.506238	0.013324	0.282424	0.123736	0.574219	0.739195	0.178705	0.198343	-0.022666	0.308682	0.275905	0.000000	2.432090	0.046278	0.158446	-0.007725	-0.155636	0.109270	0.548536	0.537014
623	0.965450	0.694737	1.070451	0.880072	0.854997	1.448972	0.828189	0.647565	0.696914	0.155138	0.000000	1.159247	2.179042	0.526667	0.758746	1.004889	0.943727	1.004876	0.387963	0.468240
624	2.158912	1.625707	1.929381	2.635100	2.149239	2.196372	1.861322	2.253234	1.677348	2.287469	2.102342	0.954443	2.700048	1.932963	1.379163	0.829957	0.000000	2.036511	2.329340	2.170792
625	2.629052	2.608470	3.230104	3.184528	1.676291	3.121526	2.725137	2.914010	3.277890	3.048530	2.661318	3.155522	2.798179	3.103310	3.091026	2.887076	2.949944	2.842803	0.000000	1.805376
626	0.286399	0.824534	1.259410	0.918055	0.897200	0.543409	0.669875	0.225249	-0.370866	0.000000	0.047361	0.745254	0.801809	-0.324264	-0.261565	0.381432	0.469772	0.670812	0.872145	1.021799
627	0.429313	0.594094	0.515360	0.002369	1.057228	0.944548	0.868898	0.658779	0.609071	0.576075	0.423380	0.935979	2.498850	0.000000	0.774367	0.696687	0.697987	0.799407	0.891592	1.068112
628	3.239068	2.710092	3.812113	3.656127	1.901474	3.761972	3.065199	2.609722	3.696704	2.484428	2.631875	3.584410	3.716305	3.496140	3.486504	3.416077	3.254474	2.757379	0.000000	1.851641
629	-0.688901	-0.348139	0.000000	-0.174869	-0.520097	0.344502	-0.412369	-0.435909	-0.806881	-0.298463	-0.663181	-0.072524	2.080763	-0.840413	-0.694219	-0.727466	-0.294249	-0.264715	-0.975467	-0.659871
630	0.423125	0.647256	0.878290	0.588072	0.695629	0.807495	0.587154	0.383331	0.000000	0.438165	0.426035	0.661455	2.283349	0.351166	0.074695	0.602831	0.668485	0.503099	0.759071	0.679018
631	0.412677	0.150022	0.672160	0.000000	0.097470	1.042175	0.331622	-0.422250	0.633909	-0.120838	-0.036399	0.787058	2.242989	0.234321	0.606068	0.577220	0.466878	-0.164190	-0.305325	-0.038255
632	1.697502	1.149172	2.694125	2.274109	1.291535	2.454017	2.129934	0.000000	1.864990	0.149394	0.478536	2.303584	3.137852	1.748276	1.709079	2.107532	1.317138	0.563644	1.419291	1.636957
633	-0.324509	0.224232	0.383299	-0.312229	0.458591	0.331603	0.165988	0.334193	-0.114219	0.248576	-0.011884	0.390278	2.282526	-0.142092	-0.084157	0.000000	0.479289	0.358006	0.190660	0.259658
634	-0.114511	0.128543	0.147773	0.006869	0.334770	0.247487	0.033022	0.057045	-0.531965	0.054122	0.023638	0.000000	-0.070526	-0.152914	-0.336192	-0.017817	0.096920	0.048481	0.319634	0.375233
635	1.598628	1.020143	2.284905	2.002112	0.512012	2.455968	0.772536	1.191100	1.173482	1.129719	1.281058	1.802826	3.191672	1.501199	1.288592	1.579787	1.562295	1.189645	0.389675	0.000000
636	0.056421	0.020174	1.512910	0.869714	-0.187652	0.967657	0.057987	-0.274506	-0.971951	-0.599119	-0.665320	0.622727	2.461185	-0.174731	-1.090577	0.180575	0.000000	0.071457	-0.540284	-0.250308
637	0.088939	0.139360	0.317242	0.281306	0.281251	0.239652	0.195931	0.413596	-0.018146	0.304869	0.216324	0.126853	1.081743	0.000000	0.040403	0.065534	0.306788	0.470500	0.229716	0.256190
638	0.515547	0.152904	0.758045	0.223825	0.153087	1.128161	0.038839	0.000000	0.193900	0.351638	0.316172	0.586765	2.430068	0.056772	0.171402	0.557181	0.195618	0.198051	-0.125770	-0.120190
639	2.458809	2.055900	3.146102	2.993015	1.642726	3.169776	3.004375	0.000000	3.109127	0.536006	1.458307	3.153120	3.498888	2.882167	3.082278	3.241492	2.637466	0.800512	2.185314	2.351936
640	1.070359	0.851886	1.279777	1.057324	0.101349	1.747327	0.573979	0.855146	0.974899	0.663992	0.411039	0.534112	4.051739	0.570775	0.696851	0.821164	0.944541	1.286645	-0.134726	0.000000
641	-0.283488	-0.279156	0.113481	-0.065709	-0.288405	0.000000	-0.418638	-0.171829	-0.590734	-0.271550	-0.326789	-0.323168	2.238116	-0.435537	-0.684881	-0.365951	-0.210014	-0.014821	-0.390420	-0.255051
642	0.766222	0.634980	1.440506	1.033657	0.746248	1.855463	0.955565	0.597895	0.551123	0.000000	0.262842	1.155610	3.467134	0.525860	0.679368	1.067175	1.209108	0.945095	0.561793	0.742787
643	2.190935	1.673230	2.757911	2.586678	1.668130	2.661543	2.669190	0.629583	2.707846	0.000000	0.877514	2.749299	3.192909	2.528597	2.705158	2.757294	2.546352	1.335867	1.943046	2.143644
644	-0.208223	0.228163	0.918192	0.000000	0.367706	0.556969	0.366947	-0.242957	-0.155602	0.153551	0.003896	0.652259	2.672035	-0.147652	-0.132427	0.153131	0.321196	-0.109318	0.433517	0.450330
645	0.038251	0.057871	0.262272	0.000000	0.247636	0.694627	0.200836	0.112894	0.071996	0.068793	0.054107	0.278322	2.234774	-0.076974	0.070799	0.179149	0.257494	0.310825	0.065444	0.218813
646	0.327611	0.297161	-0.209413	-0.052834	0.029952	0.922079	0.327692	0.506604	1.260308	0.751199	0.550747	0.269250	2.415487	0.687800	1.162262	0.000000	0.665467	0.676746	-0.524282	-0.270765
647	0.420524	0.901404	1.813980	0.500466	0.737729	1.378199	0.736684	0.854301	0.452429	1.057935	0.379122	0.899045	2.686858	0.000000	0.248714	0.738502	1.058378	0.677057	0.618233	0.639901
648	-0.141378	0.108302	0.342695	0.049361	0.094127	0.467947	-0.007421	-0.095964	-0.273590	-0.135991	-0.113514	0.000000	1.900240	-0.144791	-0.451391	0.060581	0.252701	0.101855	0.042799	0.098844
649	0.174428	0.243039	0.508274	0.193662	0.406328	0.778023	0.334231	0.143794	0.181072	0.127016	0.184537	0.341148	1.818690	0.000000	0.113266	0.352674	0.462410	0.364490	0.283466	0.405745
650	0.025313	0.333352	0.249778	0.046642	0.288672	0.602495	0.268904	0.331805	0.261406	0.176846	0.207470	0.267949	1.628890	0.000000	-0.000022	0.329639	0.587136	0.587294	0.099730	0.258104
651	-0.052321	-0.033280	0.056136	0.000000	0.131186	0.292846	0.011869	-0.197364	-0.234141	-0.244871	-0.130671	-0.114222	1.215013	-0.146779	-0.352924	0.028231	0.072005	0.014110	0.097524	0.147500
652	0.097055	0.304827	0.474485	0.320954	0.358290	0.404268	0.231109	0.248722	0.000000	0.122572	0.167551	0.281256	1.194550	0.058275	-0.038275	0.285825	0.431705	0.361858	0.331979	0.373066
653	-0.072702	-0.047554	0.019984	-0.107647	-0.104497	0.197521	-0.028325	-0.204366	0.063193	-0.169714	-0.108549	0.000000	1.136415	-0.073079	-0.001864	0.084932	0.167504	0.012416	-0.251261	-0.105454
654	0.113731	0.015597	0.246017	0.000000	0.027464	0.411913	0.080265	-0.206283	0.057095	-0.211330	-0.079129	0.145008	0.998071	-0.008239	-0.045464	0.206035	0.204299	0.042043	-0.103902	0.009873
655	0.018658	0.080050	0.355162	0.197844	0.132069	0.335432	0.181914	0.111919	0.164255	0.016935	0.088379	0.164954	1.067494	0.000000	0.071113	0.176987	0.354212	0.256543	0.114918	0.179617
656	-0.108578	-0.214356	0.000000	-0.025909	-0.143113	0.139132	0.004016	-0.154646	0.093125	-0.218612	-0.142551	0.047890	1.140126	-0.083966	0.039503	0.045784	0.095604	-0.026263	-0.177977	-0.125359
657	0.288053	0.147870	0.411495	0.273415	0.389512	0.471403	0.272967	0.106231	0.170039	0.000000	0.187678	0.302559	0.951317	0.148435	0.039607	0.284171	0.348426	0.250494	0.324053	0.356974
658	0.098067	0.100857	0.280265	0.095754	0.356736	0.321348	0.168846	0.042813	0.036617	0.000000	0.132114	0.123215	0.773071	-0.002337	-0.042109	0.106941	0.201168	0.147143	0.382824	0.344716
659	0.000000	-0.032743	0.145748	0.016297	0.159082	0.190754	0.063011	0.063399	0.024380	0.016595	0.037422	-0.019186	0.869179	-0.097592	-0.036826	0.063309	0.139790	0.175651	0.147564	0.184356
660	0.254539	0.081385	0.417045	0.289623	0.296145	0.461849	0.298323	0.115330	0.262724	0.000000	0.160464	0.314272	0.923689	0.173041	0.165987	0.279218	0.351963	0.262413	0.266007	0.318521
661	-0.151493	-0.364510	0.000000	-0.040697	-0.256955	-0.060261	-0.072533	-0.222188	0.054947	-0.324241	-0.250063	0.025751	0.479063	-0.145273	0.017864	-0.007264	0.078195	-0.088161	-0.324150	-0.229037
662	-0.250963	-0.353847	-0.075826	-0.083780	-0.331104	-0.260912	-0.151207	-0.177879	0.000000	-0.239204	-0.234522	-0.153443	0.317685	-0.193967	-0.020700	-0.200525	-0.132997	-0.162426	-0.423150	-0.293979
663	0.473906	0.069355	0.340350	0.427311	0.452767	0.497777	0.574415	0.413667	0.670858	0.324226	0.403020	0.434131	0.550439	0.476737	0.652297	0.424357	0.454057	0.487613	0.000000	0.605597
664	0.000000	-0.157444	0.126474	0.045531	-0.036643	0.159110	0.085633	-0.076745	0.218065	-0.090443	-0.051255	0.017822	0.511230	-0.022116	0.170359	0.040225	0.048800	0.056283	-0.166169	0.003775
665	-0.000643	-0.134697	0.010014	-0.014872	-0.051231	-0.000907	0.008219	0.093795	0.195507	0.081630	0.011326	0.010256	0.561616	0.010116	0.143720	0.000000	0.148887	0.128646	-0.164660	-0.040771
666	0.229429	-0.005333	0.418976	0.268316	0.118630	0.351147	0.367751	0.050238	0.558731	0.000000	0.164803	0.438258	0.591498	0.293974	0.506504	0.308496	0.360954	0.123325	0.043573	0.184246
667	0.491821	0.118661	0.611923	0.559211	0.470678	0.669323	0.655842	0.341240	0.664738	0.274176	0.365867	0.599813	0.660834	0.490982	0.628522	0.567479	0.541142	0.519938	0.000000	0.608315
668	-0.109654	-0.162972	0.103650	0.015902	-0.147533	-0.163562	0.009413	0.055536	0.139864	0.059630	-0.025959	0.000000	0.690318	-0.026242	0.118736	-0.048746	0.106288	0.061435	-0.208350	-0.097204
669	0.589218	0.255163	0.568770	0.570379	0.433203	0.629959	0.614972	0.641359	0.753338	0.478638	0.463417	0.635572	0.897590	0.565090	0.707018	0.610369	0.721650	0.780137	0.000000	0.566926
670	0.437719	-0.022726	0.380568	0.446867	0.000000	0.513922	0.503193	0.114110	0.710053	-0.040045	0.208121	0.418886	0.486421	0.505250	0.703180	0.458539	0.509897	0.387519	-0.016392	0.287132
671	0.147463	-0.084883	0.000000	0.184443	0.075497	0.182540	0.191226	0.141962	0.342467	0.174466	0.180110	0.103813	0.616354	0.151458	0.305087	0.083671	0.156367	0.216811	-0.026870	0.086795
672	0.301222	-0.099998	0.518487	0.422253	0.049868	0.373741	0.414057	0.000000	0.700568	-0.018158	0.129835	0.467969	0.350854	0.383414	0.659353	0.398675	0.462135	0.261703	-0.092845	0.174498
673	0.028759	-0.107052	0.428588	0.374338	-0.119342	0.052743	0.171345	0.118350	0.365215	0.016814	0.018728	0.184718	0.594256	0.206302	0.290451	0.000000	0.099728	0.170245	-0.226608	-0.029578
674	-0.056456	-0.289557	0.261689	0.174281	-0.274859	-0.138915	-0.010141	-0.060565	0.054896	-0.059108	-0.035157	0.000000	0.322021	0.052972	0.002989	-0.046021	0.044235	0.031250	-0.364989	-0.191395
675	0.890880	0.398046	1.136318	1.110404	0.516351	1.043697	1.014192	0.653468	1.215700	0.574060	0.721742	1.171292	0.950277	1.079479	1.162112	1.077240	1.008066	0.811986	0.000000	0.714386
676	0.257126	0.030156	0.671533	0.400967	0.139451	0.504537	0.513412	0.156194	0.666163	0.000000	0.208352	0.604845	0.645351	0.403137	0.601418	0.431399	0.473449	0.302714	-0.042342	0.186005
677	0.388536	0.096316	0.430878	0.410320	0.333120	0.417139	0.453818	0.523737	0.433363	0.415236	0.401273	0.442623	0.823822	0.403887	0.392851	0.446524	0.495970	0.628276	0.000000	0.466087
678	0.349869	0.087474	0.751256	0.671450	0.033730	0.633368	0.484800	0.166996	0.635312	0.062424	0.222795	0.610111	0.603968	0.462775	0.565383	0.595307	0.550255	0.417267	-0.080488	0.000000
679	0.382894	0.047885	1.299341	0.883852	-0.004168	0.871362	0.862584	0.000000	1.207327	-0.134767	0.135296	1.076696	1.359016	0.777189	1.133400	0.851071	0.759857	0.303781	-0.147374	0.169829
680	-0.583124	-0.669666	0.327905	0.049883	-0.854886	-0.298065	-0.228403	-0.757836	0.000000	-0.846885	-0.631190	0.004869	0.348442	-0.149478	-0.039014	-0.189880	-0.284191	-0.517608	-0.986420	-0.790865
681	0.572791	0.159974	1.277548	0.977954	0.132080	1.001712	0.787717	0.000000	1.049007	0.082407	0.350557	1.022088	1.452677	0.828527	0.971691	0.938702	0.798337	0.375696	-0.012009	0.234508
682	0.343957	0.150400	1.381399	1.102080	0.000000	0.738421	1.043799	-0.014144	1.246853	-0.097391	0.238786	1.257704	1.228201	1.050290	1.228999	0.905374	0.729486	0.153830	0.096357	0.406689
683	0.151218	0.019289	1.114805	0.778023	-0.107956	0.462826	0.642527	0.000000	1.095041	-0.152913	0.081375	0.915177	1.367880	0.680687	1.039261	0.646234	0.657802	0.353266	-0.224993	0.029721
684	0.166297	-0.001802	0.821994	0.696934	-0.090094	0.371519	0.448162	-0.044969	0.851401	-0.100285	0.000000	0.700789	1.037509	0.631943	0.780926	0.525913	0.527895	0.296600	-0.281475	-0.000788
685	0.736545	0.386054	1.708392	1.389025	0.201305	1.033988	1.059963	0.000000	1.369065	0.101429	0.495852	1.484264	1.742405	1.243890	1.320261	1.247573	1.059122	0.447018	0.208569	0.379235
686	0.414163	0.137899	1.461119	1.093771	0.076064	0.877360	0.904660	-0.142867	1.108704	-0.269110	0.059129	1.207763	1.510005	0.914212	1.058143	0.897842	0.664089	0.000000	0.004351	0.286452
687	-0.168873	-0.286365	0.933472	0.726166	-0.264833	0.000000	0.350724	-0.432681	0.765750	-0.611550	-0.261715	0.557317	1.099354	0.500368	0.727174	0.260676	0.164666	-0.136103	-0.350536	-0.098334
688	-0.091399	-0.409442	0.992837	0.764846	-0.597828	0.000000	0.246999	-0.500534	0.711468	-0.611661	-0.314000	0.601153	1.091122	0.499981	0.649513	0.344900	0.222136	-0.182878	-0.641385	-0.321361
689	0.763972	0.438058	1.764878	1.391553	0.264216	1.231821	1.051713	0.107648	1.426856	0.000000	0.487330	1.539649	1.577020	1.279973	1.366163	1.249169	1.042878	0.433017	0.165534	0.370713
690	0.709026	0.387694	1.563231	1.300262	0.352178	1.220168	1.081646	0.000000	1.382804	0.118683	0.521888	1.399556	1.759981	1.213126	1.305544	1.182631	1.004896	0.420077	0.327717	0.532844
691	-0.090594	-0.168082	1.056812	0.831081	-0.288409	0.000000	0.436317	-0.250740	0.868346	-0.378622	-0.092397	0.745795	1.375064	0.611277	0.786520	0.415533	0.236668	-0.057152	-0.262559	-0.038193
692	0.627825	0.323066	1.546512	1.348168	0.322092	0.856555	1.147554	0.308377	1.337893	0.000000	0.480957	1.397955	1.651605	1.209890	1.293489	1.019296	0.863290	0.547886	0.290100	0.501875
693	-0.854475	-0.926475	0.498902	0.272522	-1.311510	-0.517823	-0.358861	-1.168685	0.169303	-1.349985	-0.938506	0.102773	0.309338	-0.024671	0.000000	-0.246060	-0.407154	-0.848567	-1.281879	-1.164886
694	0.632866	0.341286	1.759500	1.569870	0.230898	1.104964	1.169744	0.000000	1.486644	0.049011	0.483100	1.495960	1.950616	1.366602	1.439915	1.205279	0.981552	0.422269	0.269058	0.446320
695	0.143987	-0.023361	1.541471	1.270475	-0.308874	0.368294	0.879197	-0.118881	1.250475	-0.356289	-0.021816	1.323208	1.567523	1.046710	1.187210	0.784795	0.562990	0.000000	-0.303721	-0.142044
696	0.320579	0.075192	1.066203	0.825619	0.000000	0.588125	0.726673	0.191307	0.860114	-0.001858	0.277577	0.913100	1.323278	0.788466	0.840279	0.704128	0.664027	0.450067	-0.004443	0.243189
697	0.000000	-0.111392	0.808923	0.595810	-0.256067	0.515876	0.266936	-0.181665	0.624559	-0.310595	-0.010443	0.592234	1.291728	0.484974	0.593299	0.428082	0.320329	0.123841	-0.348431	-0.205857
698	0.482003	0.196215	1.796827	1.639181	0.004279	0.930469	1.165970	-0.197621	1.605723	-0.336803	0.113539	1.565513	1.858673	1.391126	1.555561	1.088429	0.721304	0.000000	0.018690	0.240607
699	0.647668	0.385441	1.815998	1.649625	0.150033	1.027768	1.149794	0.220130	1.644086	0.000000	0.490627	1.548050	1.967858	1.470365	1.533260	1.161050	0.895429	0.486218	-0.007180	0.143845
700	-0.257471	-0.351497	0.506273	0.222454	-0.424144	-0.035576	-0.044386	-0.171844	0.129225	-0.377338	-0.247247	0.145270	0.981599	0.109735	0.077515	0.000000	0.120899	-0.031227	-0.505397	-0.385363
701	-0.072778	-0.327333	0.958570	0.767161	-0.493705	0.308240	0.249100	-0.109843	0.618170	-0.447063	-0.137392	0.714244	1.387638	0.580920	0.565058	0.382853	0.377616	0.000000	-0.616668	-0.477384
702	0.548578	0.206527	1.776520	1.429351	-0.169767	1.122773	0.924133	0.000000	1.442998	-0.181809	0.282294	1.554133	1.797375	1.307863	1.344061	1.131380	1.036328	0.444829	-0.403855	-0.148468
703	0.084339	-0.211857	0.850422	0.703723	-0.333395	0.489476	0.000000	-0.034493	0.432580	-0.259394	0.003845	0.528935	1.388052	0.476495	0.300952	0.308846	0.399902	0.235174	-0.637304	-0.383408
704	-0.006513	-0.237031	0.484251	0.395982	-0.256992	0.284249	-0.004056	-0.050518	0.162713	-0.277250	-0.106931	0.187327	1.142389	0.136862	0.000000	0.095734	0.196151	0.172604	-0.386201	-0.222336
705	0.021249	-0.398719	0.642795	0.501628	-0.336514	0.397331	0.163707	-0.229601	0.404165	-0.568606	-0.267695	0.418568	0.769741	0.333054	0.336590	0.197080	0.302549	0.000000	-0.583754	-0.293184
706	-0.129791	-0.436929	0.482713	0.307773	-0.493538	0.183501	-0.046969	-0.301319	0.187532	-0.374734	-0.255645	0.192219	0.513569	0.150464	0.000000	0.007842	0.031218	-0.163596	-0.620571	-0.433911
707	-0.003322	-0.286122	0.187727	0.159279	-0.102722	0.097106	-0.060971	0.066715	0.168377	0.109040	0.119346	-0.058424	0.585730	0.000000	0.109423	-0.019403	0.046340	0.071978	-0.195718	-0.104300
708	0.238120	-0.236086	0.105266	0.266252	0.077598	0.000000	0.127903	0.148638	0.423610	0.175077	0.232695	0.088793	0.342747	0.261784	0.430686	0.155207	0.247620	0.263202	-0.031260	0.195465
709	0.351259	-0.027044	0.242301	0.397101	0.077081	0.199506	0.296788	0.209410	0.439340	0.187256	0.277876	0.347459	0.174347	0.365873	0.406550	0.340342	0.347872	0.247865	-0.022211	0.000000
710	0.015919	-0.310008	0.057222	0.166280	-0.165174	-0.129695	-0.029705	-0.050324	0.198073	-0.104538	-0.025858	-0.037908	0.332245	0.152126	0.153047	0.000000	0.081626	-0.011203	-0.229639	-0.117744
711	0.046196	-0.294209	-0.012943	-0.016756	-0.027036	0.025762	0.068785	-0.077489	0.271569	-0.061724	0.027303	0.042146	0.000000	0.084106	0.234422	0.052650	0.056627	-0.012986	-0.102546	0.016986
712	0.219676	-0.211755	0.098052	0.246156	0.129967	0.172366	0.240138	0.064717	0.423326	0.000000	0.225887	0.186731	0.050804	0.312603	0.405009	0.178607	0.180283	0.105245	0.040880	0.180243
713	0.058413	-0.241999	-0.055728	0.023173	-0.035364	0.014435	-0.011814	-0.023500	0.214375	0.019190	0.061814	-0.042892	0.179870	0.069370	0.195353	0.000000	0.073927	0.012569	-0.120002	-0.026229
714	0.223652	-0.244594	-0.200162	0.016638	0.000000	0.082870	0.201384	0.165037	0.368567	0.165034	0.290128	0.015152	-0.195145	0.215606	0.384113	0.097516	0.169029	0.212377	0.006873	0.203990
715	-0.007356	-0.403304	-0.119495	-0.018845	-0.235859	-0.077955	-0.024406	-0.091070	0.246836	-0.009603	0.067156	-0.090559	-0.015782	0.000000	0.180092	-0.031770	0.007026	-0.035028	-0.290799	-0.189450
716	-0.051067	-0.443906	-0.183837	-0.043293	-0.171983	-0.198850	-0.057665	-0.034413	0.247184	-0.055833	0.034999	-0.170444	-0.279215	0.047579	0.222931	-0.061527	0.000000	0.036040	-0.258388	-0.114045
717	0.084041	-0.238336	-0.084588	0.176780	0.098709	0.075104	0.000000	0.238975	0.417776	0.242767	0.276876	0.038033	0.075914	0.220765	0.333495	0.051205	0.155734	0.215807	-0.054644	0.122519
718	-0.075404	-0.399218	-0.191689	0.020142	-0.114894	0.018067	-0.018665	0.023733	0.300685	0.020875	0.089114	-0.122340	-0.145489	0.079003	0.281038	-0.040961	0.000000	0.050727	-0.178987	-0.045474
719	0.109855	-0.257927	-0.148112	-0.006716	0.088711	0.123459	0.139128	0.065677	0.328535	0.101121	0.179403	-0.025355	0.000000	0.105819	0.310822	0.043639	0.039677	0.119758	0.077780	0.178671
720	0.084225	-0.257693	-0.081070	0.088814	-0.054428	-0.094576	0.108052	0.111016	0.375442	0.131494	0.187959	0.000000	-0.115491	0.220938	0.356868	0.124804	0.161304	0.093905	-0.071733	0.058449
721	0.282945	-0.067153	0.081426	0.261394	0.123786	0.271736	0.236495	0.193776	0.461371	0.235993	0.331171	0.184259	0.000000	0.322752	0.433795	0.262727	0.243272	0.236511	0.065530	0.198412
722	-0.162332	-0.486092	-0.382045	-0.068137	-0.314679	-0.349182	-0.173743	-0.157487	0.088670	-0.180139	-0.087336	-0.324577	-0.261048	-0.045999	0.000000	-0.176392	-0.138721	-0.144625	-0.308562	-0.219888
723	0.120004	-0.330458	-0.002187	0.153687	-0.032902	0.000000	0.022565	-0.037860	0.312979	0.009294	0.139493	-0.025035	-0.116051	0.203856	0.306055	0.114800	0.130151	0.071826	-0.123790	0.065642
724	0.089613	-0.301154	-0.176317	0.013448	-0.006798	-0.105748	-0.042081	0.009651	0.186537	0.000000	0.130509	-0.132344	-0.187085	0.067276	0.187834	-0.027866	-0.015876	0.026571	-0.036019	0.035478
725	0.139284	-0.162169	0.000000	0.192106	0.115201	0.128831	0.184627	0.143072	0.349118	0.115675	0.215961	0.138611	0.228601	0.194539	0.363588	0.152147	0.179255	0.159703	0.061549	0.208124
726	-0.154825	-0.467933	-0.247793	-0.049641	-0.284389	-0.186868	-0.098809	-0.207119	0.083231	-0.210077	-0.127721	-0.206405	-0.328799	-0.053535	0.000000	-0.124799	-0.093659	-0.138157	-0.342749	-0.172120
727	0.152063	-0.265330	0.110558	0.186716	-0.080012	0.168416	0.136237	-0.065219	0.247367	-0.020945	0.046514	0.134069	0.000000	0.176994	0.228416	0.143438	0.085457	-0.002947	-0.188116	-0.023900
728	0.057713	-0.297965	-0.144061	0.000000	-0.006489	-0.092742	0.134522	-0.045716	0.299916	-0.039350	0.100185	-0.023297	-0.141792	0.137568	0.319943	0.029613	-0.020472	-0.035192	-0.083449	0.065839
729	-0.160346	-0.379190	-0.325549	-0.102048	-0.166515	-0.280786	-0.086537	-0.132765	0.100128	-0.099531	-0.039763	-0.224606	-0.006503	-0.084793	0.000000	-0.140278	-0.121873	-0.083803	-0.298454	-0.125997
730	0.077639	-0.294438	-0.213577	0.010782	-0.078137	-0.015751	0.001061	0.000000	0.218618	0.026601	0.097569	-0.100168	-0.024733	0.034557	0.200926	0.002059	0.020435	0.145973	-0.222087	-0.037175
731	0.096415	-0.186119	-0.144831	0.000000	0.118004	-0.001999	0.159352	0.009743	0.279544	0.021202	0.131061	-0.003928	-0.003808	0.113032	0.334887	0.046393	0.025319	0.057381	-0.029204	0.155535
732	0.105958	-0.216160	-0.045757	0.000000	0.010634	0.030087	0.139325	-0.154634	0.165757	-0.156196	0.024628	0.027020	0.018224	0.073335	0.203033	0.044954	-0.037391	-0.083560	-0.059755	0.067401
733	0.032581	-0.248438	-0.138121	0.000000	0.026147	-0.125127	0.078739	-0.044592	0.163004	0.002811	0.079299	-0.055773	0.060642	0.058925	0.149364	-0.019677	-0.067497	-0.062888	0.009927	0.055726
734	0.223688	-0.038520	0.000000	0.227388	0.236104	0.151462	0.318523	0.216941	0.475631	0.215628	0.284349	0.208439	0.273422	0.266411	0.541332	0.211816	0.202985	0.209839	0.148044	0.312913
735	0.039608	-0.278961	-0.123300	-0.029059	0.059372	0.000000	0.055123	-0.111213	0.222688	0.013043	0.086237	-0.064264	-0.031371	0.060618	0.244283	-0.016890	-0.039722	-0.051401	-0.122393	0.134858
736	0.037369	-0.283383	-0.080729	0.000000	0.093769	-0.047520	0.124803	0.054213	0.196474	0.028407	0.129244	-0.033451	-0.107476	0.073015	0.230724	-0.004874	0.003244	0.029860	0.015821	0.158345
737	-0.006188	-0.267581	-0.052579	0.035412	0.013726	-0.030022	0.100206	0.071633	0.259612	0.099497	0.137619	-0.058784	0.201421	0.000000	0.226225	-0.022831	-0.000642	0.051070	-0.061411	0.080416
738	0.114707	-0.173332	0.000000	0.157115	0.232049	0.055169	0.213932	0.255573	0.319231	0.207490	0.248408	0.082788	0.350268	0.141936	0.336385	0.127213	0.172173	0.235609	0.183376	0.294205
739	-0.107979	-0.339034	-0.096628	0.030908	-0.005230	-0.135049	0.040867	-0.163077	0.082692	-0.113417	-0.016469	-0.138844	-0.053215	-0.029017	0.000000	-0.113609	-0.096765	-0.129481	-0.062610	0.060794
740	-0.044161	-0.433335	-0.066604	-0.053923	0.109713	0.000000	0.019126	-0.132864	0.088985	-0.041693	0.065636	-0.132855	0.226984	-0.028667	0.110201	-0.092288	-0.030566	-0.111202	0.027008	0.181874
741	-0.150812	-0.483289	-0.166694	-0.001720	-0.124673	-0.186845	-0.075865	-0.159682	0.072485	-0.168354	-0.050369	-0.258517	-0.233734	-0.068245	0.000000	-0.185604	-0.136993	-0.119203	-0.190914	-0.041913
742	0.080026	-0.259080	0.187254	0.292477	0.106722	0.080522	0.111657	0.069019	0.224154	0.104948	0.109827	0.001013	0.220449	0.153996	0.204612	0.000000	0.060865	0.030229	0.050381	0.175792
743	-0.025089	-0.356851	0.164426	0.148406	-0.020794	0.063202	0.085609	-0.042485	0.163982	-0.034990	0.048795	-0.009910	0.152996	0.084804	0.180591	-0.010132	0.000000	-0.028999	-0.128115	0.007738
744	-0.112642	-0.306139	-0.146105	-0.004498	0.064209	-0.196732	0.016448	0.065390	0.056817	0.011173	0.076777	-0.171828	0.116387	-0.072507	0.000000	-0.146547	-0.033508	0.059499	-0.019233	0.144023
745	0.084571	-0.313286	-0.014181	0.059136	0.154449	0.070190	0.132165	0.009600	0.208723	0.000000	0.147838	-0.003192	0.098243	0.076921	0.202691	0.039318	0.030067	0.021767	0.069799	0.194817
746	0.134179	-0.196600	0.181432	0.161316	0.276272	0.100831	0.283359	0.021116	0.333557	-0.027948	0.119150	0.122638	0.245445	0.125972	0.344467	0.149768	0.210133	0.000000	0.205502	0.354001
747	-0.018127	-0.270422	0.100333	0.049341	-0.116605	-0.004743	0.021031	-0.136214	0.152304	-0.155864	-0.096353	-0.006597	0.192484	0.020482	0.126172	0.000000	0.075323	-0.064345	-0.306011	-0.105187
748	-0.066088	-0.565020	-0.220144	-0.072563	0.016232	0.000000	-0.058958	0.066820	0.120910	0.005282	0.013154	-0.215482	0.717380	-0.054368	0.108610	-0.197328	-0.056038	0.124008	-0.266014	0.051864
749	0.259803	-0.228490	0.390848	0.361327	0.000000	0.425848	0.413178	0.160152	0.375498	0.101373	0.245071	0.408703	0.174562	0.418190	0.378575	0.304442	0.351060	0.262827	0.037991	0.269371
750	0.205719	-0.182240	0.340793	0.253200	0.133821	0.301761	0.324417	0.116428	0.463956	0.000000	0.226104	0.366106	0.455389	0.318708	0.471783	0.272379	0.240867	0.214806	-0.130057	0.132251
751	0.000000	-0.187146	0.271120	0.079785	0.052038	0.366488	0.048195	0.016532	0.011864	0.006463	-0.000992	0.085355	1.105605	-0.099306	-0.005314	0.061672	0.047088	0.071989	-0.081716	0.025071
752	-0.176022	-0.254426	-0.094362	-0.157275	0.105138	-0.015841	-0.097280	0.122138	-0.228729	0.000000	-0.053387	-0.171992	0.434458	-0.316066	-0.227837	-0.214757	-0.070321	0.109128	0.039980	0.107278
753	0.000000	-0.239435	0.577685	0.260393	-0.130706	0.361962	0.297929	-0.479604	0.346928	-0.440527	-0.210191	0.440743	0.539431	0.207730	0.345368	0.294876	0.208558	-0.267149	-0.204371	0.024606
754	0.916574	0.446406	1.371177	1.126635	0.490096	1.278995	1.148573	0.634093	1.133047	0.448546	0.643803	1.335923	1.659945	1.115921	1.088033	1.199030	1.145326	0.802643	0.000000	0.617367
755	-0.195997	-0.353945	0.000000	-0.054607	-0.162358	0.208112	-0.021337	-0.140898	-0.022131	-0.260456	-0.204666	0.011535	1.108706	-0.111966	-0.052117	-0.011387	0.088293	-0.059515	-0.238850	-0.149313
756	-0.658632	-0.867115	0.000000	-0.157431	-0.956717	-0.290959	-0.378447	-0.944422	-0.237084	-1.000340	-0.831085	-0.112623	0.429413	-0.362372	-0.259389	-0.318168	-0.367505	-0.719187	-0.997669	-0.805420
757	0.652378	0.265768	1.172014	0.996062	0.296214	1.060811	1.006504	0.055210	1.301925	0.000000	0.395553	1.230317	1.528138	1.080803	1.253562	0.915833	0.731276	0.276864	0.215446	0.451688
758	0.040358	-0.255611	0.844173	0.429299	-0.274395	0.634362	0.295515	-0.448509	0.244848	-0.478661	-0.264377	0.463012	1.324862	0.242403	0.000000	0.362597	0.254539	-0.203386	-0.416662	-0.270728
759	-0.059580	-0.129619	0.095845	0.107678	0.086589	0.180642	0.011608	0.209606	-0.006917	0.050736	0.023988	-0.044671	1.150427	-0.015386	-0.124887	0.000000	0.164503	0.276467	-0.061757	0.075216
760	0.507226	0.111673	1.124618	0.849980	0.074629	0.990344	0.722683	0.080199	0.862414	0.000000	0.289511	0.957725	1.642315	0.774847	0.729550	0.762592	0.663750	0.278980	0.004434	0.196055
761	0.073365	0.000000	1.243630	0.868332	-0.111706	0.497097	0.833718	0.030819	1.138547	-0.209327	-0.053429	1.077262	1.360295	0.764741	1.072553	0.633836	0.641510	0.214015	-0.141749	0.175578
762	0.253283	0.005709	0.420837	0.141135	0.291582	0.739086	0.379035	0.167782	0.349202	0.000000	0.180387	0.335054	1.472004	0.190694	0.244553	0.322816	0.375033	0.351458	0.110374	0.242767
763	0.132859	-0.152261	0.163441	-0.010544	0.000000	0.511124	0.299708	0.270955	0.224282	0.125305	0.162081	0.276191	1.257165	0.145597	0.224011	0.255445	0.449837	0.489702	-0.012979	0.200311
764	0.148456	0.000000	1.206320	0.936037	-0.169454	0.633084	0.836540	-0.330336	1.223355	-0.355171	-0.087591	1.078229	1.435071	0.869416	1.192545	0.730914	0.574287	-0.030180	-0.124176	0.221385
765	0.507990	0.399426	1.514532	1.108668	-0.008645	0.987672	0.945638	0.489243	1.282547	0.154383	0.410484	1.368440	1.839969	0.983966	1.202305	1.082870	1.100617	0.733878	-0.013528	0.000000
766	-0.037002	-0.118355	0.333026	0.279542	0.235850	0.420227	0.000000	0.117075	0.053560	-0.030857	0.053457	0.102939	1.384748	0.019891	-0.061719	0.119164	0.233130	0.236728	0.084287	0.237659
767	-0.300035	-0.338567	0.647437	0.373489	-0.285675	0.168261	0.129478	-0.190291	0.136917	-0.442886	-0.306667	0.290746	1.197731	0.006563	0.000000	0.133082	0.172970	-0.061040	-0.370168	-0.153026
768	0.704680	0.426446	1.700454	1.433459	0.364461	1.268703	1.308398	0.098149	1.710413	0.000000	0.442309	1.608849	2.089916	1.368796	1.619436	1.175336	0.872930	0.326554	0.336730	0.574957
769	0.046569	-0.168779	0.953420	0.478113	-0.183235	0.693505	0.288237	-0.291408	0.228531	-0.415873	-0.189791	0.486518	1.489059	0.207822	0.000000	0.345968	0.257199	-0.056959	-0.299806	-0.183667
770	-0.237184	-0.375334	0.000000	-0.098721	-0.131640	0.157337	-0.030673	-0.127275	0.067972	-0.262943	-0.206962	0.042209	1.196826	-0.129284	0.040293	0.032992	0.073854	0.009464	-0.347223	-0.146377
771	0.293262	0.120266	1.191421	0.902619	0.000000	0.755531	0.902509	0.212885	1.047103	0.047668	0.285469	1.155072	1.475152	0.907323	0.984235	0.807515	0.798226	0.397330	0.078381	0.366912
772	0.263155	-0.010723	1.364107	0.977759	-0.082561	0.732177	0.766447	0.000000	1.103497	-0.167901	0.099725	1.101188	1.589430	0.795750	1.027774	0.780494	0.762893	0.327527	-0.169084	0.085812
773	0.093297	-0.040900	0.337745	0.067226	0.209946	0.431635	0.277378	0.102628	0.156587	0.000000	0.143090	0.273952	1.319293	0.113474	0.101113	0.175009	0.218907	0.220187	0.086346	0.163152
774	-0.015510	-0.229800	0.542300	0.339301	-0.202013	0.259925	0.113783	0.000000	0.171574	-0.087630	-0.037629	0.292266	1.303804	0.103464	0.067306	0.198323	0.244550	0.300932	-0.267295	-0.126434
775	0.000000	-0.170816	1.464118	1.085537	-0.215959	0.688882	0.753150	-0.470229	0.992499	-0.560256	-0.223291	1.090558	1.438389	0.807921	0.959185	0.680759	0.384676	-0.258946	-0.161268	0.025859
776	0.000000	-0.046198	0.990262	0.654706	-0.193393	0.444757	0.373926	-0.143296	0.476716	-0.344900	-0.092185	0.576459	1.370121	0.329754	0.449460	0.413532	0.336156	0.110562	-0.214417	-0.091191
777	-0.076799	-0.315129	0.444174	0.299146	-0.265831	0.104533	0.057754	-0.222338	0.167623	-0.306619	-0.126237	0.218649	1.000680	0.122527	0.000000	0.188403	0.129224	-0.003078	-0.424839	-0.293340
778	0.525528	0.099744	1.499213	1.295650	0.139566	0.994327	0.952513	0.000000	1.188393	0.012983	0.272797	1.270984	1.977590	1.021069	1.087725	1.037342	0.842910	0.352048	0.081292	0.281422
779	0.060696	-0.182923	0.984049	0.776067	-0.243460	0.357970	0.518310	-0.049964	0.813335	-0.249380	-0.071593	0.853865	1.230885	0.609204	0.766289	0.512081	0.467761	0.000000	-0.305293	-0.118808
780	-0.090500	-0.200044	0.445437	0.000000	-0.095878	0.250258	0.184186	-0.116716	0.249426	-0.170136	-0.091313	0.346212	1.168961	0.071935	0.196211	0.131608	0.186473	0.005577	-0.233626	-0.150808
781	0.155569	-0.178431	0.360846	0.160027	0.038438	0.494051	0.195283	0.155811	0.320834	0.000000	0.084099	0.330428	1.193665	0.154938	0.235719	0.233967	0.295548	0.291269	-0.156130	0.018964
782	0.553652	0.179570	1.190763	0.975727	0.284929	0.963591	0.879635	0.100965	1.106084	0.000000	0.326246	1.089123	1.465061	0.915490	1.061467	0.799951	0.733213	0.287975	0.233114	0.448522
783	-0.225879	-0.566351	0.391016	0.072620	-0.448486	0.000000	-0.089791	-0.414194	0.088817	-0.501919	-0.391644	0.080979	0.784265	-0.085808	0.015769	-0.051533	0.045442	-0.228571	-0.543634	-0.325238
784	-0.135979	-0.374378	0.323573	0.211842	0.042312	0.233573	0.000000	-0.283226	0.020094	-0.236469	-0.125400	0.125508	0.679748	0.014140	-0.088570	-0.057349	-0.015413	-0.252992	-0.081484	0.048434
785	-0.067790	-0.468385	0.253890	0.224918	-0.394286	0.122737	-0.037009	-0.192705	0.221639	-0.371775	-0.299346	0.104694	0.759437	0.083027	0.168819	0.000000	0.072310	-0.080112	-0.540706	-0.279199
786	-0.080572	-0.326995	0.421324	0.252366	-0.272940	-0.028710	0.153985	-0.393780	0.273853	-0.384245	-0.293864	0.243418	0.358990	0.150908	0.260555	0.000000	0.008201	-0.338180	-0.285038	-0.088364
787	0.437335	-0.065702	0.789829	0.594393	0.144197	0.691869	0.592396	0.141219	0.725482	0.000000	0.216850	0.670761	1.238546	0.556289	0.656985	0.485496	0.432153	0.183488	0.075551	0.207719
788	-0.188561	-0.489225	-0.011759	0.006406	-0.204070	0.113657	-0.046188	-0.197132	0.000000	-0.275965	-0.163461	-0.122034	0.587004	-0.055381	0.003355	-0.112803	-0.107458	-0.152904	-0.428437	-0.193892
789	-0.026267	-0.415517	0.361220	0.297136	-0.227432	0.000000	0.108938	-0.214752	0.379693	-0.271139	-0.182970	0.176440	0.926350	0.166570	0.359191	0.094404	0.157770	-0.107344	-0.351614	-0.061362
790	0.433139	-0.050037	0.762562	0.643462	0.189537	0.550629	0.652943	0.118337	0.746418	0.000000	0.276080	0.699102	0.814471	0.621462	0.752285	0.463647	0.408775	0.145908	0.186001	0.328219
791	0.008137	-0.318757	0.291309	0.101676	-0.082233	0.352224	0.109400	-0.242766	0.163633	-0.239802	-0.116477	0.124786	0.688862	0.056812	0.000000	0.094500	0.067527	-0.133950	-0.272069	-0.092976
792	0.132950	-0.205778	0.175257	0.104185	0.131213	0.345027	0.182421	0.040595	0.218659	0.000000	0.109009	0.134546	0.855676	0.097545	0.197587	0.091733	0.113321	0.085312	-0.050699	0.106538
793	-0.113789	-0.458210	0.563591	0.333260	-0.346189	0.000000	0.184765	-0.427025	0.365827	-0.467421	-0.384261	0.335268	0.773014	0.151113	0.356995	0.112739	0.108330	-0.325547	-0.474148	-0.142591
794	0.975506	0.412755	1.374216	1.169754	0.467893	1.226023	1.108436	0.721739	1.121492	0.561292	0.668503	1.311217	1.385208	1.125895	1.073625	1.151569	1.096726	0.791175	0.000000	0.611735
795	-0.125749	-0.357494	0.092836	0.000000	0.016063	0.082085	0.062451	-0.136604	0.087063	-0.173858	-0.093020	0.002835	0.576196	-0.009363	0.045168	0.020322	0.058307	-0.101930	-0.141479	0.009834
796	-0.201500	-0.598907	0.430561	0.233795	-0.520827	0.000000	-0.129127	-0.465184	0.022212	-0.548999	-0.444672	0.152896	0.846064	-0.027754	-0.034063	0.103830	0.097743	-0.245524	-0.770472	-0.416137
797	0.521108	0.234482	1.258770	1.011978	0.395569	0.926049	0.999171	0.116863	1.046626	0.000000	0.320588	1.184583	1.587787	0.932641	1.016096	0.825022	0.700708	0.252432	0.293864	0.513841
798	0.049983	-0.064034	0.616632	0.211752	0.037999	0.642954	0.232962	-0.383706	0.000000	-0.328305	-0.097915	0.369521	1.100494	0.080594	-0.038068	0.267093	0.164423	-0.190191	-0.120046	-0.022423
799	0.411553	0.104590	0.715367	0.629198	0.124195	0.731792	0.445048	0.304409	0.436438	0.260665	0.312406	0.645933	1.327124	0.457204	0.304369	0.610137	0.555972	0.489128	-0.011675	0.000000
800	0.746365	0.371214	1.841913	1.508470	0.295875	1.387503	1.296805	0.087722	1.476723	0.000000	0.415929	1.678961	2.264845	1.334712	1.412392	1.259052	1.005492	0.327160	0.308667	0.524411
801	0.842779	0.428938	1.827945	1.563580	0.375208	1.203434	1.286286	0.590404	1.278964	0.312535	0.575882	1.622647	2.016129	1.313322	1.259170	1.302856	1.209588	0.799954	0.000000	0.628672
802	-0.112092	-0.253375	0.258468	0.009308	-0.189018	0.127252	-0.057740	-0.252123	-0.133323	-0.325268	-0.178674	0.000000	1.127923	-0.101432	-0.207298	0.041682	0.067413	-0.078081	-0.397677	-0.219935
803	0.444819	0.188395	1.110917	0.656632	0.281376	1.104807	0.704707	0.185841	0.624379	0.000000	0.248963	0.930038	1.822408	0.504449	0.585670	0.734629	0.680926	0.382953	0.098703	0.336555
804	0.644148	0.551937	1.731863	1.462268	0.465243	1.116609	1.306936	0.163126	1.564574	0.000000	0.523204	1.643523	1.865512	1.366774	1.537409	1.172127	0.972556	0.413868	0.455545	0.670482
805	0.000000	-0.095836	0.635605	0.197634	-0.038886	0.574665	0.251169	-0.235519	0.120170	-0.258188	-0.049386	0.374513	1.221574	0.088018	0.132572	0.289561	0.294284	-0.015331	-0.143841	-0.021429
806	0.130842	0.065315	0.303395	0.222260	0.128298	0.339524	0.204954	0.325846	0.050284	0.171591	0.229281	0.259580	1.390900	0.092882	-0.025624	0.306491	0.417230	0.491851	0.081223	0.000000
807	0.795034	0.354241	1.593162	1.465233	0.382469	1.241773	1.034671	0.190958	1.094211	0.137444	0.501589	1.388151	1.783186	1.176817	1.086120	1.199126	0.999542	0.485411	0.000000	0.607972
808	-0.177987	-0.245258	1.047734	0.733034	-0.545253	0.000000	0.310385	-0.364603	0.766181	-0.605019	-0.315869	0.725033	1.290173	0.500798	0.717567	0.361459	0.302984	-0.101685	-0.605196	-0.315549
809	-0.032490	-0.205553	0.379302	0.215160	-0.337474	0.221287	0.010095	-0.369055	0.128575	-0.408693	-0.126062	0.187975	1.326938	0.137718	0.000000	0.110316	0.047835	-0.113796	-0.501900	-0.382388
810	-0.335313	-0.446033	0.492007	0.000000	-0.192613	0.295979	0.076004	-0.430908	-0.014241	-0.553420	-0.390424	0.213513	1.256552	-0.185768	-0.028112	0.064258	0.046145	-0.278999	-0.450914	-0.192428
811	0.306066	0.224475	1.022265	0.850751	0.293023	0.629803	0.808596	0.180643	0.888279	0.000000	0.315530	0.916696	1.463331	0.750695	0.878182	0.577167	0.546211	0.297661	0.296281	0.511291
812	-0.613891	-0.568010	0.463236	0.011916	-0.981152	-0.267233	-0.191601	-0.684773	0.000000	-0.863654	-0.679322	0.245519	0.930058	-0.149910	-0.048146	-0.129199	-0.214285	-0.511706	-0.993905	-0.912734
813	0.092203	-0.052381	0.270095	0.130583	0.168585	0.415200	0.185018	0.000000	0.142365	0.018876	0.136375	0.179567	1.338910	0.093083	0.043676	0.203423	0.269069	0.268471	0.030826	0.171247
814	-0.290615	-0.284064	0.457824	0.188931	-0.416615	0.119711	-0.160012	-0.335651	-0.045602	-0.429217	-0.271404	0.118962	1.333524	-0.053395	-0.134454	0.000000	0.087612	-0.089701	-0.593073	-0.416856
815	0.000000	0.031548	1.353198	1.052386	-0.183992	0.421496	0.782828	-0.153011	1.137579	-0.393882	-0.104649	1.037447	1.600467	0.784975	1.132914	0.547442	0.333519	0.113478	-0.196728	0.078599
816	0.040828	0.005486	0.514622	0.227640	0.062945	0.500324	0.229187	0.000000	0.186492	-0.093683	0.016097	0.359927	1.471806	0.036641	0.150688	0.244613	0.295895	0.322230	-0.090174	0.061890
817	-0.130201	-0.058055	0.206175	-0.004353	-0.045096	0.256029	0.002416	-0.188968	-0.036610	-0.151044	-0.064297	0.000000	1.405464	-0.052249	-0.057956	0.029225	0.090850	-0.022841	-0.166231	-0.058483
818	0.290975	0.033444	0.930209	0.715985	0.086251	0.706613	0.633142	0.062076	0.823587	0.000000	0.224037	0.921896	1.934523	0.660685	0.765300	0.599946	0.478054	0.168884	0.042127	0.202707
819	0.430326	0.242105	1.326172	1.095319	0.000000	0.819110	0.986763	0.211854	1.054363	0.058037	0.321757	1.239040	1.550035	1.003594	1.032676	0.890218	0.857683	0.430331	0.106681	0.336098
820	-0.587268	-0.854854	0.000000	-0.113785	-0.702898	-0.126529	-0.400214	-0.977200	-0.472920	-0.945321	-0.720318	-0.274986	0.774077	-0.382115	-0.537505	-0.351634	-0.510626	-0.773699	-0.843189	-0.726369
821	-0.300225	-0.308655	0.337850	0.070098	-0.319835	0.233537	-0.097827	-0.192447	-0.051063	-0.338854	-0.281553	0.099187	1.289225	-0.111993	-0.137441	-0.052233	0.000000	0.037905	-0.541422	-0.375894
822	0.555038	0.370486	1.575598	1.415506	0.210186	1.028710	1.131682	0.000000	1.498249	0.038712	0.382683	1.486272	2.064869	1.254282	1.464350	1.112272	0.949209	0.447084	0.168011	0.381069
823	0.000000	-0.014131	0.842599	0.499596	0.046220	0.478553	0.307927	0.018254	0.253662	-0.097906	-0.054145	0.445190	1.506464	0.194183	0.152363	0.321430	0.304785	0.188942	-0.074275	0.075107
824	-0.286887	-0.133834	-0.083709	-0.203076	0.032546	-0.026473	-0.143157	0.000000	-0.430131	-0.021243	-0.075471	-0.202865	1.140781	-0.381847	-0.466055	-0.212602	-0.001496	0.195813	0.073702	0.052838
825	0.000000	-0.018338	0.595062	0.180578	-0.043884	0.676703	0.175800	-0.134984	0.136500	-0.120708	-0.051776	0.445563	1.708409	0.075519	0.118935	0.288720	0.282617	0.163574	-0.220169	-0.044824
826	0.229440	0.051622	1.154931	0.933187	-0.153967	0.623746	0.741390	-0.167394	0.970914	-0.294295	0.016191	0.997103	1.477282	0.804764	0.931449	0.689066	0.524452	0.000000	-0.184175	0.050554
827	0.000000	0.115597	0.453508	0.199159	0.250666	0.287190	0.229235	0.225831	0.093262	0.067115	0.104489	0.270277	1.508068	0.014823	0.111826	0.171962	0.260840	0.367274	0.119623	0.233435
828	0.029591	0.000168	0.209718	0.000000	0.130871	0.272100	0.246828	0.034160	0.185844	0.146522	0.160073	0.236800	1.264577	0.148984	0.179908	0.179763	0.252642	0.124911	0.066776	0.109657
829	0.659151	0.350211	1.297818	1.216755	0.388159	1.089744	1.013363	0.468791	1.110209	0.381626	0.526434	1.281290	1.934747	1.094550	1.061819	1.021787	0.942156	0.614065	0.000000	0.591152
830	-0.320953	-0.351969	0.933092	0.527278	-0.646109	0.238939	0.206977	-0.639117	0.325678	-0.703647	-0.491025	0.516123	1.253622	0.243706	0.220279	0.154708	0.000000	-0.447935	-0.684485	-0.508447
831	-0.277160	-0.139075	0.000000	-0.055197	-0.023280	-0.000998	-0.078898	-0.142460	-0.242066	-0.160189	-0.127404	-0.011999	0.855742	-0.215182	-0.211048	-0.144616	-0.092549	-0.103420	-0.042399	-0.022952
832	0.256403	0.098478	0.705873	0.477363	0.040833	0.591242	0.274998	0.000535	0.195748	0.110734	0.143911	0.484452	1.258225	0.286476	0.000000	0.390953	0.357327	0.194271	-0.120778	-0.007147
833	0.230000	0.034751	1.299628	0.972118	0.209506	0.760265	0.870029	-0.044669	0.957066	-0.231854	-0.044427	1.013593	1.550364	0.696940	0.916147	0.684699	0.536959	0.000000	0.075639	0.377036
834	0.217105	0.087952	0.797308	0.483530	0.085069	0.571177	0.417705	0.000000	0.281739	-0.003719	0.134248	0.519966	1.405021	0.277333	0.230738	0.398929	0.430453	0.340862	0.001649	0.095436
835	-0.003871	0.068125	0.279404	0.000000	0.317142	0.276579	0.313265	0.158564	0.211134	0.237816	0.213766	0.325049	1.224067	0.129117	0.197795	0.210385	0.307129	0.187742	0.218777	0.270205
836	0.322225	0.005259	0.939154	0.613629	-0.040751	0.795080	0.480527	0.000000	0.629064	0.041467	0.135717	0.784678	1.610578	0.495442	0.527574	0.646403	0.612545	0.336953	-0.237577	-0.022465
837	-0.341121	-0.655164	0.826410	0.644872	-0.821807	0.000000	0.178620	-0.766105	0.643153	-0.904425	-0.645485	0.542939	1.173486	0.339091	0.572906	0.208199	0.022819	-0.481421	-0.905130	-0.572577
838	-0.069056	-0.215484	0.493550	0.207963	-0.202587	0.352569	0.121748	-0.313940	0.108972	-0.284738	-0.165915	0.243269	1.200695	0.000000	-0.000964	0.175648	0.128679	-0.109781	-0.382557	-0.235882
839	0.135249	-0.005263	0.498111	0.335774	0.136232	0.536359	0.241260	0.020585	0.210010	0.009382	0.079655	0.350694	1.284626	0.198631	0.000000	0.362934	0.376403	0.230352	-0.068925	0.082798
840	0.600153	0.218749	1.390339	1.174057	0.361410	1.134090	1.077105	0.050020	1.157399	0.000000	0.339087	1.248769	1.756413	1.042012	1.060073	1.003325	0.756348	0.233784	0.357750	0.533765
841	0.195702	0.000000	1.123190	0.846818	-0.189072	0.589023	0.567075	0.105027	0.898100	-0.043936	-0.002585	0.970465	1.757296	0.648346	0.784140	0.693025	0.661791	0.208125	-0.265417	-0.068432
842	0.045037	-0.031517	0.278017	0.091756	0.233496	0.372793	0.236668	0.055790	0.148179	-0.042485	0.006031	0.178342	1.197307	0.035262	0.000000	0.211133	0.246412	0.198733	0.129285	0.223615
843	0.000000	-0.409265	0.387998	0.121259	-0.267856	0.406972	-0.015349	-0.187681	0.057520	-0.276113	-0.219048	0.210442	1.102065	-0.012762	-0.033405	0.223600	0.192218	0.062220	-0.468297	-0.257405
844	0.375321	0.027297	1.051970	0.864782	0.000000	0.779270	0.856705	-0.047273	0.970432	-0.174028	0.097184	0.994831	1.116629	0.811067	0.931558	0.776701	0.694351	0.219853	0.018666	0.365331
845	0.271665	-0.105298	0.544518	0.342341	0.227786	0.520140	0.374423	0.157228	0.419930	0.000000	0.135853	0.426333	1.050271	0.287400	0.352328	0.342250	0.394470	0.285755	0.088466	0.228724
846	-0.103321	-0.243198	0.064101	0.027433	0.162968	0.093599	0.000000	0.094950	0.134494	0.051516	0.012064	0.038974	0.719039	0.004374	0.020626	-0.024755	0.067874	0.059111	0.017608	0.159398
847	0.374512	-0.082934	0.776944	0.612145	0.087247	0.748930	0.586659	0.000000	0.695108	0.006145	0.153148	0.719516	0.978384	0.534807	0.612110	0.567761	0.545069	0.282222	-0.060253	0.226860
848	-0.378952	-0.768381	0.003014	-0.114489	-0.755936	-0.138620	-0.264178	-0.501763	-0.037611	-0.568360	-0.551760	-0.061003	0.000000	-0.218787	-0.136151	-0.226568	-0.242319	-0.406823	-0.853074	-0.653811
849	-0.002734	-0.346770	0.027823	0.103693	-0.143680	0.070491	0.030118	-0.072457	0.150785	-0.117301	-0.043951	-0.024825	0.270775	0.066014	0.000000	0.031194	0.012727	-0.022613	-0.288659	-0.126004
850	-0.093245	-0.481602	0.128027	0.099810	-0.235530	0.189600	0.007819	-0.231547	0.185337	-0.277281	-0.194869	0.067640	0.586612	0.059828	0.000000	0.066724	0.020658	-0.116155	-0.460176	-0.245244
851	0.327323	-0.231430	0.592942	0.461194	-0.011791	0.487017	0.502745	0.000000	0.758972	-0.035005	0.109320	0.605787	0.885761	0.517364	0.688040	0.507297	0.482042	0.213420	-0.106166	0.087427
852	-0.133772	-0.645720	0.310995	0.183173	-0.687899	0.111402	-0.046161	-0.500596	0.197361	-0.606444	-0.490510	0.149902	0.623010	0.039484	0.000000	0.041482	-0.036278	-0.359549	-0.803002	-0.616861
853	-0.131849	-0.413541	-0.089343	-0.010378	-0.145735	0.026544	0.022486	-0.051832	0.186444	-0.022602	-0.022225	-0.055346	0.523168	0.000000	0.127240	-0.022226	0.021739	-0.064480	-0.286293	-0.140489
854	-0.230859	-0.665981	-0.000981	-0.079641	-0.431022	0.000000	-0.242753	-0.301120	0.062555	-0.365605	-0.354931	-0.104423	0.414696	-0.154746	0.013647	-0.090785	-0.021300	-0.167371	-0.633793	-0.351407
855	0.446931	-0.028254	0.722923	0.623637	0.066926	0.737408	0.570217	0.087700	0.815622	0.000000	0.185367	0.686301	0.880133	0.591545	0.771008	0.541920	0.447470	0.162867	0.019716	0.179449
856	-0.036488	-0.388459	0.172075	0.000000	-0.187498	0.211807	0.015610	-0.278762	0.093203	-0.304066	-0.235673	0.059327	0.540027	-0.029694	0.045483	0.021058	-0.029927	-0.165348	-0.334736	-0.194025
857	-0.029642	-0.204311	0.064236	0.132766	-0.018024	0.120187	0.035294	0.090609	0.142070	0.083525	0.061336	0.014692	0.464535	0.064254	0.000000	0.056031	0.128451	0.143422	-0.125162	-0.009465
858	0.000000	-0.422749	0.280253	0.125853	-0.270541	0.299695	0.036193	-0.289935	0.201799	-0.348062	-0.240196	0.167180	0.582031	0.056485	0.131136	0.159027	0.084565	-0.121817	-0.395314	-0.192163
859	0.333191	-0.105200	0.559377	0.442779	0.026440	0.455334	0.292072	0.083393	0.452675	0.000000	0.132364	0.409528	0.642146	0.316433	0.353009	0.331031	0.230526	0.141461	0.005344	0.074107
860	0.155853	-0.126597	0.205040	0.151858	0.180267	0.180855	0.218383	0.093543	0.247214	0.000000	0.113500	0.175319	0.378336	0.098413	0.232646	0.119301	0.158501	0.117971	0.170444	0.220591
