	A	C	D	E	F	G	H	I	K	L	M	N	P	Q	R	S	T	V	W	Y
1	0.205436	-0.272078	0.185451	0.188127	-0.165483	0.366035	0.112948	-0.117843	0.333056	-0.034347	0.000000	0.197629	0.135062	0.322288	0.268015	0.291958	0.230329	0.038197	-0.444418	-0.158383
2	0.002833	-0.324740	0.000000	0.054255	-0.259638	0.238180	0.056853	-0.000084	0.263304	-0.016697	0.015724	0.136226	0.232717	0.118042	0.250618	0.146981	0.134701	0.035957	-0.439430	-0.230527
3	0.274773	-0.249501	0.416692	0.410648	-0.095262	0.639812	0.321530	0.045077	0.567572	0.071779	0.157535	0.401683	0.331675	0.431241	0.484974	0.356700	0.283485	0.000000	-0.374818	-0.049911
4	0.227421	-0.342861	0.082430	0.181916	-0.195552	0.582453	0.055661	-0.128171	0.250022	0.005016	0.082361	0.000000	0.508652	0.221643	0.150461	0.140965	0.124545	0.016215	-0.474144	-0.202730
5	0.256452	-0.286753	0.416047	0.268703	-0.174835	0.560760	0.190181	-0.128554	0.366878	-0.008018	0.117181	0.340219	0.000000	0.333382	0.284279	0.294302	0.171376	0.015022	-0.429398	-0.140210
6	0.148153	-0.212507	0.304043	0.268402	-0.112672	0.498708	0.131921	0.011770	0.330125	0.020493	0.105748	0.203995	0.745694	0.260444	0.244204	0.137243	0.000000	0.142327	-0.454380	-0.156347
7	0.300297	-0.156010	0.500773	0.317590	0.114850	0.623549	0.325081	0.039244	0.324652	0.000000	0.175768	0.454018	0.891315	0.286870	0.283133	0.409151	0.355655	0.145048	-0.035112	0.082993
8	0.430658	-0.047523	0.761550	0.559388	-0.061302	0.874606	0.366709	0.027461	0.511098	0.000000	0.215664	0.639773	0.830001	0.488265	0.392329	0.605827	0.484071	0.165767	-0.143112	-0.053707
9	0.932772	0.351424	1.150135	0.984259	0.000000	1.254381	0.899255	0.663262	1.092306	0.530807	0.629833	1.067238	1.072516	1.015314	0.982804	0.997318	0.970592	0.860821	-0.119425	0.207733
10	0.310119	-0.155536	0.546683	0.356203	0.077170	0.656233	0.355599	0.073478	0.442736	0.000000	0.193983	0.489044	1.064955	0.371163	0.379101	0.347720	0.305127	0.193582	-0.045515	0.066845
11	-0.139324	-0.627746	0.214260	0.080625	-0.700251	0.200301	-0.223554	-0.673196	0.000000	-0.575339	-0.319006	0.009532	0.474534	0.006517	-0.005936	-0.081831	-0.237782	-0.500613	-1.061875	-0.714274
12	0.565014	-0.221270	0.775172	0.617197	-0.025237	1.029199	0.445019	-0.033983	0.572948	0.064132	0.135841	0.600356	0.871976	0.510101	0.479920	0.582921	0.352571	0.000000	-0.196636	-0.019216
13	0.684228	0.552342	0.476986	0.647790	0.828496	1.084575	0.630232	0.875478	0.986946	0.905758	1.080517	0.777569	0.000000	0.947878	1.004611	0.662010	0.798341	0.908200	0.582267	0.744297
14	0.000000	-0.352809	0.726213	0.320661	-0.560154	0.679120	0.027536	-0.254740	0.039599	-0.149500	-0.087596	0.511977	0.118768	0.241542	-0.046347	0.365497	0.248953	-0.169240	-0.644834	-0.537215
15	-0.290830	-0.239753	0.432612	-0.357372	-0.130096	0.350788	0.186445	0.035794	0.609451	0.056925	-0.032323	0.509502	0.575340	0.000000	0.546875	0.471613	0.502901	0.025996	-0.194265	-0.235423
16	0.043714	-0.466614	-0.308012	-0.222565	-0.281704	0.659864	-0.077483	-0.308742	0.096238	-0.329402	-0.196769	0.000000	1.346516	0.005019	0.116612	0.152907	0.067545	-0.202496	-0.400187	-0.330761
17	0.000000	-0.317081	1.227602	0.793895	0.050986	0.933940	0.607142	-0.090831	0.605491	-0.357042	-0.091007	0.678226	1.775983	0.469309	0.648655	0.646173	0.596701	-0.017759	-0.142703	0.066214
18	0.486080	0.292607	1.872205	1.326116	0.654700	1.350363	0.639066	0.000000	0.057303	0.454808	0.365231	0.962009	1.804650	0.571038	-0.144532	0.848565	0.900534	0.388099	0.368099	0.413807
19	-0.030125	-0.031404	0.206994	0.289391	0.149438	0.274556	0.167817	0.473654	0.369197	0.573680	0.316751	0.252942	0.709438	0.244613	0.361921	0.000000	0.226826	0.441658	-0.241043	0.034935
20	-0.180736	-0.824040	0.847623	0.488891	-0.797941	0.582449	-0.266742	-0.521048	0.062865	-0.608621	-0.393408	0.310579	1.281338	0.148497	-0.039965	0.125138	0.000000	-0.488055	-0.973608	-0.954276
21	0.320760	-0.213125	0.845219	0.773237	-0.106854	0.715086	0.319432	-0.038571	0.367141	-0.197898	-0.089084	0.468441	1.311907	0.313433	0.256121	0.232134	0.000000	0.250623	-0.240132	-0.077504
22	1.280002	0.370282	1.186357	1.023961	0.000000	1.749486	0.570422	0.600663	0.927244	0.495875	0.564087	0.891755	1.686495	0.832260	0.701304	1.358081	1.321561	1.202478	0.062010	0.102974
23	0.266573	-0.159360	0.197185	0.405514	-0.002573	0.433376	0.173063	0.230628	0.255223	0.206331	0.285254	0.118920	0.000000	0.338717	0.292968	0.391847	0.444954	0.380369	-0.008741	-0.007607
24	1.711325	0.985699	1.728716	1.689488	0.406668	2.071926	1.248915	1.699852	2.115499	1.595336	1.444459	1.496948	2.245782	1.796790	1.838149	1.802051	1.668867	1.663898	0.394647	0.000000
25	-0.219733	-0.205174	0.137928	0.157185	-0.127377	0.255345	-0.026593	0.255888	0.187246	0.162463	0.118502	0.023032	0.484686	0.130043	0.143918	-0.017429	0.000000	0.341601	-0.442919	-0.250640
26	-0.141090	-0.413111	-0.022847	-0.284726	0.054502	0.000000	-0.111326	0.314366	-0.115784	0.109902	-0.041606	-0.103764	0.966631	-0.235093	-0.047432	-0.081661	0.083238	0.305498	0.110051	0.076068
27	-0.305636	-0.414165	0.000000	-0.164804	-0.134942	0.325943	-0.078051	-0.174743	-0.297198	-0.255169	-0.250973	0.000789	-0.084797	-0.195266	-0.244429	-0.090939	-0.166634	-0.245951	-0.121702	-0.154298
28	0.306003	0.319629	0.846680	0.618750	0.478752	0.791861	0.608248	0.650213	0.517827	0.506791	0.547775	0.748346	0.000000	0.566815	0.501044	0.583474	0.620209	0.649278	0.431267	0.458477
29	0.532178	0.409738	0.712399	0.590326	0.637837	0.892602	0.718602	0.550166	0.568979	0.607780	0.621960	0.741229	0.000000	0.591711	0.544082	0.727422	0.727718	0.608437	0.599728	0.615855
30	0.406300	-0.048860	0.530518	0.357986	0.191685	0.436827	0.254193	0.382981	0.078324	0.422725	0.241442	0.383682	0.245307	0.151742	0.011049	0.367876	0.209506	0.296639	0.219652	0.000000
31	-0.075937	-0.052738	0.386750	0.491560	-0.198112	0.357231	-0.053458	0.563267	0.438455	0.763117	0.496993	0.219461	0.185304	0.473375	0.412501	0.000000	0.293278	0.415406	-0.300142	-0.269512
32	0.239792	-0.235788	0.359160	0.198235	0.197278	0.586355	0.000000	0.157115	0.083929	0.407633	0.264775	0.287347	0.488331	0.167676	-0.016925	0.107720	0.088361	0.067465	0.119940	0.118911
33	0.618598	0.143232	0.655941	0.453451	0.658796	0.000000	0.630195	0.932846	0.613636	0.882625	0.749012	0.582897	0.926040	0.570851	0.619940	0.666634	0.822839	0.946322	0.652314	0.674657
34	0.086608	-0.106751	-0.213794	0.027024	0.405525	0.519259	0.284163	0.552663	0.538158	0.576924	0.511375	-0.129993	0.254605	0.394241	0.466729	-0.295406	0.000000	0.477581	0.317650	0.266079
35	0.225744	-0.013967	0.356041	-0.143918	0.725469	0.000000	0.589064	0.641400	0.683736	0.897525	0.608235	0.315375	0.835806	0.337400	0.789174	0.385294	0.463947	0.301687	0.768647	0.705305
36	1.005686	0.800331	1.520478	1.497793	0.999399	1.766364	1.556867	1.337657	1.667486	1.136545	1.197197	1.387265	2.026967	1.395251	1.489511	0.985180	0.000000	1.186292	1.118226	1.357356
37	-0.123187	-0.216400	-0.044902	-0.258937	-0.492089	0.000000	-0.074497	-0.014111	0.198761	-0.010120	-0.116110	0.273931	0.064523	-0.026864	0.332773	0.172411	0.288299	0.210394	-0.471628	-0.411683
38	0.331884	0.046106	0.537363	0.325579	0.258128	0.910113	0.437667	0.452705	0.424712	0.369757	0.337805	0.627014	0.735632	0.376496	0.329739	0.661033	0.630097	0.514597	0.207155	0.000000
39	-0.060295	0.122232	1.505305	1.205373	0.217660	1.305944	0.980785	-0.054006	0.954023	0.260118	0.236104	0.984921	1.595027	0.871099	0.980635	0.561977	0.000000	-0.057528	0.421991	0.592152
40	1.705272	1.248188	2.602864	2.294397	1.476582	2.691726	2.329378	0.476008	2.277903	0.299940	0.000000	2.368067	2.763840	1.877913	2.313356	2.436441	2.166067	1.235936	1.358436	1.770898
41	0.335139	-0.055185	0.000000	-0.082208	0.559223	0.850392	0.585718	0.414492	0.523523	0.358111	0.293307	0.467512	1.897331	0.302010	0.427738	0.578024	0.593524	0.532278	0.472993	0.499660
42	0.185589	-0.363257	0.568916	0.162847	-0.684776	0.785440	-0.207056	-0.198206	0.349366	-0.229807	-0.106875	0.267838	0.966176	0.247844	0.152962	0.356052	0.000000	-0.009064	-0.829292	-1.080042
43	1.015200	0.745526	1.944961	1.893824	1.084104	1.863663	1.684184	-0.202995	1.559559	0.421991	0.812625	1.772110	1.799517	1.581814	1.621036	1.706022	1.479589	0.000000	1.384676	1.445127
44	0.353508	-0.102149	0.778572	0.540534	0.101660	1.236200	0.574443	-0.767092	0.801086	-0.074228	-0.077324	0.000000	1.954121	0.483514	0.593187	0.575203	0.448721	-0.322339	-0.245784	0.008171
45	0.048285	0.136597	0.544884	0.197222	0.627535	0.954035	0.595614	0.276449	0.262992	0.059342	0.105644	0.395356	2.288692	0.148899	0.000000	0.481378	0.433006	0.475372	0.517548	0.570151
46	0.018489	-0.164725	1.050109	0.746176	0.161548	0.791203	0.482980	-0.895358	0.155681	0.057110	-0.320877	0.560020	0.867426	0.178277	-0.003138	0.331402	0.000000	-0.435234	0.047165	0.270126
47	0.237703	-0.245635	1.640945	1.450387	-0.221815	1.497424	0.000000	-0.847401	0.450280	-0.433012	-0.193672	0.749777	1.352515	0.689615	0.312478	0.840802	0.403403	-0.629592	-0.368558	-0.382042
48	0.182032	0.248466	0.569210	-0.148350	0.495369	1.123582	0.605076	0.387053	0.466170	0.272691	0.184053	0.727377	2.593904	0.000000	0.471081	0.547225	0.713562	0.755262	0.453801	0.548588
49	0.524164	0.443702	1.468696	1.183463	0.172606	1.175673	0.776767	0.145084	1.109136	0.635361	0.184041	0.796432	1.374212	0.812394	0.941042	0.750064	0.571326	0.482206	0.281154	0.000000
50	-0.228017	-0.145914	2.154193	1.490795	1.028352	0.764161	1.019186	0.877593	1.497293	1.249670	0.618912	0.802616	1.635957	0.882811	1.576543	0.000000	0.587929	0.021876	1.502260	0.880361
51	-0.098878	0.300719	0.952574	0.000000	0.744063	0.848768	0.530780	0.550621	0.220421	0.723151	0.441614	0.879594	1.631489	0.142850	0.323912	0.187564	0.738500	0.697919	0.280085	0.585054
52	0.400931	0.674867	1.350717	1.296402	1.135215	0.480076	0.569590	1.406819	-0.034872	0.681527	0.752007	0.593704	1.778751	0.472184	0.000000	0.784463	0.865156	1.460463	1.301812	1.162420
53	2.195132	2.041804	2.520806	2.471402	2.170290	0.000000	2.490455	2.389484	2.421060	2.501536	2.482776	2.416195	2.434734	2.521480	2.526160	2.565864	2.602070	2.425019	2.173080	2.323231
54	0.333844	-0.003990	0.502731	0.016990	0.349854	1.063300	0.342274	-0.012593	0.025620	0.217909	0.179812	0.515581	1.564370	-0.002712	0.000000	0.461199	0.008175	-0.228975	0.561458	0.384266
55	1.576040	0.904860	2.509012	1.819947	0.671074	2.130690	1.169271	1.325601	1.042349	1.235162	0.973724	1.753866	1.535882	1.304576	0.864485	1.610899	1.398588	1.270981	0.000000	0.546027
56	0.628455	0.258153	0.781272	0.261513	0.131166	0.929297	0.612612	0.602268	1.117764	0.805222	0.587947	0.758293	2.248381	0.674170	0.892372	0.002940	0.000000	0.761313	-0.054490	-0.107602
57	0.890936	-0.076151	1.333649	0.555695	-0.165344	1.662333	0.304534	-0.292295	0.421467	0.175710	0.157211	0.828297	2.006172	0.451370	0.291478	0.706730	0.000000	-0.198153	-0.044247	-0.373211
58	1.736521	0.546821	0.410235	1.451398	1.205416	2.093557	0.961177	1.233883	1.514053	1.101895	1.394732	0.000000	2.978784	1.488168	1.432764	1.393275	1.827019	1.316941	1.304804	1.284204
59	-0.387421	-0.256021	0.174547	-0.344458	0.180718	0.448416	0.003204	-0.122167	-0.223406	-0.080172	-0.048296	0.219193	-0.318097	-0.110737	-0.107209	-0.042107	0.000000	-0.239575	0.222366	0.137352
60	0.211577	0.006246	0.257474	0.000000	0.468439	1.033758	0.512226	0.173409	0.291305	-0.026254	0.064235	0.477940	1.301985	0.198589	0.366076	0.566923	0.508832	0.243121	0.303906	0.444612
61	1.668025	0.983454	1.794787	2.062947	1.204049	1.755952	1.377679	0.947678	1.587396	0.548382	1.120732	1.250553	2.238293	1.616121	1.470545	1.032405	0.000000	1.225232	1.321349	1.303367
62	1.529910	0.687998	1.027865	1.241929	1.414892	0.000000	1.187394	2.552758	1.470005	1.688561	1.312057	0.657826	2.527528	1.139283	1.714053	1.422844	1.898392	2.605088	1.544459	1.484175
63	0.000000	0.334049	1.569433	1.285172	0.113187	1.013923	0.611971	0.339237	0.632331	-0.315932	-0.268427	0.970548	2.041249	0.432631	0.309560	0.552711	0.088474	0.355487	0.447700	0.123028
64	0.640809	0.107967	1.530129	1.110572	0.508124	1.320708	0.593430	0.299965	0.000203	0.104848	0.180332	0.794662	0.000000	0.521363	-0.108357	0.964892	0.876461	0.400765	0.574904	0.474875
65	0.842694	0.638368	1.586835	0.275052	0.970477	1.236553	0.876699	1.046569	0.879677	0.629460	0.304525	1.176708	2.528888	0.000000	0.809820	0.988822	1.063057	1.110549	1.040171	1.003137
66	2.202158	0.901131	2.506403	2.227248	1.510903	2.726951	2.174705	0.876454	2.032551	0.000000	1.058851	1.451987	2.402529	1.680222	1.910363	2.195241	1.796139	0.986003	1.817375	1.892892
67	1.431743	0.494486	-0.123759	0.578027	0.667017	1.794560	0.607204	0.733668	1.492108	1.292286	1.281626	0.000000	2.157105	1.161057	1.374062	0.988200	1.104835	1.023368	0.493140	0.476054
68	1.343313	1.615060	2.605219	2.284737	2.236666	2.160618	2.219623	2.297681	2.131580	2.534682	2.228332	2.049112	0.000000	2.063890	2.199533	1.653799	1.905595	2.073738	2.188871	2.153255
69	1.364332	0.767234	1.257263	1.112417	0.859386	2.102429	1.345027	0.000000	1.791382	0.475844	0.607009	1.357007	2.026601	1.026208	1.777873	1.384838	0.734748	0.257547	0.441616	0.873452
70	1.708727	0.929392	0.000000	1.404675	1.913248	1.784179	1.693826	1.973263	1.858135	2.010921	1.839229	0.159899	2.512909	1.659247	1.887353	1.526484	1.944459	1.956745	1.974812	1.970259
71	1.196978	1.500567	2.059112	1.745476	1.618714	0.000000	1.883358	2.142205	1.922316	1.580347	1.562028	1.912331	2.361405	1.727598	2.082563	1.825886	2.194372	2.251183	1.662758	1.772515
72	1.227046	1.097927	1.522409	1.051616	1.430052	2.011834	1.485748	1.058023	1.199031	1.344177	1.295763	1.611102	0.000000	1.252643	1.379588	1.559850	1.510786	0.941369	1.508158	1.386591
73	-0.030698	0.065356	0.279425	-0.149312	-0.079244	0.757907	0.278640	0.184091	0.234324	0.000000	0.118314	0.468317	0.034217	0.136235	0.279997	0.311003	0.356753	0.214252	0.029679	-0.099378
74	1.205838	1.573227	1.781619	1.541081	2.171696	1.801579	1.891515	1.778057	1.427717	1.714742	1.723881	1.656109	0.000000	1.415391	1.567545	1.139250	1.450303	1.728452	2.194279	2.253267
75	0.449893	0.348966	0.302523	0.000000	1.088830	0.832235	0.691115	0.691595	0.514518	0.776790	0.664155	0.478983	0.645871	0.251565	0.765830	0.347376	0.238037	0.452515	1.222480	1.052594
76	1.143418	0.316478	0.000000	0.910754	0.910034	0.394103	0.872856	1.476727	1.135508	1.215133	1.226515	0.260069	1.970706	1.086185	1.218458	0.500369	0.324264	1.426520	1.067973	0.903680
77	0.317149	-0.006348	-0.629440	-0.693854	0.538496	0.508254	0.311435	0.712672	0.824901	0.629820	0.416770	0.000000	0.897035	0.163884	0.946161	0.181171	0.329588	0.641279	0.314214	0.409452
78	0.582813	0.619948	0.507332	0.000000	1.250261	0.830536	0.921675	1.112195	0.791249	0.765331	0.790135	0.712331	2.088918	0.523583	0.890730	0.365238	0.448231	1.148721	1.229322	1.086186
79	0.406501	0.765207	0.978993	0.871157	1.197805	1.478920	1.371765	1.250247	1.610114	1.535675	1.386142	1.349240	0.000000	1.396508	1.687787	0.992722	1.274318	0.972926	1.299251	1.118825
80	1.327080	0.968712	1.563034	1.786995	2.000523	1.706364	1.682171	1.611594	1.828719	2.083759	1.932496	0.924314	1.894715	1.700308	1.729913	0.000000	0.284313	1.220051	1.771939	1.548365
81	-0.137848	0.562927	2.075043	1.601550	1.386794	0.000000	1.206205	1.435191	1.126787	1.449650	0.701018	0.431309	1.161860	0.511127	1.088660	-0.308416	0.779720	1.295378	1.678494	1.662247
82	1.484988	1.203797	2.311009	2.297058	0.064118	1.714808	0.842001	1.976163	2.221277	1.995089	1.518805	1.075791	2.404370	1.717125	2.043247	1.464783	1.416574	1.815157	1.069836	0.000000
83	0.000000	0.167341	1.401784	0.969130	0.243966	0.878133	1.117257	0.187939	1.551682	0.547221	0.355780	1.247391	1.409635	0.978298	1.505558	0.691980	0.469076	0.174010	-0.069833	0.222283
84	0.717814	-0.244720	0.530102	1.008099	0.410024	1.118235	0.152544	0.423029	-0.436972	0.111238	0.299749	-0.162873	2.005486	0.000000	-0.712854	0.269971	0.609641	0.672910	0.608727	0.494771
85	1.085310	0.578551	1.893877	0.864727	0.862325	1.535217	0.852464	0.262370	0.506109	0.316197	0.392829	1.204006	1.651328	0.685842	0.151109	0.770189	0.000000	0.329333	0.643376	0.691352
86	0.273931	0.303180	0.000000	0.165763	0.668482	0.409365	0.297313	0.730718	0.058284	0.717572	0.602718	0.288157	0.998308	0.156237	0.175825	0.228038	0.338035	0.623652	0.448816	0.579794
87	-0.186527	0.000000	0.749944	0.601557	-0.124012	0.907235	0.318369	0.229937	0.217737	0.430835	0.241586	0.671099	1.786838	0.442042	0.374473	0.434852	0.615869	0.068771	0.050183	-0.080238
88	0.317424	0.098070	1.537431	1.479798	0.014427	1.104818	1.268501	-0.191144	1.386130	-0.769362	-0.204603	1.378845	1.903415	1.195603	1.408539	1.174821	0.989390	0.000000	0.205326	0.385790
89	1.657801	0.931529	2.124068	1.723237	1.105321	2.245064	1.611542	0.671079	1.321222	0.000000	0.693561	1.780212	2.685329	1.547915	1.360993	1.900563	1.606619	1.164902	1.202241	1.258250
90	0.065429	0.130683	0.271787	0.000000	0.215351	0.645586	0.149732	0.454847	-0.107524	0.364078	0.253436	0.261479	2.083344	0.095222	-0.133123	0.274015	0.396332	0.537181	0.086265	0.145745
91	0.000000	0.550426	2.510383	1.906709	0.795581	1.474794	1.246273	0.578020	1.484999	0.302486	0.557815	1.351468	2.738901	1.287552	1.396403	0.558567	0.896282	0.647740	0.771070	0.826779
92	1.452852	0.826253	2.359201	2.224383	0.353498	2.458537	2.062925	-0.018065	2.167646	-0.344986	0.000000	2.199433	2.462537	2.078607	2.141578	2.168486	1.708568	0.589781	1.015675	1.182034
93	0.000000	0.443916	0.558550	0.338822	0.686362	0.583255	0.448365	0.692202	-0.032113	0.683381	0.448051	0.499538	2.782544	0.143044	-0.081136	0.322601	0.505313	0.728260	0.629147	0.708281
94	0.534806	0.503680	1.285834	1.053616	0.000000	1.253855	0.549456	0.979865	0.603289	0.477025	0.628476	0.915728	2.810191	0.859545	0.551777	0.912091	1.219525	1.212463	0.248735	0.229179
95	2.302597	1.518660	3.343889	2.990991	1.075948	3.236787	2.587889	1.017664	3.108120	0.000000	0.697080	2.930697	3.460065	2.571503	3.090491	2.623775	1.722159	1.145947	1.657927	1.760847
96	0.090157	0.806003	0.728565	0.000000	1.117467	0.667550	1.011644	0.974542	0.879109	0.853306	0.743197	0.980258	2.657445	0.614309	0.973542	0.714792	1.202745	1.080878	1.034648	1.014817
97	0.135791	0.091013	0.328409	0.000000	0.356373	0.925011	0.234621	0.247814	-0.092255	0.235321	0.181655	0.408935	2.321115	0.072612	-0.060104	0.285289	0.456897	0.396753	0.336817	0.302621
98	0.166658	-0.184584	-0.219718	0.175244	0.609357	1.050557	0.539060	-0.061393	0.815727	-0.245087	-0.168650	0.090644	2.249015	0.264910	0.719634	0.000000	-0.095249	0.079923	0.555796	0.682900
99	1.114007	0.378935	1.793747	1.525438	0.044554	1.962491	0.000000	0.917540	1.012346	0.699955	0.549197	0.611498	2.932060	0.764782	0.957612	1.034191	1.247959	1.060045	0.217939	-0.110622
100	1.192957	0.975160	1.520895	1.241591	1.203008	1.558965	1.184635	1.158118	0.923994	1.102730	1.147418	1.445847	0.000000	1.159852	1.110309	1.306434	1.449865	1.228750	1.319072	1.286625
101	1.384549	0.426568	0.899805	1.182615	0.706342	0.000000	0.625159	1.640540	1.002833	1.113220	1.133689	0.540336	2.148523	1.121345	1.094021	1.131340	1.063676	1.737513	1.001010	0.750514
102	2.030444	1.369175	2.449232	2.407312	1.698959	2.630310	2.383453	0.000000	2.256163	0.280406	1.181782	2.292709	2.591282	2.247781	2.349985	2.377187	1.801739	0.558947	1.692980	1.970450
103	2.434378	1.664970	2.867253	2.873105	0.000000	2.903797	2.474958	1.926819	2.682780	1.822997	1.686557	2.750036	3.116349	2.707582	2.613490	2.605446	2.624818	2.264749	-0.262853	0.619132
104	0.068904	0.388866	-0.212445	0.000000	0.562543	0.567532	0.134066	0.813070	0.153218	0.726266	0.587280	0.241062	1.141129	0.165887	0.243034	0.257481	0.322891	0.832360	0.445357	0.484470
105	-0.144571	-0.014239	-0.013191	-0.287656	0.255403	0.381237	-0.024460	0.169304	-0.342307	0.166563	0.053068	0.035238	1.617324	-0.340692	-0.349274	-0.036011	0.000000	0.274715	0.034165	0.204423
106	-0.020965	0.744557	2.084732	1.780360	1.726518	1.089248	1.656045	0.945516	1.560565	1.319730	1.184675	1.406722	2.077734	1.539115	1.678144	0.000000	0.561973	0.764264	1.682712	1.719197
107	0.259627	0.000000	2.255278	2.064543	0.756078	1.290123	1.829985	-0.060251	1.555745	0.089356	0.411072	1.020110	2.473221	1.555081	1.599334	0.553410	0.367380	-0.415207	0.995546	1.296055
108	0.211009	0.340346	0.764819	0.432921	0.543299	1.037189	0.389953	0.199108	-0.026774	0.000000	0.193560	0.426666	2.529664	0.139127	-0.124025	0.525639	0.540087	0.455334	0.566535	0.551120
109	0.233718	0.352825	0.545244	0.000000	0.539893	0.911697	0.334151	0.248903	-0.098788	0.325124	0.398096	0.483841	2.368983	0.168658	-0.114699	0.515943	0.554678	0.445007	0.478425	0.427817
110	0.706451	1.145551	2.361777	2.295645	1.697522	1.940076	2.068334	1.055366	2.124068	0.990405	1.332329	1.816509	2.377038	1.922381	2.129960	1.014713	0.000000	0.742401	2.018146	2.110458
111	0.877950	0.757401	2.174906	1.276450	0.266123	1.939503	0.895800	0.225614	0.722398	0.122185	0.000000	1.599412	3.114000	0.707598	0.701066	1.273970	1.362529	0.896368	-0.701164	0.072637
112	0.417132	0.314780	0.400453	0.000000	0.581034	0.969705	0.342403	0.210277	0.063946	0.417882	0.453688	0.529115	2.622133	0.213487	0.121947	0.586710	0.544113	0.316501	0.495415	0.402990
113	1.148535	0.533271	1.045177	0.581728	0.315274	1.954517	0.706330	-0.146792	0.943654	0.388453	0.608084	1.237847	2.421357	0.857317	1.034683	1.303817	0.866722	0.000000	0.371458	0.207931
114	0.656019	0.489962	2.030566	2.049417	0.256694	1.889099	1.779307	-0.390821	2.018569	0.092207	0.129822	2.013022	2.157290	1.817461	2.007803	1.719662	1.415661	0.000000	1.123973	1.122888
115	0.351844	-0.233262	0.628102	0.126911	-0.128217	1.032596	0.067559	-0.019233	0.176729	-0.319960	-0.237197	0.164984	2.442213	0.000000	0.189069	0.511644	0.591671	0.324127	-0.208361	-0.132145
116	0.121209	0.104704	0.691105	0.313537	0.696921	0.839018	0.289015	0.500085	-0.051877	0.530172	0.350494	0.132297	2.565758	0.000000	-0.136389	0.126773	0.332027	0.568703	0.535024	0.593719
117	0.924924	1.149839	2.102964	1.736512	1.660830	2.036610	1.897407	1.358689	2.194913	1.297820	1.163294	1.730010	2.739368	1.650494	2.140957	0.834681	0.000000	1.180438	1.603334	1.749448
118	0.719148	0.293007	0.386123	0.737965	0.561121	0.514682	0.159304	1.096746	0.411673	0.803179	0.648216	0.163176	0.468050	0.496139	0.000000	0.152225	-0.232916	0.907642	0.615125	0.380174
119	1.201255	0.907185	1.928295	1.819287	0.921309	1.895560	1.463328	-0.087822	1.138857	0.173266	0.520867	1.614948	1.889201	1.384733	1.270338	1.457822	0.910527	0.000000	1.045728	1.030795
120	0.487311	0.326100	0.000000	0.094233	0.335836	0.784703	0.268629	0.386520	0.580301	0.671847	0.563061	0.512335	1.506348	0.514060	0.519691	0.352468	0.315368	0.566174	-0.117884	0.034413
121	-0.275490	-0.044580	0.005845	-0.298337	-0.529077	0.886895	-0.112960	-0.297427	0.000000	-0.003806	-0.213981	0.340920	1.895235	-0.106410	0.193102	0.123443	-0.153757	-0.303632	-0.475126	-0.557107
122	1.853907	1.126088	1.987013	1.869095	1.246563	2.068047	1.983628	1.145309	1.904077	0.000000	0.873494	2.004327	2.152321	1.902294	1.945214	2.040561	1.957604	1.484443	1.581616	1.635382
123	0.244030	0.180944	0.832774	0.437645	0.542827	0.879869	0.464946	0.358126	0.018548	0.418060	0.293493	0.435455	1.649805	0.307723	-0.055213	0.302948	0.000000	0.301301	0.650187	0.415479
124	0.174853	0.055955	0.091676	-0.087150	0.279612	0.567979	0.179987	0.037071	0.126690	0.252211	0.189441	0.205224	1.528273	0.000000	0.134171	0.203401	0.186380	0.028026	0.344995	0.201507
125	0.832953	0.397880	0.510367	0.633238	0.666945	0.000000	0.701619	0.835404	0.950628	0.903711	0.853005	0.561424	1.181041	0.799707	0.986392	0.661431	0.715367	0.898155	0.714181	0.735176
126	0.283657	0.017488	0.276087	0.283860	0.197150	-0.166939	0.164469	0.400758	0.141404	0.473945	0.388584	0.200930	0.174809	0.294192	0.000000	0.218851	0.220079	0.379670	0.175861	0.132345
127	0.374430	-0.312069	-0.282810	-0.161245	-0.219714	0.657456	-0.001983	-0.175921	0.354814	-0.157717	-0.189128	-0.142738	0.730759	0.000000	0.342885	0.208411	0.016945	-0.080684	-0.437598	-0.342575
128	0.743889	0.700722	1.802236	1.574936	0.809724	1.717269	1.398117	0.287423	1.536433	0.735956	0.589858	1.459701	2.091374	1.186225	1.386544	0.789013	0.000000	-0.054341	1.091615	0.917160
129	2.542254	1.717161	2.601036	2.426702	0.572616	2.736841	1.434306	2.000648	2.606934	1.754222	1.927559	2.011228	2.791134	2.294590	2.369907	2.225123	2.015172	2.185668	0.288190	0.000000
130	2.423140	1.294486	0.000000	1.970938	2.316712	2.682547	2.217501	2.075185	2.457787	2.252989	2.248441	0.956336	3.059569	2.295239	2.493574	1.713390	2.188137	2.122764	2.323588	2.415735
131	1.148571	0.850818	1.248465	1.136765	0.654006	1.570653	0.881193	0.958426	1.553030	1.077103	0.964088	1.517598	0.779400	1.380245	1.589188	1.267460	1.184480	1.132595	0.000000	0.662694
132	0.064159	0.282439	1.009018	0.810495	0.827533	0.629239	0.652756	-0.418262	0.284131	0.283432	0.311960	0.202288	1.202389	0.253108	0.221209	0.316533	0.000000	-0.541754	1.057925	0.882649
133	0.615580	-0.040746	0.962572	0.450193	-0.515831	0.901473	-0.084728	0.183302	0.635559	0.000000	0.035118	0.290477	1.644106	0.394193	0.338148	0.018524	-0.434329	0.221626	-0.081606	-0.722060
134	1.149952	0.350924	-0.397593	0.465456	0.702175	1.121278	0.895639	1.282449	1.199994	1.293311	0.920857	0.000000	2.120193	0.747093	1.198677	0.982729	1.369053	1.433991	0.582033	0.675085
135	0.489528	0.211196	0.615367	0.201195	0.598324	0.815457	0.614316	0.603461	0.345780	0.869265	0.310112	0.703619	2.277271	0.223813	0.000000	0.321728	0.260699	0.545121	0.676871	0.565208
136	0.143239	-0.174252	0.266639	0.088598	-0.320046	0.462402	0.115054	-0.334470	0.253148	-0.580882	-0.285738	0.000000	0.234790	0.083420	0.138387	0.149159	-0.242243	-0.416872	-0.008848	-0.258598
137	0.593848	0.251439	1.148657	0.248563	0.559428	1.329955	0.763637	0.540493	0.592953	-0.046618	-0.246578	0.962240	2.086264	0.000000	0.312760	0.759946	0.657655	0.302067	0.706914	0.525764
138	0.461123	0.375859	-0.098700	0.245182	0.655357	0.671146	0.464364	0.585046	0.511250	0.476375	0.623712	0.269899	0.000000	0.484536	0.550366	0.378731	0.427101	0.574660	0.629147	0.638160
139	0.000000	1.175418	1.335321	1.398630	1.324295	1.244144	1.177081	1.498590	1.604294	1.437672	1.263088	1.130192	1.788537	1.347757	1.485798	0.649665	1.198409	1.552546	0.869683	0.987743
140	0.000000	0.363312	0.762166	0.513891	0.560809	0.456851	0.249328	0.823853	0.021694	1.023810	0.715799	0.556273	0.688375	0.379058	-0.056367	0.404657	0.649407	0.615440	0.306216	0.380928
141	0.104520	0.252048	0.771829	0.380623	0.365326	0.851567	0.144581	-0.067315	-0.291301	0.099014	0.095408	0.592650	1.472866	-0.162521	-0.564627	0.300810	0.000000	-0.155988	0.184147	0.262286
142	0.000000	0.641586	1.654774	1.415315	1.561971	1.427928	1.725219	0.848877	1.597830	1.168170	1.160640	1.413324	1.931337	1.319848	1.523972	0.609133	0.066757	0.207758	1.734111	1.750441
143	2.104448	1.385838	3.051893	2.574381	1.317264	2.929150	2.366982	0.752855	2.219364	0.000000	1.074733	2.703531	3.066681	2.271834	2.153446	2.610688	2.010406	1.018008	1.525058	1.512661
144	0.000000	0.226901	0.944744	0.680933	0.357548	0.911764	0.260555	0.278340	-0.498829	0.154133	0.053603	0.412178	2.297961	0.022751	-0.814604	0.386966	0.395878	0.459664	0.183343	0.316944
145	0.250102	0.397389	1.056475	0.787529	0.331276	0.822786	-0.153446	0.330050	-0.439662	0.336773	0.266737	0.000000	2.346695	0.152441	-1.175474	0.251116	0.316953	0.638469	0.267168	0.191313
146	0.437199	0.540864	1.984995	1.342561	0.219031	1.810442	1.318389	0.503726	1.954090	0.186337	0.119074	1.904230	3.026192	0.881677	1.803690	0.791969	0.000000	0.605749	0.180225	0.391650
147	1.623282	0.685174	2.182745	1.440101	1.017467	2.465323	1.800819	0.000000	1.375782	-0.154960	0.212047	1.984383	2.830017	1.226893	1.215822	1.912852	1.393744	0.538701	0.905856	1.092385
148	-0.233336	0.044331	0.414264	0.000000	0.479145	0.804358	0.272422	0.442427	-0.305471	0.396476	0.177542	0.339999	2.753649	-0.020174	-0.354305	0.186794	0.409358	0.497949	0.459313	0.382932
149	-0.270428	0.106187	1.009629	0.593301	0.173967	0.929923	0.519647	0.272616	0.414836	0.347530	-0.152277	0.544017	2.184232	-0.059860	0.447476	0.211705	-0.222113	0.000000	0.199641	0.323029
150	1.929265	1.105952	2.662128	2.527122	0.000000	2.554619	1.805154	1.781881	2.517341	0.039993	0.723903	2.102788	2.688261	2.129914	2.508045	2.444888	2.573562	2.307253	0.669921	0.700704
151	0.904461	0.827423	1.490245	1.352441	0.886506	1.619502	0.509162	0.775954	0.368878	0.753590	0.861946	0.879538	3.577078	0.907421	0.000000	1.083580	0.919339	1.018932	0.997777	0.900784
152	-0.170725	-0.062924	0.102369	0.060798	0.253651	0.396325	0.139945	0.157818	-0.121587	-0.232180	-0.240325	-0.293562	2.578796	-0.101547	-0.314995	0.000000	0.385514	0.454288	0.304550	0.216689
153	1.490182	0.687085	1.667493	1.729239	1.217307	1.861874	1.331791	1.415166	1.653675	1.371081	1.321258	0.000000	2.458049	1.507257	1.327194	1.256125	1.668839	1.498405	1.239210	1.394001
154	1.346630	0.603621	1.263945	1.309356	1.097793	0.000000	1.101806	1.710709	1.221739	1.414464	1.279907	0.915556	2.261014	1.205972	1.406260	1.332710	1.744794	1.771142	1.356353	1.294695
155	1.805523	0.434939	2.248085	1.851537	-0.465593	2.052496	1.053899	0.686488	1.722516	0.000000	0.526698	1.721735	2.181081	1.716960	1.742086	2.044608	2.059916	1.210628	0.831431	0.199221
156	0.986469	0.004260	1.283249	1.122059	-0.212326	1.303749	0.087115	0.329192	0.336068	0.378500	0.350516	0.643509	1.905082	0.674690	0.186836	0.638558	0.000000	0.247117	-0.030737	-0.318413
157	0.000000	0.540376	1.463305	0.972780	0.665793	0.704153	0.463465	1.200107	-0.024295	0.558685	0.402329	0.426496	1.828828	0.275320	-0.219958	0.349389	0.810599	1.340671	0.757279	0.636626
158	-0.854861	-0.425301	0.551213	0.256661	-0.869148	-0.532393	-0.600591	-0.412679	0.236346	-0.357440	-0.535062	0.000000	0.720453	-0.127168	0.234578	-0.871948	-0.831007	-0.462703	-1.464181	-1.224295
159	0.048826	0.111948	0.235218	0.000000	0.224571	0.447023	0.245320	0.151932	-0.015978	0.047645	0.048516	0.218740	1.792726	0.117972	0.032879	0.255604	0.335222	0.216020	0.388032	0.241612
160	0.620335	0.504203	0.908062	0.958525	0.883100	0.810291	0.604277	0.798817	0.213895	0.537244	0.560003	0.355895	1.838399	0.595541	0.193361	0.000000	-0.026441	0.858062	0.890175	0.858763
161	1.071055	0.547769	0.799350	1.050561	0.876671	0.000000	0.637127	1.662595	0.889520	1.078514	0.980315	0.657254	2.162530	0.791980	0.862102	1.186061	1.388089	1.773153	1.061037	0.889108
162	0.793721	0.430522	1.311324	1.272203	0.158893	0.961900	0.038300	0.953723	0.274598	0.116240	0.547342	0.558308	2.663246	0.795633	0.000000	0.571129	0.603791	1.038892	0.327609	-0.003963
163	1.407128	1.235461	3.248224	3.080674	1.698398	2.816464	2.844349	0.616331	2.635283	0.000000	0.753456	2.922339	3.347215	2.663293	2.708877	2.567354	2.321623	1.135218	1.986482	2.214652
164	1.208304	1.047358	2.092325	1.889822	0.864404	2.020644	1.708909	0.000000	1.666617	0.208920	0.650613	2.079142	2.219139	1.689856	1.703754	1.573913	1.188116	0.712127	0.778246	0.894748
165	1.037690	0.984967	0.000000	0.970712	1.394041	1.738119	1.112352	1.818831	1.443063	1.633603	1.444816	0.600103	2.916562	1.331398	1.516265	1.063847	1.475358	1.887513	1.294138	1.275373
166	2.767854	1.805718	3.803408	3.634122	0.000000	3.933044	2.732618	1.795446	3.449274	0.741644	1.363221	3.578500	3.812515	3.302677	3.289176	3.454231	2.585165	2.057968	1.221318	0.646666
167	1.700541	1.144492	3.235073	2.917687	1.241770	2.755012	2.636515	0.718958	2.804379	0.000000	0.703794	2.898593	3.285285	2.391773	2.967465	2.536092	2.228323	1.085240	1.446984	1.762512
168	0.515166	0.226033	1.389331	0.976546	0.029810	1.036671	0.438424	0.173492	0.000000	-0.015039	0.080080	0.569836	2.908244	0.422293	-0.001673	0.730505	0.695952	0.486346	0.011028	0.106887
169	1.971148	1.751596	0.000000	1.993618	2.373000	2.682022	2.203383	2.148025	2.395987	2.277587	2.171407	1.276176	3.411768	2.233072	2.431314	1.679239	1.934766	2.104844	2.294973	2.435951
170	1.454428	0.735219	2.714639	2.434561	1.018622	2.590551	2.083020	0.243441	2.578426	0.830216	0.957469	2.252952	2.816584	2.202915	2.588714	1.897432	1.432610	0.000000	1.104661	1.415288
171	1.162564	0.348531	2.289947	2.005855	0.278635	1.970576	1.691739	0.138764	1.934868	-0.072965	0.000000	1.920430	2.534311	1.702842	1.810506	1.795047	1.524827	0.507811	0.341769	0.720592
172	-0.057874	0.253281	0.322351	0.000000	0.509463	1.146635	0.546809	0.405195	0.312023	0.255857	0.144552	0.430221	2.856843	0.277421	0.298837	0.415862	0.581024	0.608368	0.398439	0.461443
173	-0.231094	0.590626	1.962201	1.368926	1.123466	1.015978	1.439951	1.043736	1.441442	1.219412	0.642573	1.581382	2.511321	1.157880	1.443597	0.000000	0.893710	1.005550	0.832543	1.094998
174	1.360837	0.461853	2.203406	2.112605	-0.310683	2.012208	1.303344	0.566888	1.773922	-0.034556	0.000000	1.681166	2.264447	1.638156	1.607808	1.721799	1.512146	1.066854	-0.308574	0.095421
175	0.041356	-0.302396	0.251524	-0.063387	-0.199130	0.336772	0.010315	-0.093512	-0.142691	-0.345406	-0.306895	0.000000	1.575537	-0.077017	-0.083607	0.057896	-0.107354	0.090582	-0.175970	-0.142037
176	0.157308	-0.065655	1.217161	0.705674	0.005133	0.986663	0.476820	0.102084	0.000000	-1.160755	-0.839948	0.833963	1.602461	0.110979	0.146077	0.627303	0.573165	0.250453	0.329752	0.222945
177	0.336093	0.483913	0.437658	0.000000	0.735209	0.960303	0.633567	0.592846	0.492786	0.545254	0.573459	0.693731	0.160119	0.454250	0.660989	0.545848	0.594356	0.534589	0.734599	0.688398
178	0.523873	-0.373427	0.811388	0.000000	-0.806170	0.957541	-0.268643	-0.361973	0.396709	0.098725	0.049129	0.333342	1.418199	0.100260	0.341246	0.012689	-0.523765	-0.429724	-0.848959	-1.020604
179	1.166927	0.415754	1.835250	1.746837	-0.079420	1.631453	1.145386	-0.607591	1.539402	-0.011378	0.000000	1.483034	1.451297	1.361905	1.463103	1.318808	0.534463	-0.189032	-0.187941	0.383069
180	0.985055	0.006310	0.007027	0.000000	-0.160024	1.498017	0.485150	-0.160354	1.423870	0.231086	0.366824	0.332144	1.709307	0.770165	1.402704	0.447806	0.044713	0.042381	-0.507800	-0.266002
181	1.931475	1.058129	2.710815	2.308193	1.214016	2.743991	2.224385	0.000000	2.527617	0.803221	1.156275	2.389108	2.543677	2.240571	2.425958	2.280012	1.631216	0.222406	1.464201	1.488185
182	1.257173	0.360256	0.946186	0.683616	0.012938	1.769184	0.466343	0.064263	1.157323	0.440346	0.521255	0.796237	1.605031	0.839030	1.095121	0.644772	0.000000	0.360213	-0.334676	-0.293288
183	0.550458	-0.089083	1.638424	0.459197	0.237989	1.317768	0.516720	-0.608032	-0.054469	-0.061225	-0.378403	0.973874	1.993730	-0.208984	-0.159670	0.590869	0.000000	-0.633591	0.309193	0.254218
184	1.026179	0.436032	0.605271	1.052184	-0.477571	1.480497	0.000000	0.115580	1.130370	0.215842	0.462738	0.557052	0.630464	1.045939	0.636749	0.716960	0.348702	0.407009	-0.729139	-0.948137
185	1.253409	0.469146	1.288806	0.850431	0.000000	1.793193	0.890023	0.348224	1.246125	0.938478	0.811617	1.424370	2.095373	1.177625	1.127722	1.144482	0.907574	0.430830	0.143107	0.083343
186	0.153875	-0.382790	0.114846	-0.170013	-0.509312	0.852552	-0.005628	-0.588778	0.441984	-0.367534	-0.303961	0.349187	0.775738	0.000000	0.310775	-0.025185	-0.366511	-0.491957	-0.890214	-0.548255
187	0.440702	-0.497512	0.382711	0.112145	-0.411096	1.004171	-0.086597	-0.712224	0.183696	-0.337097	-0.227011	0.288737	1.522715	0.134036	0.000000	0.316612	-0.071262	-0.420700	-0.416265	-0.430944
188	0.126768	-0.504856	0.112940	0.145189	-0.547315	0.677304	-0.139983	-0.536135	0.000000	-0.495225	-0.242873	0.179157	0.619982	0.215421	-0.051153	0.050463	-0.221715	-0.342139	-0.604283	-0.569968
189	0.589333	-0.230433	0.993642	0.609837	-0.026598	1.175230	0.200863	-0.229897	0.273128	0.052653	0.102673	0.541166	2.125242	0.403753	0.000000	0.289810	-0.130546	-0.027328	0.000392	-0.027331
190	0.480654	-0.256832	0.612741	0.677477	-0.118691	1.127789	0.244248	-0.146285	0.206448	-0.212599	-0.059778	0.402263	0.932718	0.395625	0.000000	0.393715	0.137367	0.083388	-0.273244	-0.075593
191	0.877856	0.083038	1.395432	0.979206	0.316812	1.419673	0.723925	-0.008658	0.515046	0.304872	0.259719	1.072180	2.110645	0.759554	0.352886	0.833630	0.468211	0.000000	0.382020	0.354915
192	0.856434	0.051682	1.429637	0.870589	0.049052	1.475532	0.641670	-0.105513	0.307089	0.003353	0.115750	1.017776	0.866571	0.682528	0.000000	0.885213	0.422509	0.061105	-0.013005	0.016842
193	0.926984	-0.090570	0.000000	0.900268	0.545685	0.982191	0.350349	0.258245	0.581165	0.211638	0.592483	-0.039973	1.914286	0.849066	0.509801	0.392476	0.465204	0.403801	0.572650	0.606942
194	-0.170040	-0.360031	0.147616	-0.060334	-0.142644	0.138877	-0.134626	-0.173985	-0.216356	-0.103136	-0.118136	0.000000	-0.198126	-0.037075	-0.244693	-0.118256	-0.077798	-0.196379	-0.205325	-0.114491
195	0.345831	-0.232571	0.275179	0.342511	-0.098472	0.595765	0.031279	-0.031379	-0.059081	0.077731	0.000000	0.066524	0.859536	0.194913	-0.194657	0.201175	0.128724	0.103120	-0.043517	-0.010383
196	1.979312	1.101406	1.785832	2.151693	1.516765	1.755052	1.569828	1.547548	1.626505	1.367085	1.549224	1.223965	2.528291	1.797245	1.487055	0.852070	0.000000	1.750359	1.656790	1.560415
197	0.455183	-0.235269	0.591334	0.634878	0.068787	-0.360143	0.026516	0.973327	0.000000	0.270300	-0.069444	0.069309	1.783655	0.038300	-0.025326	0.351165	0.590580	1.013429	0.153137	0.067005
198	0.143067	-0.146073	0.494542	0.151799	0.219894	0.406421	0.256933	-0.033288	0.000000	0.075039	-0.062434	0.470919	2.125192	0.118781	-0.052470	0.248382	0.031207	-0.032868	0.285931	0.174113
199	0.743453	-0.017302	0.762267	0.702143	-0.230709	1.208104	0.430131	-0.092500	0.663863	0.086763	0.000000	0.762226	0.726836	0.679849	0.538685	0.696070	0.481485	0.207413	-0.639991	-0.265411
200	0.813885	0.134951	1.146541	0.762665	0.525340	1.064886	0.628697	-0.060803	0.369504	0.301899	0.291386	0.890255	1.936026	0.604446	0.252201	0.722179	0.408833	0.000000	0.675714	0.539341
201	0.434047	-0.235462	0.566257	0.417954	-0.130855	0.897015	0.237045	-0.235529	0.373722	-0.035606	0.043003	0.486499	0.818022	0.426585	0.203970	0.390443	0.000000	-0.129790	-0.408328	-0.250798
202	0.381697	-0.386404	0.530210	-0.036645	0.117166	1.122510	0.321851	-0.504693	0.185663	-0.115126	-0.112430	0.571338	1.957554	0.000000	0.083985	0.416870	0.092439	-0.469876	0.105141	0.088203
203	0.259642	-0.676439	0.451268	0.340206	-0.928029	0.703515	-0.204191	-0.828948	0.239283	-0.607666	-0.467844	0.274831	0.732829	0.264981	0.000000	0.135549	-0.265466	-0.611408	-1.247540	-1.057109
204	0.662038	-0.139557	0.671595	0.309736	0.073920	1.045564	0.353990	-0.084006	0.610981	0.208076	0.212952	0.724430	1.651470	0.488908	0.482341	0.424369	0.000000	0.049829	0.033169	0.031771
205	1.333309	0.409157	1.216100	1.150831	0.330714	1.409178	0.826463	0.000000	1.183432	0.507382	0.674578	1.184318	1.328529	1.096594	1.005259	1.115123	0.671317	0.469074	0.148314	0.320287
206	-0.112539	-0.848986	-0.017815	-0.507635	-0.673036	0.000000	-0.384865	-0.775028	-0.051939	-0.438791	-0.563278	0.139394	1.183857	-0.231759	-0.153313	-0.025800	-0.220304	-0.733429	-0.553319	-0.609240
207	0.797895	0.080912	1.179806	0.955674	-0.031526	1.308658	0.409320	-0.052537	0.000000	0.066507	0.221658	0.684506	0.949540	0.550715	-0.220227	0.625702	0.153345	-0.003451	-0.268742	-0.247090
208	0.557191	-0.153354	1.025633	0.538489	0.216246	1.067086	0.388160	-0.178773	0.186178	0.187103	0.120002	0.801743	1.810517	0.347590	0.000000	0.765172	0.516165	-0.203886	0.284659	0.250094
209	0.624843	0.046765	1.350518	1.229311	-0.066965	1.226117	0.375243	-0.170046	0.000000	-0.168479	0.090244	0.661835	0.784139	0.544804	0.085909	0.462559	0.079073	-0.236496	0.085886	0.066077
210	0.516603	-0.281838	0.814094	0.132008	-0.070230	0.882349	0.169009	-0.627185	0.271644	-0.060960	-0.080989	0.524080	1.716955	0.000000	0.177931	0.409668	-0.039764	-0.513878	0.165843	0.043416
211	0.808902	0.100501	1.796055	1.671581	-0.076556	1.420745	0.535028	-0.302277	0.161619	-0.168236	0.216625	0.917780	0.973162	0.922417	0.000000	0.568727	0.058772	-0.246964	0.057224	0.100175
212	1.539850	0.578578	1.851751	1.294167	0.603731	2.132941	1.197158	0.097797	1.727250	0.000000	0.451696	1.861679	1.984914	1.340180	1.647233	1.661875	1.336490	0.402273	0.264953	0.619291
213	0.660014	0.240469	-0.143298	0.668593	0.478753	0.699080	0.501649	0.746382	0.516639	0.400346	0.582337	0.000000	0.399811	0.710710	0.520105	0.004346	-0.068780	0.735553	0.441110	0.522198
214	1.192399	1.121830	2.907429	2.307912	0.614278	2.020898	0.686078	1.223265	0.000000	1.021655	0.921299	1.592336	1.978015	0.938166	-0.401291	1.455530	1.535585	1.407172	0.646421	0.566345
215	1.716874	1.322601	2.935836	2.140619	0.802994	2.223963	1.128594	1.219023	0.659932	1.494947	1.349124	1.842606	1.792565	1.513641	0.000000	1.897089	1.623055	1.186864	0.696615	0.481710
216	-0.233792	-0.250670	-0.583432	-0.658993	0.199480	0.484926	0.226959	-0.017071	0.168876	-0.127254	-0.268237	0.357702	1.213676	-0.313129	0.339758	0.000000	-0.148822	0.044916	-0.012587	0.251223
217	0.787497	0.799458	2.654990	2.558134	-0.123293	1.633889	1.181697	0.942771	1.625145	0.373568	0.486288	1.665582	2.352552	1.590288	1.475295	1.460629	1.359895	0.962688	-0.534578	0.000000
218	1.772072	1.038288	3.301118	2.857964	1.169883	2.850967	2.191733	0.506286	1.707334	0.000000	0.788996	2.512088	3.121742	2.139719	1.608698	2.209118	1.723205	1.014792	1.000692	1.303538
219	2.066144	1.366690	3.065706	2.588509	1.629609	2.757857	2.098717	0.000000	1.394295	0.114070	0.819535	2.233601	3.567456	1.816649	1.179279	2.461612	1.991175	0.875777	1.693646	1.819133
220	0.303754	0.213249	2.047172	0.813266	0.714041	1.178399	0.675962	0.642739	0.313159	-0.376220	-0.015072	0.766303	2.549647	0.474321	0.000000	0.897210	1.234419	0.900735	0.575386	0.509496
221	0.000000	-0.184388	1.723350	1.491122	-0.620699	1.309637	0.845468	-0.608106	1.544713	-0.712932	-0.467590	1.327847	1.793048	1.046767	1.605079	0.827771	0.528833	-0.420000	-0.136281	0.002686
222	1.416914	0.444278	2.552401	2.380493	0.110281	1.917628	1.306847	0.833572	1.803799	0.000000	0.528720	1.441829	2.571695	1.678769	1.656393	1.535816	1.354694	1.054766	0.573467	0.730418
223	1.254023	1.261464	2.546124	1.714314	1.653397	2.225968	2.080487	1.132573	2.164272	1.265739	1.038235	2.042547	2.783369	1.220950	1.862246	1.328156	0.000000	1.071997	1.931262	2.143085
224	1.347325	0.441708	2.177610	2.037517	0.346963	2.046443	1.671079	0.161719	2.187712	0.000000	0.525263	1.935782	2.167974	1.895735	2.178932	1.743433	1.337944	0.268670	0.955700	0.920657
225	0.053452	-0.158138	-0.321091	0.170863	-0.540482	0.561167	0.211985	0.103259	1.118978	0.356854	0.145676	0.000000	1.356050	0.660430	0.967673	-0.265205	0.091943	0.399593	-0.807678	-0.815856
226	1.197961	0.432571	2.154195	1.897323	0.371670	1.611136	1.247166	0.601306	1.776488	0.496395	0.589892	1.245465	2.165732	1.409695	1.695241	0.817557	0.000000	0.567826	0.593069	0.775965
227	0.766179	0.081843	1.131604	0.652135	-0.486841	1.018490	0.341291	0.089695	0.795841	0.191541	0.000000	0.885930	1.453989	0.640650	0.626604	0.740105	0.609291	0.308329	-0.147250	-0.344098
228	0.064248	-0.145648	0.155971	0.305766	-0.326684	0.664000	0.170798	-0.355293	0.702664	-0.517954	-0.193292	0.475571	0.037397	0.394202	0.805660	0.276602	0.000000	-0.160512	-0.306487	-0.309505
229	-0.055755	-0.292821	-0.038944	-0.078742	-0.152793	0.231358	0.023440	-0.168042	0.000000	-0.381497	-0.202898	0.107161	0.819037	-0.004718	0.080436	0.123538	0.196226	0.036732	-0.136877	-0.251067
230	0.362319	-0.004069	0.000000	0.319560	0.406051	0.457219	0.387451	0.534645	0.708394	0.459220	0.456453	0.306052	0.485509	0.454137	0.721286	0.397371	0.426791	0.522620	0.441641	0.413505
231	0.000000	-0.515358	0.379350	0.463286	-0.278184	-0.495939	-0.059116	0.543159	0.241094	0.194110	0.037138	0.056334	1.093190	0.188879	0.209921	0.228404	0.352873	0.589602	-0.122911	-0.235213
232	0.354075	-0.021160	-0.058729	0.000000	0.311805	0.292390	0.447170	0.410920	0.765377	0.359909	0.383509	0.497135	0.456889	0.495680	0.785786	0.454881	0.483364	0.421492	0.198293	0.305608
233	0.388501	-0.026941	0.643285	0.478313	-0.037457	0.231604	0.062342	0.255354	0.372021	0.456959	0.336808	0.306366	-0.073953	0.440473	0.000000	0.423885	0.322121	0.144205	-0.065205	-0.208385
234	0.909500	0.121403	0.326401	0.617743	0.511794	0.000000	0.600930	0.864519	0.967655	0.704101	0.727162	0.488943	0.932770	0.813897	0.884786	0.723375	0.651062	1.060688	0.521427	0.665635
235	0.031897	-0.388647	-0.131204	-0.166046	0.030347	-0.153237	-0.003622	-0.213382	0.000000	-0.171255	-0.130516	0.034032	0.220295	-0.067351	0.036545	-0.041456	-0.093640	-0.122692	-0.101136	-0.007539
236	0.267125	-0.154960	-0.002575	0.043867	0.256960	0.072583	0.117633	0.171522	0.136291	0.000000	0.172845	0.217302	-0.071894	0.155096	0.201419	0.174863	0.210691	0.255384	0.254983	0.304067
237	0.259003	-0.025891	0.257193	0.020954	0.262589	0.146316	0.101972	0.104626	0.000000	0.159793	0.154836	0.305380	0.654566	0.083327	0.074554	0.246936	0.127345	0.155438	0.316245	0.246519
238	0.187178	-0.038571	0.422314	0.333176	-0.248000	0.321921	-0.100282	0.151335	0.082299	-0.244998	-0.076199	0.291943	-0.031571	0.195808	0.000000	0.456274	0.449471	0.395910	-0.127236	-0.285731
239	0.659486	0.096379	0.389841	0.111979	0.160714	0.446159	0.147021	0.010157	0.274202	0.344777	0.308688	0.432156	0.729284	0.307693	0.000000	0.348842	0.100519	0.217807	0.189432	0.073659
240	0.000000	0.316896	0.983498	0.996282	0.872993	0.856206	1.009701	0.157505	1.172565	0.758218	0.656810	0.915901	0.206473	0.923238	1.209033	0.288591	0.316940	0.013707	0.802848	0.988905
241	1.177026	0.380038	1.244016	0.840763	0.471012	1.240887	0.850983	0.000000	0.926168	0.659295	0.686495	1.243149	1.833304	1.009688	0.835990	1.194654	0.932983	0.310187	0.317813	0.262517
242	0.000000	-0.031154	1.176532	0.742498	-0.572857	0.371801	0.499329	0.405317	1.047122	0.676406	0.428817	0.754158	0.938491	0.788408	0.913621	0.111374	0.215530	0.230021	-0.709417	-0.683917
243	0.694692	0.072445	0.877251	0.642672	0.135063	1.071017	0.621156	-0.650735	0.746552	-0.224897	0.068975	0.662947	1.478788	0.632582	0.704013	0.486028	0.000000	-0.423571	0.279932	0.246449
244	0.505759	0.056777	0.859164	0.492491	0.543605	0.873939	0.846745	-0.256199	1.011828	-0.177819	-0.213162	0.967093	0.000000	0.578237	1.162529	0.747128	0.501303	-0.147714	0.479879	0.538775
245	0.021054	0.039595	0.376720	0.497485	0.827289	0.000000	0.642181	0.343398	0.915344	0.410745	0.490694	-0.176106	-0.627185	0.474135	0.910321	-0.401504	-0.264178	0.150769	0.860330	1.156747
246	0.796889	0.439627	1.114128	1.143526	0.476598	1.503305	1.079424	-0.522668	1.160922	0.137548	0.000000	1.001838	0.795272	1.052754	1.202877	1.069819	0.299272	-0.125585	0.693547	0.853556
247	-0.309737	-0.467841	0.690217	0.358893	-1.013867	0.454769	-0.341797	-0.467890	0.550752	-0.682168	-0.489028	0.181596	-0.096149	0.000000	0.563555	0.330655	0.244231	-0.316395	-1.075652	-0.819343
248	1.014924	0.760832	1.977641	1.777818	1.041984	1.557573	1.514895	0.000000	1.575511	0.387550	0.537207	1.695652	1.530389	1.245354	1.792877	1.382506	1.113080	0.417409	0.678653	1.094193
249	0.491788	0.709401	1.691282	1.105160	0.850362	1.405275	0.985615	0.611583	0.271688	0.169025	0.214293	1.088968	2.234063	0.470395	0.000000	0.955655	0.941584	0.786817	0.577019	0.786343
250	0.315051	0.794386	1.329173	1.363686	0.733676	0.000000	1.254153	0.832173	1.247709	0.967362	1.070038	1.257685	-0.086203	1.434281	1.459355	1.040263	1.220525	0.747431	0.771514	0.919202
251	1.381072	0.891579	2.546947	2.414433	0.000000	2.034904	1.797732	1.081623	2.210915	0.796329	0.968955	2.176647	1.732101	2.135244	2.100977	1.925210	1.579557	1.097800	0.689395	0.640639
252	0.717615	0.331431	1.359432	0.405856	1.060604	1.409701	1.256823	-0.190503	1.574084	-0.153587	-0.038320	1.369213	1.962759	0.519472	1.616072	1.017327	0.797340	0.000000	0.932709	1.220129
253	1.810560	1.116863	1.777681	1.854567	0.145348	2.124289	1.457829	1.418933	2.137953	0.903398	1.061720	1.966077	2.748977	1.915080	2.132745	2.132869	2.095448	1.862306	0.611051	0.000000
254	1.614817	1.068626	2.461856	2.328629	0.000000	2.440497	2.277332	0.075143	2.524746	-0.382776	0.513862	2.487790	2.328331	2.409539	2.555470	2.483470	2.223514	0.851548	1.132697	0.998477
255	1.320330	0.727373	2.578083	2.178128	0.897168	2.436152	2.458601	0.050426	2.711027	0.021249	0.640736	2.559679	2.681370	2.091065	2.785012	1.899874	1.327320	0.000000	1.203892	1.523150
256	1.870472	1.431033	1.296721	0.000000	2.411213	2.127425	2.166635	2.026346	2.544990	2.053856	2.000862	2.059663	2.829481	1.740519	2.428883	1.977380	2.048867	1.936134	2.293765	2.371612
257	0.271634	0.016381	0.369199	-0.427774	0.661477	1.325214	0.393977	0.389287	0.851865	0.207556	0.147932	0.426006	2.909608	0.240308	0.775843	0.425377	0.000000	0.353229	0.631124	0.563885
258	2.856200	1.891544	3.267267	3.031395	1.322444	3.169888	3.035293	1.463629	2.962252	0.000000	1.242764	3.111981	3.208946	2.894032	3.023216	3.141610	2.907125	1.902493	2.321319	2.538157
259	0.000000	0.121434	1.994103	1.726752	-0.507091	1.282440	1.389819	0.356254	1.722326	0.460179	0.198422	1.614704	2.352820	1.506915	1.638197	0.662775	0.752083	0.373847	0.282973	0.433664
260	0.577147	0.804713	1.859772	0.966634	1.188416	0.702460	0.955222	1.062638	0.330888	0.751707	0.674527	1.231865	3.303015	0.560041	0.000000	0.915626	1.042859	1.250715	1.077862	1.141055
261	0.201963	-0.221112	1.173163	0.924739	-0.559643	0.970014	-0.446300	-0.221455	-0.386421	-0.330959	-0.069180	-0.175756	2.665404	0.265981	-0.511423	0.000000	0.238657	0.103939	-0.377589	-0.559457
262	2.620503	1.981367	3.307266	3.406988	1.952496	3.234096	3.062508	0.000000	3.134767	1.254287	1.506184	3.191904	3.312136	3.217831	3.141461	3.151358	2.917550	0.914008	2.182762	2.369544
263	0.541360	0.000000	1.960395	1.845427	0.881402	1.403785	1.565326	0.579720	1.806575	-0.708045	-0.031179	0.945568	2.522768	1.332227	1.861511	0.921349	0.866626	0.600388	1.334941	1.386146
264	-0.134785	0.267054	0.670110	0.000000	0.593102	0.696493	0.454790	0.167058	-0.100400	0.068346	-0.048195	0.570685	2.358964	0.035548	-0.105260	0.217881	0.336284	0.256080	0.505196	0.500714
265	1.038091	1.181699	2.309056	1.839352	1.092513	1.699102	0.924418	1.420880	0.000000	1.066129	0.787504	1.416677	3.110836	0.792057	-0.276858	1.305929	1.581677	1.406966	1.094998	1.044719
266	1.897309	0.754920	1.618068	1.775889	0.683943	2.573651	1.797969	0.611298	2.424833	0.000000	0.523175	2.051354	2.814676	1.837590	2.347991	1.816426	1.559806	1.147284	0.501017	0.898099
267	0.632584	0.746006	0.404737	0.000000	0.754172	1.143092	0.811487	0.776323	1.163402	0.973745	1.034509	0.948711	0.238144	0.918841	1.169732	0.806257	0.836245	0.687756	0.586220	0.594585
268	0.425556	0.763161	1.789870	0.760896	0.793151	0.917435	0.504365	1.115304	0.479441	1.039026	0.714061	0.573189	1.609486	0.000000	0.071781	0.562915	1.014789	1.010262	0.764661	0.800290
269	0.179928	0.339707	1.473477	1.453188	1.111643	1.167324	1.353609	0.962640	1.608783	1.140329	0.972884	1.145254	1.711841	1.407685	1.571878	0.000000	0.343476	0.711374	1.344950	1.122205
270	0.061066	-0.093516	0.834156	0.757356	0.233899	0.000000	0.827304	0.273932	1.142001	-0.383869	-0.165759	0.718494	1.083534	0.710428	1.139306	0.573408	0.423688	0.369867	0.540231	0.605720
271	1.091879	0.059267	0.908919	0.633137	0.261036	1.487265	0.580756	0.278421	0.828626	0.000000	0.375993	0.859088	1.346509	0.781762	0.707869	0.901298	0.763703	0.517076	0.286664	0.199511
272	1.876913	1.438644	1.684440	1.928377	1.687571	2.001778	1.623668	1.669830	1.981480	1.919457	1.925406	1.538883	0.000000	1.890505	2.041509	1.704923	1.770456	1.742004	1.745757	1.673002
273	0.051524	-0.254119	0.020321	-0.069270	-0.058904	0.268753	0.014617	0.157461	0.263299	0.064566	-0.039599	0.277435	0.378923	0.102583	0.324710	0.072610	0.125636	0.000000	-0.210264	-0.287973
274	0.101604	-0.404117	-0.567637	-0.674707	0.132319	0.000000	-0.115899	0.142229	0.147571	0.359286	0.077316	-0.123074	0.474099	-0.272493	0.126504	-0.218009	-0.164128	0.140317	-0.051216	0.106058
275	1.044887	0.626093	0.317271	0.470688	1.058320	0.000000	0.979571	1.297931	1.351763	1.155939	1.058927	0.846381	1.727439	1.072615	1.291666	1.077262	1.125355	1.461355	0.912091	1.006438
276	-0.131179	-0.096848	0.202450	0.050928	0.203489	0.573818	0.091601	-0.011523	-0.109196	-0.078761	-0.142550	0.000000	0.254452	-0.064322	-0.077711	-0.052046	0.057546	0.066436	0.031860	0.234799
277	0.248991	0.368288	0.327627	0.000000	1.001260	1.008516	0.750811	0.625544	0.575683	0.490141	0.506173	0.758900	1.302704	0.358799	0.643172	0.730982	0.840122	0.598407	0.925366	0.990305
278	0.122331	-0.191764	1.108580	0.649247	-0.557346	0.813592	0.540828	0.069016	0.000000	-0.644073	-0.427842	0.622024	1.226573	0.193021	-0.028395	0.604106	0.577426	0.285175	0.192826	0.126995
279	0.726702	0.439746	1.637433	0.812843	0.960505	1.616508	0.856751	0.050586	0.000000	0.037157	0.108105	1.027743	2.350347	0.180013	0.098968	0.949558	0.620704	0.282534	1.003481	0.901735
280	0.000000	-0.089853	0.485638	0.144407	0.281882	0.671572	0.311582	0.069751	0.101501	0.060447	0.041737	0.349918	1.779442	0.063480	0.026624	0.329149	0.268271	0.140946	0.240858	0.345149
281	0.772523	0.824993	2.289508	1.916911	0.744071	1.682450	0.856994	0.709643	0.000000	0.390464	0.457770	1.084029	2.878573	0.601636	0.124549	1.027499	1.079021	0.826302	1.014718	0.896711
282	0.432169	0.360341	2.001194	1.911486	0.481292	1.515744	1.865452	-0.254271	2.002035	0.000000	0.240239	1.951591	1.865852	1.736167	1.954012	1.459919	0.736404	-0.264188	1.244905	1.342305
283	0.000000	0.017675	0.628720	0.002205	0.748042	0.772242	0.773883	0.230743	0.796797	0.153278	0.029839	0.822783	2.144101	0.322129	0.761418	0.500084	0.536665	0.270964	0.489676	0.699900
284	-0.245408	-0.082342	0.313996	0.116829	0.188010	0.376176	0.133842	0.477456	-0.116010	0.282287	0.072021	0.000000	2.239274	-0.017269	-0.337635	-0.024566	0.309081	0.463079	0.208209	0.221783
285	0.992663	0.822993	2.224377	1.828691	0.798640	2.007994	1.394324	0.098655	1.371972	0.534181	0.908318	1.604603	2.773066	1.403460	1.168482	1.763409	1.366846	0.000000	0.911924	0.974619
286	2.053649	1.186738	3.084249	2.817297	1.262610	2.798149	2.496861	-0.033344	2.596105	0.415253	0.990153	2.776280	2.886039	2.567417	2.579176	2.681298	2.193121	0.000000	1.518779	1.592581
287	0.206508	0.217327	0.813763	0.449596	0.528016	0.767106	0.525305	0.412576	0.197414	0.450580	0.425459	0.561430	2.251635	0.340235	0.000000	0.440448	0.466693	0.395158	0.493275	0.515240
288	0.419905	0.609025	1.099874	0.818416	1.011882	1.110200	0.706586	0.780040	0.000000	0.779871	0.654846	0.687060	2.670980	0.389104	0.040467	0.627373	0.669612	0.828319	0.900359	0.940420
289	-0.374021	-0.159009	1.176574	0.603056	0.109388	0.478670	-0.253063	-0.339209	0.400150	-0.003530	0.000000	0.001720	1.528049	0.136701	0.044906	-0.244837	0.039708	-0.256375	0.103016	0.165898
290	0.539662	0.263557	1.198843	0.765584	0.475469	1.146369	0.716681	0.138950	0.529052	-0.132081	0.000000	0.794701	2.256733	0.569816	0.438465	0.855254	0.855161	0.467158	0.506832	0.584763
291	-0.441099	-0.354477	0.059748	-0.252527	-0.116856	0.198739	-0.045725	-0.123158	-0.108939	-0.305024	-0.300790	-0.030757	1.317378	-0.201466	-0.165700	-0.138365	0.000000	-0.032925	-0.089766	-0.075377
292	-0.197610	-0.116740	-0.215711	-0.346386	0.311063	0.468045	0.252513	0.208362	0.415914	-0.036017	-0.192357	0.000000	1.623082	-0.099834	0.413793	-0.036922	0.184400	0.342974	0.059642	0.258251
293	0.001115	0.181739	1.227692	1.097595	0.971116	0.868810	0.635371	0.206358	-0.264879	0.080546	-0.063980	0.480961	1.532708	0.204629	-0.362200	0.000000	0.155055	0.207294	1.084805	1.100877
294	0.046497	-0.153930	0.049177	0.024292	0.182349	0.236783	0.038035	0.099764	0.029356	-0.127519	0.075068	0.123234	0.382526	0.000000	0.026640	0.079648	0.126491	0.198325	0.274905	0.236088
295	-0.230607	-0.226741	0.000000	-0.046657	0.020590	0.058999	0.012731	-0.036565	-0.108565	-0.005474	0.054422	0.156825	-0.323500	0.008776	0.024194	-0.097690	0.036355	-0.113387	0.026159	0.036058
296	0.301943	0.095989	0.141513	0.269165	-0.037956	0.026119	0.009983	0.566627	0.448437	0.652554	0.505726	0.054624	0.982007	0.352908	0.487409	0.027429	0.000000	0.518182	-0.148635	-0.131973
297	1.370796	1.104836	1.115556	0.000000	1.284466	1.771029	1.223338	1.749595	2.145470	1.690346	1.299067	1.580799	2.455856	0.997785	2.170452	1.440316	1.470791	1.576263	1.109464	1.104591
298	0.537568	0.201670	0.800164	0.467494	0.367362	1.101286	0.499780	0.000000	0.524368	0.225551	0.275807	0.801246	1.048551	0.416826	0.612166	0.714124	0.726330	0.313010	0.193747	0.291058
299	0.531494	0.416943	1.684396	1.136788	1.035238	0.969037	0.983837	0.320831	0.863619	0.228966	0.159812	0.601780	0.886320	0.083856	0.838551	0.000000	-0.035014	0.341219	0.961225	1.285379
300	1.362496	0.534905	1.887932	1.482158	0.000000	2.097267	1.216327	0.478221	1.769449	0.709221	0.792827	1.832648	2.232531	1.578466	1.546613	1.751929	1.404698	0.562892	-0.275359	-0.094103
301	0.639131	0.253104	2.010466	1.708603	0.597464	1.314821	1.335458	-0.097552	1.387185	0.527361	0.421323	1.145657	2.049536	1.174308	1.214998	0.654115	0.000000	-0.326821	0.817301	0.965484
302	1.920701	0.937539	2.600997	2.233111	0.649520	2.285386	1.933420	0.000000	2.262320	0.606374	0.940902	2.477554	2.388334	2.138663	2.177563	2.340703	1.933780	0.592974	0.734323	1.033347
303	0.324821	0.280839	1.135611	1.137632	0.666453	0.860242	0.702067	0.479734	0.474448	0.743310	0.679080	0.560385	1.379333	0.788765	0.390072	0.068666	0.000000	0.398461	0.709314	0.722509
304	0.608684	0.270611	1.365395	1.212309	0.239589	0.000000	0.933360	0.161346	1.281019	0.256452	0.495024	1.103621	1.438976	1.109961	1.368258	1.082950	1.112095	0.360162	0.290240	0.592932
305	0.258696	-0.165312	0.000000	0.161270	0.195752	0.379730	-0.105888	-0.213727	-0.183327	0.088402	0.205339	0.192224	0.396625	0.016110	-0.216108	0.085649	-0.144866	-0.131458	0.252371	0.096755
306	-0.302845	-0.573762	0.296714	0.100616	-0.186984	0.029258	0.027063	-0.290276	0.289033	-0.131444	-0.250965	0.000000	0.968138	0.019921	0.249643	-0.174797	-0.086423	-0.431648	-0.060414	-0.096445
307	0.231596	0.054144	-0.545972	-0.465839	0.608455	0.366592	0.270224	0.442129	0.636592	0.541721	0.471588	0.185860	0.835759	0.233685	0.559451	0.004544	0.000000	0.303733	0.522672	0.451677
308	-0.063137	-0.549744	-0.503604	-0.199777	-0.525401	-0.215050	-0.513953	0.153312	0.000000	-0.093989	-0.111573	-0.470749	0.538162	-0.158649	0.140521	-0.172524	-0.004468	0.178521	-0.308405	-0.709697
309	1.153837	0.592056	1.562691	1.365055	0.355657	1.134094	0.874086	1.173443	0.962813	0.653663	0.761098	1.311783	1.663312	1.008825	0.948676	1.245210	1.123810	1.368681	0.000000	0.617707
310	0.521616	-0.071068	0.444112	0.653404	-0.292925	0.479668	-0.348487	0.949009	0.357515	0.699372	0.359772	0.000000	1.490235	0.433413	0.110557	0.452111	0.525628	0.922106	-0.385980	-0.520957
311	1.447193	1.212778	1.403662	0.000000	1.613040	1.619939	1.598930	1.301276	2.116112	1.073029	1.152775	1.779406	2.249079	0.962880	2.087214	1.590127	1.413301	1.346610	1.568818	1.616077
312	0.069586	-0.200300	1.431816	1.028014	0.447180	0.415632	0.494572	0.182831	0.307130	-0.359300	-0.052371	0.000000	1.297966	0.224213	0.005335	0.008681	-0.373478	-0.069269	0.884464	0.734011
313	0.083454	-0.035518	1.760059	0.845979	0.237238	0.573611	0.541356	-0.180743	0.302271	-0.920826	-0.664219	0.647155	1.410170	0.000000	0.166399	0.410746	0.475331	0.308377	0.476244	0.518548
314	0.715515	0.480626	0.313839	0.919684	0.883723	0.869126	0.079728	0.418040	0.821390	0.584546	0.717014	0.000000	1.725806	0.232818	1.009969	-0.071278	-0.109692	0.313000	1.004401	0.837466
315	0.218161	0.567359	1.756201	1.339418	1.235390	1.001448	1.293125	0.702490	1.412913	0.914447	0.906990	1.134360	0.000000	1.130394	1.449986	0.417886	0.631201	0.593215	1.175364	1.341745
316	-0.074367	0.059791	0.125918	-0.165335	0.072933	0.200244	0.138264	0.060132	0.119248	-0.130032	-0.079312	0.278143	1.082422	-0.086919	0.000000	0.287299	0.284266	0.299245	-0.189772	-0.034120
317	0.663321	0.483838	0.640186	0.847544	1.113429	1.208589	1.192165	-0.379584	1.121814	-0.101469	0.000000	0.783493	1.696236	0.466534	1.216195	0.617217	0.044460	-0.246364	1.302290	1.348129
318	1.432054	1.068879	2.409356	2.361524	0.000000	2.077434	1.609176	0.718943	2.480041	0.735586	0.907823	2.318039	2.589454	2.041891	2.451179	2.142628	1.788520	1.039530	0.356123	0.507531
319	0.723937	0.556744	1.671444	0.904982	0.419149	1.213531	0.949516	0.625640	1.180087	0.000000	0.461384	1.485911	2.661334	0.906356	1.031327	1.229530	1.299325	0.942181	0.291671	0.302378
320	0.000000	-0.026829	1.486544	0.637335	0.022115	1.080461	0.446686	-0.517815	0.465556	-0.357919	-0.049278	0.991409	2.287559	0.555004	0.463050	0.821188	0.578199	-0.250151	0.316780	0.034350
321	1.365061	1.131479	3.133610	2.932368	0.521667	2.536382	2.475087	0.133789	2.690204	0.151798	0.000000	2.908234	2.865819	2.446866	2.745857	2.593935	2.161212	0.542632	0.962880	1.078035
322	1.842098	1.347631	2.827095	2.594830	1.205875	2.496172	2.529269	0.000000	2.478564	0.233720	0.970284	2.605614	2.838598	2.428817	2.474714	2.442478	2.015622	0.622252	1.668207	1.822512
323	0.040660	-0.420821	-0.075612	-0.053961	-0.095626	0.371367	-0.115355	-0.016826	-0.073267	-0.304788	-0.216313	-0.297045	2.467372	0.021059	-0.260686	0.057846	0.000000	0.240098	-0.287206	-0.191014
324	1.643796	1.327331	2.908257	1.931558	0.571442	2.625729	1.227544	1.775257	1.792980	1.469682	1.452136	2.430293	3.762365	1.905615	1.583336	2.339235	2.330804	1.793980	0.556309	0.000000
325	1.243613	0.986206	3.347029	2.878978	0.688634	2.688947	2.359024	0.000000	2.625973	1.110943	0.851288	2.891193	3.090188	2.520291	2.596737	2.294622	2.063361	0.508951	0.022540	0.917258
326	0.911394	0.373987	2.738021	2.436476	1.142369	1.944326	1.990679	1.004477	2.208267	0.317950	0.822640	1.998924	2.597650	1.962528	2.053690	1.173777	0.000000	0.765334	1.354728	1.491918
327	0.550720	0.759404	1.601545	0.983744	0.645618	1.304848	0.689252	0.731128	0.249342	0.755361	0.631924	1.240277	2.953261	0.745462	0.000000	0.889447	1.107891	0.795068	0.619696	0.551006
328	0.952781	0.435204	0.483812	0.860118	0.579402	0.525632	0.333091	1.430826	0.713145	0.996970	0.948091	0.000000	1.787042	0.762742	0.793622	0.587647	0.666599	1.519746	0.633761	0.551134
329	-0.396483	-0.299327	1.443552	0.813859	-0.497443	0.901895	0.061714	0.705264	0.117285	0.372949	-0.262824	0.816393	1.963732	0.000000	0.208338	0.080834	0.364384	0.417205	-0.165850	-0.380008
330	1.349375	1.076055	0.916548	1.140538	1.732439	1.681126	1.362240	1.564484	1.396222	1.611871	1.669754	1.309490	0.000000	1.429847	1.595550	1.288783	1.493071	1.464080	1.676738	1.708254
331	0.343021	0.410559	0.301998	0.000000	0.546602	0.659814	0.390458	0.195803	0.275581	0.368792	0.574433	0.649083	0.114270	0.383512	0.408972	0.485357	0.522094	0.395227	0.389501	0.494261
332	1.744475	1.350857	1.746672	1.748310	1.079039	2.112015	1.661890	1.810983	2.166731	1.942704	1.887115	2.062490	1.764541	2.126574	2.123047	1.854659	1.874199	1.866880	0.000000	1.023974
333	2.886464	1.920445	3.189352	3.006950	0.000000	3.246358	2.845740	1.991609	3.165687	1.409881	1.860085	3.274536	2.997842	3.102241	3.084179	3.328994	3.189357	2.442462	1.137439	1.173053
334	0.630151	0.508139	1.780627	1.155367	0.184284	1.145433	0.745742	0.067264	0.229298	-0.141955	0.269013	1.217201	2.085434	0.642608	0.000000	0.847711	0.747639	0.378887	0.127015	0.188969
335	-0.115581	-0.660692	0.431164	0.252590	-0.681385	0.262846	-0.229380	-0.442118	-0.195187	-0.429654	-0.276853	0.000000	1.510062	0.056043	-0.271087	0.027656	0.065885	-0.152304	-1.007587	-0.754658
336	0.978546	0.280292	2.219234	1.969279	-0.210538	1.800854	1.626679	-0.354626	2.044511	-0.805236	-0.168925	1.945132	2.085789	1.676704	1.925752	1.836909	1.234955	0.000000	0.294220	0.221561
337	2.058459	1.450066	2.805831	2.708247	1.294084	2.425905	2.677902	1.263268	2.750556	0.000000	1.132809	2.748667	2.662982	2.640062	2.774535	2.640309	2.507683	1.509211	2.206219	2.201554
338	-0.113494	-0.193830	0.746869	0.191662	0.245741	0.611576	0.296802	-0.271458	0.017902	-0.561318	-0.320508	0.302198	1.976646	-0.020476	-0.034297	0.000000	0.115131	0.004065	0.117076	0.233433
339	0.715938	0.150551	2.308922	1.355447	0.048535	1.583617	0.896117	0.000000	0.966092	0.036275	0.092212	1.239295	2.738318	0.819667	0.838678	1.469885	1.241888	0.248816	-0.119643	0.116825
340	0.000000	0.625771	2.228859	1.850170	0.755014	1.597636	1.892775	0.784019	2.225511	0.520475	0.910958	2.066658	1.589249	1.896593	2.136771	1.563877	1.402642	0.657737	0.989386	0.748980
341	0.314002	-0.034654	1.309487	1.265190	-0.217477	0.731521	0.982757	0.073794	1.434236	-0.043598	0.206552	1.041786	0.000000	1.228029	1.434078	0.817782	0.650051	0.235939	0.206440	0.325178
342	0.777664	0.229982	1.118588	0.753200	0.305465	1.317435	0.556925	0.000000	0.632721	0.186765	0.316570	0.943450	2.191600	0.618255	0.484276	1.033782	0.895672	0.420005	0.088366	0.171225
343	0.974025	0.546560	2.435791	2.244433	0.078124	1.818981	1.624109	0.362738	2.225340	-0.081026	0.000000	2.060615	2.669562	1.892458	2.188266	1.905804	1.768932	0.829784	0.046958	0.515862
344	0.850887	0.845041	2.074543	1.793544	0.000000	1.759288	1.362385	0.606221	1.976198	0.600851	0.549766	1.539544	2.450161	1.480254	1.835371	1.227564	1.100355	0.736007	0.332313	0.444121
345	-0.328027	0.047704	0.873294	0.185023	-0.654564	0.348342	0.377245	-0.134791	0.640855	-0.331713	-0.569035	0.674825	1.977039	0.054991	0.539466	0.000000	0.370413	0.225081	-0.693424	-0.552552
346	0.252005	-0.299725	1.006812	0.457144	-0.214403	0.403998	0.011626	-0.012308	-0.059258	-0.436336	-0.514988	0.000000	1.695778	-0.170268	-0.134581	0.294982	0.460761	0.222437	-0.524125	-0.212296
347	0.028082	0.067937	1.631786	1.166953	0.309205	0.426052	0.480386	-0.121115	0.000000	-0.144750	-0.178707	0.725826	1.183580	0.357780	0.075378	0.160000	0.202031	-0.066803	0.474331	0.262107
348	1.744164	0.734740	2.618310	2.216634	-0.248270	2.116470	0.925960	0.630671	1.177493	0.064303	0.000000	1.554380	2.457549	1.350706	0.733086	1.676573	1.397156	0.934303	0.731414	0.242148
349	0.000000	0.022017	1.739479	1.566329	0.071112	0.976480	1.034197	-0.267648	1.300133	0.073287	0.102209	1.325836	1.945329	1.152156	1.048503	1.060802	0.766057	-0.613284	-0.485145	-0.045701
350	-0.190409	-0.046760	0.314137	0.398734	0.159976	0.545094	0.126774	0.447985	0.191348	0.062752	0.116830	0.278080	2.163737	0.199344	0.000000	0.277282	0.780391	0.468827	0.287504	-0.122848
351	1.974675	1.233162	2.195308	2.100368	1.273542	2.140361	2.156576	0.847643	2.178612	0.000000	0.860397	2.136069	1.993139	2.064802	2.192821	2.193083	1.858847	1.172725	1.765844	1.748389
352	1.462480	1.224798	1.610829	1.265355	1.902288	0.000000	1.689072	2.550274	1.782188	1.944358	1.712489	1.710436	2.692686	1.446203	1.875181	1.900693	2.183398	2.373176	1.997476	2.058958
353	0.397799	0.268600	0.655661	0.278315	0.805796	0.637297	0.456086	0.517113	0.000000	0.274704	0.334722	0.529138	0.566473	0.222722	0.125302	0.480519	0.451195	0.611994	0.759439	0.680529
354	2.157500	1.961188	2.637025	2.666834	2.065940	0.000000	2.446377	2.514731	2.510113	2.368260	2.414995	2.387439	2.758685	2.609884	2.631427	2.501467	2.737742	2.619086	2.050469	2.222163
355	1.844905	0.899509	2.656686	2.389666	-0.093147	2.418329	1.555703	0.879168	2.092885	0.934187	1.054700	2.407111	2.576137	2.174616	2.006001	2.458230	2.180951	1.103005	0.554791	0.000000
356	0.827929	-0.067419	0.539237	0.555471	-0.515368	1.350352	0.240142	-0.537887	0.703157	-0.022345	0.000000	0.490705	0.980113	0.616300	0.599580	0.647046	0.161727	-0.243700	-0.736170	-0.537748
357	1.222784	0.449189	1.888700	1.737243	0.000000	1.744706	1.198559	0.534664	1.424114	0.402207	0.476973	1.770550	2.280488	1.460019	1.344642	1.624562	1.501538	0.850550	0.037231	0.189072
358	0.421296	-0.146916	0.535235	0.000000	-0.150412	0.925215	0.208075	-0.114946	0.359066	0.107750	0.077613	0.558168	1.099367	0.216750	0.314330	0.375317	0.057874	-0.152543	-0.220275	-0.304475
359	0.246179	-0.044073	0.262990	0.422971	0.309191	0.663018	0.292167	0.385721	0.442605	0.299410	0.343737	0.333939	1.411227	0.461403	0.444022	0.000000	0.010733	0.435826	0.148183	0.249866
360	0.116454	0.036420	0.559229	0.252800	0.235759	0.618547	0.244661	0.125470	0.000000	0.106508	0.181979	0.453985	0.086876	0.248359	0.074119	0.245597	0.258118	0.183694	0.082961	0.182500
361	0.180142	-0.411751	0.118961	0.248918	-0.157309	0.409326	0.064519	0.192336	0.325396	-0.022350	0.032544	0.060748	1.126400	0.301997	0.226525	0.000000	-0.101630	0.250224	-0.438953	-0.274198
362	0.264610	-0.269631	0.677709	0.580083	0.199198	-0.314056	-0.036773	0.576157	-0.023715	0.245280	0.000000	0.111848	1.042351	0.189743	-0.070150	0.278596	0.497361	0.594830	0.213222	0.170711
363	0.171162	-0.160107	0.473260	0.259400	0.016175	0.364164	0.137241	-0.090685	0.000000	-0.095073	-0.026191	0.300177	0.778588	0.176948	0.010452	0.150447	0.053485	0.048896	-0.102755	-0.039002
364	0.672259	-0.085446	0.884633	0.655629	0.269681	0.856317	0.508841	0.000000	0.572286	0.272994	0.365453	0.679154	1.275955	0.636127	0.496633	0.595478	0.419793	0.190479	0.164879	0.236210
365	0.856695	0.235374	1.736830	1.091208	0.266898	1.352777	0.573558	-0.004222	0.258202	0.269446	0.368817	1.065175	1.311795	0.656949	0.000000	0.665045	0.349576	0.122404	0.134460	0.227810
366	0.295801	-0.602981	1.273238	0.814515	-0.528244	1.081007	0.229144	-0.669415	0.301829	-0.343668	-0.207412	0.862009	1.755639	0.535693	0.122968	0.536837	0.000000	-0.516582	-0.818546	-0.596113
367	0.472619	0.137297	0.854954	0.390057	0.105656	1.108916	0.401693	-0.271618	0.176668	-0.354373	-0.006599	0.236859	0.732035	0.000000	0.024011	0.405070	0.120255	-0.094448	-0.015510	0.192675
368	1.538476	0.666911	2.575308	2.289309	0.731558	2.307136	1.646423	0.000000	1.847980	0.405351	0.814803	2.184363	2.603303	1.949440	1.837347	2.146521	1.732891	0.514598	0.681124	0.802546
369	0.887076	0.746575	0.960540	0.933013	1.140908	0.917911	0.944738	1.182841	0.640697	0.828359	1.011656	0.938207	0.000000	0.932427	0.732785	0.662780	0.746081	1.256895	1.173074	1.147962
370	0.000000	0.862044	1.151734	0.567981	1.576230	1.303878	1.462377	0.823752	1.553750	1.002138	0.844595	1.436680	0.785619	0.871305	1.663877	0.658229	0.735496	0.667108	1.309963	1.583340
371	0.325319	0.430137	0.433419	0.000000	0.612412	0.739923	0.453837	0.441037	0.556535	0.745087	0.640946	0.696262	1.159983	0.478288	0.617711	0.288569	0.284460	0.445335	0.360760	0.421475
372	0.358667	0.066773	0.787098	0.626619	0.355206	1.294796	0.662267	0.577223	0.533076	0.010688	0.000000	0.841211	2.450269	0.471723	0.657282	0.874604	1.116974	0.842149	0.194765	0.365739
373	1.786752	1.291134	2.413354	2.216419	0.260064	2.548109	2.095283	-0.368752	2.511165	0.000000	0.628198	2.491117	2.450585	2.191118	2.376120	2.274333	1.388130	0.297237	1.154716	1.086003
374	0.000000	0.395522	-0.400136	-0.082985	0.510822	0.438552	0.491356	0.502331	0.674042	0.584039	0.602110	0.298290	0.446852	0.529620	0.839863	0.415941	0.671663	0.507043	0.079984	0.371499
375	0.286297	-0.104616	-0.238006	-0.102180	0.220820	0.503283	0.099999	0.334684	0.197801	0.396819	0.236441	0.060146	1.521592	0.088282	0.257034	0.000000	-0.002823	0.325760	0.110860	0.147581
376	1.310474	0.526476	2.099292	1.577213	0.634848	2.397328	1.268616	0.000000	1.480264	0.152816	0.396968	1.754448	2.644718	1.496885	1.439903	1.775454	1.259326	0.374644	0.678011	0.554490
377	0.735249	0.534355	0.000000	0.574677	0.913148	1.081320	0.610011	1.046450	0.937436	0.895367	1.090358	0.513261	-0.469495	0.962403	1.183984	0.468284	0.916345	1.053562	0.763518	0.820104
378	0.638818	0.662454	0.735455	0.732621	0.809344	1.067002	0.985091	0.364960	1.015729	0.000000	0.544510	1.003622	-0.189210	0.951411	1.290433	0.574295	0.648193	0.644176	0.658738	0.745332
379	-0.004055	0.210092	0.168801	0.145083	0.549051	0.243788	0.305433	0.554866	0.000000	0.594130	0.460077	0.278130	1.376765	0.215557	0.237681	-0.023806	0.332642	0.561112	0.457439	0.496856
380	1.251401	0.580781	1.487039	1.562714	0.236971	1.988763	0.885060	0.785311	1.475900	0.795575	0.835711	1.441567	2.359939	1.343029	1.412625	1.528418	1.507226	0.825622	0.171001	0.000000
381	2.587139	1.520772	3.033308	3.025503	0.000000	3.088254	2.688045	2.125648	3.189632	1.183850	1.530400	3.050023	3.064328	2.971962	3.160346	2.962570	3.005612	2.440719	1.332653	1.509716
382	0.512832	0.252442	-0.525721	0.131624	0.816305	0.545193	0.430272	0.824845	0.440102	0.752857	0.728263	0.000000	0.183386	0.552059	0.505428	0.018877	0.097603	0.834871	0.744646	0.804461
383	-0.031339	-0.049793	0.000000	-0.201452	0.167350	0.595911	0.133521	-0.007837	-0.030010	0.008144	0.157122	0.347902	0.078466	0.153027	0.083693	0.233769	0.252548	0.060444	0.180850	0.115500
384	-0.154090	-0.196786	-0.281921	-0.389084	-0.131890	0.325515	-0.225523	-0.156092	-0.173141	0.002326	-0.051995	-0.024017	0.807865	-0.078951	-0.265572	0.000000	-0.058358	-0.214464	-0.231443	-0.391225
385	0.578647	-0.105040	0.650397	0.620612	-0.074071	1.443916	0.485794	-0.160646	0.674145	-0.215536	-0.308410	0.775271	2.213130	0.432901	0.618746	0.715032	0.000000	-0.020708	-0.302329	0.048161
386	1.157870	1.890038	2.988410	2.190520	1.842205	2.303574	1.989014	1.622166	0.794792	1.789607	1.330293	2.283037	3.276252	1.048463	0.000000	1.707686	1.919620	1.772856	1.776097	1.883689
387	-0.064467	0.220423	0.449156	-0.064724	0.406442	0.759635	0.417361	0.075385	0.000000	0.132427	0.081455	0.564971	2.410289	0.150317	0.071772	0.348564	0.375129	0.197479	0.307171	0.302663
388	0.142122	0.276413	0.951893	0.279822	0.531765	1.083901	0.480174	-0.149283	0.000000	-0.453674	-0.235652	0.468363	2.125139	-0.106976	-0.050572	0.289796	0.256578	0.234195	0.266981	0.445604
389	1.817745	1.041735	2.399556	2.065417	0.906513	2.402388	2.064490	0.000000	2.146420	-0.121508	0.652175	2.302570	2.362462	1.992337	2.155966	2.341373	2.068495	0.792403	0.904732	1.145879
390	0.232784	0.366887	0.744217	0.000000	0.877653	1.290793	0.781838	0.096485	0.329896	0.105851	0.100497	0.982507	2.657457	0.229169	0.426593	0.548210	0.482539	0.272138	0.744944	0.823752
391	0.058980	0.546108	1.162068	0.563137	0.202929	0.901728	0.456146	0.658242	0.000000	0.302715	0.103513	0.835005	2.417169	0.184800	0.106724	0.488571	0.820168	0.886614	0.032739	0.209962
392	1.365110	0.972673	2.328760	2.242222	0.781172	2.308585	2.076002	0.000000	2.154597	0.108661	0.599425	2.121565	2.598311	1.987015	2.180084	1.893956	1.527290	0.689778	1.036222	1.291610
393	0.623174	0.689634	1.942380	1.270965	0.346561	1.719958	0.812496	0.091937	0.077363	-0.745002	-0.216593	1.325403	2.536196	0.582678	0.000000	1.059161	0.821171	0.553139	0.270909	0.233187
394	0.586952	0.765507	0.675027	0.534886	0.965719	0.832537	0.781390	0.955170	0.566400	1.053478	0.947217	0.798637	0.000000	0.690715	0.743252	0.591976	0.893225	0.993624	0.922881	1.018797
395	1.413957	0.575849	2.075385	1.886225	-0.164915	1.566938	0.700599	1.168046	1.001526	0.000000	0.524327	0.749506	2.136929	1.100041	0.083106	1.345156	1.282449	1.136798	0.205750	-0.005420
396	2.030419	1.404091	2.738570	2.170720	0.598111	2.581538	1.891020	0.955161	2.377878	0.000000	0.624698	2.634491	2.902907	1.965239	2.392015	2.367646	2.268780	1.537091	0.703502	0.927641
397	1.739023	1.377780	2.431196	2.032711	1.263385	2.153072	1.336277	0.000000	1.006326	0.483602	0.767782	1.820433	2.410311	1.243164	1.023675	1.765008	1.592169	0.856844	1.561191	1.345917
398	0.554204	0.233582	0.000000	0.011177	0.786033	0.838110	0.547554	0.917922	0.834937	0.624802	0.546621	0.357788	1.594430	0.320121	0.942557	0.773839	1.089553	1.071692	0.734622	0.666715
399	1.370421	1.514233	1.549183	1.494017	1.756330	0.000000	1.736029	2.114306	1.762477	2.071064	1.800285	1.583632	1.852927	1.581200	1.922362	1.590398	1.771053	2.029853	1.685400	1.839163
400	0.067712	-0.309487	1.362010	0.810257	-0.226736	0.954925	0.378344	0.214566	1.025416	-0.390653	-0.342990	0.468093	1.344672	0.533504	0.789792	0.279148	0.000000	-0.093508	0.295357	-0.516959
401	0.000000	0.203830	1.729681	1.589268	0.882347	1.385038	1.747615	-0.278305	1.761843	-0.248875	0.408726	1.703965	1.695639	1.472130	1.759022	1.225353	0.957223	-0.448939	1.351894	1.303684
402	-0.066536	0.891512	1.913311	1.608811	1.454372	1.207115	1.422396	1.296784	1.303723	1.647426	1.169293	1.220218	2.191984	1.215508	1.178187	0.000000	0.395040	0.897859	1.231745	1.394384
403	0.479916	0.004051	1.062748	1.328160	0.140988	1.240432	0.812451	-0.078107	1.181242	0.000000	-0.067075	0.577934	1.439403	0.750088	1.016166	0.675454	0.224529	-0.221163	-0.044731	-0.051251
404	0.561788	0.850984	1.004559	1.151246	1.178950	0.599706	1.043297	1.149120	1.293196	1.503606	1.260294	0.732693	0.094557	1.022344	1.334408	0.000000	0.107710	0.821603	1.031337	1.160945
405	0.278251	0.833886	0.744563	0.584129	1.262654	0.442579	0.658888	1.200310	0.901878	1.403266	1.020268	0.322114	0.000000	0.401631	0.942025	0.218268	0.399183	0.943205	1.178128	1.072768
406	0.175523	0.748900	1.047508	1.070499	1.187791	0.000000	1.048824	1.278068	1.299490	1.429128	0.892277	0.706921	1.395220	0.820245	1.315964	0.050502	0.230357	1.099769	1.035299	1.178038
407	0.520233	0.044090	0.747825	0.828127	0.175156	0.709461	0.534931	-0.121154	0.784889	0.012286	0.000000	0.488333	1.298405	0.645455	0.713437	0.559839	0.386616	-0.033226	0.272451	0.420671
408	0.120500	0.011200	0.368518	0.526111	-0.089392	0.451060	0.410190	0.223684	0.766399	0.082454	0.000000	0.452250	-0.414486	0.618052	0.742469	0.335218	0.346675	0.395802	-0.260159	0.031979
409	0.006497	-0.139585	-0.388729	-0.520147	0.178532	-0.103712	-0.052860	-0.130227	0.164104	0.137698	0.000000	-0.022961	-0.642175	-0.090077	0.142921	-0.158575	-0.213123	-0.065818	-0.050946	0.034722
410	1.059462	0.627953	0.895255	0.699135	0.915072	0.000000	0.916732	1.598810	1.378896	1.245618	1.055974	0.754821	1.498943	0.941967	1.361103	0.930994	0.973719	1.605702	0.783003	0.949440
411	0.689215	0.151621	1.243482	0.846273	-0.062131	1.037420	0.438957	0.235332	1.245930	0.034435	0.000000	0.756460	1.394611	0.788304	1.209452	0.670738	0.475632	0.449763	0.225348	0.125369
412	1.451916	0.731572	2.103090	2.438585	0.000000	1.879819	1.625913	1.108005	2.178714	0.601232	0.971552	1.705643	2.322807	1.989478	2.238471	1.859924	1.579705	1.327205	0.486721	0.729641
413	0.347613	0.170036	-0.085154	0.044762	0.451549	-0.124995	0.119353	0.450638	0.374321	0.503846	0.354865	0.000000	0.327623	0.134218	0.410777	0.056324	-0.097980	0.461626	0.418702	0.418824
414	0.326469	-0.115713	0.012724	0.253560	-0.427360	0.663552	-0.356585	0.227223	0.826278	-0.109630	0.000000	-0.065326	0.813867	0.448152	0.808190	0.374936	0.354449	0.326206	-0.245403	-0.626158
415	0.386830	0.449039	1.719016	1.420997	0.315945	1.044070	1.610337	-0.125329	1.552722	0.000000	0.060247	1.662410	1.261461	1.335235	1.716993	0.879144	0.736399	0.285269	0.300785	0.981066
416	-0.021088	0.522441	1.724499	1.183532	0.869402	0.296832	0.709705	0.476201	-0.297571	0.326080	0.227465	0.715227	1.790591	0.241725	-0.112036	0.000000	0.175158	0.708470	0.797549	1.012880
417	1.809986	1.904863	1.946236	2.248719	2.408348	2.278417	2.312206	2.092076	2.508048	2.292502	2.135421	1.620889	2.991697	2.163427	2.389518	1.121148	0.000000	1.872822	2.410825	2.609208
418	1.698877	1.383710	2.262947	2.250077	1.457838	2.509171	2.362239	0.131380	2.357532	0.248449	1.033030	2.235412	2.619469	2.124905	2.408335	2.159519	1.521370	0.000000	1.735538	1.931515
419	1.831460	1.610703	2.736770	2.394107	1.608023	2.412628	2.234273	0.779899	2.164789	0.000000	0.944869	2.383008	2.794171	1.883828	2.368003	2.265687	2.092772	1.106371	1.840672	2.098887
420	0.145872	0.366748	1.762070	1.298035	0.448237	0.000000	0.871373	0.319186	1.158245	0.184556	0.249630	0.956785	1.782897	0.713180	1.176986	0.428015	0.439876	0.264668	0.519980	0.736408
421	0.721384	0.624681	1.516762	1.575028	1.410609	1.550368	1.650831	-0.276379	1.631316	-0.199996	0.531821	1.351331	1.418608	1.401420	1.820964	1.047642	0.783718	0.000000	1.496741	1.676671
422	-0.408281	-0.359490	1.689351	1.330891	0.374976	0.992751	1.129405	-0.808337	1.203140	-0.533683	-0.571720	1.153932	1.307503	0.918756	1.445378	0.000000	0.118671	-0.641379	0.256580	0.668526
423	1.050776	1.165093	2.649278	2.242882	1.324038	2.456464	2.161956	0.000000	2.349973	0.484461	0.999768	2.408162	2.170218	2.122339	2.501724	1.966304	1.642454	0.297794	1.518578	1.693015
424	1.620629	1.125139	2.203990	2.049201	0.659817	2.114681	1.853997	-0.367194	1.826977	0.000000	0.707695	2.126085	1.716082	1.925596	1.921467	1.903884	1.515074	0.343844	1.189100	1.360805
425	-0.674492	-0.761396	0.346404	-0.476456	-0.802688	0.075085	-0.581232	-1.291538	-0.476323	-1.542981	-1.289897	0.000000	0.992981	-0.634693	-0.428915	-0.224630	-0.474221	-0.930379	-0.794856	-0.966789
426	0.870930	0.456424	1.378215	0.717917	0.557658	1.323485	0.924436	0.584536	0.590312	0.000000	0.122797	1.348771	2.036846	0.444420	0.486747	1.003924	1.053251	0.919967	0.358684	0.582089
427	0.828201	0.269605	1.516031	1.242588	-0.486292	0.000000	0.908114	0.703564	1.629104	0.502737	0.545540	1.321566	1.675900	1.455546	1.519847	1.354640	1.482421	1.045742	0.058732	-0.071014
428	0.069181	0.294823	0.171222	0.379150	0.503756	0.591395	0.043329	0.095251	0.022407	-0.203255	0.098051	0.360834	1.397948	0.000000	0.110206	0.166020	0.351470	0.305583	0.600335	0.526545
429	0.519073	0.693723	1.351533	0.712138	0.699953	1.233934	0.588849	0.544178	0.000000	0.534084	0.448632	1.027350	0.442450	0.395957	-0.132120	0.767975	1.208254	0.712861	0.546542	0.534415
430	-0.164878	-0.266291	0.408781	-0.118943	-0.054658	0.205103	0.107900	0.152362	0.076506	-0.122111	-0.111447	0.432817	1.040842	0.029228	0.000000	0.260284	0.398723	0.278310	-0.233336	-0.086709
431	0.890880	0.124157	1.749728	1.675802	-0.337376	0.965666	0.000000	0.670601	0.808225	0.831924	0.729963	0.842030	1.846673	1.192995	0.499347	0.704743	0.601470	0.398460	-0.412588	-0.615559
432	0.312360	-0.103706	0.552974	0.584017	0.321434	0.480177	0.570965	0.146951	0.689510	0.091414	-0.003733	0.317931	1.133749	0.284554	0.580332	-0.164153	0.000000	0.047757	0.685540	0.590546
433	0.175834	-0.073596	0.484109	0.426535	0.198887	0.421770	0.134657	-0.002793	0.000000	0.010564	0.120108	0.159076	0.214129	0.229203	0.057430	0.111118	0.018004	0.029447	0.216829	0.146368
434	-0.059406	-0.335007	-0.108003	-0.176804	-0.105044	0.078211	-0.245694	0.412575	0.158391	0.042581	0.039498	-0.231064	0.884032	-0.056800	0.147866	0.008764	0.000000	0.452906	-0.113768	-0.200358
435	-0.065099	0.084355	0.013517	0.140826	0.180725	0.181131	0.047653	0.150771	0.049400	0.053609	0.175826	-0.005667	-0.196712	0.180272	0.152921	-0.094469	0.000000	0.291272	0.149624	0.159692
436	1.387014	0.946827	1.566850	1.638837	0.396806	1.790937	1.168244	1.209996	2.073361	1.582468	1.368313	1.603973	1.905566	1.729212	1.905161	1.328414	1.304320	1.164649	-0.009514	0.000000
437	1.949484	1.672365	2.474373	2.395573	1.224092	2.304379	1.310884	2.271151	2.171926	2.641072	2.215972	1.812112	2.486613	2.163042	1.869820	1.444110	1.630189	2.087849	0.000000	0.833785
438	1.086155	0.595060	2.151333	1.972009	0.282301	1.634501	1.444710	0.571006	1.877056	0.395368	0.552063	1.931739	1.796430	1.707238	1.842691	1.429643	1.181764	0.768213	0.000000	0.541589
439	0.682882	0.144851	0.000000	0.076728	0.695695	0.690486	0.850731	0.684491	1.156908	0.925382	0.530006	0.571701	1.861588	0.388200	1.076654	0.309644	0.307614	0.744251	0.201128	0.536414
440	1.702440	1.136086	2.245142	2.049984	1.119023	0.000000	1.909616	1.493916	2.014332	1.453456	1.570420	2.072753	2.093503	2.054273	2.027555	2.059005	2.034319	1.553459	1.168444	1.359254
441	1.119849	0.184910	1.929892	1.512005	-0.048415	1.644911	1.294536	-0.110037	1.304536	0.000000	0.201580	1.700315	1.937587	1.226114	1.250995	1.299745	0.956480	0.050988	0.018605	0.306293
442	0.181069	-0.146736	1.136249	0.529038	-0.053957	0.822273	0.294170	-0.084932	0.138121	0.270363	0.068958	0.583264	1.018896	0.000000	0.136798	0.439307	0.275134	-0.260895	-0.247883	-0.030302
443	0.212845	0.084927	0.101063	0.452389	0.772161	0.369406	0.508190	0.736050	0.742157	0.810659	0.569959	0.306486	1.208941	0.421633	0.780271	0.000000	0.365182	0.676776	0.811642	0.844402
444	0.063755	-0.219522	0.245360	0.205064	0.562743	-0.379766	0.165451	-0.017624	0.085653	0.113194	0.183067	0.121524	0.281540	0.071891	0.063223	0.000000	0.083945	0.045761	0.536802	0.526967
445	0.368885	0.114607	0.000000	0.282507	1.009188	0.331813	0.473115	0.722227	0.119029	0.868121	0.701751	0.359766	0.462172	0.189090	0.055773	-0.024128	0.113485	0.684401	0.634164	0.955880
446	0.193194	-0.573079	0.000000	-0.013472	-0.093025	-0.044873	-0.458625	-0.055255	-0.525656	-0.119289	-0.092850	-0.074561	0.607156	-0.264980	-0.586808	0.010598	0.107326	0.123280	-0.300294	-0.327810
447	1.535874	0.728583	1.857074	1.797435	0.000000	1.765952	1.355510	1.071510	1.671334	0.996287	0.992620	1.685949	1.801208	1.638358	1.631975	1.517823	1.479034	1.264122	-0.026068	0.404067
448	0.000000	-0.238373	0.929871	0.746546	-0.042690	0.647189	0.458331	-0.877415	0.353040	-0.469036	-0.213004	0.339850	0.803501	0.247358	0.357485	0.345671	0.111970	-0.919023	0.074701	0.258410
449	1.266749	0.502415	2.049151	1.868225	0.278242	1.673498	1.651924	-0.222171	1.707166	0.000000	0.529419	1.886551	1.501875	1.699984	1.713206	1.733076	1.281468	-0.072711	0.666661	0.878196
450	1.007303	0.276396	1.737410	1.557046	-0.642976	1.326407	0.559936	0.000000	1.129803	0.233111	0.229499	1.093922	1.886840	0.847704	1.110215	1.086389	1.049537	0.464683	-0.361374	-0.060140
451	1.806101	0.865628	2.678491	2.649365	0.752898	2.491739	2.404442	0.026264	2.568646	0.795636	1.133053	2.575701	2.224007	2.619095	2.576270	2.378092	1.934331	0.000000	1.542701	1.627663
452	0.364652	-0.241693	1.555447	1.118318	-0.639094	1.038854	-0.288414	0.196165	0.178490	0.182251	0.057513	0.000000	1.620179	0.305683	-0.241070	-0.081741	0.149391	0.074024	-0.750128	-0.725061
453	0.000000	0.757899	2.046832	2.008099	1.014425	1.439994	1.765194	1.846126	2.238183	1.626477	1.477887	2.048253	2.038009	2.082065	2.156578	1.197134	1.640461	1.520247	1.231761	1.039010
454	0.549105	0.365095	0.784593	0.725928	0.243712	0.939843	0.633105	0.425505	0.608805	0.250934	0.424756	0.707894	0.000000	0.721051	0.690981	0.675750	0.728053	0.589600	0.517507	0.333154
455	0.794575	0.257202	0.191346	0.952762	0.513466	0.540734	0.600498	0.827102	0.836208	0.844676	0.846712	0.000000	1.655100	0.978121	0.792651	0.146885	0.073702	0.768251	0.673728	0.557875
456	0.129505	-0.122453	0.556113	0.267165	-0.207866	0.795422	0.000000	-0.251909	0.377818	-0.203233	-0.028575	0.487284	0.247447	0.388196	0.319488	0.390735	0.287585	-0.163363	-0.403527	-0.274131
457	-0.018214	-0.064634	0.281352	0.000000	0.247789	0.455338	0.331411	-0.044543	0.101520	0.043900	0.151538	0.380036	0.554716	0.162891	0.126837	0.259427	0.281912	-0.010768	0.127961	0.240628
458	-0.197364	-0.005122	0.153873	0.109902	0.311657	0.000000	0.318907	0.006466	0.289015	-0.006775	0.116574	0.249130	1.175330	0.132097	0.396209	0.214760	0.220214	0.019684	0.431706	0.413765
459	1.215880	0.763485	1.801390	1.696367	0.219937	1.571347	1.336552	0.000000	1.503906	0.650893	0.984931	1.723494	1.564800	1.595317	1.548408	1.596370	1.294045	0.169871	0.482382	0.730412
460	-0.075050	-0.244694	0.515464	-0.004963	0.057240	0.685345	0.309340	-0.474465	0.058268	-0.301818	-0.231116	0.381268	1.601654	0.000000	-0.039144	0.340084	0.263712	-0.262990	-0.225706	0.008574
461	0.000000	0.245015	0.515293	0.229419	0.474477	1.044384	0.482854	0.166235	0.176918	0.001884	0.112119	0.479370	1.786897	0.280581	0.199200	0.533621	0.615831	0.417965	0.465871	0.531357
462	-0.865191	-0.324576	1.274788	0.235423	0.273721	0.000000	1.058673	0.189198	1.136527	-0.082280	-0.146016	1.067593	1.479842	0.511006	1.226286	0.507792	0.793561	0.063650	0.493086	0.686573
463	1.312020	0.715702	2.477851	1.763816	0.706419	2.069226	1.844333	-0.297826	1.508943	-0.260563	0.248533	2.119703	2.680279	1.500205	1.485117	1.944621	1.404258	0.000000	0.806869	0.997388
464	-0.156509	-0.026779	-0.157176	-0.303153	0.377668	0.469250	0.182154	0.221295	0.053422	0.144584	0.091081	0.000000	1.927493	0.008319	0.002876	0.136011	0.275856	0.349873	0.189715	0.382582
465	-0.487565	-0.363460	-0.849696	-0.630179	-0.321911	0.615259	-0.297900	-0.071717	0.119601	-0.012268	-0.122842	-0.120358	1.467974	-0.082398	0.000000	-0.259485	-0.227883	0.026756	-0.813575	-0.450398
466	1.920855	1.351170	2.767653	2.816093	0.000000	2.792564	2.151688	1.074490	2.568841	1.109243	1.315217	2.561059	3.004019	2.589312	2.521919	2.415336	2.188528	1.518967	0.606408	1.058320
467	1.337884	0.781282	1.331397	1.045905	0.032514	2.007351	1.101344	0.367920	1.630232	0.699272	0.715530	1.452159	2.765639	1.303600	1.424881	1.331813	1.264585	0.910720	-0.077571	0.000000
468	0.007525	0.213801	0.281349	-0.096332	0.196220	0.847309	0.141425	0.615166	0.124563	0.328303	0.173667	0.249185	2.730450	0.015460	0.000000	0.287694	0.599560	0.837924	0.041847	0.150553
469	-0.011199	-0.293546	0.361408	0.023672	-0.550783	1.288730	-0.094545	-0.693854	0.171150	-0.814948	-0.569785	0.347126	2.057938	-0.020317	-0.064619	0.452226	0.000000	-0.294467	-0.672870	-0.722822
470	0.031002	0.000000	2.561904	2.196351	-0.086658	0.869834	1.499479	0.935170	2.208450	-0.017727	-0.248765	1.705601	2.570736	1.556604	2.222079	0.813620	1.188630	0.924883	0.357671	0.542582
471	0.679548	0.789092	1.391476	0.764470	0.867583	1.176576	0.795483	0.312922	0.000000	0.360309	0.367004	0.991058	2.285018	0.391135	-0.237326	0.710674	0.453243	0.384352	0.972291	0.697830
472	0.894824	0.490642	1.538880	0.867594	0.832620	1.847408	0.939745	0.937080	0.644578	0.000000	0.325304	1.299572	2.492801	0.611564	0.477909	1.270900	1.138932	1.235587	0.776452	0.732845
473	0.416162	0.227708	1.927305	1.625894	0.187692	1.314176	0.598562	0.350000	1.137019	0.000000	0.245877	1.188089	1.502321	1.099986	1.118970	1.075336	1.133721	0.418752	0.221679	0.148902
474	0.528666	1.307846	2.474116	2.071407	2.146073	0.000000	2.001744	2.495906	2.093056	2.095135	1.787058	1.389203	2.048142	1.557305	2.311885	0.749054	1.971090	2.346061	2.292631	2.418171
475	1.641362	1.030322	1.963815	1.788010	0.862193	1.784346	1.365258	0.000000	1.514392	0.569828	0.782426	1.577870	1.875346	1.343292	1.635186	1.746585	1.682714	0.838865	0.924699	1.143582
476	1.462909	0.829649	1.246448	1.485442	0.749883	1.470064	0.398924	1.164351	1.546287	1.300259	1.361164	0.000000	2.115354	1.214244	1.522806	0.463719	0.275534	1.207641	0.668521	0.383738
477	1.247810	0.532450	1.589517	1.444495	-0.299832	1.619323	1.179505	-0.197516	1.470382	-0.215568	0.000000	1.466464	0.378866	1.367459	1.457802	1.558807	1.469384	0.428615	-0.035844	0.571498
478	0.661436	0.550666	-0.377875	0.569336	1.424358	0.985952	0.791695	1.542373	1.370665	1.403350	1.147777	-0.001514	1.955149	0.979161	1.378488	0.000000	0.905040	1.474656	1.446098	1.413447
479	0.294785	0.173012	0.705205	0.211072	0.283363	0.536649	0.167780	0.248401	0.000000	-0.002047	0.012731	0.550296	0.149802	0.119325	0.107307	0.388545	0.396164	0.429676	0.263940	0.266165
480	0.071979	-0.095011	0.225266	-0.104314	0.161839	0.259829	0.060068	0.209113	0.000000	0.100530	0.087569	0.240185	1.349832	-0.016779	0.105341	0.092535	0.003245	0.222663	0.126123	0.044350
481	0.316158	0.134663	0.865883	0.402169	0.143704	0.760182	0.226705	0.059146	0.000000	-0.062086	0.084757	0.491336	1.528344	0.225456	0.004696	0.367953	0.144471	0.193601	0.226229	0.096742
482	1.126654	1.032439	1.543508	1.678575	1.206459	1.378545	1.478100	1.311781	2.044508	1.374109	1.198529	0.828946	1.755154	1.507121	1.970596	0.000000	0.081805	1.460884	1.066861	1.401335
483	0.601960	0.310044	0.804036	0.669467	0.290733	0.755712	0.195662	0.666409	0.242416	0.727470	0.531730	0.479975	1.588624	0.368272	-0.035623	0.340248	0.269217	0.594156	0.138940	0.000000
484	0.802160	0.496175	1.965788	1.226740	0.573256	1.604082	1.190490	0.000000	1.174336	0.365438	0.284287	1.584551	2.012869	0.899097	1.126999	1.096727	1.021050	0.310654	0.245525	0.562325
485	0.023204	-0.255144	0.301365	0.030311	0.325999	0.129783	0.267772	0.214222	0.116860	0.204094	-0.005305	0.000000	1.837894	0.024455	-0.035589	-0.003545	0.060777	0.006195	0.366430	0.340944
486	-0.024625	0.202518	0.829578	0.206839	0.350377	0.546919	0.383601	0.132562	0.091868	0.155392	0.160821	0.543488	-0.118845	0.210970	0.000000	0.244993	0.298185	0.118549	0.492042	0.392890
487	0.122860	0.081185	0.820836	0.638878	0.001747	0.749351	0.393404	-0.131045	0.672748	-0.243594	0.005518	0.439818	0.885300	0.345061	0.526045	0.202632	0.000000	0.099623	0.182641	0.277713
488	0.528929	0.216445	0.611416	0.494673	0.495552	0.000000	0.523155	0.875863	0.855906	0.779551	0.639967	0.536877	1.626090	0.662951	0.789178	0.597154	0.807212	0.827987	0.574141	0.580000
489	0.314517	-0.090115	-0.045805	-0.474437	0.412021	0.522715	0.351214	0.423930	0.844763	0.700010	0.440989	0.389657	1.026437	0.117248	0.794448	0.059501	0.000000	0.201794	0.390892	0.337279
490	1.266056	0.603216	1.818196	1.599423	0.000000	1.372215	1.644388	1.278196	1.846502	0.915193	0.974828	1.718645	1.827880	1.632117	1.741225	1.491322	1.468794	1.308405	0.711951	0.792310
491	0.662280	0.450106	1.000942	0.000000	1.071158	1.098307	0.768645	0.675927	0.573746	0.805792	0.714670	0.876400	1.577781	0.314999	0.500890	0.534389	0.562095	0.653539	1.064659	0.985253
492	0.766119	0.294314	1.293395	0.784520	0.000000	1.488966	0.904245	0.366534	1.230449	0.394480	0.595064	1.161082	1.345991	0.956692	1.119706	1.054417	0.993409	0.607092	0.128591	0.271598
493	-0.552584	-0.721478	-0.871209	-1.001414	0.574318	-0.351957	0.045864	0.463062	0.305265	0.104396	-0.154745	-0.487436	0.604369	-0.525675	0.130362	-0.254034	0.000000	0.276186	0.462331	0.549598
494	-0.073764	-0.399854	0.323466	0.074908	-0.236063	-0.505914	-0.397582	0.283820	-0.127012	-0.060479	-0.113467	-0.159890	0.748518	-0.146764	-0.282849	0.000000	0.220628	0.202535	-0.221929	-0.225268
495	0.103770	-0.574028	-1.687152	-0.971209	0.000000	0.302615	0.156694	0.070488	0.863892	0.000592	-0.038772	-0.174039	0.776924	-0.020072	0.859444	-0.284902	-0.314217	-0.039629	-0.308344	0.124401
496	0.514141	0.202912	0.957415	0.717490	0.000000	0.796255	0.472579	0.452287	0.656329	0.361258	0.485973	0.619343	0.541296	0.561427	0.622494	0.435964	0.443536	0.401780	0.098740	0.241891
497	1.946555	1.326301	2.170379	1.752378	0.466045	2.452836	1.425356	1.958849	2.499620	1.880942	1.810353	1.942674	2.369818	2.092842	2.187524	2.267460	2.392066	1.951521	0.096086	0.000000
498	-0.039869	-0.237283	-0.151457	-0.078891	0.143883	0.453224	-0.095992	0.454819	0.139602	0.235211	0.137888	-0.139466	1.390008	-0.225753	0.000000	-0.176259	0.504456	0.516264	0.051030	0.094209
499	0.085467	-0.325431	-0.445128	-0.363532	0.166811	0.054322	-0.075097	0.611507	0.195396	0.328553	0.221202	-0.345455	0.755654	-0.115167	0.229176	0.217600	0.533597	0.623719	0.177687	0.000000
500	0.825995	0.782957	0.571028	0.595426	1.311374	0.000000	0.976054	1.795096	1.088608	1.683395	1.211748	0.917709	2.313305	0.927249	1.078729	0.782798	1.254694	1.664751	1.387099	1.331310
501	1.582621	1.086393	1.704973	1.717050	0.000000	2.044890	1.466019	1.368197	1.867160	1.516822	1.539921	1.818712	1.586802	1.783462	1.853197	1.706923	1.625543	1.348498	0.570398	0.768602
502	0.922016	0.671669	1.462867	0.328273	1.586827	1.770280	1.268247	0.420425	1.219478	0.713347	0.805014	1.414235	1.637739	0.563206	1.247415	1.235605	1.008742	0.000000	1.612991	1.575476
503	0.000000	0.609201	1.077301	0.887718	1.198462	0.903306	0.792063	1.144899	0.930019	1.275211	1.110046	0.676524	-0.240977	0.760110	0.955663	0.213640	0.875186	0.983365	1.019644	1.179951
504	1.467970	0.503551	0.370709	1.611910	1.505593	1.989915	1.206960	0.750577	1.207484	1.430664	1.608020	0.000000	1.739614	1.424297	1.051848	1.064597	0.791852	0.457805	1.828342	1.769204
505	0.430978	0.238497	0.857892	0.626281	0.000000	1.044480	0.566919	-0.285018	0.452500	-0.088711	0.277681	0.825617	-0.104781	0.434339	0.444011	0.599300	0.397125	0.073271	-0.116958	0.355587
506	-0.372234	0.567648	1.237153	0.648227	0.881108	0.218732	0.719781	1.076478	0.744697	0.983516	0.577922	0.791411	1.047106	0.376400	0.713643	0.000000	0.530399	0.914340	0.495831	0.880372
507	0.514782	0.214916	0.941607	0.694849	0.382899	0.925656	0.297842	-0.420736	-0.041446	-0.279464	0.000000	0.494139	1.407575	0.328537	-0.239409	0.623252	0.348843	-0.040918	0.429144	0.361628
508	0.740485	0.310483	0.221951	0.000000	0.451403	0.853778	0.397524	0.737497	1.127940	0.620403	0.567323	0.299226	1.533247	0.414896	1.023026	0.444761	0.221010	0.590597	0.238520	0.257093
509	0.795015	0.470518	1.859269	1.355479	0.155231	1.677849	1.210282	0.386663	1.357125	0.000000	0.403280	1.812102	2.444766	1.229046	1.319120	1.369861	1.112580	0.585181	-0.121801	0.220246
510	0.272270	0.381782	0.992293	0.566987	0.668107	0.616871	0.484500	0.438450	-0.017757	0.329653	0.288041	0.661693	0.000000	0.204243	-0.190858	0.502459	0.499392	0.502256	0.624040	0.552888
511	0.073038	-0.101751	0.760917	-0.591761	0.620783	0.618673	0.417339	0.446954	0.299262	0.498652	-0.267138	0.376354	1.080476	-0.780940	0.143411	0.000000	-0.345985	0.030733	0.113106	0.435973
512	1.511778	0.576997	1.998326	1.842698	0.000000	1.825408	1.506227	0.342619	1.638831	0.130207	0.347273	1.587533	1.625794	1.440492	1.629115	1.651149	1.402018	0.792810	-0.088036	0.594397
513	0.130797	0.201558	1.197645	0.853547	0.381549	0.000000	0.063828	0.732869	-0.206077	0.453378	0.187197	0.315317	1.611400	0.129507	-0.391025	0.118077	0.383622	0.711274	0.275807	0.425332
514	1.634737	1.088214	2.256371	2.177592	1.431001	2.148767	1.676839	0.287225	1.520442	0.713279	1.166036	1.729561	0.539997	1.790359	1.523021	1.657010	1.117332	0.000000	1.842792	1.671831
515	0.026394	0.174957	1.476889	1.109311	0.373970	0.737073	0.007651	0.076800	-0.251174	-0.310340	-0.069642	0.209464	0.348670	-0.040535	-0.211168	0.000000	0.207838	0.084423	0.474570	0.373682
516	0.622004	0.274429	1.012088	0.831243	0.727716	0.000000	0.476754	1.124232	0.451910	0.817800	0.657326	0.549265	1.304179	0.571562	0.443693	0.695458	0.879040	1.108740	0.818627	0.789183
517	0.373722	-0.003673	0.825095	0.846300	-0.017551	0.688167	0.123078	0.000000	-0.039472	-0.089490	-0.010231	0.332800	1.222380	0.143956	-0.113518	0.429503	0.437006	0.340565	0.177695	-0.027489
518	0.946993	0.972730	1.146504	1.653522	2.412210	1.401757	1.582945	2.250184	1.843745	2.442929	2.050135	0.000000	2.290582	1.567353	1.542925	0.294702	1.241877	1.945466	2.336892	2.367987
519	-0.921088	-0.566041	0.198719	0.000000	0.169116	-0.082246	-0.243002	-0.481817	-0.641581	-0.369484	-0.573802	-0.059542	-1.312299	-0.573990	-0.585820	-0.315585	-0.059222	-0.431521	0.096168	0.173163
520	-0.141772	0.284855	-0.228544	0.299207	0.694340	0.525810	0.560801	0.601056	0.548137	0.738054	0.330852	0.168112	1.780099	0.346759	0.368543	0.000000	0.027468	0.474091	0.726743	0.759029
521	0.000000	0.373850	1.367181	0.766664	0.804552	0.597676	0.362749	0.523758	-0.192169	0.597381	0.294095	0.789815	1.526256	0.006137	-0.263798	0.394861	0.368266	0.392665	0.866882	0.746833
522	1.863039	1.615603	0.000000	1.537272	2.608927	2.480345	2.205398	2.318113	2.585792	2.519156	2.237408	1.369861	2.989557	2.187153	2.528634	1.921521	2.036959	2.113806	2.339293	2.580811
523	0.719031	0.590816	1.545045	1.053373	0.035768	1.474415	0.635211	-0.782908	0.906920	-0.307129	0.000000	1.159338	1.853706	0.922692	0.683845	1.096314	0.826285	-0.086478	-0.138915	-0.115409
524	-0.496028	0.634124	1.467668	0.735099	1.381901	0.880747	1.106387	1.047848	0.793207	1.300342	0.750906	0.786194	1.679197	0.492578	0.586916	0.000000	0.577313	0.725693	1.401642	1.390442
525	1.219297	0.939972	2.131112	1.921920	0.923128	1.904739	1.328681	0.000000	0.946482	-0.095616	0.647316	1.448294	2.172328	1.389099	0.707337	1.607483	1.328327	0.611811	1.145416	0.854558
526	0.922524	1.097155	2.115070	1.990810	0.622876	0.000000	1.657313	1.310652	1.922042	1.388940	1.257940	1.750438	2.171308	1.724375	1.982319	1.504242	1.698460	1.395760	0.965498	1.029227
527	0.190952	0.023607	2.239079	1.687724	0.135993	1.406912	1.081325	-0.028724	-0.130357	-0.754077	-0.482447	1.439812	2.276367	0.553323	-0.049655	0.840322	0.422249	0.000000	0.505295	0.224722
528	-0.317948	0.013498	0.984679	0.489444	0.120921	0.442932	0.048687	0.233922	-0.527080	-0.231873	-0.180092	0.302739	2.426213	-0.147004	-0.398692	-0.165879	0.000000	0.603168	-0.060611	0.038376
529	0.699319	0.653039	2.082424	0.964324	1.581145	1.565831	1.125705	0.303211	0.214384	0.727762	0.216823	0.949296	2.410668	0.060573	0.002121	0.924121	0.617214	0.000000	1.621918	1.664567
530	1.740211	1.249372	2.223982	2.109872	1.393048	2.214476	2.160768	0.000000	1.984347	0.600688	1.188243	2.183279	2.007974	1.981411	2.015183	2.143851	1.780726	0.654481	1.778455	1.929087
531	0.135080	0.306391	1.305664	0.801848	0.085679	1.089971	0.206571	0.014818	0.000000	-0.098191	0.157827	0.832681	2.465518	0.417520	-0.039511	0.428293	0.613043	0.337584	-0.238930	-0.237026
532	0.373083	0.060243	0.291588	0.212373	0.284309	0.845296	0.168252	0.265064	0.416496	-0.021263	0.030241	0.000000	2.155808	0.147482	0.228767	0.343981	0.387240	0.572698	-0.027994	0.161950
533	-0.968583	-0.255632	0.989653	0.705128	0.339734	0.196659	0.320242	0.073425	0.644302	-0.262729	-0.226028	0.000000	1.560423	0.235789	0.653756	-0.386130	0.020180	0.132155	0.225636	0.162898
534	1.292715	0.682015	2.199136	1.958452	0.966902	1.827356	1.628656	0.174572	1.676902	0.444190	0.000000	1.859202	2.095360	1.485068	1.561539	1.618887	1.414118	0.799360	0.930718	1.104438
535	0.333185	-0.081362	0.538435	0.193833	0.016958	0.859250	0.336741	0.000000	0.374138	0.049250	0.137087	0.628452	1.614322	0.352669	0.344329	0.617133	0.609235	0.230328	0.155034	0.085748
536	0.268880	-0.001665	0.006754	-0.116128	0.115961	0.472824	0.143189	0.647609	0.530926	0.419347	0.229477	0.000000	1.669183	0.185064	0.377669	0.210297	0.345049	0.671703	0.020527	0.070908
537	0.559727	0.491714	1.111091	-0.043080	0.582489	1.147133	0.477398	1.010352	1.002128	0.709096	0.493910	0.000000	2.158789	0.149120	0.869027	0.391559	0.741167	0.933699	0.524546	0.547583
538	-0.101261	-0.460866	0.000000	-0.001646	0.010681	-0.174829	-0.101644	0.541759	-0.117888	0.125859	-0.076686	-0.154029	1.093297	-0.276789	0.032910	-0.053029	0.320732	0.524864	0.099133	0.026105
539	1.390749	0.895024	2.105258	2.002362	0.334432	2.169560	1.464506	0.335328	1.680348	0.000000	0.307550	1.906149	2.258739	1.535872	1.641098	1.715717	1.423279	0.702778	0.193612	0.573320
540	0.046741	0.026213	-0.464230	-0.028391	0.451317	0.000000	0.096867	0.221892	0.062149	0.115661	0.229848	-0.228377	-0.271579	0.054182	0.169218	-0.320118	-0.329923	0.267172	0.388723	0.512437
541	0.284808	0.116920	0.309590	0.134065	0.225562	0.735632	0.270357	0.186970	0.434943	0.254885	0.363551	0.405737	0.000000	0.386040	0.455160	0.417575	0.339490	0.329791	0.100111	0.173024
542	0.000000	-0.105587	0.452475	0.241836	0.031456	0.384591	0.191184	0.098902	0.113277	-0.008167	0.142530	0.450314	0.534671	0.223275	0.211725	0.339891	0.320660	0.096619	-0.059677	0.117489
543	-0.507406	-0.491368	0.129660	-0.003559	-0.403459	0.154095	-0.120670	-0.262905	-0.143522	-0.554549	-0.519503	0.164560	0.676418	-0.237186	-0.090768	0.007669	0.000000	-0.198042	-0.625383	-0.416657
544	0.000000	0.909445	2.357824	1.796813	1.001996	1.208386	1.898301	0.772317	1.804643	0.664971	0.816401	2.035144	2.542622	1.461932	1.823453	1.279756	1.093261	0.527354	1.078255	1.230671
545	-0.017874	-0.244523	0.246570	-0.033404	-0.167600	0.616880	0.097193	-0.274523	0.162638	-0.278270	-0.172582	0.237341	1.604299	0.000000	0.068442	0.245368	0.134439	-0.079761	-0.398077	-0.211436
546	0.400065	0.039335	0.865841	0.527137	0.310716	1.184350	0.675272	-0.202155	0.372310	-0.157937	0.000000	0.834968	2.202600	0.497724	0.321410	0.798425	0.600713	0.127217	0.124306	0.347448
547	0.000000	-0.173586	1.927330	1.272297	-0.389810	1.385158	0.672499	-0.305415	0.821380	-0.813905	-0.592698	1.205101	2.375930	0.573761	0.792472	0.989343	0.700172	-0.067365	-0.378474	-0.227617
548	2.140941	1.632988	3.008105	2.763908	1.273802	2.853614	2.181691	0.716651	2.444494	0.000000	0.984836	2.455825	3.447749	2.310472	2.367728	2.543119	2.338397	1.460144	1.124316	1.345298
549	0.059142	-0.299863	0.149806	-0.055386	-0.011486	0.701030	0.025282	0.008262	0.026109	0.067330	0.055321	0.135710	2.154628	0.000000	-0.090833	0.214159	0.224779	0.155478	-0.175771	-0.072752
550	0.501519	0.137331	1.324355	1.077902	0.323533	1.408002	0.623261	0.201876	0.181043	0.000000	0.204432	0.649724	2.814245	0.460653	0.042645	0.709854	0.629493	0.393324	0.211249	0.445369
551	2.224686	1.699467	2.915389	2.738233	0.000000	2.820329	2.094498	1.592323	2.583044	1.339561	1.565924	2.637364	2.907668	2.515742	2.512100	2.612161	2.540409	2.050510	0.255327	0.542468
552	1.469017	0.368129	0.584804	-0.006005	0.413604	2.211967	1.399900	0.000000	2.169666	0.042806	0.223209	1.482626	2.771468	1.210957	1.959040	1.645185	1.323224	0.598437	0.228931	0.565928
553	0.265714	-0.063164	0.474751	0.117872	0.343721	0.905276	0.281743	0.355556	0.000000	0.232615	0.243293	0.281031	2.681842	0.161398	-0.109558	0.454362	0.506702	0.549970	0.163970	0.223669
554	-0.812028	-1.079984	0.000000	-0.092071	-0.840227	0.049168	-0.602463	-0.946175	-0.889564	-1.208450	-1.062120	-0.575976	1.601288	-0.738634	-0.935179	-0.424871	-0.359047	-0.719337	-1.144884	-0.921769
555	1.885110	1.623861	3.357497	3.150748	-0.043694	2.789839	1.643704	1.637250	2.120295	0.910538	1.138818	2.719290	3.161135	2.314026	1.804657	2.357601	2.570288	2.190383	0.542200	0.000000
556	0.305346	0.140500	1.287126	-0.529437	0.252668	0.965169	0.230659	0.094041	0.565261	0.197946	-0.189467	0.725289	2.167462	-0.548194	0.000000	0.637574	0.474842	0.211744	0.112187	0.032914
557	0.130538	-0.254894	0.085611	-0.110428	0.190557	0.873744	0.134529	0.090067	-0.057409	0.132113	0.023032	0.084518	2.490327	-0.032766	-0.177791	0.245859	0.262501	0.183863	0.088098	0.000000
558	0.269891	0.027301	1.261969	0.725758	-0.350416	1.432081	-0.230117	-0.129059	-0.071679	-0.018528	0.072103	0.602100	2.340656	0.313232	-0.084870	0.495060	0.000000	0.043736	-0.167202	-0.557452
559	2.639937	2.002603	3.267432	3.040782	1.017069	3.040751	1.438850	2.241634	2.485220	2.104703	2.133960	2.081562	3.252332	2.513050	1.943756	2.343618	2.087754	2.404594	0.661387	0.000000
560	0.069492	-0.545013	-0.750151	-0.360887	0.169591	-0.023486	-0.172104	0.390238	-0.049730	0.132652	-0.041682	-0.467625	1.180721	-0.393722	0.000000	0.063757	0.393004	0.402400	0.131835	0.094926
561	0.080841	0.000000	1.593216	1.706241	0.351051	0.646805	0.890843	0.714544	1.155504	0.976803	0.635326	0.317006	1.589522	0.998317	0.982309	-0.595853	-0.283462	0.556226	0.721561	0.672570
562	1.112845	0.500944	1.259867	0.693307	-0.610680	1.386390	0.000000	1.329294	1.666972	1.221354	0.909331	1.224888	1.690992	1.114580	1.384239	1.362662	1.501817	1.326006	-0.839261	-0.925075
563	0.042499	0.201421	0.470388	0.492605	0.189809	0.241840	-0.033513	0.672250	0.448177	0.237740	0.311641	0.140349	-0.004607	0.336883	0.000000	0.161744	0.299828	0.769186	0.184914	0.007591
564	0.781124	0.774682	1.789315	1.745210	0.404245	0.000000	1.109513	1.562596	1.802799	1.673294	1.296811	1.652605	1.529080	1.642272	1.717644	1.294108	1.524386	1.343266	0.053626	0.265871
565	0.950697	0.436553	0.000000	0.493902	0.626622	0.759851	0.844961	1.096205	1.287659	1.154683	1.010102	0.576633	1.598049	0.998368	1.307668	0.625319	0.684793	1.168833	0.087942	0.440698
566	0.505034	0.162448	0.072180	0.127834	0.832979	0.635371	0.459826	0.866798	0.762098	0.440526	0.497633	0.567341	1.676509	0.413484	0.866017	-0.256555	0.000000	0.904607	0.578224	0.753051
567	-0.060032	-0.356823	-0.023958	-0.002429	0.005435	0.217786	0.034648	0.048342	0.065913	0.081652	0.066606	-0.051156	0.042374	0.000000	0.101254	-0.085353	-0.022394	0.022070	-0.079720	-0.047583
568	1.013804	0.274807	1.009014	0.777427	0.266342	1.529676	0.664048	0.000000	0.938889	0.572319	0.632483	1.079048	1.863366	0.867217	0.911425	1.138412	0.827376	0.260753	0.199671	0.136529
569	0.189927	-0.199651	0.152974	0.004464	-0.000067	0.601434	0.052308	0.092247	0.216613	0.198992	0.144754	0.146221	0.797954	0.000000	0.181784	0.201280	0.244366	0.121659	-0.324676	-0.152039
570	1.783790	0.593366	-0.042689	1.290922	1.206893	1.590554	1.000629	1.439876	2.007945	1.551674	1.604437	0.101807	2.363162	1.650121	1.878829	0.379826	0.000000	1.539814	0.732331	0.908996
571	0.013685	-0.095289	0.444203	0.099312	0.181578	0.722374	0.190915	0.164569	0.052653	0.152573	0.227802	0.512899	0.172740	0.191702	0.000000	0.253631	0.337259	0.178240	-0.130778	0.035216
572	1.111734	0.599661	1.878554	1.239339	0.730691	2.003515	0.898900	0.368656	0.344928	0.397929	0.665441	1.524497	1.998999	0.962438	0.000000	1.460459	1.026182	0.694864	0.695264	0.394924
573	0.300038	0.518706	1.506185	1.185169	0.563785	0.822915	0.417295	1.194139	0.779297	0.888553	0.343912	0.376756	2.222220	0.101711	0.444507	0.000000	0.004129	1.083174	0.312632	0.424861
574	0.191689	-0.085051	0.228619	0.022663	0.000000	0.757058	0.329467	0.096094	0.277338	0.205421	0.234014	0.488694	1.258968	0.311155	0.235489	0.452458	0.319230	0.074266	-0.058652	0.017755
575	0.179347	-0.078305	0.409503	0.000000	0.144710	0.664717	0.292906	0.252629	0.314314	0.265829	0.248239	0.488143	1.720698	0.192395	0.323622	0.396596	0.339208	0.320031	-0.266900	-0.064384
576	1.764760	1.224899	2.517773	2.330589	0.818453	2.400906	1.761636	0.000000	1.930631	0.025347	0.627046	1.981919	2.568519	1.613697	1.826878	2.021277	1.503140	0.993990	1.067849	1.169020
577	0.899920	0.898412	2.199035	1.651350	0.757247	1.531372	0.404668	1.006882	0.000000	0.888182	0.817305	1.391596	2.580948	0.726153	-0.065492	1.176924	1.213826	1.131677	0.501886	0.468638
578	0.389091	0.323953	1.028183	0.547197	0.628418	1.014910	0.574613	0.380186	0.000000	0.275046	0.367890	0.711649	2.779498	0.310070	0.032738	0.635873	0.530129	0.485020	0.463870	0.536034
579	1.853035	1.259217	2.279662	2.011474	1.492242	2.740221	1.992934	0.212713	1.604410	0.000000	0.888142	1.938593	3.231692	1.654047	1.470061	2.085468	1.339249	0.833991	1.596596	1.738182
580	2.058570	1.853968	2.961850	2.821039	1.181051	2.871376	1.811025	1.672007	2.853932	1.866843	1.990061	2.507796	3.162027	2.596255	2.601991	2.067176	1.749166	1.814781	0.000000	0.795806
581	-0.082839	-0.144787	0.515827	0.000000	0.232555	0.644952	0.190742	0.162238	-0.094200	-0.209140	-0.131670	0.236277	2.386923	-0.064934	-0.065729	0.211500	0.417941	0.375091	0.149069	0.202429
582	0.111635	0.126992	0.804745	0.188146	0.666520	0.967759	0.434174	0.393600	0.137788	0.398096	0.255063	0.528283	2.657102	0.000000	0.137245	0.268170	0.520719	0.602317	0.380759	0.495303
583	0.707357	0.596356	2.334995	1.870458	1.445392	2.054154	1.765346	0.544434	2.062207	0.997000	1.030486	1.822751	1.950308	1.555707	1.931224	0.777172	0.000000	0.255196	1.683459	1.598445
584	0.027096	-0.001420	0.372040	0.368034	0.626593	0.273719	0.000000	0.290436	-0.398114	0.401700	0.353251	0.143358	-0.112189	0.008255	-0.339832	0.047143	0.145499	0.188838	0.633023	0.580388
585	0.289800	0.099793	0.820574	0.891087	0.495639	0.283438	0.007159	0.999196	0.206038	0.736052	0.596009	-0.763079	0.836030	0.259856	0.073079	0.000000	0.439937	0.991624	0.566699	0.465375
586	1.346982	1.455388	2.374343	2.083416	1.714928	1.626685	1.082626	1.559192	0.000000	1.681800	1.322778	1.424975	1.634264	0.715230	0.068344	1.385490	1.380114	1.334746	1.598082	1.465575
587	0.000000	-0.246391	-0.103305	-0.216523	0.189186	0.754851	0.122747	0.082823	0.144187	-0.365492	-0.203276	0.102713	0.925153	-0.120845	0.256540	0.324131	0.235828	0.286945	-0.112125	0.041921
588	2.419741	1.899360	2.565385	2.471277	2.102126	0.000000	2.368646	2.231233	2.314432	2.222420	2.328831	2.371059	2.408629	2.390502	2.432341	2.540794	2.527245	2.388133	2.154157	2.272752
589	2.247421	1.723003	2.921705	3.017811	2.286117	2.845411	3.023125	0.779667	2.494798	0.000000	1.193451	2.938850	2.586758	2.736188	2.495032	2.840723	2.527922	1.072932	2.983592	2.911628
590	1.556507	1.160111	1.520326	1.768263	1.872998	1.913004	1.713116	0.941928	1.972043	0.000000	1.093078	1.526168	0.359560	1.676278	2.044912	1.354142	0.921678	1.112577	2.113622	2.120767
591	0.831714	0.501949	1.095837	0.347957	0.982141	1.278504	1.034698	-0.249019	1.295514	-0.752287	-0.024185	1.262311	0.564941	0.671807	1.467533	1.136185	0.774222	0.000000	1.064355	1.241303
592	-0.521059	-0.008614	0.953075	0.638941	-0.271632	0.557389	0.406607	0.218848	0.550709	0.129087	-0.114993	0.795856	0.791832	0.317651	0.673209	0.000000	0.387039	0.266995	0.076846	0.174684
593	1.970615	1.025383	0.000000	0.996225	2.198562	2.407396	1.533740	2.253915	2.317978	2.099616	2.033161	1.197358	2.540329	1.677604	2.345176	1.320440	1.672656	2.206884	1.897275	1.853091
594	1.824836	1.401577	2.310215	2.371279	1.296746	0.000000	1.846620	2.197668	2.291160	2.055535	1.883673	1.806990	2.295297	2.193871	2.357201	1.872003	2.071542	2.290388	1.542907	1.527361
595	2.506202	1.870113	2.862080	2.653349	1.813430	0.000000	2.540441	2.337209	2.563329	2.300915	2.336739	2.689140	2.169889	2.643254	2.621250	2.702458	2.714918	2.439558	1.877493	2.055964
596	1.003533	0.456267	0.607497	0.375994	0.665015	1.554968	0.759538	0.519299	1.297527	0.637776	0.710747	0.912239	0.000000	0.996678	1.256949	1.177713	1.109517	0.736758	0.650245	0.514241
597	0.774445	-0.122959	0.104127	0.395846	0.317919	1.389124	1.034321	0.610564	1.564979	0.347622	0.606969	0.000000	0.807762	0.871828	1.734341	0.429074	0.789655	0.314192	0.235110	0.579665
598	1.122477	0.686854	1.713525	1.680409	1.205325	1.432911	1.332058	0.835034	1.095295	0.000000	0.604723	1.081882	0.711274	1.124029	1.084190	1.210523	1.225187	0.906106	1.577647	1.196245
599	1.975630	1.745406	2.963559	2.786999	0.890859	2.766668	1.227234	1.884212	2.027589	1.343568	1.686013	2.129699	3.460088	1.977294	1.894588	2.165238	2.132371	2.049161	0.695136	0.000000
600	0.653838	0.229306	-0.168006	0.201934	0.971231	0.512250	0.468477	1.006853	0.612376	1.429148	0.966558	0.000000	1.879715	0.342233	0.631173	0.130072	0.132895	0.694053	1.021228	0.879464
601	1.102609	0.608928	1.366204	1.165473	0.727957	1.735658	1.154530	0.000000	1.391054	-0.100187	0.491898	1.250302	1.182349	1.216734	1.444719	1.325125	1.064160	0.528766	0.674560	0.743632
602	-0.023264	-0.086319	-0.025667	-0.106381	0.345176	0.242865	0.081530	0.310272	0.027010	0.220754	0.233560	0.071496	0.487087	0.005458	0.000000	0.061375	0.105447	0.293912	0.204902	0.281682
603	1.587750	0.670289	1.832155	1.921548	1.217860	1.933675	1.216794	1.306501	1.478511	1.150295	1.436616	0.000000	2.394185	1.516888	1.360758	1.058385	0.971254	1.107420	1.414323	1.255383
604	1.771210	1.141037	2.453894	2.412053	0.970299	2.308506	2.149923	1.151689	2.428346	0.000000	0.797884	2.307803	2.323961	2.211782	2.397083	2.214152	1.873477	1.491718	1.345384	1.194984
605	-0.121457	-0.077972	-0.120586	0.006288	0.349493	0.063595	0.000000	0.487020	0.264386	0.477710	0.311798	0.021179	0.852210	0.196748	0.348741	-0.127901	0.079217	0.550503	0.031459	0.177542
606	1.495893	0.333323	1.835804	1.391565	0.687159	2.251158	1.221632	0.000000	1.031262	0.326825	0.504948	1.649025	2.491421	1.096419	1.091074	1.647779	1.072363	0.400563	0.731932	0.751821
607	1.443318	1.184999	0.867113	1.484595	2.055132	1.928935	1.103360	2.033366	1.635926	1.882959	2.067716	1.034374	0.000000	1.558810	1.812756	1.164353	1.654108	2.041912	2.042905	2.009268
608	0.962653	1.057358	0.319017	0.000000	2.125380	1.684351	1.690420	1.927707	2.090273	1.872672	1.737528	1.663364	0.765274	1.283837	2.120385	1.214152	1.405369	1.838848	1.746822	2.151745
609	0.663211	0.022955	1.383415	0.719613	-0.383762	1.414914	0.299787	0.318458	1.143016	-0.177027	0.137100	1.161582	1.403092	0.768999	1.118113	1.262811	0.791980	0.000000	-0.252274	-0.631711
610	0.626567	0.000000	1.053614	0.643545	0.304731	1.443369	0.594559	0.048117	0.255225	0.109247	0.151418	0.990186	2.485194	0.486997	0.247728	1.085870	0.882229	0.099690	0.315829	0.246781
611	1.444742	1.068929	2.466797	2.106521	1.056628	2.573243	1.643223	0.913385	1.655765	0.000000	0.682326	2.067363	2.949624	1.598245	1.757644	2.043897	1.956231	1.355757	1.343848	1.121529
612	0.723778	0.883913	2.795442	2.181127	1.301217	1.779970	0.763648	1.144303	0.000000	1.070007	0.967131	0.871111	2.374546	0.826350	-0.372071	0.789595	1.062319	1.042523	1.420691	1.089615
613	1.591636	1.017400	2.455966	1.898547	0.907276	2.238662	1.388873	1.420129	1.067051	1.249354	1.097131	1.955800	2.929987	1.474540	0.915455	1.741278	1.818125	1.672357	0.000000	0.820173
614	-0.121716	-0.343777	0.197439	0.000000	-0.129319	0.145849	-0.105112	-0.015829	-0.169779	-0.055495	0.018828	0.048939	-0.246783	-0.028630	-0.039666	-0.068615	0.136589	0.024274	-0.240977	-0.209979
615	1.280709	0.585543	1.556848	1.326301	0.736739	1.749778	1.083109	0.594450	1.098070	0.000000	0.383574	1.605163	2.532281	0.953421	1.285343	1.464787	1.415058	1.036092	0.788967	0.692240
616	1.765240	1.165724	2.496145	2.353353	1.038483	2.243068	2.027241	1.273959	2.177881	0.815675	0.000000	2.162156	2.595349	1.773642	2.216604	2.094799	1.819268	1.533168	1.612445	1.453503
617	0.959054	0.657573	0.000000	0.626062	1.161720	1.205899	0.947956	1.285652	1.086201	1.179634	1.181367	0.699352	-0.358653	0.886394	1.237331	0.736218	0.934521	1.133695	1.183447	1.239171
618	-0.122125	-0.114506	0.286172	0.000000	0.014957	0.428343	-0.013151	-0.192756	-0.387312	-0.137343	0.036324	0.256706	-0.565221	-0.002020	-0.237160	0.052898	0.142583	-0.110656	0.057357	0.019914
619	-0.128898	0.052165	0.000000	-0.003448	0.310540	0.286302	0.155974	0.203049	-0.206124	0.127145	0.208377	0.161114	0.589149	-0.035428	-0.043484	0.132265	0.262422	0.183350	0.147204	0.321614
620	1.705884	0.837157	1.989734	1.818325	0.543346	2.504380	1.187797	0.500004	1.803885	0.730498	1.025380	1.749143	2.467159	1.574445	1.625570	1.848559	0.958277	0.507945	0.752243	0.000000
621	0.041342	0.049394	1.497846	1.037070	-0.031514	1.249336	0.314104	-0.213708	-0.615005	-0.064361	-0.041451	0.820477	1.912676	0.000000	-0.658373	0.498257	0.483697	0.073920	-0.042677	0.030501
622	-0.538844	-0.810817	0.171180	-0.208152	-0.560789	0.000000	-0.608603	-0.613067	-1.025769	-0.724855	-0.599970	-0.409736	1.249727	-0.560908	-1.173248	-0.334502	-0.234433	-0.348044	-0.599755	-0.534765
623	0.738631	0.254606	1.203712	0.890612	0.042999	1.357330	0.420804	0.457528	0.232625	0.445414	0.380611	0.886432	2.099520	0.547548	0.000000	0.883805	0.914397	0.734531	-0.393124	-0.070487
624	0.992524	0.279888	1.434038	1.033833	1.201524	1.786017	1.220770	-0.441658	0.992786	0.000000	0.553772	0.980957	1.519264	0.833287	0.653621	1.310252	0.693333	-0.318714	1.454916	1.254929
625	0.570620	0.000000	1.726427	1.390539	0.380151	1.130920	1.016635	0.239165	0.924083	-0.341202	-0.048434	1.053552	2.021550	0.787308	0.848301	0.744946	0.176523	0.307630	0.697173	0.671894
626	0.635104	0.266315	-0.047293	0.623733	0.734031	0.978553	0.376203	0.909355	0.754419	0.766788	0.856165	0.000000	1.694381	0.718478	0.784377	0.346481	0.733730	1.026737	0.610466	0.698382
627	0.753613	0.445373	1.045994	0.719710	0.685741	1.185765	0.736369	0.565842	0.698087	0.765731	0.802011	0.998743	0.000000	0.801978	0.734062	0.833413	0.871245	0.653448	0.563469	0.666330
628	0.189359	-0.345729	0.177228	0.214059	-0.253764	0.447638	-0.095593	0.338202	0.017294	0.000000	0.026086	-0.110644	1.433389	0.052008	0.016355	0.039272	0.086300	0.342798	-0.257795	-0.269669
629	0.646077	0.230547	0.372983	0.814365	0.633688	0.770231	0.172302	0.822886	0.817031	0.850628	1.052443	0.000000	1.446856	0.814476	0.886929	0.063912	0.414582	0.832429	0.502714	0.476754
630	0.741458	0.356625	0.982223	0.791198	0.701804	0.946898	0.654492	0.594188	0.502473	0.790778	0.790694	0.834081	0.000000	0.707711	0.566649	0.745300	0.811873	0.683956	0.695888	0.716618
631	0.640980	0.058591	0.814855	0.717602	0.000000	0.886315	0.518215	0.651599	0.619653	0.528393	0.534982	0.526628	1.347479	0.669989	0.545777	0.631624	0.672687	0.740140	0.065808	0.144371
632	0.516971	0.008268	0.454041	0.410737	0.186848	0.563850	0.375168	0.050741	0.465773	0.364632	0.317124	0.363218	0.392765	0.325751	0.415045	0.355532	0.268378	0.000000	0.099903	0.159097
633	0.085993	-0.177920	0.168605	0.116874	0.013981	0.210328	-0.062701	-0.061326	-0.080011	0.112086	0.160162	0.000000	-0.066726	0.023373	-0.090902	-0.036088	0.035827	0.014094	-0.043686	-0.047808
634	0.248085	-0.111309	0.311812	0.461467	-0.002844	0.436661	0.000000	0.145378	0.251285	0.256276	0.194142	0.239634	0.112332	0.294650	0.098790	0.243992	0.255501	0.183610	-0.163565	-0.088770
635	0.388739	0.134861	0.573163	0.555740	0.238797	0.376221	0.081743	0.292833	0.000000	0.352688	0.321533	0.261953	0.676291	0.175112	-0.030387	0.164137	0.106967	0.317317	0.249171	0.174235
636	0.475416	-0.014123	0.000000	0.414146	0.327784	0.435245	0.207945	0.281036	0.224085	0.358178	0.434646	0.094983	0.603272	0.268626	0.212348	0.059354	0.047125	0.315120	0.241737	0.254526
637	0.273474	-0.037828	0.425930	0.357098	0.085400	0.604709	0.178077	0.000000	0.137587	0.178945	0.236897	0.360767	-0.169178	0.183621	0.171849	0.313862	0.309002	0.132115	0.034808	0.051703
638	-0.057058	-0.063843	0.157851	0.000000	0.082933	0.279635	0.104092	0.063020	-0.071185	0.211701	0.188809	0.087319	0.487989	0.034624	-0.071472	0.006389	0.089707	0.051409	-0.018421	0.032158
639	0.088293	-0.150821	0.268980	0.201183	0.038093	0.261674	0.012859	0.049641	-0.091663	0.117065	0.068612	0.062411	0.969448	0.042375	-0.139202	0.000000	0.057423	0.100220	-0.103518	-0.023853
640	0.127394	-0.100453	0.368564	0.176040	-0.013991	0.510030	0.148232	-0.011058	0.053677	0.026970	-0.049380	0.321771	0.526031	-0.016142	-0.020295	0.254143	0.262679	0.000000	-0.148288	-0.015693
641	0.223034	-0.252876	0.720829	0.448234	-0.231366	0.364814	-0.169453	-0.129224	-0.375674	-0.008285	-0.044079	0.000000	0.777599	0.036422	-0.544837	0.085034	-0.059322	-0.108140	-0.316131	-0.339182
642	0.203949	-0.412443	0.732130	0.387876	-0.471407	0.533903	-0.176201	-0.491708	-0.287021	-0.277223	-0.257860	0.000000	0.989426	-0.055844	-0.326033	-0.073331	-0.253108	-0.426815	-0.634148	-0.521038
643	0.000000	0.051640	1.207111	0.898165	0.322602	0.411448	0.460799	-0.087413	0.143803	0.337809	0.174898	0.712979	1.096626	0.286618	-0.041953	0.368322	0.204057	-0.201283	0.388419	0.321105
644	0.588353	0.163979	0.801969	0.432825	0.326561	1.146112	0.604504	0.086487	0.475354	0.206304	0.319238	0.698748	0.463393	0.399620	0.572038	0.492694	0.377451	0.000000	0.357733	0.287089
645	1.946751	0.996981	2.239865	2.147373	1.196609	2.305176	1.707714	0.000000	1.559069	0.582269	0.993958	1.977303	2.328624	1.803766	1.367470	2.018061	1.612450	0.540174	1.089369	1.182308
646	0.580235	-0.141024	0.789365	0.537291	-0.106582	1.197778	0.001721	-0.104094	-0.161081	0.105376	0.000000	0.177635	0.781134	0.209047	-0.350419	0.407061	0.155324	0.033116	-0.353829	-0.371361
647	1.206114	0.715004	1.365307	1.275097	0.490073	1.313769	0.798422	0.884087	1.079795	0.663393	0.837183	0.793459	0.000000	1.037207	0.909833	1.099002	1.012483	1.051987	0.672451	0.384591
648	0.000000	0.343008	1.118929	0.781425	-0.261517	0.671210	0.362549	0.776108	0.791181	0.575721	0.564890	0.793356	0.991427	0.829271	0.361861	0.630183	0.833880	0.704238	-0.820902	-0.660169
649	0.189936	-0.307981	0.285391	0.393799	0.003861	0.453936	0.000000	-0.329188	0.176066	0.038315	0.037474	0.261208	0.842992	0.248116	0.012056	0.142796	-0.050907	-0.315041	-0.049227	-0.082750
650	1.058461	0.638127	1.271134	1.158787	0.818707	0.000000	1.087550	1.273732	1.143188	1.194610	1.127310	1.175793	1.476192	1.190833	1.081656	1.207097	1.334633	1.372831	0.809205	0.875000
651	0.359313	0.102924	0.522484	0.483005	0.152486	0.558598	0.268295	0.290596	0.291608	0.357126	0.324069	0.397443	0.000000	0.347743	0.248397	0.347386	0.316770	0.333181	0.196844	0.167208
652	0.000000	0.002726	0.318718	0.236810	0.337212	0.619155	0.303890	0.187311	0.286500	0.261163	0.249054	0.334752	-0.208852	0.277817	0.410672	0.247702	0.307820	0.166609	0.408296	0.262293
653	0.667340	0.306470	1.127250	0.739527	0.449150	1.051546	0.548319	-0.101463	0.000000	0.230090	0.180314	0.801698	1.279958	0.300990	-0.008642	0.726913	0.515362	0.095426	0.502136	0.405587
654	0.098124	-0.288784	0.467088	0.158657	-0.354385	0.597293	-0.230552	-0.509618	-0.335867	-0.246064	-0.189990	0.000000	0.226300	-0.046015	-0.355736	0.036150	-0.163561	-0.484705	-0.581820	-0.524674
655	1.289669	0.493649	1.744274	1.590060	0.321881	1.821494	1.205236	-0.118099	1.112372	0.079574	0.000000	1.604343	1.891345	1.197236	0.935624	1.597898	1.099417	0.146849	0.381343	0.477308
656	-0.200159	-0.428296	0.287511	0.000000	-0.614977	0.185271	-0.620173	-0.459628	-0.812822	-0.237044	-0.195445	-0.227020	-0.448727	-0.329496	-0.788124	-0.288825	-0.284840	-0.406976	-0.536094	-0.770740
657	1.472516	0.919043	1.857127	1.871963	0.316676	1.716681	0.954601	0.494126	1.336184	0.956199	1.097902	1.426517	1.595861	1.561771	1.077137	1.519714	1.218285	0.605109	0.443874	0.000000
658	0.011543	-0.296970	0.000000	0.244390	-0.209176	0.367601	-0.108230	-0.112085	-0.207693	-0.028542	-0.017867	-0.144494	-0.095855	-0.059144	-0.044884	-0.062221	0.077189	0.013750	-0.031887	-0.074196
659	0.000000	-0.250324	0.149291	0.174111	-0.139387	0.461790	-0.052173	-0.417356	0.122193	-0.009040	-0.040208	-0.220961	0.580308	-0.138862	0.042621	-0.134473	-0.234157	-0.532087	-0.339949	-0.180281
660	1.013005	0.122902	1.318681	1.260962	0.276282	1.647414	0.896449	0.015036	1.007294	0.375227	0.513196	1.370778	0.474869	1.078334	1.009937	1.263033	0.864857	0.000000	0.197140	0.242960
661	0.000000	-0.329831	0.361919	0.035928	-0.024626	0.592542	0.039921	-0.887699	-0.290789	-0.654552	-0.368057	0.094010	-0.472518	-0.170515	-0.336439	0.078024	-0.203476	-0.722488	-0.025222	0.010434
662	1.904803	1.288788	1.687965	2.275121	1.886535	1.996537	1.576979	1.748607	2.058202	1.509016	1.833443	1.079184	2.364335	1.931224	1.964983	0.970702	0.000000	1.821220	1.904163	1.866983
663	-0.027633	-0.199573	0.626147	0.527336	0.417704	0.798945	0.109846	-0.353685	-0.552112	0.196932	-0.125626	0.233746	1.208719	-0.050853	-0.667119	0.122265	0.000000	-0.179744	0.237154	0.179054
664	1.891504	1.171456	2.425836	2.315974	0.936400	2.131193	0.000000	1.907766	0.930552	1.562295	1.583295	1.590710	2.526298	1.548014	0.202109	1.819084	1.712153	2.034173	0.896445	0.468518
665	0.627318	0.124436	0.449073	0.866773	0.686149	0.850778	0.867482	1.141882	0.905874	1.015032	0.417521	0.152080	2.022534	0.468418	0.812103	0.000000	0.478920	1.059803	0.735690	0.942115
666	1.116293	0.420454	1.114886	1.130288	0.489220	1.112941	0.727000	0.949143	0.803752	1.045159	0.938548	0.931092	1.390239	0.964086	0.727539	0.903918	0.744006	0.932314	0.000000	0.488194
667	0.419425	0.087342	0.553996	0.365914	0.492043	0.948186	0.381447	0.000000	0.037246	0.159657	0.223288	0.457263	0.558349	0.150626	0.061049	0.417273	0.317759	0.192815	0.466517	0.450325
668	0.574969	0.531138	0.995971	0.911026	0.957198	0.910284	0.764041	0.770035	0.337506	0.799678	0.763160	0.829449	0.000000	0.603762	0.429654	0.687033	0.842224	0.857543	1.020782	0.962389
669	0.092300	0.001564	0.224257	0.139038	0.322714	0.391728	0.202920	0.125511	0.000000	0.178312	0.229118	0.209643	-0.054985	0.122782	0.102260	0.172611	0.170341	0.111119	0.261703	0.246777
670	0.312129	0.105658	0.539490	0.473817	0.169560	0.607354	0.177899	0.034640	0.190142	0.163548	0.209689	0.356281	0.089146	0.311720	0.000000	0.402779	0.317261	0.139085	0.194958	0.077521
671	0.386278	-0.017158	-0.122838	0.328898	0.407956	0.540793	0.286095	0.341634	0.393942	0.396836	0.455423	0.000000	0.267373	0.418513	0.425388	0.191848	0.290957	0.376239	0.318688	0.395365
672	0.191641	-0.203127	0.251898	0.270994	0.030264	0.400975	0.109721	-0.089615	0.135617	-0.040299	0.031536	0.122282	0.313839	0.182837	0.000000	0.126181	0.008701	0.026098	-0.153146	-0.077669
673	0.108864	-0.123533	0.315191	0.216543	0.042434	0.325458	0.057221	0.089620	-0.044926	0.200117	0.185280	0.154817	0.987118	0.166689	-0.112897	0.000000	0.042215	0.152321	-0.225089	-0.078677
674	0.133611	0.126473	0.440190	0.169049	0.281449	0.571261	0.380913	0.000000	0.256513	0.247174	0.290984	0.499810	0.457014	0.220060	0.185204	0.344814	0.356924	0.175045	0.196688	0.177339
675	0.367079	-0.082893	0.398558	0.191555	0.020250	0.671238	0.218432	0.017327	0.340205	0.000000	0.090702	0.417587	0.855517	0.310075	0.278766	0.439941	0.391634	0.180049	-0.231327	-0.189420
676	0.025040	-0.225908	0.298158	0.192552	0.069037	0.180728	0.043646	0.092726	-0.149426	0.047224	0.051799	0.000000	0.872115	0.073366	-0.174651	0.011911	0.159627	0.176202	-0.007918	0.056424
677	0.843506	0.523006	0.820263	0.944598	0.992563	0.780178	0.845082	1.084852	0.708229	0.785721	0.797730	0.718789	1.583382	0.732722	0.629239	0.268996	0.000000	1.155250	0.877471	1.005542
678	-0.071062	-0.144401	0.206357	-0.097540	-0.023904	0.314860	0.064657	-0.255060	-0.045911	0.135601	0.040323	0.204600	-0.008612	0.079167	0.023797	0.000000	0.029706	-0.358742	-0.245200	-0.128211
679	0.268760	-0.059712	-0.232595	-0.018371	0.081478	0.496762	0.288334	0.366652	0.378354	0.041105	-0.007841	0.152758	1.174887	0.000000	0.340261	0.395927	0.405975	0.567635	0.009075	0.066201
680	0.118730	0.174174	0.806807	0.614284	0.171648	0.648148	0.471312	0.079193	0.178636	0.227592	0.187981	0.594797	1.081809	0.389674	0.000000	0.350517	0.439826	0.229004	-0.047108	0.019022
681	-0.324786	0.205554	0.670408	0.353429	0.213822	0.000000	0.199212	0.204932	-0.156817	0.191619	0.089022	0.584065	0.425260	-0.097093	-0.086695	0.188183	0.527916	0.423507	-0.190073	0.092478
682	0.293824	0.221410	0.072267	-0.131567	-0.069746	0.775815	0.297811	0.000000	0.404073	-0.010497	0.003128	0.492478	0.954209	-0.187324	0.438408	0.420344	0.380570	0.421371	-0.016062	-0.002300
683	0.588339	0.336650	0.632455	0.327400	0.493989	0.992844	0.624301	0.124621	0.680571	0.000000	0.241046	0.886425	1.190625	0.447392	0.742208	0.727182	0.567786	0.300029	0.369511	0.452286
684	0.163495	-0.083840	0.235134	0.000000	-0.063714	0.594757	0.066237	-0.187604	-0.016837	-0.124855	-0.033998	0.334000	1.324300	0.121868	-0.022232	0.284000	0.289645	0.038279	-0.107042	-0.083110
685	0.371676	0.223222	0.000000	0.103504	0.454511	1.054363	0.344175	0.038796	0.053197	0.102600	0.162967	0.356815	2.052615	0.025177	0.097019	0.433862	0.276844	0.177943	0.291470	0.348593
686	0.311854	0.175152	0.490178	0.000000	0.371427	0.887617	0.357787	0.469417	0.375158	0.199362	0.142477	0.476092	2.263953	0.088904	0.305560	0.573475	0.684789	0.776120	0.030005	0.171484
687	0.003403	-0.059258	0.257756	-0.034342	0.146119	0.585884	0.150003	0.019513	0.009598	-0.033169	0.017362	0.237028	1.835145	0.000000	-0.064885	0.228382	0.340798	0.273340	0.060386	0.081663
688	0.271780	-0.167497	0.578142	0.322441	0.059185	0.893366	0.139304	-0.036681	-0.044637	0.027426	0.000000	0.310579	1.600917	0.248214	-0.199106	0.345058	0.345021	0.228123	-0.083432	0.002636
689	0.445054	0.157937	0.819944	0.536665	0.237995	1.050692	0.284896	0.533343	-0.030761	0.367958	0.277962	0.479494	1.944210	0.231471	-0.344246	0.624987	0.631202	0.652458	0.152189	0.000000
690	0.296685	0.281363	0.479373	0.187095	0.528152	0.911862	0.380295	0.451869	0.174689	0.323894	0.269499	0.313410	2.474678	0.000000	0.122493	0.441511	0.520491	0.628976	0.411975	0.484190
691	0.304263	0.120850	0.914691	0.599011	0.105614	0.902200	0.216202	0.228341	0.000000	0.141745	0.214238	0.572871	2.175812	0.333676	-0.018567	0.517645	0.583752	0.449647	-0.062327	0.018828
692	0.353281	0.000000	1.513693	1.069134	0.007561	1.299849	0.805818	0.230588	0.907227	0.170077	0.148092	1.250290	2.612003	0.827612	0.834071	0.896114	0.874016	0.389707	-0.318523	0.103484
693	0.398251	0.000000	0.962669	0.474911	0.135439	1.139199	0.421211	0.018758	0.134097	0.013405	-0.188619	0.553050	2.375026	0.134187	0.030815	0.551962	0.420394	0.145671	-0.147426	0.131305
694	0.034778	-0.023419	0.042116	-0.055177	0.163682	0.583405	0.167785	0.098404	-0.018137	-0.010704	-0.030236	0.000000	2.234740	0.023613	-0.068613	0.090314	0.204958	0.262006	0.051222	0.137794
695	1.097669	0.295207	1.792532	1.535974	0.525995	1.843830	1.214303	0.315349	1.171638	0.000000	0.440313	1.635697	2.528795	1.292845	1.142043	1.359833	1.003962	0.662042	0.250844	0.553061
696	0.875178	0.536439	2.223554	1.305755	0.000000	1.906476	1.499370	0.701594	1.344986	0.593012	0.489738	1.994656	2.981142	1.193374	1.234223	1.470615	1.360313	0.943079	0.110317	0.272027
697	-0.070586	-0.380089	0.350752	0.000000	-0.296679	0.365230	-0.277188	-0.347346	-0.446653	-0.546075	-0.376172	-0.205315	1.821275	-0.255722	-0.631658	-0.092192	-0.082181	-0.075340	-0.462057	-0.519332
698	0.344724	-0.038985	0.712420	0.453988	0.038580	0.771494	0.232413	0.055294	0.000000	0.129969	0.131253	0.482651	1.955140	0.274115	0.017524	0.218532	0.264191	0.247926	-0.157414	-0.072608
699	1.015345	0.547323	2.352434	1.673693	0.000000	2.151344	1.248642	0.368343	1.595765	0.484941	0.575583	1.963198	2.301394	1.499128	1.587876	1.611678	1.329276	0.504659	0.457715	0.248957
700	2.035299	0.797743	1.229865	1.738251	0.000000	2.314237	1.607127	1.703007	2.115660	1.678022	1.515000	1.536577	2.755137	1.967887	2.058649	1.921497	2.043667	1.963264	0.904022	0.768121
701	0.958591	0.850407	1.357319	1.160936	1.140132	1.246545	0.969366	1.039942	0.747606	1.099449	1.094033	1.190630	0.000000	0.994098	0.794609	0.959364	1.070892	1.100206	1.142969	1.164472
702	0.047133	-0.246680	-0.081292	-0.195138	-0.093357	0.122824	-0.127108	0.237241	0.138875	0.102041	0.017387	-0.006070	0.844907	-0.036659	0.217097	0.000000	0.103808	0.323589	-0.416704	-0.095677
703	-0.190414	-0.261958	0.629719	0.479112	-0.356626	0.440381	0.065449	-0.132104	0.417619	-0.065903	-0.058597	0.057506	1.024750	0.376780	0.270412	0.000000	0.138860	-0.103122	-0.670775	-0.507471
704	-0.057222	-0.030920	0.848764	0.584485	-0.054037	0.197194	-0.137061	0.195251	-0.667160	0.207319	-0.037260	0.110319	0.140884	-0.087815	-0.927621	0.000000	0.150382	0.169946	-0.240303	-0.161062
705	0.523993	-0.022079	0.492890	0.485891	0.140696	0.618865	0.230379	0.160352	0.224854	0.266571	0.296950	0.346307	0.898192	0.267389	0.188600	0.337678	0.163965	0.207999	0.156733	0.000000
706	0.185958	-0.283121	0.399879	0.369221	-0.022672	0.461360	0.066283	-0.134392	0.155369	0.078593	0.118225	0.132253	0.807226	0.194784	0.000000	0.109038	0.023618	-0.071482	-0.068028	-0.065894
707	0.203813	-0.041313	0.581913	0.553067	0.075390	0.469462	0.207298	0.154618	0.123822	0.266011	0.203818	0.339423	0.196685	0.286235	0.000000	0.250682	0.238801	0.164142	0.037471	0.021899
708	0.426229	-0.123157	0.598930	0.498390	-0.153756	0.627142	0.115865	0.202590	0.354473	0.344586	0.291693	0.396542	0.000000	0.413855	0.209809	0.411195	0.310247	0.283796	-0.453397	-0.277109
709	0.232820	-0.132681	0.125732	0.103583	0.160222	0.358409	0.170399	0.108327	0.191896	0.236214	0.175283	0.207295	0.319764	0.139711	0.181581	0.170489	0.177100	0.000000	0.090150	0.139564
710	0.052260	-0.456878	0.276139	0.163246	-0.155046	0.000000	0.041070	0.026682	0.234773	0.037539	-0.064909	0.141353	0.623244	0.105858	0.179967	0.019673	0.010378	0.166772	-0.412634	-0.066683
711	0.196468	-0.258731	0.483317	0.457393	0.183534	0.371992	0.185923	0.000000	0.061253	0.148358	0.109190	0.195992	0.198706	0.167816	0.033216	0.166196	0.143372	0.062075	0.217232	0.200699
712	-0.146155	-0.358180	0.229418	-0.031908	-0.018221	0.171889	-0.073019	-0.191945	-0.244704	-0.130994	-0.235525	0.069793	0.566515	-0.102350	-0.195313	0.000000	0.018020	-0.112028	-0.100307	-0.047611
713	0.462836	0.313749	0.157804	0.452198	0.694332	0.490532	0.318187	0.708525	0.505490	0.565279	0.672163	0.414422	0.411081	0.607476	0.495163	0.000000	0.128400	0.730523	0.565740	0.630518
714	0.503974	-0.178912	1.259224	1.117987	-0.067734	1.076588	0.294954	-0.074486	0.119193	0.000222	0.000000	0.693580	0.295806	0.649321	0.039855	0.726436	0.493070	0.099087	-0.399994	-0.170474
715	0.830114	0.068536	1.127879	0.875966	0.073885	1.245794	0.674423	-0.074499	0.975983	-0.064420	0.174955	1.091859	1.415420	0.901051	0.913081	1.100501	0.717596	0.000000	-0.268816	-0.084666
716	0.276401	0.157152	-0.006106	0.000000	0.601916	0.681225	0.498651	0.342649	0.348834	0.449506	0.372033	0.481136	1.805496	0.287270	0.441166	0.299552	0.263348	0.345819	0.529204	0.557803
717	0.000000	-0.313958	0.578372	0.269388	0.172219	0.752112	0.362797	-0.125039	0.014920	-0.201889	-0.310896	0.299895	1.575809	-0.077902	-0.143658	0.311988	0.208681	-0.015987	0.033004	0.214057
718	0.785719	0.284938	2.372016	2.156487	0.871888	1.761058	1.962106	0.090744	2.037714	0.121126	0.000000	2.069290	2.647141	1.828105	2.052395	1.387470	1.089361	0.335998	0.874409	1.324115
719	1.004520	0.446449	1.808529	1.488462	0.760027	1.782427	1.592398	-0.117388	1.463236	-0.222845	0.271963	1.442038	2.300225	1.324375	1.382336	1.334820	0.893847	0.000000	0.694202	0.959996
720	-0.034858	-0.220878	0.394937	0.115378	0.178960	0.571011	0.019399	0.148823	-0.243623	0.140275	0.018992	0.074925	2.488037	0.003881	-0.351427	0.000000	0.111414	0.272610	0.037152	0.138753
721	1.124686	1.103844	2.975259	2.005890	1.349944	1.884491	1.109411	1.364371	0.318403	1.415399	1.030814	1.727470	3.426404	0.726912	0.000000	1.507581	1.507221	1.380675	1.018800	1.297684
722	0.000000	-0.133690	2.144679	1.719043	0.125558	1.295400	1.344061	0.097793	1.381793	-0.356816	-0.122546	1.762406	2.598609	1.239976	1.326719	0.983892	0.693483	0.174446	0.039298	0.391442
723	0.713909	0.114250	1.404123	0.733494	0.280299	1.317954	0.606255	0.128728	0.393876	0.161144	0.188364	0.926797	2.589621	0.616891	0.000000	1.006881	0.864717	0.318007	0.162811	0.055599
724	0.219602	-0.089596	0.437201	-0.037096	0.276363	0.994965	0.338924	0.000000	0.234377	0.180337	0.107258	0.551983	2.358933	0.068860	0.134024	0.397624	0.336495	0.267436	0.332834	0.289949
725	0.072979	-0.102411	0.000000	0.526920	0.307350	0.857998	0.179237	-0.199767	-0.334838	-0.204979	-0.327872	0.109625	2.665842	-0.187694	-0.191152	0.248700	0.130901	0.169002	0.199773	0.290426
726	0.000000	0.587320	2.364171	2.118193	0.942724	1.177897	1.723161	0.717953	1.827075	0.859488	0.874836	1.735229	2.588347	1.712482	1.906641	0.828608	1.113324	0.679116	1.089018	1.053344
727	0.398905	-0.015351	1.122004	0.380630	0.108734	1.086648	0.371206	-0.028096	0.189199	-0.070471	-0.025313	0.744901	2.438537	0.161243	0.000000	0.621920	0.410585	0.260971	-0.068881	0.042487
728	0.260152	-0.020846	0.711220	0.317071	0.437676	1.003216	0.429258	0.000000	0.018555	0.085076	0.107562	0.347834	2.297407	0.136166	-0.079814	0.412993	0.436157	0.323015	0.464280	0.436660
729	-0.882222	-0.447363	0.000000	0.222906	-0.072546	0.149775	-0.004012	0.391671	-0.433583	-0.548091	-0.496509	-0.325411	2.181959	-0.242008	-0.631058	-0.259621	0.528832	0.733674	-0.108675	-0.044679
730	1.796053	0.970675	2.743245	2.218855	0.000000	2.581593	1.504586	1.228476	1.925233	0.864850	1.158069	2.350295	3.000030	2.132937	1.749110	2.212125	2.311126	1.587730	0.312451	0.100147
731	0.017404	-0.096363	0.456716	0.000000	0.225366	0.800030	0.253071	0.221611	0.155335	-0.012733	-0.019793	0.361109	2.037848	0.110506	0.158767	0.296843	0.471248	0.373015	0.175788	0.228361
732	0.137041	-0.054163	0.762493	0.395492	0.469773	0.658630	0.230760	0.511399	-0.021163	0.070092	-0.057898	0.030712	2.241818	0.048104	-0.139152	0.000000	0.234146	0.611373	0.490541	0.461863
733	1.030748	0.398956	0.885204	0.856886	1.183336	0.000000	0.846674	1.561726	0.715920	1.136097	0.994121	0.679046	1.870791	0.818318	0.833694	1.017139	1.345044	1.547772	1.465477	1.358184
734	0.856790	0.463910	1.673298	1.396509	0.730342	1.444964	0.710621	0.529126	0.253039	0.415959	0.600548	0.777612	2.314539	0.859011	0.000000	0.931760	0.906898	0.620634	0.859783	0.812532
735	1.920140	0.778775	2.961166	2.773993	1.366330	2.603704	2.260104	0.000000	1.934976	0.327817	0.526978	2.541805	2.828888	2.203256	2.090351	2.190864	1.773948	0.673099	1.448332	1.617765
736	-0.018949	-0.194874	-0.099915	0.044271	0.499789	-0.054584	0.248178	0.496434	0.000000	0.141186	0.201335	-0.192821	0.251815	0.056675	0.023014	-0.816501	-0.889577	0.374312	0.520366	0.608882
737	0.035501	-0.011625	0.660783	-0.034185	-0.180954	0.618926	0.133995	0.087444	0.000000	-0.123775	-0.014327	0.622947	0.527818	0.111377	0.149461	0.450898	0.459514	0.216807	-0.194869	-0.216446
738	0.269333	0.303675	0.184565	0.000000	0.628150	0.416653	0.436213	0.534660	0.487608	0.467475	0.490199	0.498762	0.955359	0.386311	0.573748	0.275730	0.308880	0.547654	0.527989	0.595145
739	0.305454	0.041146	0.408601	0.000000	0.455011	1.069317	0.454143	-0.017762	0.302851	0.120632	0.085059	0.742605	1.877811	0.021357	0.324862	0.533172	0.144995	0.039502	0.300701	0.415685
740	1.966586	0.986005	2.737636	2.168518	0.000000	2.646574	1.813626	1.236729	2.321154	0.938948	1.156707	2.533654	3.099118	2.262084	2.151438	2.497422	2.416416	1.540278	0.232352	0.092075
741	-0.287728	-0.467153	-0.464564	-0.607943	0.008270	0.456253	-0.035858	-0.142105	-0.054280	-0.372738	-0.312449	-0.289313	1.986670	-0.167650	-0.022181	-0.107961	0.000000	0.075198	-0.060866	-0.046378
742	-0.154937	-0.626791	0.355749	0.000000	-0.239798	0.389454	-0.068898	-0.468613	-0.409993	-0.529991	-0.421254	0.002406	1.561958	-0.144429	-0.502255	-0.004255	-0.068990	-0.257239	-0.402517	-0.269097
743	1.186425	0.427668	2.600837	2.090730	0.262973	2.063792	1.006254	0.000000	1.027683	0.236598	0.503490	1.610662	2.862235	1.357018	0.880704	1.566582	1.200915	0.543411	-0.204120	0.042697
744	1.240820	0.387590	1.921473	1.219952	0.824700	1.934678	1.401018	0.435142	1.370465	0.285532	0.000000	1.471445	2.821683	1.076543	1.321880	1.473271	1.236270	0.774294	0.648602	0.879272
745	0.145411	0.026993	0.561438	0.355277	0.272741	0.580050	0.282257	0.309512	0.000000	0.234508	0.258601	0.283786	2.085392	0.238915	-0.063577	0.290866	0.357556	0.442043	0.257408	0.255862
746	0.578106	0.047540	1.311245	0.977540	0.227616	1.107703	0.508438	0.000000	0.363725	0.109290	0.267716	0.879151	2.267138	0.581989	0.232597	0.816531	0.725699	0.456903	-0.034708	0.145485
747	0.490167	0.000000	1.628044	1.504092	-0.033529	1.266975	1.284707	-0.413107	1.709749	-0.536772	-0.307572	1.439166	1.750308	1.322366	1.767489	1.186427	0.928883	0.019527	0.285096	0.525162
748	-0.081803	-0.137899	-0.156452	-0.221567	0.253613	0.438332	0.213287	0.047480	-0.029848	-0.020953	-0.039722	0.103385	1.663124	-0.017278	0.005945	0.000000	0.135215	0.160598	0.246106	0.329461
749	-0.118443	-0.315347	-0.013244	-0.228582	-0.025263	0.381373	-0.092684	-0.146658	-0.059348	-0.222088	-0.177539	0.034523	1.381402	-0.157272	-0.102780	-0.016676	0.000000	0.059573	-0.184183	-0.087311
750	1.023475	0.682523	2.075226	1.783646	0.735186	1.811958	1.586076	0.000000	1.792592	0.316232	0.659315	1.964987	2.151433	1.632915	1.814225	1.664515	1.379685	0.421121	0.445507	0.876456
751	0.552967	0.282334	0.332845	0.000000	0.709451	0.939273	0.644131	0.143729	0.631100	0.219115	0.265028	0.656458	1.666776	0.453003	0.607446	0.714817	0.552755	0.288772	0.565076	0.642743
752	0.249709	0.073689	0.335890	0.000000	0.303402	0.662413	0.343952	0.284638	0.345646	0.198991	0.184175	0.463355	1.687573	0.199323	0.380023	0.317131	0.401784	0.393233	0.312393	0.317000
753	0.585170	0.113408	0.886342	0.655261	0.313638	1.026388	0.463285	0.211901	0.593930	0.000000	0.229584	0.826858	1.546040	0.581228	0.549842	0.724271	0.727940	0.507266	0.116373	0.243566
754	0.002182	-0.275941	0.388465	0.114485	-0.197407	0.540153	-0.006918	-0.303513	0.173304	-0.507160	-0.413367	0.175318	0.968963	0.031765	0.000000	0.244168	0.217184	-0.037189	-0.436693	-0.308892
755	0.261877	0.194854	0.605551	0.437114	0.446237	0.570028	0.289714	0.472867	0.151488	0.266087	0.268298	0.303770	1.363553	0.254879	0.000000	0.344063	0.502055	0.599564	0.412677	0.413252
756	0.175161	-0.128564	0.455788	0.213796	0.169989	0.432186	0.099064	0.074857	0.096294	0.017324	0.045144	0.190473	0.883182	0.000000	0.098001	0.219152	0.274413	0.250731	0.165001	0.151511
757	0.047387	-0.187184	0.411870	0.175918	-0.022613	0.337559	0.028362	-0.086781	0.000000	-0.192657	-0.142846	0.173733	0.731261	0.011179	0.072504	0.104990	0.164936	0.105984	-0.148485	-0.016615
