	A	C	D	E	F	G	H	I	K	L	M	N	P	Q	R	S	T	V	W	Y
1	0.152306	-0.173594	0.138423	0.192620	-0.032320	0.177428	0.165682	-0.027426	0.372062	-0.013778	0.000000	0.175607	0.249179	0.319045	0.318244	0.211829	0.229628	0.107065	-0.218086	0.008913
2	0.000000	-0.208192	-0.025167	0.017957	-0.008930	0.053908	-0.007645	0.005093	0.164758	0.014685	0.104667	0.013677	-0.040032	0.106446	0.181388	0.080262	0.014604	-0.005617	-0.144328	0.002371
3	0.027536	-0.197363	0.127388	0.077249	0.031355	0.011012	0.064241	0.071669	0.189683	0.066256	0.042575	0.064068	0.361200	0.127550	0.140221	0.000000	0.009062	-0.010201	-0.075722	0.042303
4	0.096235	-0.354032	0.129824	0.000000	0.064738	0.171180	0.097690	0.142520	0.393577	0.179940	0.134379	0.155616	0.554731	0.186926	0.310732	0.148232	0.192685	0.103134	-0.114976	0.051797
5	0.041551	-0.186029	0.317394	0.283630	-0.031446	0.187610	0.032220	0.009019	0.176660	0.146429	0.131353	0.129035	0.499558	0.174220	0.112787	0.017142	0.000000	0.020579	-0.191694	-0.074995
6	0.383231	-0.106671	0.518363	0.434439	0.000000	0.576563	0.361650	0.343608	0.471996	0.402624	0.354636	0.475766	0.666651	0.430487	0.399112	0.400540	0.435514	0.307401	0.059095	0.211864
7	-0.126940	-0.292916	0.119940	0.000000	-0.213593	0.132918	-0.072284	-0.230317	0.002748	-0.122216	-0.135869	0.002336	0.319792	-0.045800	-0.019205	-0.119318	-0.130846	-0.217995	-0.259700	-0.202046
8	0.683932	0.299092	1.031892	0.928297	0.000000	0.911193	0.841582	0.469852	0.965219	0.391983	0.431856	0.980898	0.973920	0.925156	0.945915	0.818333	0.827388	0.462311	0.254583	0.387234
9	0.005735	-0.173153	0.146622	0.130652	-0.244088	0.240453	0.002430	-0.167159	0.181346	-0.084070	-0.072368	0.052659	0.750087	0.000000	0.134053	-0.072963	-0.105200	-0.137432	-0.206912	-0.165887
10	0.000000	-0.389794	0.767770	0.550093	-0.416630	0.648589	0.226019	-0.578671	0.438311	-0.435836	-0.252016	0.539790	0.737823	0.398706	0.408697	0.316566	0.098342	-0.486280	-0.617689	-0.373657
11	0.079848	-0.240323	-0.198832	0.000000	-0.196415	0.245124	0.029763	0.117179	0.500248	0.106513	0.051835	-0.089770	0.496245	0.229464	0.469108	0.036697	0.169880	0.029613	-0.290400	-0.143785
12	0.836560	0.222446	1.473166	1.238663	0.082949	1.398878	0.738233	0.000000	0.904883	0.083264	0.325454	1.108405	1.321606	0.989967	0.769488	1.027478	0.747070	0.221034	-0.025988	0.111222
13	-0.204735	0.070515	0.459043	0.166888	-0.078787	-0.050924	-0.009242	0.142828	-0.147004	-0.119921	-0.104435	0.208723	0.375908	-0.100753	-0.093340	-0.079995	0.000000	0.130027	-0.086292	-0.039674
14	-0.084227	-0.255897	0.494876	0.201484	-0.461218	0.318269	-0.055549	-0.051072	-0.033360	-0.137518	-0.078002	0.306885	1.252879	0.000000	-0.072557	0.071819	0.116785	0.005662	-0.689573	-0.452058
15	1.137605	0.606024	2.386614	2.104703	0.368278	2.066796	1.774962	0.348509	2.045788	0.000000	0.496679	2.288325	2.907201	1.881479	1.961594	1.749914	1.289365	0.481390	0.342390	0.582333
16	1.412248	0.803159	3.208627	2.756426	0.323474	2.695125	1.935701	-0.301417	1.934309	-0.287388	0.000000	2.497019	3.423658	2.094646	1.680162	2.143606	1.225559	0.314275	0.397006	0.697414
17	0.038436	-0.064996	0.247526	0.162677	-0.067915	0.507292	-0.023563	0.299943	-0.080470	0.030626	-0.047288	-0.033854	2.436709	0.077253	-0.124545	0.000000	0.236820	0.423170	-0.205541	-0.097863
18	0.887173	0.199745	1.481116	1.426237	-0.238649	1.572702	0.750221	0.216521	1.175768	0.000000	0.430693	1.195261	2.663047	1.228453	1.138918	1.090048	1.028518	0.566850	-0.402703	-0.217025
19	2.040612	1.197191	3.201984	2.820924	0.969790	3.069542	2.526799	0.000000	2.869242	0.112641	0.874221	2.895784	3.418865	2.667701	2.788005	2.738040	2.254980	0.768003	1.252306	1.471751
20	1.510351	1.084633	2.800236	2.178104	1.602951	2.534413	2.049101	0.000000	1.547370	1.045290	0.795542	2.203288	3.320723	1.591964	1.524686	1.729925	1.172718	0.161937	1.832947	1.904164
21	0.749753	0.156766	0.696182	0.627296	-0.018505	0.758522	0.137589	0.775793	0.537542	0.393437	0.389444	0.000000	2.811971	0.664420	0.460104	0.405719	0.484956	0.836529	0.004915	-0.088772
22	-0.144440	-0.370026	0.369209	0.255643	-0.370761	0.368526	-0.072509	0.157939	0.150074	-0.137933	-0.194913	0.187280	2.173014	0.085409	0.162254	-0.122949	0.000000	0.086867	-0.317390	-0.305270
23	1.234899	0.470166	2.523195	2.324591	-0.062672	2.163671	1.505769	-0.091460	2.052327	-0.098090	0.258660	2.119277	2.376600	1.897775	2.026597	1.797102	1.234816	0.000000	0.103365	0.373474
24	1.860843	1.387642	2.220872	1.771700	0.556446	2.295557	1.037725	1.517333	1.792517	1.427582	1.508216	1.688504	2.143440	1.665270	1.602161	1.804846	1.773551	1.533347	0.419130	0.000000
25	0.251078	0.313698	0.523566	0.526943	0.413732	0.422638	0.230513	0.620369	0.074446	0.451029	0.323265	0.380341	0.925480	0.242092	0.202929	0.000000	0.237990	0.585734	0.537351	0.562047
26	0.370311	0.094412	0.168882	0.210653	0.470731	0.830618	0.173638	0.512057	0.250975	0.449169	0.470542	0.000000	2.189029	0.278043	0.274222	0.014149	0.339896	0.504712	0.448201	0.497475
27	0.158265	0.197152	0.434849	0.585419	0.404757	0.996847	0.166232	0.128628	0.000000	-0.009113	0.288905	0.302822	-0.353027	0.479202	0.296629	0.218699	0.172706	0.107356	0.297587	0.304619
28	1.131800	0.859444	0.514940	0.000000	1.337081	1.526512	1.224352	1.474586	1.972184	1.461551	1.390224	1.458690	1.990012	1.365947	1.918441	1.187146	1.194544	1.351859	0.938184	1.074960
29	0.726882	0.708346	0.786687	0.727507	1.155201	1.226872	0.944906	0.000000	0.863493	0.806181	0.873563	0.791610	2.096070	0.820636	0.676232	0.655257	0.542057	0.334455	0.996903	1.080684
30	1.727033	1.505280	2.976598	2.876917	0.000000	2.678590	2.638596	1.594057	2.762546	1.577127	1.700808	2.984028	2.921030	2.849680	2.707832	2.581206	2.333603	1.446550	0.840823	1.681467
31	2.856965	1.794212	3.603216	3.574263	0.884376	3.499687	3.315277	1.056887	3.522127	0.000000	0.917415	3.694141	3.402959	3.493977	3.569272	3.579334	3.347097	1.843063	2.036261	2.224484
32	0.408868	0.884453	1.514842	1.286726	0.540865	1.109083	0.980127	0.780612	0.123799	-0.044064	0.153405	1.398725	2.039587	0.230264	0.000000	0.739870	0.710300	0.978166	0.796231	0.842042
33	1.587660	0.960336	0.612377	0.000000	1.464222	2.161974	1.564314	1.448479	2.711741	1.142961	1.109365	1.522335	3.349606	1.487353	2.549389	1.766659	1.804265	1.569136	1.701952	1.781438
34	1.451458	1.108634	2.911539	2.690475	1.124704	2.746153	2.591466	0.310670	2.885023	0.000000	0.709949	2.813458	3.287501	2.548255	2.887932	2.160623	1.758085	0.555106	1.274753	1.635610
35	2.028799	1.612348	2.619919	2.697473	1.342853	2.520184	2.499285	0.000000	2.694062	0.513533	1.246085	2.725195	2.818162	2.656018	2.631716	2.605905	2.289308	0.824147	1.883405	2.034440
36	-0.209090	0.149145	-0.306922	-0.564582	0.928347	0.593881	0.612371	0.043125	1.034720	-0.173158	-0.149585	0.100964	2.040266	0.065316	0.887201	0.000000	0.311117	0.324819	0.885816	1.096773
37	-0.692817	-0.720396	-0.039056	-0.065311	-1.079595	-0.026803	-0.288599	-0.758829	0.100221	-1.057261	-1.067171	0.000000	1.039570	-0.237927	0.047338	-0.248339	-0.123729	-0.233634	-1.246329	-0.872694
38	0.000000	0.500103	2.571084	2.444660	0.133755	1.693758	1.635773	0.813044	2.338918	0.223917	0.317286	2.094665	2.683880	2.042000	2.332814	1.213415	1.528859	1.053466	1.109915	0.843231
39	-0.304300	0.540557	0.478416	0.159357	0.936999	0.734074	0.822209	0.297515	0.563410	0.537167	0.126098	0.279182	2.019891	-0.161597	0.292860	0.000000	0.270711	0.192628	0.761007	1.011129
40	2.121272	1.968459	0.000000	1.404337	2.651498	2.391103	2.391116	2.454694	2.714146	2.491212	2.172407	1.747088	3.043216	2.109161	2.708143	2.041826	2.323162	2.518178	2.453369	2.782083
41	0.000000	0.764528	0.969950	0.177293	0.880756	1.062599	0.936726	1.078958	0.912186	0.664889	0.173433	0.912090	2.618325	0.101087	0.634126	0.593744	0.913171	1.257957	0.826623	1.086946
42	2.011915	1.664143	2.771950	2.793606	2.030020	2.702480	2.431367	0.591543	2.693461	0.000000	1.102032	2.402220	2.788152	2.461443	2.591447	2.551564	2.589618	1.480810	2.531285	2.771590
43	-0.518664	0.007751	0.000000	-0.375942	0.729816	0.766605	0.463970	0.287111	0.095296	-0.024670	-0.170331	0.417271	3.045673	-0.060149	0.155091	0.142658	0.421119	0.522856	0.674523	0.712372
44	0.205348	0.015315	1.566669	0.519866	0.053167	1.422996	0.464870	-0.592981	0.000000	0.091180	-0.665962	1.122036	2.774314	0.036786	-0.050176	0.741513	0.581000	-0.148047	-0.320666	-0.047603
45	1.368245	1.305143	3.345216	2.572098	1.320175	2.901568	2.330624	0.000000	2.034534	-0.115731	0.684594	2.869258	3.276813	2.126245	2.103486	2.257756	1.790917	0.579965	1.649154	1.591591
46	0.997525	0.958205	2.281022	1.896909	0.860280	2.219432	0.921744	0.771677	0.486424	0.669106	0.764324	1.225883	3.926653	1.178679	0.000000	1.376653	1.325544	0.996222	0.663383	0.739414
47	0.788070	1.013725	2.320407	1.621083	0.441474	2.098358	0.847088	0.907136	1.306485	0.708160	0.730121	1.785005	3.529363	1.157291	1.141217	1.446931	1.203005	0.871415	0.112621	0.000000
48	-0.215666	-0.388639	0.357064	-0.242150	-0.681989	0.686899	-0.064081	-0.741201	0.000000	-1.438837	-1.173073	-0.038498	1.900590	-0.358195	0.033029	0.255761	0.145213	-0.167531	-0.766108	-0.583609
49	-0.135716	0.327750	1.962422	1.224893	0.804184	0.673135	1.155008	0.507449	1.491135	0.392140	0.327219	1.059360	2.672856	1.034755	1.426900	0.000000	0.566743	0.442021	0.590415	0.657515
50	0.539841	0.560079	1.508932	0.966782	0.775802	1.218578	0.847382	0.303239	0.231496	0.000000	0.199037	1.070791	2.415406	0.541276	0.305374	0.751458	0.763214	0.503670	0.918493	0.842506
51	0.058382	-0.199133	0.494064	0.247087	-0.449723	0.419893	-0.271355	-0.241830	-0.221385	-0.324912	-0.395892	0.008528	1.853571	-0.208358	-0.075373	0.000000	0.038197	-0.100926	-0.210975	-0.191975
52	0.995717	0.349918	0.000000	0.532428	0.798924	1.441319	0.669520	1.126449	1.013375	1.165673	1.009398	0.197358	2.305887	0.688554	1.112376	0.673945	0.853589	1.145674	0.869161	0.806733
53	0.923955	1.140899	1.568063	1.264063	1.352990	1.211013	1.094048	1.410774	0.898506	1.322273	1.195935	1.364138	0.000000	1.099065	1.048140	1.026932	1.263671	1.342488	1.459946	1.413010
54	0.044601	0.559661	0.620913	0.455480	0.753718	0.087995	0.450851	0.927118	0.000000	0.591252	0.522738	0.408141	1.470556	0.252074	0.175948	-0.170329	0.065681	0.786692	0.724142	0.805982
55	0.059755	0.103684	0.840525	-0.236304	-0.061189	0.960956	0.246070	-0.454580	0.832140	-0.118468	-0.254775	0.404676	1.425218	0.000000	0.824510	0.353097	0.284926	-0.449716	-0.183349	-0.232516
56	1.071562	0.609762	1.520434	1.402979	-0.160950	1.326099	0.992141	0.610984	1.155402	0.000000	0.267179	1.239721	1.531709	1.193655	1.182649	1.132375	0.945665	0.988167	0.485245	0.181493
57	0.241166	0.380543	0.124379	0.000000	0.566515	0.848798	0.672687	0.344702	0.770898	0.255842	0.304174	0.669394	1.674133	0.435465	0.935967	0.419154	0.495987	0.359540	0.658115	0.588914
58	-0.572805	-0.089494	-0.650279	-0.571862	0.038649	-0.214595	-0.080304	0.229636	0.058516	-0.111229	-0.142894	-0.240665	-0.514350	-0.206761	0.287978	-0.368837	0.000000	0.218638	0.067162	-0.005919
59	0.570591	0.163319	0.217246	0.000000	0.539631	0.905621	0.732033	0.712096	1.177265	0.690513	0.341716	0.211070	1.244183	0.272150	1.333716	0.341857	0.675140	0.672200	0.533095	0.681223
60	0.950211	1.154880	1.486388	1.322613	1.095050	1.128474	0.877595	1.140379	0.454198	1.161434	1.110010	1.024776	0.000000	1.013282	0.604239	0.861146	1.041667	1.118059	1.360788	1.080894
61	0.288520	0.144561	0.000000	-0.160108	0.351556	0.426239	0.324942	0.295420	0.406682	0.262761	0.255407	0.306724	1.142912	0.109600	0.467230	0.375707	0.385835	0.347699	0.384058	0.347797
62	1.849335	1.462710	1.651116	2.283156	0.896247	1.848039	1.329339	0.938464	1.180787	0.000000	0.860873	1.629712	1.423502	1.359744	0.892961	1.631038	1.490343	1.660029	1.656680	1.222462
63	1.034479	0.531893	1.491060	0.869363	0.000000	1.586341	0.916913	0.380032	0.998406	0.836319	0.767526	1.210309	1.956485	1.048955	1.005502	0.599152	0.487098	0.377835	0.017607	-0.048200
64	2.237507	1.851787	2.940197	2.737320	1.859929	2.686748	2.563985	0.000000	2.404294	1.421743	1.719478	2.724526	2.884160	2.488281	2.447616	2.541060	2.131605	1.026861	2.120367	2.239127
65	0.452952	-0.001649	2.106062	0.309327	0.532168	1.720124	0.959893	-0.529982	0.273356	-0.442632	-0.310011	1.304628	2.951146	-0.015065	0.000000	0.667373	-0.048522	-0.493553	0.659564	0.576827
66	2.278612	1.752073	3.356023	3.115318	1.006110	2.866239	2.924955	0.000000	3.112941	0.787943	1.218752	3.225017	3.331262	3.034329	3.154449	3.005529	2.726242	0.891873	2.156197	2.149717
67	0.108347	-0.080504	0.659067	0.078902	-0.177426	1.241636	0.515015	-0.361977	0.986840	0.358574	0.129617	0.687453	2.373117	0.608843	0.870053	0.123212	0.000000	-0.193733	-0.032681	-0.230049
68	0.691307	0.746963	2.353639	2.106170	0.996172	1.640128	1.518869	1.121979	1.351914	1.079278	1.081574	1.632399	0.000000	1.622485	1.288531	1.213299	1.523293	1.018630	1.175638	1.108293
69	1.013645	0.239546	1.099165	1.175459	0.360531	1.555470	0.017492	0.164899	0.000000	0.260345	0.523752	0.268163	2.394551	0.551455	-0.074885	0.895309	0.817939	0.257131	0.707599	0.224118
70	0.753078	0.813325	1.619392	1.241660	0.614174	1.396360	1.021654	0.805636	0.767755	0.746352	0.855830	1.490017	0.000000	1.241183	0.829514	1.244530	1.346533	0.833469	1.002788	0.660226
71	0.390461	0.526419	0.236816	0.000000	0.816607	0.680652	0.627317	1.069240	0.838731	0.682932	0.741432	0.772620	1.386318	0.583259	1.069574	0.641893	0.833920	1.084418	0.747618	0.833128
72	0.133010	-0.093555	0.412668	0.041747	0.006456	0.703313	0.179495	0.253049	0.236936	-0.318657	-0.154960	0.301228	1.917057	0.000000	0.253238	0.429705	0.414301	0.446234	0.167421	0.076400
73	1.292511	1.219222	2.510234	2.354073	1.496015	0.947189	1.041068	1.980011	0.000000	1.387164	1.093643	0.870963	2.660289	0.841986	-0.028202	1.060815	1.900247	2.187032	1.674057	1.565234
74	1.257077	0.619347	2.867968	1.349991	1.039306	2.085604	1.737482	0.012664	1.791704	0.570665	0.605452	2.364637	2.827127	1.215938	1.679109	1.405996	0.806068	0.000000	1.249035	1.178358
75	3.353873	2.212758	3.746384	3.643940	1.833096	3.697559	3.611527	1.084232	3.668692	0.000000	1.569118	3.774168	3.431304	3.696285	3.701029	3.769722	3.499666	1.622029	2.584407	2.839600
76	1.767094	0.845083	1.527698	0.000000	1.088632	2.392116	1.303687	0.654891	2.491543	1.017631	1.063928	1.973141	3.360784	1.302506	2.374708	1.719499	1.407986	0.843928	0.699001	0.865255
77	1.743580	1.167591	2.358816	2.282629	0.823712	2.125838	1.932814	0.000000	2.178270	0.620322	0.901293	2.226818	2.007522	2.136854	2.150735	2.208220	2.041158	0.636303	1.194512	1.332016
78	0.537357	0.568874	1.593663	0.266246	0.235090	1.564471	0.350296	0.170540	0.706031	0.535586	0.346755	1.213155	2.629668	0.388692	0.000000	0.829091	0.547012	0.316726	0.318022	-0.079161
79	0.917792	0.226345	0.000000	0.548087	0.262697	1.116402	0.519638	0.442327	1.614610	0.689464	0.543715	0.654941	1.585339	1.065366	1.561219	0.615100	0.403185	0.437096	0.120548	0.522668
80	0.881758	1.292181	2.367547	2.538626	1.854250	1.610897	1.565419	1.946512	1.508142	2.022677	1.667895	0.397090	2.158986	1.626039	1.202580	0.000000	0.126102	1.689795	2.074389	1.977181
81	2.636614	2.470977	3.237850	3.262026	2.557191	0.000000	3.102191	2.909449	3.140355	2.792053	2.778699	3.203421	3.181247	3.229989	3.267900	2.877172	3.093359	2.951382	2.812693	2.972325
82	0.992532	0.820721	1.181338	0.256198	0.802928	1.521135	1.303820	0.000000	1.902787	0.687835	0.581718	1.435304	1.456090	1.087808	1.711511	1.027727	0.767870	0.468796	0.444505	0.710880
83	2.586687	2.410968	3.143383	2.997770	2.223654	0.000000	2.881601	2.608346	2.921363	2.468240	2.477997	2.987021	2.878391	2.947656	3.069118	2.805099	2.900054	2.841992	2.627473	2.692604
84	1.273926	0.772299	2.086135	1.764832	0.069719	1.814418	0.896558	0.650431	1.392868	0.069282	0.000000	1.249965	2.435595	1.354635	1.211700	1.353947	1.492957	1.306645	0.476415	0.079238
85	1.897516	1.683224	2.013055	2.562745	2.470236	1.667856	1.958140	2.165104	1.433825	1.947058	1.958238	1.175334	2.569124	1.928414	1.278727	0.511891	0.000000	2.011487	2.733196	2.635314
86	1.038977	0.947579	3.177638	1.882694	0.789765	2.214320	1.301475	0.807358	0.000000	0.356344	0.609688	2.150750	2.745865	1.186097	-0.100073	1.548450	1.951701	1.019105	1.021693	0.632207
87	0.000000	0.131161	0.030031	-0.158157	-0.028077	0.536295	0.118898	0.272586	0.104225	0.248897	0.150872	0.246452	1.428330	0.007893	0.222012	0.127735	0.129961	0.235406	-0.101268	-0.035387
88	0.797949	0.780460	0.056325	0.000000	1.543849	1.005867	1.056073	1.318720	1.412709	1.039498	0.692774	1.024296	2.991275	0.341399	1.613088	1.094011	1.098518	1.286697	1.476270	1.652259
89	2.153029	1.617752	3.606632	3.391615	1.677595	3.222661	3.165545	0.331278	3.254822	0.000000	0.844164	3.532245	3.652590	3.021798	3.259593	3.016557	2.471634	1.027523	2.262234	2.444354
90	1.381826	0.954509	2.034311	0.828558	1.332773	2.451923	1.624703	0.000000	1.338212	0.505449	0.727131	1.977108	3.924508	1.177025	1.382272	1.833298	1.522826	0.424250	1.369507	1.303164
91	-0.011284	-0.203131	0.105584	-0.163122	-0.034664	0.566808	0.158952	0.240343	0.189690	0.034854	-0.057529	0.000000	3.053064	0.150655	0.209626	0.220172	0.490099	0.327133	-0.148393	-0.138721
92	0.519707	-0.387339	0.464252	0.177165	-0.583895	0.929296	-0.212095	-0.681021	0.328235	-0.202981	-0.091903	0.000000	1.649356	0.178359	0.234496	0.268300	0.026495	-0.482668	-0.762453	-0.801469
93	2.402642	1.162558	3.417533	3.032344	0.546936	3.098424	2.344511	0.625083	2.696316	0.000000	0.691427	2.992228	2.850734	2.643147	2.616924	2.857818	2.344354	1.215400	0.570437	0.740462
94	1.461645	1.275589	2.631376	2.393748	1.605995	0.000000	2.192868	1.762639	2.135084	1.617080	1.498850	2.080847	2.900251	2.010382	2.208274	1.688402	1.775942	1.814081	1.643474	1.930219
95	0.617113	0.297613	1.147188	0.908347	0.401102	1.185039	0.511580	0.073818	0.513749	0.550041	0.393864	0.590544	2.674934	0.589022	0.498081	0.357268	0.000000	0.016842	0.545997	0.500658
96	1.636902	1.059205	2.652847	2.555159	0.676602	2.489407	2.086246	0.000000	2.448484	0.246068	0.879361	2.501577	1.223325	2.406424	2.399954	2.341140	1.941404	0.506076	1.147913	1.183688
97	0.000000	-0.447056	1.376734	1.339243	-0.738972	0.442823	0.821611	0.463310	1.180047	-0.203906	0.002986	0.997523	1.818421	1.028798	1.148382	0.889205	0.937477	0.627890	-0.376227	0.240283
98	-0.019252	-0.010497	0.803354	0.476074	-0.129850	0.444181	0.043775	0.200073	0.000000	0.159536	-0.017118	0.222186	1.602012	0.156404	-0.116662	-0.031900	0.070644	0.009095	-0.007417	-0.131265
99	0.820614	1.234113	0.801773	1.459314	1.832754	1.112469	1.449708	1.830104	1.709707	1.921231	1.647684	1.012996	1.709591	1.535118	1.683462	0.000000	0.892741	1.785517	1.662634	1.797351
100	-0.434912	-0.281357	-0.229280	-0.201762	-0.484602	0.000000	-0.239306	-0.756404	-0.073024	-0.568875	-0.518759	-0.219182	0.003841	-0.185282	-0.069287	-0.356248	-0.331009	-0.395248	-1.005813	-0.475916
101	0.111553	0.299249	0.604261	0.610320	-0.113244	0.802443	0.065703	0.180310	0.776952	0.519785	0.335897	0.291126	1.965358	0.455017	0.787583	0.028798	0.000000	0.196737	0.067611	-0.025053
102	0.185304	0.677123	1.298823	0.840217	0.688512	0.729594	0.675612	0.555554	0.000000	0.249895	0.233302	0.864312	2.127295	0.317698	0.051156	0.560177	0.646925	0.621081	0.683293	0.616200
103	0.000000	0.237580	0.168326	-0.011618	0.319353	0.692321	0.337340	0.027664	0.271068	0.118466	0.048990	0.344764	2.024863	0.109940	0.234070	0.277194	0.259453	0.119740	0.223562	0.259572
104	2.182212	1.382499	2.408804	2.141180	0.000000	2.933368	1.948484	1.473067	2.585279	1.239302	1.366057	2.527372	3.508873	2.333214	2.500445	2.468899	2.217572	1.876618	0.157995	0.550828
105	0.586415	0.530440	0.842719	0.545672	0.682993	1.167739	0.811130	0.163412	0.664005	0.115620	0.000000	0.888242	2.162715	0.464027	0.674013	0.714227	0.710419	0.450011	0.676148	0.722163
106	0.255049	0.279511	0.018258	0.000000	0.545118	0.740738	0.492761	0.325360	0.336130	0.173288	0.167663	0.258000	2.101184	0.279846	0.423577	0.395892	0.470318	0.502367	0.522308	0.536912
107	0.000000	0.150679	0.242893	-0.090898	0.290170	0.272932	0.278612	0.243032	0.150338	0.166865	-0.044274	0.219213	1.789450	-0.092551	0.194461	-0.113989	0.126848	0.372896	0.187033	0.328816
108	0.776306	0.483155	1.301262	1.171792	0.864376	1.289800	0.918869	0.375441	0.963387	0.000000	0.302017	0.984334	1.487556	0.765679	0.983752	0.915376	0.800781	0.542346	0.916431	0.916759
109	-0.036359	0.028695	0.223011	0.077137	0.066896	-0.014245	-0.023546	0.112160	-0.083223	-0.063182	-0.107141	0.105045	0.743820	-0.087237	-0.082107	0.000000	0.098214	0.089575	0.088663	0.122041
110	0.000000	-0.083040	-0.044558	0.015769	-0.001262	-0.073087	-0.003318	0.035825	0.077137	-0.058953	-0.024262	-0.039855	0.435082	-0.045375	0.096028	0.011174	-0.011307	0.042774	0.006358	0.093204
111	0.052156	-0.142496	0.110980	0.079025	0.065914	0.000000	0.075380	-0.110480	0.071528	-0.168089	-0.040355	0.017186	0.450767	-0.001307	0.094006	0.033274	0.012315	-0.027803	0.139477	0.200565
112	0.000000	-0.109349	0.239494	0.221370	-0.083964	0.144049	0.080101	-0.078808	0.140829	-0.061662	0.009559	0.216253	0.342760	0.147396	0.135122	0.083810	0.027041	-0.079611	-0.157685	-0.040562
113	-0.064238	-0.312774	0.000000	0.141900	-0.343062	0.059364	-0.141212	-0.208034	-0.106790	-0.197842	-0.231647	-0.014637	0.305883	-0.017086	-0.155883	-0.019430	-0.102922	-0.192117	-0.427666	-0.362318
114	0.643830	0.240351	0.814916	0.774618	0.447350	0.906906	0.762571	0.103221	0.848533	0.273718	0.381348	0.803986	0.771228	0.752129	0.777392	0.705984	0.504306	0.000000	0.435593	0.552574
115	0.184991	0.092407	0.342656	0.331283	-0.054603	0.245333	-0.146121	-0.070260	-0.212644	0.002315	0.019884	0.076077	0.365246	0.013223	-0.268962	0.000000	-0.019596	0.024739	-0.180957	-0.153718
116	0.842357	0.217967	1.133865	0.963971	-0.053512	1.241930	0.690120	0.028208	1.157281	-0.176106	0.000000	0.860931	0.809310	0.981883	1.045934	0.935154	0.699140	0.299393	0.187795	0.110215
117	1.009492	0.276402	-0.070057	0.140182	0.234030	1.420668	0.855702	0.000000	1.711883	0.294312	0.395357	0.468280	1.580878	0.913713	1.594142	0.628016	0.462421	0.424487	0.393729	0.379489
118	0.772480	0.374268	0.385325	0.368544	0.873657	0.000000	0.709479	1.326966	1.383355	1.176559	0.958748	0.196169	0.936684	0.659974	1.266212	0.225822	0.587286	1.162354	0.962441	0.927645
119	0.290705	-0.181314	0.335410	-0.159114	-0.036730	0.400394	0.140428	0.260612	0.447376	0.118039	0.007288	0.410365	0.672246	0.000000	0.259828	0.366680	0.337353	0.268209	0.096218	-0.021258
120	1.000742	0.452116	0.594632	0.829613	0.000000	1.124197	0.672002	1.094738	1.322260	0.696877	0.811202	0.852769	1.166863	1.100810	1.199029	0.839633	0.966760	1.248371	0.327573	0.305881
121	1.699648	1.581743	2.528193	2.419791	1.573151	0.000000	2.095037	2.308527	2.239989	1.936348	1.848789	2.252889	2.246669	2.235504	2.339817	2.136512	2.434039	2.369223	1.850446	1.946020
122	1.258736	0.541676	2.227627	1.826188	0.605013	2.073793	1.538219	-0.139528	1.913162	-0.077191	0.426386	1.854893	2.257022	1.581850	1.856062	1.618940	1.033769	0.000000	0.333164	0.817270
123	0.933794	1.248883	1.341235	0.593927	1.844618	0.000000	1.282790	1.877163	1.612053	1.587143	1.491478	1.398654	1.887884	1.106889	1.822605	1.150333	1.599202	1.967650	1.675384	1.779220
124	1.236395	0.775093	2.517746	1.590396	0.000000	1.998379	1.375884	0.451446	1.773025	0.348903	0.434388	1.948635	1.879304	1.373201	1.753461	1.697310	1.532234	0.890568	0.095379	0.423288
125	1.529949	1.078702	3.429003	3.013263	0.376698	2.856647	1.939217	0.614340	2.294561	0.164042	0.703307	2.628587	2.684886	2.210361	2.165193	2.438020	2.076607	1.025292	0.267377	0.000000
126	-0.201909	0.500222	2.194787	1.761753	1.208430	0.818555	1.549394	0.477089	0.855110	0.555872	0.614056	1.426647	1.771297	1.095736	0.780095	0.000000	0.362669	0.209041	1.515059	1.539658
127	-0.972340	-0.247569	1.847636	1.378587	0.401927	0.287505	1.396548	-0.258594	1.305470	0.000000	-0.261952	1.515461	1.740153	0.855874	1.452437	0.107973	0.361091	-0.622603	0.684650	0.747507
128	2.446575	1.856262	3.301499	3.047703	0.000000	2.958866	2.375082	2.391229	3.068939	1.840039	1.847412	3.033859	3.554136	2.888573	2.892355	2.881258	3.011287	2.614194	0.658442	0.511514
129	0.885613	1.142728	2.403621	1.691448	1.354513	1.623631	1.308530	0.141688	0.401648	0.000000	0.018408	1.633456	2.620916	0.261533	0.751126	1.035545	1.259457	0.520009	1.561428	1.478644
130	1.678765	1.361590	3.265443	3.161964	1.494712	2.798693	2.788688	-0.029378	2.962832	0.449003	1.266377	3.151134	2.756987	2.936467	3.003013	2.851311	2.485091	0.000000	1.928214	1.845626
131	0.000000	0.664816	3.325529	3.149302	1.902709	1.232082	2.937258	2.023361	2.936193	1.904436	1.772573	2.991932	3.218079	2.903839	3.014679	1.019863	1.589572	1.384340	2.550297	2.428304
132	0.769358	0.082308	0.000000	0.017395	0.350843	0.942961	0.151434	0.458920	0.378095	0.468691	0.482242	0.294038	2.259418	0.408070	0.530594	0.163389	0.213071	0.573297	0.134375	0.044534
133	1.178322	1.122292	2.837244	1.800673	1.189478	2.215441	1.153508	0.950486	0.195995	1.048723	0.865033	1.872198	3.974526	1.000756	0.000000	1.282229	1.367230	1.220826	1.176961	1.141832
134	1.299870	1.210161	3.065779	2.916638	1.549889	2.695812	2.778558	0.379237	3.058969	1.034939	1.278326	3.044459	3.123786	2.718317	2.961765	2.440352	1.828064	0.000000	1.286953	1.801505
135	0.855162	0.555600	2.184392	0.376027	1.279221	2.106964	1.205979	-0.241232	1.010287	0.567528	0.277952	1.888106	3.411830	0.000000	1.002315	1.053463	0.638424	-0.050090	1.120123	1.251367
136	1.627522	1.033622	2.968534	2.697016	0.804007	2.706961	2.543911	-0.108459	2.834961	0.647199	0.831622	2.927370	3.143620	2.560690	2.842966	2.599348	2.171525	0.000000	1.111531	1.469491
137	2.152862	1.449941	3.272686	2.695727	0.912253	3.300281	2.068710	0.000000	2.215670	0.491858	0.984690	2.771461	3.663973	2.013888	2.061962	2.391615	1.578236	0.610695	1.342613	0.912435
138	0.704246	0.983609	2.851037	2.258159	2.092993	1.608506	2.357456	1.514382	2.469851	1.572686	1.119104	2.189606	2.782627	1.921586	2.401013	0.000000	0.355232	1.228153	2.260233	2.326092
139	1.153255	0.840715	2.644335	2.029327	0.439618	1.956716	0.798628	0.448523	0.000000	0.584638	0.609077	1.269611	2.628930	0.851153	-0.188177	1.179409	0.863404	0.337855	0.736760	0.474053
140	0.751253	1.531815	1.474470	2.152857	2.091907	1.227424	1.201455	2.142183	1.766547	2.253371	1.987224	0.949894	1.846655	1.828682	1.716159	0.000000	0.891716	2.021508	2.258061	2.131248
141	-0.323869	0.114497	0.038310	-0.120964	-0.290967	0.317372	0.171655	-0.220153	0.613654	0.038348	-0.020350	0.000000	-0.094481	0.317084	0.636869	-0.125252	0.131214	-0.282849	-0.098292	-0.231727
142	0.655339	0.499919	0.000000	0.312079	0.710741	0.930674	0.567123	1.065980	0.871544	0.759071	0.608010	0.308622	2.533696	0.565992	1.046654	0.518703	0.612942	1.043137	0.776456	0.579424
143	1.205161	1.171330	0.000000	1.455800	1.869252	1.052601	1.894705	2.505507	2.255587	2.521407	1.873472	1.647419	3.133426	1.989674	2.496075	0.667596	1.711038	2.227649	1.901119	1.809611
144	0.540134	0.525613	0.551155	0.000000	1.139908	0.553314	0.886693	0.894483	0.676651	0.734083	0.667986	0.769160	1.077070	0.555445	0.949533	0.844294	1.082266	0.774184	1.296338	1.141842
145	0.837357	1.367183	2.182542	0.923785	1.623265	1.455519	1.753084	0.997845	1.681648	1.034245	0.605355	1.839802	1.024941	0.000000	1.684465	0.904243	0.623981	0.934485	1.706331	1.820405
146	2.338582	1.819127	3.377113	2.987350	0.581397	3.073517	1.976669	1.617703	2.594165	1.588285	1.678876	2.856642	3.070535	2.618189	2.381686	2.581115	2.391151	1.646802	-0.147813	0.000000
147	1.769080	1.361058	3.074248	2.603312	1.784876	2.877799	2.141762	0.000000	1.562198	1.014720	1.480239	2.344382	3.310229	2.061944	1.692822	1.960733	1.408094	0.288624	2.091872	1.908570
148	2.444301	1.791878	3.632995	3.328898	0.511449	3.311542	2.673854	1.838063	3.138237	1.660010	1.656480	3.346016	3.544827	2.958906	2.985546	2.961858	2.634331	1.977123	0.000000	0.845765
149	0.763932	0.627782	1.094963	0.000000	1.045033	1.650508	1.106545	0.631145	1.183150	1.066054	0.754293	1.265182	3.428848	0.576831	1.129277	0.631090	0.543332	0.578808	1.100659	1.010361
150	0.837075	0.400088	0.735554	1.015827	0.294087	1.073845	0.725410	0.644410	1.466289	0.639215	0.523084	0.689654	2.344489	0.834564	1.533495	0.000000	-0.345111	0.592894	0.344894	0.799582
151	0.336980	0.194351	0.246257	0.291777	0.130986	0.689199	0.066239	0.419868	0.129228	0.575028	0.353530	0.000000	1.811227	0.182484	0.137941	0.137553	0.184658	0.335704	0.189223	0.118935
152	0.000000	0.291494	1.024560	1.292777	0.200118	0.532322	0.706085	0.286454	1.042207	0.039988	0.177201	0.322131	1.462439	0.737553	1.242997	0.667908	1.214556	0.787149	0.346019	0.361388
153	-0.019732	-0.012392	-0.309773	-0.077436	0.540542	0.000000	0.039649	0.738806	0.052783	0.422539	0.166689	-0.288600	1.854011	-0.146050	0.140365	-0.246368	0.175554	0.766837	0.453877	0.538685
154	0.875168	0.599030	1.040926	1.065047	0.740460	0.000000	0.844726	1.115564	0.940543	0.966956	0.919526	0.867323	1.617646	0.995206	0.999133	0.841566	1.039050	1.105751	0.803268	0.828410
155	0.407263	0.126856	0.268292	0.218620	0.198013	0.263869	-0.019129	0.486464	0.264222	0.653644	0.407629	0.117228	1.492301	0.194849	0.302191	0.000000	0.152994	0.373652	0.207682	0.128165
156	1.577804	1.053832	2.007318	1.837400	0.000000	1.750502	1.544267	1.114256	1.963246	1.245823	1.172527	2.014278	1.975227	1.777720	2.097364	1.529323	1.669682	1.267256	0.861613	0.990128
157	0.816964	0.616509	1.375266	1.017359	0.747036	1.471899	0.609989	0.623779	0.278002	0.929084	0.702407	0.690446	3.157851	0.533202	0.286709	0.241498	0.000000	0.567388	0.755113	0.712869
158	2.049307	1.427393	2.839779	2.764750	1.631744	2.773388	2.606551	-0.096524	2.650388	0.394434	1.144599	2.756923	2.917759	2.512937	2.646662	2.403706	1.921128	0.000000	1.952648	2.028750
159	0.824009	0.638187	1.528006	1.043531	0.692116	1.394195	0.320526	0.628940	0.131648	0.983356	0.662267	0.834270	3.198091	0.577720	-0.128358	0.329999	0.000000	0.522635	0.777383	0.430119
160	0.544216	0.957882	1.760029	1.138709	0.692447	1.447665	0.861662	0.529455	-0.011670	0.000000	0.498522	1.245301	0.413623	0.705422	0.283644	0.974996	0.999338	0.551281	1.283334	0.825479
161	0.804389	0.433492	0.000000	0.946571	1.053706	1.476195	1.369215	0.877625	1.558105	0.621231	0.832926	0.541525	2.292200	1.211742	1.740576	0.892923	1.511988	0.629302	0.943584	1.173067
162	0.176216	-0.204148	0.386065	0.000000	0.265941	0.497057	0.317336	-0.292891	0.167431	-0.067173	-0.002518	0.322180	1.053833	0.097108	0.303431	0.071188	-0.300468	-0.475280	0.476135	0.303268
163	0.391089	0.193613	0.656683	0.455922	0.248567	0.483161	0.233120	0.274251	0.055456	0.411506	0.291464	0.375049	1.560839	0.181976	0.291002	0.271191	0.139442	0.000000	0.503459	0.346417
164	0.551816	0.527011	1.003441	0.709244	0.483738	0.096456	0.136905	1.007405	0.975887	0.667531	0.469460	0.000000	1.580603	0.403399	0.801531	-0.236309	-0.135733	0.975413	0.561527	0.331705
165	0.339195	0.359949	0.240773	0.000000	0.489456	0.622972	0.474511	0.504203	0.578485	0.692426	0.591564	0.534258	0.377179	0.450657	0.742754	0.481041	0.479590	0.357763	0.713843	0.547381
166	-0.002044	0.008786	-0.112244	0.151178	-0.019511	0.505692	0.041619	-0.234073	0.007390	-0.256265	-0.101288	-0.011728	0.087920	0.078300	0.000000	0.034352	-0.027163	-0.148401	0.186874	-0.074736
167	1.402900	0.848346	1.730545	1.509973	0.562335	1.534787	1.484039	0.000000	1.605628	0.442715	0.350109	1.697956	1.854533	1.347915	1.695925	1.535230	1.421402	0.871678	0.894938	0.939314
168	0.484455	0.731718	1.051101	0.867407	1.126356	0.000000	0.771866	1.532505	0.771759	1.018633	0.942685	0.552107	0.457584	0.838212	0.955448	0.697088	1.093744	1.532459	1.261603	1.206212
169	0.399851	0.761137	2.085286	1.687533	0.968816	0.833772	0.967321	0.515212	0.487921	-0.050477	-0.026182	0.337885	1.609179	-0.018565	0.000000	0.282444	0.576638	0.744283	1.243845	1.298642
170	2.648679	2.154480	3.024073	2.866800	1.964365	0.000000	2.672103	2.482671	2.766687	2.399330	2.356696	2.853741	2.859245	2.760648	2.914306	2.765036	2.748379	2.624891	2.112870	2.240631
171	1.013227	0.681963	2.145990	1.892865	0.753320	1.924363	1.600222	0.107814	1.402032	0.819392	0.531657	1.178721	2.241950	1.143064	1.176174	0.687215	0.000000	0.140060	0.933617	1.188231
172	1.633439	1.366434	2.352987	1.794308	1.291148	2.514167	1.622020	0.000000	1.192480	0.612758	0.821681	1.787033	2.821618	0.649649	1.302825	1.561849	1.032062	0.492244	1.257076	1.538005
173	1.184349	0.443122	2.742745	2.305800	-0.085745	2.457412	1.510908	-0.522938	2.088343	0.000000	0.144488	2.131003	2.847234	1.753258	1.884552	1.683451	0.914743	-0.271389	-0.580601	-0.228780
174	1.719430	0.965415	3.002608	1.921750	0.502716	2.764576	0.858193	0.226029	0.561489	0.310971	0.609814	1.653450	3.261349	1.084047	0.000000	1.479710	1.137637	0.642316	0.582267	0.282813
175	1.798242	1.296430	4.022576	3.949126	1.463215	3.257022	3.567377	0.955352	3.829243	0.000000	0.962164	3.775496	3.884863	3.595799	3.734846	3.166270	2.650411	1.086509	2.381015	2.434605
176	1.882956	1.362689	2.336138	1.864790	0.000000	2.651140	1.096846	1.331317	1.863891	1.245566	1.346799	1.993181	3.604762	1.696643	1.848300	1.731471	1.483551	1.658382	0.200989	-0.104445
177	2.738976	1.785006	3.641272	3.671710	1.582793	3.374169	3.351202	1.043831	3.629820	0.000000	1.267593	3.615593	3.503617	3.536146	3.650976	3.318609	2.782577	1.256384	2.831487	2.567246
178	1.342847	1.101555	2.789448	2.538156	1.432924	2.116070	1.183692	1.697547	0.000000	1.059002	1.153117	1.450162	3.308215	1.313746	0.134966	1.246825	1.631957	1.857965	1.701603	1.384250
179	0.373209	0.704970	0.000000	0.198841	1.014729	0.923912	0.809202	1.080418	0.814801	1.090852	0.962194	0.649716	0.293630	0.664493	1.112920	0.622919	0.963579	0.933659	1.018033	1.156320
180	1.672678	1.163816	0.000000	1.136882	1.497658	1.269865	1.306775	2.447830	2.132618	2.144140	1.932174	0.794155	2.648751	1.756973	2.383614	1.255765	1.564686	2.341403	1.390173	1.502203
181	-0.246917	-0.442355	0.942083	0.666486	-0.007367	1.083575	-0.061153	0.649865	0.474514	0.317240	-0.101467	-0.295892	3.188047	0.000000	0.487907	-0.474866	-0.004531	0.508951	0.424552	-0.093503
182	0.494785	0.401471	1.356676	0.936267	0.283878	1.008596	0.360976	0.395125	0.279773	0.000000	-0.112149	0.802157	1.983317	0.295829	0.381304	0.478841	0.256295	0.402230	0.212167	0.062392
183	0.507720	0.558305	0.609939	0.000000	0.802449	1.124799	0.836126	0.754162	1.197762	1.013989	0.828585	1.207137	1.502708	0.769460	1.479873	0.956773	1.080572	0.752790	0.383115	0.507101
184	2.137227	1.872751	2.953097	3.074194	0.077729	2.779912	2.037154	2.048735	3.000952	1.551807	1.583266	2.581949	3.107517	2.616832	2.801006	2.562691	2.737430	2.471777	-0.223244	0.000000
185	1.103305	0.647931	2.427314	2.375985	1.299767	2.319155	2.280210	1.022009	3.002191	0.000000	0.758992	2.295856	3.083009	2.195103	3.086512	1.677653	1.530882	0.921886	1.927982	1.527450
186	0.830815	0.219435	-0.567274	0.000000	1.100352	1.293999	0.630689	1.120275	0.902460	0.851708	0.761661	0.191786	2.864106	0.632079	1.013271	0.201269	0.710537	0.998191	1.082944	1.116513
187	-0.207930	-0.519344	0.266976	0.000000	-0.845852	0.480615	-0.514097	-1.005465	0.261532	-0.577605	-0.391934	0.204100	-0.343181	0.219422	0.285952	0.114250	-0.194453	-0.795922	-1.009460	-1.246468
188	-0.143056	-0.273734	-0.067997	0.096615	-0.267273	-0.051725	-0.109183	0.163693	0.000000	0.029919	0.011620	-0.039480	0.797860	0.081529	0.071253	-0.124355	-0.034659	0.110334	-0.342605	-0.249389
189	0.861971	0.270776	2.560928	1.939622	-0.573875	2.147985	0.048817	0.058228	0.304829	0.395745	0.454417	0.906869	2.846090	1.179727	0.000000	1.099410	0.538194	-0.042121	-0.504701	-0.901544
190	2.325731	1.658524	3.401816	3.301571	1.630934	3.093284	3.065998	0.000000	3.074831	0.189102	1.028150	3.245403	3.650686	2.929151	3.056787	3.015176	2.467237	0.850593	1.890411	2.210796
191	0.626247	0.285756	2.125968	1.131852	-0.123575	1.480924	0.420730	-0.284396	0.000000	-0.137206	-0.051508	1.160624	2.843746	0.596415	-0.402735	1.021317	0.735550	-0.013341	-0.122680	-0.304270
192	0.306785	0.134861	0.496200	0.000000	0.540737	1.022113	0.632074	0.516557	0.552989	0.362078	0.296719	0.801019	3.138360	0.455738	0.536580	0.528978	0.746173	0.771241	0.426799	0.490437
193	0.723974	0.512801	2.442063	1.688300	0.770853	2.040560	1.580695	-0.542909	1.794157	-0.448990	-0.021624	2.124830	3.062034	1.458497	1.863057	1.593387	1.195013	0.000000	0.460637	0.889888
194	2.175727	1.833882	3.648548	3.481812	1.851262	3.156146	3.229104	0.000000	3.344408	0.299748	1.272042	3.518322	4.038602	3.215019	3.307009	3.173658	2.830124	0.837888	2.354719	2.556207
195	0.358438	0.478287	1.314170	0.963272	0.498749	1.085105	0.493337	0.596289	0.000000	0.233084	0.216553	0.839236	3.448742	0.416406	0.039479	0.506175	0.752614	0.920237	0.383130	0.488689
196	0.851819	0.462243	1.475480	0.999938	0.819356	1.832931	0.848639	0.198435	0.167313	0.172203	0.332154	1.165707	3.447496	0.680205	0.000000	1.094857	0.795870	0.617462	0.740174	0.593388
197	0.871782	-0.050242	0.878122	0.881679	-0.589080	1.360613	0.000000	0.041605	1.240616	-0.026247	0.004695	0.945103	2.231763	0.880313	0.923809	0.666180	0.222217	0.214041	-0.501128	-1.008609
198	-0.002084	-0.197443	1.443610	1.318801	0.329098	0.326305	0.756578	0.706812	1.611931	0.437698	0.290932	0.452027	2.590098	1.020002	1.631457	0.000000	0.600865	0.417096	0.646714	0.270533
199	-0.601593	-0.410457	0.725164	0.000000	-0.253746	0.204646	-0.084836	-0.218177	-0.751137	-0.733199	-0.983608	0.203607	1.591272	-0.746080	-0.634789	-0.107213	0.118353	0.040519	-0.115808	-0.353336
200	2.662723	1.554651	3.335718	3.053405	0.000000	3.038092	1.761362	2.218998	2.793815	1.747678	1.885951	2.655697	3.159731	2.649216	2.651304	2.579907	2.160359	2.373362	0.343167	0.207345
201	0.605387	0.655286	2.094271	1.365259	0.381497	1.744809	1.102877	-0.103262	1.483265	0.237960	0.281370	1.416908	2.267611	1.112812	1.390013	1.007533	0.636837	0.000000	0.637669	0.506430
202	0.000000	0.226777	0.502598	-0.020044	0.649622	0.562307	0.318120	0.414063	-0.039073	0.204996	0.149850	0.307789	-0.055625	-0.042761	0.132955	0.236683	0.365594	0.466947	0.759157	0.662092
203	2.459278	2.011497	3.640308	3.394157	1.066041	3.172628	2.138940	1.810976	3.474566	2.486739	2.492923	3.037962	3.368697	3.282574	3.177074	2.971504	2.640285	1.667676	1.373034	0.000000
204	0.908472	0.983539	1.482271	1.320169	1.235254	1.258419	1.225229	1.271556	0.900261	1.240183	1.103689	1.276626	0.000000	1.070608	1.079788	0.765336	0.916444	1.289892	1.198192	1.342656
205	2.381253	1.705407	3.271860	3.075604	1.610569	2.858036	2.746805	0.000000	2.861080	1.054329	1.569988	3.017600	3.146845	2.866111	2.830937	2.843697	2.344521	0.749523	1.883280	1.999027
206	0.806290	0.091368	1.982424	0.442604	-0.700457	1.173855	-0.072543	0.175806	0.650846	-0.212621	-0.145538	1.117348	2.692377	0.000000	0.686909	0.646298	0.465676	0.373074	-0.278753	-0.804386
207	2.196395	1.398976	3.725677	3.448753	0.751734	3.240263	2.889037	0.629533	3.352849	0.000000	0.633132	3.570960	3.758296	3.010979	3.281981	2.937445	2.379264	0.627347	1.324551	1.348838
208	0.814396	0.419157	1.145894	0.569353	0.346882	1.733912	0.995355	0.254487	1.958452	0.433947	0.500916	1.408882	3.181181	1.122113	2.004283	0.559445	0.336944	0.000000	0.127194	0.218667
209	1.438092	0.875187	2.699963	2.206651	0.816080	1.999483	1.223656	0.269617	0.795335	0.778359	0.741072	1.788787	2.885923	1.283612	0.831830	1.145655	0.534585	0.000000	1.295178	1.154186
210	0.798503	0.173577	1.387532	1.166273	-0.249881	1.230529	0.390577	-0.110751	0.398668	0.059926	0.271610	0.787950	1.418224	0.753090	0.555128	0.343950	0.000000	0.044584	-0.251540	-0.206218
211	1.173131	0.576309	1.985713	1.602953	0.541121	1.732865	0.325242	0.306367	0.000000	0.642306	0.751007	1.071917	2.351583	0.915488	0.086197	1.015470	0.696393	0.317431	0.609119	0.389909
212	0.247388	-0.237079	0.296355	0.000000	-0.436329	0.632199	0.057310	-0.511584	0.425705	-0.417204	-0.201721	0.264634	0.192246	0.105859	0.600147	-0.040243	-0.245743	-0.363636	-0.532452	-0.367465
213	1.249039	0.445154	0.953029	0.712118	0.484455	1.239035	0.656016	0.331926	0.962103	0.744561	0.769487	0.882055	1.505248	0.812512	1.037980	1.021388	0.790176	0.000000	0.763374	0.453574
214	0.427239	-0.373358	0.153681	0.000000	-0.756432	0.752029	-0.036140	-0.515461	0.639388	-0.467631	-0.283190	0.278578	0.278334	0.279869	0.744618	0.242062	-0.047724	-0.250697	-1.132613	-0.844363
215	0.699469	-0.131901	0.835534	0.610482	-0.092135	0.949349	0.175099	-0.382473	0.000000	0.030357	0.202060	0.422696	1.118380	0.417293	0.116989	0.531191	0.273480	-0.544775	0.129123	-0.039740
216	0.623107	0.066698	-0.023383	0.000000	0.312952	0.894016	0.389012	0.385917	0.949289	0.025880	0.271490	0.380455	0.325206	0.482680	1.060405	0.464064	0.464295	0.500587	0.064497	0.235199
217	0.870908	0.325632	1.004119	0.616032	0.464705	1.148123	0.536083	0.063428	0.470319	0.390269	0.410814	0.896389	1.416183	0.566984	0.479589	0.917724	0.700899	0.000000	0.563246	0.433591
218	0.209849	0.233019	0.185124	-0.093122	0.471705	0.558570	0.366482	0.299486	0.372156	0.303886	0.343135	0.367270	0.000000	0.223304	0.458368	0.339839	0.364000	0.255238	0.429740	0.410219
219	0.408693	-0.049273	0.599484	0.363060	-0.231687	0.867401	0.332140	0.000000	0.424812	-0.217180	-0.108321	0.664609	0.638840	0.372804	0.462935	0.571701	0.317688	0.197942	-0.406708	-0.320720
220	0.416136	0.377431	0.010643	0.211168	0.850995	0.244461	0.517660	0.728845	0.480520	0.595598	0.630116	0.206986	0.000000	0.416824	0.560802	-0.177598	-0.215795	0.651563	0.892296	0.902068
221	0.130194	0.180060	0.114709	0.000000	0.450791	0.339203	0.326279	0.423241	0.276109	0.365796	0.422215	0.334466	-0.108240	0.258951	0.422434	0.278270	0.397846	0.411419	0.396904	0.437362
222	0.020907	-0.008122	-0.000626	0.000000	0.188349	-0.181551	0.067660	0.359500	0.176661	0.252878	0.286072	0.117332	0.130862	0.176644	0.269609	0.009557	0.168747	0.480832	0.065023	0.180377
223	0.419707	0.380392	0.122262	0.000000	0.703274	0.592434	0.698453	0.718809	0.918211	0.554328	0.566304	0.739870	0.979018	0.426834	1.036528	0.611495	0.664932	0.730492	0.515548	0.788074
224	-0.037384	0.083340	-0.062058	-0.010710	0.126320	0.109563	0.098273	-0.062427	0.000000	-0.135252	0.058233	0.183222	0.485558	0.077282	-0.006626	0.155557	0.181428	0.151047	-0.034714	-0.011050
225	0.055581	0.062221	0.045133	0.075826	0.166870	0.111623	0.121753	0.031264	0.000000	-0.095697	0.078833	0.107979	0.427316	0.115060	0.054196	0.145558	0.176403	0.215576	0.093521	0.135926
226	0.050724	-0.009230	0.000000	-0.005688	0.202709	0.307157	0.230165	0.039649	0.205720	-0.109452	0.041953	0.244804	0.795220	0.164012	0.211594	0.225249	0.275020	0.207566	0.192900	0.231563
227	0.138390	0.000010	0.056978	0.000000	0.066414	0.216520	0.067716	0.047586	0.335059	-0.208539	-0.105830	0.181278	0.678196	0.119914	0.248490	0.303161	0.364759	0.402332	-0.033042	0.053424
228	0.072839	0.089009	-0.000614	0.000000	0.331430	0.226325	0.293175	0.412318	0.369990	0.134302	0.140960	0.261817	0.836617	0.162398	0.391071	0.269422	0.476878	0.563946	0.299884	0.403557
229	0.050508	0.006296	0.103212	0.161548	0.075285	0.097691	0.118079	0.053934	0.000000	-0.096638	0.057406	0.144220	0.498985	0.140952	0.044758	0.148926	0.186019	0.227986	-0.000720	0.065005
230	-0.002638	-0.098473	-0.029260	0.025555	-0.050608	-0.008152	0.044766	-0.078133	0.000000	-0.237203	-0.074852	0.005593	0.394846	0.079471	0.018202	0.035659	0.039414	0.087520	-0.111811	-0.076916
231	-0.071113	-0.171690	0.000000	0.011179	0.010631	0.133131	0.082285	-0.024950	0.090466	-0.234935	-0.120027	0.094210	0.727590	0.060345	0.118918	0.078730	0.172324	0.142056	-0.016492	0.063790
232	-0.011592	-0.063766	0.059452	0.000000	0.085410	0.009065	0.062322	0.163571	0.071435	-0.105379	-0.052747	0.056517	0.566169	0.058476	0.065463	0.044848	0.156866	0.321263	0.052672	0.140357
233	0.100716	0.032735	-0.016009	0.000000	0.314606	0.074696	0.248260	0.379126	0.410994	0.204997	0.173908	0.138682	0.482592	0.158607	0.439864	0.084023	0.267495	0.425074	0.226959	0.362689
234	0.002131	-0.177438	-0.106850	0.088601	-0.101835	-0.098723	-0.022992	-0.056472	0.000000	-0.153969	-0.042016	-0.099913	0.207557	0.037180	0.086465	-0.071867	-0.055651	0.048503	-0.153758	-0.094116
235	-0.011005	-0.189916	-0.152323	0.081685	-0.115644	-0.109382	-0.023852	-0.079637	0.000000	-0.173209	-0.081382	-0.082869	0.216670	0.046886	0.085919	-0.092335	-0.074284	0.031169	-0.175499	-0.091411
236	0.131289	-0.025689	0.000000	0.263983	0.063013	0.121750	0.210538	0.135880	0.313278	0.033407	0.130112	0.193109	0.412295	0.271468	0.405364	0.136750	0.221038	0.184709	0.089287	0.154695
237	-0.017618	-0.236978	-0.163517	0.000000	-0.080952	-0.187314	0.028980	0.005231	0.162271	-0.085896	-0.045283	-0.068465	0.163514	0.086447	0.263945	-0.081295	-0.016934	0.026101	-0.064845	0.017559
238	0.119035	-0.079815	0.000000	0.207878	-0.009486	0.119507	0.197550	0.172602	0.344337	0.053655	0.092719	0.168665	0.570691	0.222109	0.422791	0.121586	0.207450	0.182441	0.003492	0.106611
239	0.106858	-0.171715	0.000000	0.229716	-0.139675	0.034629	0.121689	0.188339	0.302418	0.054340	0.082279	0.150842	0.416896	0.227438	0.346485	0.118523	0.181097	0.192762	-0.085184	-0.014647
240	-0.165962	-0.330990	-0.258451	-0.081318	-0.228627	-0.171714	-0.121042	-0.104735	0.000000	-0.183043	-0.118493	-0.216532	0.095210	-0.078890	0.043470	-0.191967	-0.187250	-0.087371	-0.295084	-0.164639
241	-0.134475	-0.398282	-0.213071	0.002479	-0.422008	-0.125865	-0.155385	-0.148862	0.000000	-0.199505	-0.122330	-0.213794	0.029513	-0.018836	0.014239	-0.120445	-0.123291	-0.084244	-0.476367	-0.367444
242	-0.090571	-0.345204	-0.332761	-0.185411	-0.195033	-0.087916	-0.149623	-0.084957	0.047470	-0.067759	-0.040154	-0.197002	0.000000	-0.082150	0.055600	-0.168600	-0.151946	-0.032735	-0.287483	-0.141185
243	0.001213	-0.127951	-0.085384	0.030098	-0.082258	0.095943	-0.008412	-0.017035	0.000000	0.005211	0.073299	-0.043769	0.023667	0.042619	0.087406	-0.025145	-0.040801	0.039467	-0.161151	-0.037690
244	0.165644	-0.106600	-0.002999	0.090896	0.103409	0.238483	0.089902	0.099615	0.192760	0.000000	0.101180	0.006486	0.364127	0.090330	0.214405	0.007156	-0.007102	0.118755	0.044453	0.138777
245	0.069341	-0.223465	-0.065441	0.000000	-0.109051	-0.037603	0.019264	-0.008914	0.186009	-0.070856	-0.009797	-0.051008	0.199929	0.066476	0.213661	-0.011902	0.023606	0.062983	-0.139833	-0.039580
246	0.014100	-0.197563	-0.109813	0.000000	-0.081899	0.094537	0.029435	-0.045810	0.147581	-0.082611	-0.016878	-0.036320	0.255548	0.024254	0.243573	-0.086940	-0.070613	0.010844	-0.135732	-0.013104
247	-0.001096	-0.202173	-0.232460	0.051228	-0.114087	-0.080697	-0.055535	0.025450	-0.013404	-0.072085	-0.049586	-0.189908	-0.002834	-0.048158	0.078334	-0.167371	-0.103002	0.000000	-0.147026	-0.073427
248	0.085012	-0.137441	0.000000	0.187549	-0.026785	0.089040	0.147151	0.024078	0.201348	-0.007087	0.042208	0.143261	0.371248	0.157919	0.293077	0.047593	0.057743	0.035036	-0.038109	0.044565
249	-0.076467	-0.250927	-0.110533	0.000000	-0.179712	-0.139386	0.008757	-0.147403	0.068278	-0.159769	-0.099256	-0.085778	0.167142	0.004240	0.132367	-0.144619	-0.154339	-0.153265	-0.128227	-0.078136
250	-0.065813	-0.251480	-0.233415	0.000000	-0.114667	-0.218674	-0.044110	-0.028399	0.075872	-0.111092	-0.064315	-0.157904	-0.012199	-0.011400	0.156563	-0.179668	-0.142850	-0.009440	-0.111384	-0.027756
251	0.039405	-0.198558	-0.169753	0.000000	-0.116876	-0.122449	0.002140	0.020302	0.150636	-0.063334	-0.001834	-0.064045	-0.041925	0.049083	0.207112	-0.112450	-0.077920	0.077858	-0.103169	-0.017197
252	-0.024571	-0.223515	-0.152257	0.000000	-0.086683	-0.177552	-0.054849	0.103387	0.113413	0.015140	0.027749	-0.091561	-0.074357	0.023867	0.120261	-0.102895	-0.027689	0.124278	-0.102315	-0.020116
253	-0.072389	-0.252087	-0.331404	-0.104410	-0.091264	-0.196322	-0.130625	-0.022945	0.000000	-0.024621	0.026898	-0.190971	-0.299926	-0.034611	0.060635	-0.210941	-0.217489	-0.005953	-0.180586	-0.074443
254	0.074882	-0.132732	0.046555	0.162018	-0.021394	0.022244	-0.036841	0.039606	0.000000	0.042266	0.107748	0.039855	-0.300860	0.133694	0.039076	0.037443	-0.006265	0.074556	-0.063509	-0.033319
255	0.346064	0.195806	0.253948	0.275466	0.570449	0.381397	0.314595	0.467009	0.351839	0.496999	0.450898	0.363772	0.000000	0.351632	0.360019	0.350876	0.367684	0.471896	0.499272	0.472026
256	0.107079	-0.016683	0.054635	0.181234	0.163413	0.200835	0.012197	0.227151	0.000000	0.161967	0.149191	0.074949	-0.042525	0.113149	0.041995	0.056382	0.010855	0.210993	0.100258	0.140571
257	0.617094	-0.053985	1.146389	0.867063	-0.137668	0.682579	0.194027	0.165598	0.509232	0.059121	0.141145	0.633682	0.731720	0.576424	0.453902	0.403796	0.000000	0.156913	-0.095885	-0.172242
258	0.624515	0.137049	0.870527	0.702733	0.204277	0.859904	0.330127	-0.056204	0.000000	0.229307	0.343109	0.553608	1.247227	0.477394	0.015355	0.559006	0.317093	-0.087983	0.247484	0.174232
259	0.316764	-0.077276	0.768415	0.505397	-0.296021	0.698039	-0.000850	-0.246561	0.000000	-0.145796	0.033567	0.353673	0.154984	0.271037	0.162166	0.063547	-0.140956	-0.221860	-0.349445	-0.267008
260	0.999016	0.406570	1.175704	0.838829	0.527703	1.237150	0.541223	0.215088	0.223109	0.452344	0.526841	0.883336	1.691208	0.539098	0.450367	0.879657	0.662410	0.000000	0.699521	0.550079
261	0.390936	-0.006341	0.700130	0.546323	-0.229779	0.631415	-0.012612	-0.210657	0.000000	-0.094453	0.138265	0.242755	-0.024854	0.344337	0.136069	0.084221	-0.096977	-0.152740	-0.199697	-0.244062
262	0.478651	-0.351108	0.592570	0.000000	-0.418079	0.749933	0.127139	-0.624938	0.313891	-0.246087	-0.128572	0.563679	1.139986	0.190962	0.452805	0.409259	0.065434	-0.674907	-0.133568	-0.265034
263	0.156240	-0.389378	0.118359	0.000000	-0.580543	0.488366	-0.227518	-0.528473	0.032772	-0.566719	-0.375867	0.010157	-0.050541	-0.036474	0.149729	-0.051270	-0.233980	-0.318571	-0.735032	-0.632098
264	0.876114	0.391953	0.979284	0.579668	0.450360	1.077847	0.465676	0.067710	0.389108	0.458382	0.477246	0.827420	1.188029	0.480247	0.418257	0.731181	0.454473	0.000000	0.667006	0.514441
265	0.415901	0.093387	-0.054644	-0.212726	0.116483	0.925261	0.175473	0.046326	0.511303	0.193835	0.270759	0.183635	0.350799	0.000000	0.651863	0.171624	0.073479	0.029566	0.086916	0.128836
266	0.515767	-0.195230	0.501239	0.000000	-0.268613	0.908074	0.111929	-0.691175	0.393211	-0.013360	-0.012257	0.531741	1.465124	0.249580	0.369930	0.279713	-0.092138	-0.601669	-0.087770	-0.253144
267	0.596629	0.048331	0.537543	0.402643	-0.490840	1.030240	0.480989	0.000000	1.359116	0.263346	0.325280	0.762564	1.013433	0.838982	1.420399	0.606673	0.575218	0.273450	-1.490414	-0.760618
268	0.868866	0.064386	0.836206	0.000000	0.400393	1.336631	0.467507	-0.738207	0.671827	-0.081885	0.130147	1.022500	1.555081	0.414631	0.735155	0.881159	0.460219	-0.599384	0.324594	0.350388
269	0.640122	0.026027	0.687616	0.000000	0.155406	1.160757	0.415351	-0.466621	0.713501	0.009483	0.153384	0.609114	0.666832	0.217602	0.663994	0.507371	-0.112595	-0.474731	0.107839	0.143749
270	1.509892	0.971822	1.841226	1.731168	0.751333	1.995630	1.554875	0.110674	1.893454	0.000000	0.647361	1.888338	1.893297	1.660079	1.894262	1.703123	1.409982	0.571144	0.592129	0.823247
271	1.615539	1.054960	1.852443	2.138463	1.453544	1.831594	1.372295	1.481206	1.887328	1.674871	1.646539	0.000000	1.810073	1.575535	1.595113	1.086898	1.154658	1.364603	1.636546	1.753014
272	0.089309	0.038660	0.214559	0.241256	0.310563	0.182835	0.082579	0.035913	0.000000	0.245996	0.189187	0.080633	0.302362	0.086414	0.152778	-0.056438	-0.185139	-0.037124	0.381952	0.241486
273	0.158635	0.127489	0.458585	0.244937	0.363475	0.646348	0.086512	0.093660	0.138772	0.263685	0.156100	-0.070315	0.899964	-0.015694	0.057640	0.128114	0.000000	0.147390	0.363990	0.253475
274	-0.046505	-0.036744	-0.180772	-0.165146	-0.458247	0.538307	-0.256348	-0.102790	0.000000	0.083283	0.117314	0.005028	0.156945	0.086004	0.079669	0.071841	0.014203	-0.046782	-0.628425	-0.760393
275	0.992075	1.040374	1.805908	1.920985	0.876422	1.977443	1.668707	1.477925	1.736497	1.221982	1.294254	1.898558	0.000000	1.667021	2.062427	1.708490	2.190615	1.765388	1.235212	1.373574
276	1.943689	1.302363	2.484465	2.248742	0.959609	2.554916	1.927874	0.277259	2.468032	0.000000	0.864039	2.389525	1.554030	2.204401	2.504225	2.348969	1.896573	0.915993	1.210209	1.184138
277	2.705157	1.880833	2.705327	2.410871	1.151441	2.993687	2.159776	2.427338	3.235633	2.666797	2.438040	2.942863	2.937970	2.839737	3.252909	2.597369	2.507613	2.526969	0.000000	1.372351
278	0.140923	-0.053012	0.635069	-0.108038	0.294398	0.744237	0.339137	0.115356	0.203271	-0.460760	-0.415361	0.509647	2.073043	-0.277204	0.192880	0.241892	0.000000	0.373139	0.241654	0.215747
279	0.552651	0.290188	1.252545	0.765373	0.438075	1.266307	0.783246	0.161945	0.164930	-0.317387	-0.147531	1.084660	2.489947	0.419973	0.000000	0.771099	0.632438	0.387571	0.546470	0.291731
280	0.134136	0.366141	-0.167788	0.173634	0.641820	0.721798	0.168056	0.603591	0.265372	0.373303	0.553509	0.000000	0.090914	0.402552	0.487440	0.242582	0.734658	0.562959	0.793825	0.640535
281	0.298774	0.340918	1.030401	0.246827	0.560361	0.849343	0.633166	0.369719	0.556215	0.739246	0.576032	1.115350	0.000000	0.583256	0.668559	0.410694	0.649189	0.313471	0.576594	0.611996
282	-0.145245	0.069855	0.005858	-0.037247	0.224991	-0.063363	0.028683	0.700800	-0.043224	0.259328	0.156362	0.009846	1.685392	0.028425	0.190172	0.000000	0.417365	0.664130	0.216685	0.190190
283	0.668660	0.299788	0.000000	-0.031954	0.688367	0.911984	0.704992	0.988075	1.020249	0.687473	0.488045	0.687676	2.497531	0.400518	1.220349	0.429085	0.618863	1.002175	0.604357	0.671559
284	1.406082	0.560186	2.764375	2.548952	1.078256	2.375845	2.002057	0.000000	1.735200	-0.236364	0.011052	1.945072	2.574793	1.777053	1.873166	1.716725	1.274957	0.341154	1.189364	1.336674
285	1.225199	1.214193	1.131782	1.295824	1.753402	1.098959	1.435400	1.798942	1.201552	1.410580	1.479677	0.948678	1.865683	1.327527	1.208080	0.177921	0.000000	1.672659	1.871199	1.800145
286	0.502996	0.634662	0.722941	0.412840	0.608535	1.116723	0.570756	0.443646	0.168153	0.415743	0.479979	0.750660	0.526884	0.000000	0.212973	0.770708	0.647724	0.663353	0.230485	0.599142
287	0.326131	0.561518	0.267506	0.000000	0.864452	0.910834	0.670565	0.971496	0.701514	0.872199	0.812144	0.732872	1.348486	0.498238	0.879035	0.475944	0.734261	0.945086	0.635047	0.780676
288	1.567653	1.505499	0.920822	0.000000	2.224695	2.276590	2.129088	2.132063	2.491918	1.914006	1.485855	2.202150	3.171043	0.886208	2.661449	1.911595	1.909309	1.974358	2.084927	2.342046
289	2.216084	1.748326	3.729517	2.565509	0.683802	3.181378	2.085159	1.725498	2.890096	1.494773	1.526391	3.043180	3.941103	2.442576	2.517023	2.800815	2.613902	1.793214	-0.208839	0.000000
290	-0.171654	-0.001200	0.659917	0.580819	-0.224786	0.662507	-0.021226	-0.530267	-0.015177	0.059442	0.050099	0.000000	2.423512	0.304886	-0.114260	-0.271959	-0.354751	-0.109067	-0.118995	-0.260049
291	0.000000	0.033338	0.346822	0.015812	0.316593	0.806093	0.201996	0.365918	-0.103212	0.061463	0.012458	0.063562	2.916666	-0.024982	-0.115845	0.172268	0.437512	0.697848	0.154026	0.245490
292	2.279272	1.692736	2.941590	2.513603	0.000000	2.927814	2.414823	2.204193	2.952826	1.754045	1.872724	3.028200	3.520569	2.669398	2.991649	2.839215	3.001129	2.563545	0.978524	0.961507
293	2.911912	2.488994	4.013854	3.469428	0.754716	3.718412	2.252620	2.448717	3.413062	2.468879	2.585814	3.339085	4.037523	3.338705	3.064020	3.295172	3.390520	2.687160	0.716030	0.000000
294	1.536833	1.343675	2.922074	2.340777	1.402417	2.210019	0.582632	1.379043	0.000000	1.378252	1.164569	1.711107	3.125318	0.931638	-0.072417	1.663991	1.768794	1.589254	1.379689	1.334805
295	-0.105757	-0.156912	0.561529	0.129598	-0.614345	0.847760	-0.306567	-0.204061	-0.421652	-0.565253	-0.500650	0.209823	2.608565	-0.132586	-0.640838	0.000000	0.237066	0.133078	-0.611414	-1.054623
296	2.072072	1.227313	2.926360	2.173055	0.950510	2.845453	1.942132	0.000000	2.179032	0.299830	0.733918	2.379812	3.313122	1.880561	2.100776	2.445228	2.022988	0.825150	0.918147	0.964042
297	1.240026	0.658828	1.915650	2.070743	0.616206	1.363015	1.186394	1.565927	1.813260	1.598297	1.264832	0.905153	2.770589	1.679317	1.554250	0.000000	-0.666862	1.228980	0.953115	0.670500
298	0.531273	-0.074049	0.385945	0.444730	0.339504	-0.238484	0.224179	1.398700	0.607304	0.585655	0.511966	0.000000	1.885081	0.477849	0.856828	0.585620	1.194389	1.489028	0.579289	0.382823
299	1.148972	0.756059	0.000000	-0.066181	1.278225	1.523825	1.269530	1.371367	1.860082	0.736788	0.870826	1.215961	2.198089	0.842344	1.748093	1.058980	1.371899	1.508724	1.012059	1.151748
300	0.368520	0.025799	0.165348	0.148288	0.318706	0.683341	0.405481	0.658904	0.529558	0.543443	0.438339	0.350444	0.337150	0.383371	0.723568	0.257705	0.349339	0.589379	0.000000	0.391394
301	0.923856	0.695973	0.577829	0.000000	0.856052	1.140737	0.984593	1.437490	1.724151	1.066662	0.968941	1.216864	2.437789	0.916908	1.685262	0.987601	1.249006	1.439448	0.733426	0.650828
302	0.889058	0.859519	0.000000	0.560220	1.470571	1.562090	1.290659	1.728944	1.543259	1.665718	1.467448	0.658908	1.008317	1.287149	1.735681	1.078630	1.579142	1.680840	1.237142	1.343178
303	0.894356	1.291357	2.301109	2.176341	1.555451	1.926850	1.931743	2.003373	2.426902	1.894696	1.864961	2.050289	0.000000	2.045648	2.549844	1.518124	1.936673	1.842163	2.277297	1.925026
304	2.022784	1.599265	2.494267	2.319116	1.546081	2.483438	2.373236	1.429336	2.444390	0.000000	1.224805	2.431841	2.452337	2.250600	2.453896	2.447735	2.590732	2.094471	1.790693	1.891937
305	0.946372	0.930009	2.545790	2.523635	0.172971	2.189122	1.643612	1.434279	2.254022	1.345392	1.172349	2.583839	3.415066	2.122873	2.305293	1.724422	1.790037	1.508923	0.195265	0.000000
306	1.011074	0.466845	2.873418	2.593588	-0.256480	2.175447	0.933743	0.262347	1.936781	1.055253	0.932071	2.191526	2.247844	1.957387	1.826037	1.261928	0.923046	0.000000	-0.370331	-0.470276
307	0.002660	-0.695023	1.184333	0.815362	-0.638660	1.228212	0.208826	-1.135479	0.000000	-0.608360	-0.412930	0.764058	1.954218	0.448397	0.018001	0.129575	-0.027272	-1.015263	-0.537822	-0.809156
308	0.579402	0.326063	2.050042	2.054384	-0.058930	1.718437	0.000000	-0.529335	1.616624	-0.112052	0.362900	1.285642	1.467132	1.312417	1.530663	0.904221	0.532047	-0.450757	0.213679	-0.369233
309	2.563552	1.409500	2.599300	2.605896	0.000000	2.951768	2.655869	1.877078	3.155586	1.978144	1.945594	2.967972	3.161122	2.996504	3.032081	2.704593	2.553161	2.073809	1.426914	1.260969
310	0.553082	0.043786	0.673445	0.725080	0.106459	0.926192	0.129372	0.164536	-0.123955	0.463513	0.425944	0.247027	1.596087	0.403388	-0.255705	0.000000	-0.164747	0.175269	0.264963	-0.065793
311	0.600394	-0.107929	1.217262	0.854705	-0.154873	1.168046	0.543266	0.145381	1.039162	0.370358	0.279874	0.882814	1.528443	0.820588	1.016044	0.682926	0.641252	0.000000	-0.049505	-0.114513
312	0.097444	-0.361800	0.075770	0.000000	-0.053102	0.105667	-0.169130	0.147167	-0.210567	0.076498	0.008913	-0.072975	0.553453	-0.087296	-0.147830	-0.132093	-0.084992	0.145401	0.096178	0.000431
313	1.117839	0.382353	1.200789	1.183729	0.666296	0.000000	0.945653	1.207279	1.139815	0.936816	0.986243	1.016917	1.760941	1.199014	1.239436	0.998825	1.146484	1.249710	0.813814	0.814111
314	-0.122346	-0.216491	0.021421	-0.038496	-0.121832	0.060239	0.011340	-0.074896	0.045018	0.019566	0.059353	0.077147	-0.291265	0.000000	0.153009	-0.056876	0.056169	-0.009929	-0.183545	-0.023517
315	1.140556	0.318840	1.575261	1.590825	0.192669	1.525265	0.990556	0.039473	1.627061	0.000000	0.503737	1.416628	1.453037	1.438649	1.586937	1.439402	1.114829	0.389457	0.348395	0.341998
316	-0.358064	-0.835897	0.326264	0.000000	-0.580181	-0.057412	-0.813572	-0.785462	-1.316651	-0.584995	-0.649746	-0.574003	-0.142966	-0.729320	-1.334859	-0.778916	-0.759130	-0.665985	-0.388699	-0.582119
317	1.847888	1.234421	3.126281	3.064331	0.000000	2.610877	2.482947	1.182703	3.157861	1.196646	1.267029	3.091523	2.920045	2.966686	3.007273	2.610043	2.390060	1.359553	0.999087	0.920475
318	1.376014	1.013180	1.953620	1.759458	1.332759	1.959741	0.910152	0.843977	0.236976	1.113976	1.069073	1.232990	2.953416	0.975903	0.000000	1.050102	1.006949	1.081010	1.286250	1.171348
319	0.000000	0.253252	2.629730	2.405866	0.416431	0.443179	2.148615	0.480437	2.593117	0.754473	0.788312	2.505842	2.816736	2.325437	2.472283	1.420778	1.336702	0.113483	1.011139	0.839299
320	1.949581	1.481210	3.605763	3.475126	1.649661	3.369439	3.068057	0.000000	3.424085	0.656840	1.262996	3.569767	3.756901	3.121014	3.409192	3.058944	2.473674	0.776410	1.892776	2.091545
321	2.571588	1.598795	4.522874	4.239428	0.886564	3.669242	3.758593	1.022731	4.058208	0.000000	0.948315	4.220597	4.422845	3.924029	3.948105	3.643430	2.891877	1.377145	2.406326	2.329611
322	2.533816	2.004240	3.886377	3.800459	0.000000	3.426689	2.772851	2.438180	3.539009	2.041491	1.813212	3.587317	4.033529	3.385362	3.429312	3.325772	3.329119	2.678984	1.069873	0.669899
323	0.949410	1.107730	2.675134	2.704033	0.321214	2.213118	2.224275	0.000000	2.719026	0.486037	1.029397	2.663079	2.955955	2.529981	2.779380	2.100037	1.479005	0.134777	1.023530	1.180237
324	1.731181	1.691588	1.994504	2.216107	2.132211	2.010239	2.024570	2.604256	2.364191	2.428773	2.210752	2.061457	0.000000	2.198549	2.310529	1.890360	2.446535	2.724487	2.122701	2.117598
325	0.142580	0.521318	0.810162	0.343342	0.552188	0.524436	0.311588	0.470168	0.000000	0.107945	0.199678	0.540160	0.651291	-0.015121	0.212528	0.275152	0.432493	0.485911	0.428604	0.415796
326	0.380146	-0.128559	0.363687	0.254844	-0.129938	0.815953	-0.105798	0.392954	0.206102	0.447492	0.307961	0.072376	2.192557	0.207044	0.000000	0.042905	-0.025623	0.441461	-0.136556	-0.297234
327	0.000000	0.526538	1.224278	0.586891	1.003129	0.957925	1.254660	0.695937	1.153016	0.551512	0.587359	1.327097	0.394270	0.714546	1.271993	0.507567	0.730499	0.592534	1.259486	1.279221
328	0.769356	1.122672	0.668716	0.881378	1.512020	1.202484	0.992111	1.687571	1.097578	1.428252	1.383788	0.935809	0.000000	0.994199	1.052443	0.797839	1.240686	1.795446	1.457500	1.427912
329	-0.142289	-0.034786	-0.017823	-0.131020	0.000000	0.484659	0.242079	0.187628	0.038861	0.207348	0.236253	0.294334	0.068075	0.188035	0.228167	0.027826	0.271008	0.167807	0.135313	0.189018
330	1.372545	0.320158	0.000000	1.025918	0.436703	0.889385	0.769253	1.598529	1.568670	1.114910	1.132056	0.422702	2.210268	1.351665	1.655313	0.983054	0.988971	1.692858	0.193225	0.311304
331	0.467024	0.723655	0.946544	0.398237	0.757335	1.335309	1.097382	0.551441	1.455288	0.000000	0.304440	1.211493	1.700797	0.492225	1.560853	0.941240	0.952761	0.826486	0.497575	0.980607
332	1.930449	0.966813	1.394420	1.520776	0.000000	1.935970	1.441370	1.706300	2.345663	1.154716	1.234895	1.574047	2.362313	1.746367	2.301601	1.813753	1.729576	2.057398	0.390444	0.378857
333	0.276508	-0.166194	-0.617988	0.000000	0.077897	0.761463	0.110114	0.437830	0.505046	0.198621	0.274515	-0.310092	1.291759	0.263291	0.586515	0.022920	0.482808	0.630079	0.111939	0.176177
334	0.074298	0.070049	0.316665	0.260870	0.235238	0.287549	0.023497	0.215630	-0.107308	0.117882	0.123025	0.174996	-0.262294	0.095512	0.028902	0.000000	0.178416	0.270545	0.245475	0.273970
335	-0.150445	-0.493398	-0.175804	-0.071534	-0.364257	-0.363724	-0.313440	0.216472	0.000000	-0.124875	-0.141533	-0.438417	0.852075	-0.154251	0.042672	-0.530108	-0.597258	0.269616	-0.759861	-0.437538
336	0.530703	0.612460	1.726136	1.361459	0.962458	1.292411	0.723037	0.566457	0.000000	0.475231	0.522247	0.833884	1.986485	0.570421	0.094409	0.620593	0.579589	0.525250	1.039154	0.966972
337	0.197955	0.276869	0.953251	0.750410	0.501482	0.777479	0.420180	0.387652	0.000000	0.278136	0.262038	0.619068	0.323707	0.332021	0.182637	0.340958	0.350001	0.286671	0.618560	0.574225
338	0.466648	0.318122	0.769280	1.074965	0.449328	0.608847	0.126285	0.649872	0.000000	0.514641	0.444088	0.102412	0.500342	0.366481	-0.109336	0.429725	0.569961	0.671830	0.452761	0.435147
339	0.385039	-0.011979	0.395018	0.868427	0.513162	0.221827	0.375367	0.637223	0.401586	0.591912	0.496196	0.000000	1.203529	0.526763	0.437402	0.032425	-0.098662	0.476666	0.662857	0.572803
340	0.520683	0.592260	0.919010	0.777225	0.734212	-0.212275	0.544185	1.459598	0.919647	1.241674	0.879922	0.000000	1.692314	0.557580	0.743861	0.255541	0.632136	1.306557	0.679756	0.629157
341	2.286694	1.344243	2.883574	2.852775	1.418561	2.598459	2.505100	0.000000	2.771986	1.047256	1.543108	2.759296	2.730300	2.706007	2.764102	2.670887	2.301331	0.525685	1.752168	1.916213
342	0.613872	1.010566	2.089346	1.500174	1.077899	1.237967	0.584393	1.041762	0.000000	1.146442	0.812779	1.342527	1.758194	0.567545	-0.033718	0.509216	0.846922	1.072333	0.919533	0.958041
343	2.587054	1.192369	3.823503	3.577164	0.408298	3.422157	2.969972	0.195990	3.495476	0.000000	0.792038	3.621941	3.496640	3.249676	3.433393	3.248307	2.262334	0.349090	1.500599	1.596868
344	2.837650	1.732888	3.552792	3.325203	-0.000232	3.017801	2.062647	2.338723	3.252662	1.643570	1.747686	3.227367	3.115414	3.070664	2.879436	3.099466	2.915531	2.589905	1.572727	0.000000
345	0.583626	0.121646	1.648395	1.440398	0.266041	1.734860	0.010435	0.519307	1.610670	0.772326	0.908932	0.982151	2.387465	1.241712	1.469157	0.554493	0.940592	0.000000	0.609111	0.083978
346	0.886995	0.316471	1.366853	1.410851	0.726762	0.877566	0.506058	1.095723	0.115162	0.432723	0.422089	0.299868	2.842626	0.308567	0.000000	0.961905	1.420783	1.239937	1.103690	0.839251
347	0.136699	-0.025276	0.422757	0.557767	0.676389	-0.634410	0.121060	1.121577	0.158464	0.307549	0.193284	-0.517280	1.543280	-0.042570	0.000000	-0.233505	0.305354	1.118266	0.851349	0.696415
348	1.147612	0.469142	1.181179	0.433114	0.402139	1.497269	0.914383	-0.367286	1.355313	-0.043318	0.126049	1.142409	2.862873	0.694893	1.168352	1.008568	0.745580	0.000000	0.657991	0.561128
349	2.215401	1.612021	3.226248	2.917695	0.000000	3.007127	1.597414	1.719709	2.144260	1.305368	1.696020	2.582720	2.385886	2.602045	2.024142	2.677751	2.640555	2.155499	1.000102	0.055776
350	1.819422	1.198409	2.777684	2.596662	1.431357	2.731625	2.338449	0.000000	2.555386	0.789412	1.292671	2.651429	2.773173	2.491609	2.489631	2.388494	1.876698	0.314809	1.844568	1.787143
351	1.347415	0.730518	1.304045	1.804297	1.052230	1.312571	1.346355	1.577056	1.393635	1.362067	1.195089	0.858525	2.450193	1.378289	1.178407	0.515786	0.000000	1.452223	1.317495	1.528032
352	0.617125	0.626385	0.000000	0.263030	1.343259	0.940053	1.137875	1.489453	1.398571	1.497874	1.143880	0.939555	0.781946	0.883509	1.505428	0.511891	0.836536	1.245619	1.078654	1.309114
353	0.438221	0.074657	-0.244218	0.000000	0.334952	0.440023	0.264029	0.775984	0.865783	0.551440	0.437509	-0.022925	1.874395	0.345085	0.916252	0.314380	0.554106	0.843436	0.295078	0.198843
354	0.000000	-0.114130	0.967009	1.032006	-0.256805	0.609442	0.502543	0.385529	0.830308	0.210246	0.139957	0.379461	0.780973	0.698102	0.698337	0.449897	0.501403	0.351607	-0.045763	0.047306
355	0.064024	0.033852	0.108510	0.000000	0.259460	0.215936	0.092927	0.174189	0.084323	0.460168	0.339059	0.203832	0.498882	0.177898	0.097170	-0.053377	-0.035477	0.114105	0.173630	0.100983
356	0.311920	0.261702	0.000000	0.046950	0.360893	0.276051	0.451369	0.665459	0.685602	0.316239	0.316753	0.414892	1.063034	0.340173	0.891110	0.471257	0.606818	0.806929	0.127633	0.395248
357	1.591594	1.118225	2.140204	2.120197	0.930007	2.077958	2.062435	0.608736	2.175854	0.000000	0.934942	2.210641	2.224599	2.077873	2.208750	2.009358	1.795269	0.988307	1.413462	1.520305
358	0.949376	0.508980	2.414266	2.107951	0.546640	1.889601	1.498165	0.000000	1.382706	-0.112570	0.372989	1.991115	2.332329	1.574481	1.499593	1.541686	1.207984	0.368754	0.907366	0.868588
359	2.042171	1.291947	2.143799	2.249571	1.492197	2.243609	1.956720	2.216072	2.302617	2.100859	2.055440	2.178550	0.000000	2.338615	2.414359	2.132392	2.394389	2.337538	1.569960	1.539135
360	0.187998	-0.063264	0.002899	0.000000	-0.206924	0.499601	-0.065284	0.445002	-0.120325	0.302534	0.332537	0.106820	0.172192	0.213747	-0.062300	0.151797	0.302630	0.587110	-0.262408	-0.195903
361	2.630770	2.068518	3.230295	2.982276	1.309632	3.119486	2.302612	2.893134	3.432396	2.968676	2.677974	3.021729	2.925485	3.182979	3.258734	2.846110	2.981667	2.848996	0.000000	1.139535
362	0.645488	0.539790	2.812399	2.512619	0.511873	1.148347	2.229820	1.347960	2.413178	0.000000	0.346217	2.609261	2.896470	2.021550	2.651755	2.086698	2.532580	1.596072	1.125157	1.211711
363	0.525321	0.182716	0.831791	0.876652	0.255857	0.455951	0.451281	0.622236	0.038191	0.697826	0.521637	0.162484	1.917097	0.464362	-0.087880	0.000000	0.248251	0.686411	0.453932	0.376557
364	0.316991	0.540449	1.174911	1.162427	0.000000	0.766536	1.048524	1.356714	1.767988	1.247327	1.105045	1.356095	0.653810	1.387327	1.926648	1.138049	1.372865	1.365117	0.298060	0.442676
365	1.747600	0.982955	3.451462	3.295233	1.570211	3.152266	3.229506	0.500968	3.397496	0.592435	1.199966	3.477115	3.207592	3.155881	3.400014	2.878455	1.976477	0.000000	2.257838	2.270802
366	1.300482	0.814190	2.493708	1.708631	0.860313	2.065316	0.829458	0.613802	0.000000	0.829089	0.665259	1.524392	3.148223	0.737700	0.135474	1.158424	0.867783	0.546008	0.775472	0.813420
367	2.345150	1.964798	3.150434	3.035456	1.785192	0.000000	2.868611	2.000038	3.066364	2.112007	2.201281	3.056370	3.142768	2.991179	3.151524	2.880702	2.728791	2.043499	1.913951	2.136328
368	1.964158	1.123651	3.001281	2.409668	1.189760	2.987529	2.364917	-0.071616	3.167445	0.624153	0.909029	2.997747	3.089451	2.503213	3.106618	2.471814	1.739075	0.000000	1.349768	1.390662
369	1.988386	1.214036	2.701205	2.609767	1.284279	2.567585	2.433539	-0.149074	2.518134	0.778664	1.207983	2.623175	2.494680	2.505544	2.470937	2.451342	2.032471	0.000000	1.659172	1.881032
370	2.064201	1.236715	0.000000	1.403682	1.547082	2.342320	1.539933	1.980848	2.500497	1.988747	1.729661	0.918698	2.979512	1.976158	2.328731	1.944860	2.321021	2.190477	1.327667	1.502204
371	-0.452780	-0.429158	1.052659	1.266924	0.068208	-0.158809	1.038001	0.083490	1.284163	0.089950	-0.003680	0.994547	1.275463	1.078550	1.241167	0.000000	-0.047547	-0.267649	0.572041	0.629498
372	0.315050	0.324156	0.125363	0.000000	0.296521	0.809826	0.314387	0.257341	0.247780	-0.040396	0.094773	0.332973	0.892213	0.139878	0.336793	0.265668	0.317836	0.445569	0.250567	0.300050
373	0.229961	-0.121070	0.000000	0.473988	0.084668	0.070573	0.145378	0.617146	0.081399	0.314042	0.272290	-0.097461	1.532618	0.238337	0.149180	0.056584	0.201225	0.577569	0.283930	0.260756
374	1.435925	0.901261	2.175434	2.223881	0.386342	1.964172	1.894954	0.583364	2.183360	0.000000	0.692244	2.279690	2.200897	2.122940	2.149129	1.894240	1.642156	0.940468	0.826262	0.975908
375	0.492984	0.137242	0.634890	0.472183	0.289652	0.784396	0.535331	0.292953	0.457711	0.241004	0.311999	0.652807	0.000000	0.499150	0.510352	0.526013	0.534474	0.414589	0.342016	0.378539
376	1.302648	0.641746	1.732701	1.620625	1.157149	1.632832	1.929736	0.598169	1.968321	0.000000	0.691216	1.864267	1.711363	1.773732	1.939389	1.485403	1.084261	0.585101	1.274323	1.426444
377	0.044466	-0.509643	0.020798	0.225474	-0.041154	0.241915	0.014628	-0.030806	0.067657	-0.240473	-0.241720	0.000000	1.260936	0.151388	0.078152	-0.208164	-0.170033	0.194082	0.010599	0.047548
378	0.626915	0.170030	1.132908	1.109829	0.279546	1.236717	0.916639	0.056379	1.049991	0.000000	0.277403	1.088953	0.828337	0.988344	1.056448	0.861541	0.802253	0.329020	0.137609	0.373056
379	0.477903	0.570750	0.671860	1.114790	1.288463	0.555251	0.865453	1.372581	1.033894	1.290623	1.049797	0.305992	1.265213	0.949568	0.921530	0.000000	0.497511	1.301724	1.352885	1.484134
380	0.517374	-0.541757	1.230400	0.511539	-0.295449	-0.011341	0.189165	0.192066	0.415148	-0.267711	-0.395889	0.390456	0.808148	0.182420	0.000000	0.710424	0.641249	0.420441	-0.269022	-0.348985
381	0.305770	0.072382	0.197784	0.000000	0.331057	0.607154	0.544464	0.222440	0.930098	0.217304	-0.036601	0.372746	1.883390	0.225491	0.670655	0.132677	0.129949	0.304969	0.572173	0.280911
382	0.290893	-0.024813	0.525710	0.374697	-0.138372	0.448864	-0.041412	0.419444	0.074664	0.316450	0.000000	0.281778	1.930504	0.181553	-0.001790	0.157449	0.263975	0.442047	0.041504	-0.144611
383	0.947890	0.237056	1.146483	1.364462	0.115656	1.276646	0.973176	-0.092797	1.462062	0.000000	0.424342	1.138422	0.845742	1.286180	1.422326	0.982848	0.747095	0.021460	0.326207	0.388731
384	-0.038330	-0.264481	0.186044	0.000609	0.116966	0.503247	0.276476	-0.283769	0.325791	-0.150582	-0.185647	0.259305	0.953981	0.000000	0.296765	0.065809	0.002461	-0.211170	-0.041927	0.064041
385	0.004623	-0.398747	-0.582981	-0.026747	-0.256503	0.341490	-0.119597	0.028845	0.350541	0.032040	-0.059267	-0.446827	1.078189	0.000000	0.305509	-0.301592	-0.021579	0.098590	-0.293986	-0.198234
386	0.002875	-0.002848	-0.162031	0.118591	0.233104	-0.101298	-0.004116	0.464483	0.198145	0.335677	0.210297	0.000000	0.077220	0.172709	0.268653	-0.158440	0.045016	0.497749	0.248300	0.336568
387	-0.317686	-0.440822	-0.334256	-0.309266	-0.455100	-0.234761	-0.296117	-0.052090	0.000000	-0.179183	-0.171029	-0.162156	0.288070	-0.088256	0.031954	-0.243015	-0.188120	0.035824	-0.684742	-0.428007
388	0.688665	0.337351	0.886887	0.947554	0.215924	1.833108	0.850646	0.000000	1.203532	0.120693	0.294427	1.224880	2.157094	0.840696	1.236885	1.178527	0.936853	0.339951	-0.177202	0.090269
389	0.917320	0.597363	2.266590	1.929811	0.103517	1.839555	1.518983	0.078540	1.505897	0.103795	0.000000	1.993377	2.060551	1.603879	1.562330	1.313136	1.098801	0.424607	0.111644	0.422303
390	-0.120238	0.011213	0.085049	-0.063432	0.073119	0.142408	0.094400	0.256453	0.000000	0.044621	0.020682	0.206405	1.719258	0.017582	0.063714	0.069984	0.252935	0.331672	0.040625	0.027366
391	0.021914	-0.085990	0.316739	0.003722	-0.237268	0.831922	0.207411	-0.141679	0.243955	-0.263524	-0.213123	0.497979	1.822030	0.074815	0.271399	0.307836	0.283790	0.000000	-0.279766	-0.160445
392	1.788251	1.339230	2.935721	2.821599	0.638932	2.666142	2.479770	0.000000	2.970179	0.153632	0.544163	2.965852	2.894108	2.616783	2.941229	2.672355	2.330952	0.911782	1.368636	1.316523
393	0.945054	1.326216	2.836726	1.785674	1.214031	1.858403	1.462020	1.275359	0.779937	1.343621	0.924363	1.690806	3.163971	0.808412	0.000000	1.172025	1.478889	1.372768	1.506761	1.400236
394	-0.064120	-0.085923	-0.315430	-0.112095	0.150481	0.345304	0.085950	0.315454	0.000000	0.175569	0.108706	-0.021278	2.330581	-0.022107	0.039084	0.047056	0.236035	0.481476	0.097509	0.124924
395	-0.470195	-0.652169	0.327179	-0.637590	-0.831463	0.663580	-0.553792	-0.855502	0.145187	-0.766523	-0.653039	0.000000	1.896745	-0.298841	0.128428	0.019285	-0.022685	-0.680267	-0.839377	-0.958623
396	2.256223	1.758718	3.627130	3.471043	0.738465	3.190932	3.002988	0.000000	3.503723	0.196826	0.943305	3.216324	3.523402	3.223907	3.464467	2.958367	2.467376	1.168705	1.941965	2.053851
397	0.735453	0.930574	2.188099	1.538166	1.603442	1.751556	1.811228	0.368274	1.646043	0.922731	0.908738	1.897153	2.962627	1.250468	1.728030	0.926286	0.436270	0.000000	1.615323	1.608934
398	-0.056697	0.150378	-0.010301	0.022702	0.214547	0.299857	0.224928	0.376196	0.000000	0.094813	0.094376	0.082749	2.301098	0.023769	0.140189	0.053252	0.264610	0.557772	0.209707	0.272929
399	-0.449934	-0.056437	1.242439	-0.057519	-0.299102	0.527772	-0.074656	-0.147312	0.000000	-0.031428	-0.219117	0.366469	2.597670	-0.245178	0.164072	0.108354	0.300313	-0.159775	-0.048428	-0.219161
400	1.820770	1.372122	3.809754	3.512141	0.944974	3.322628	3.120063	0.266681	3.661823	0.000000	0.649259	3.551191	3.862178	3.137353	3.540885	2.735477	1.867157	0.745583	1.578769	1.864435
401	1.537248	0.929514	2.726138	2.405115	0.695733	2.209409	1.923361	0.000000	1.903733	-0.451254	0.353259	2.259392	3.084026	1.890594	2.010217	2.017860	1.787845	0.831610	0.989862	1.078619
402	0.787214	0.801168	0.249700	0.000000	1.147511	1.274789	1.152247	1.122109	1.372487	1.012098	0.895377	1.070343	2.723115	0.812616	1.473703	0.892266	1.102989	1.245653	1.062934	1.199506
403	0.000000	0.341441	1.892445	1.871434	0.592694	1.268313	1.707072	0.456130	1.844421	0.192171	0.242261	2.078610	3.006714	1.600277	2.170208	0.980459	1.184610	0.466622	0.522522	0.810244
404	1.952931	1.618633	3.771072	3.655213	0.000000	3.172006	3.202810	1.035689	3.715169	0.493690	0.502841	3.556257	3.741442	3.304281	3.805302	3.064767	2.884230	1.849653	1.570622	1.794010
405	0.366601	0.170579	0.271002	0.067745	-0.413373	0.558132	0.125498	0.027538	0.449600	-0.151086	-0.105263	0.000000	2.785202	0.216360	0.423013	0.294749	0.328380	0.348268	0.081799	-0.277074
406	0.646052	0.665202	0.429084	0.000000	0.861836	1.196852	0.813482	0.780949	0.845406	0.775796	0.753825	0.858827	2.683474	0.562845	1.001436	0.631704	0.788231	0.931410	0.813001	0.867390
407	2.264892	1.688197	3.038645	2.978038	1.611828	3.034261	2.756245	0.000000	2.812372	0.408234	1.117890	2.890704	3.148525	2.723190	2.839142	2.882058	2.418037	0.851413	2.036330	2.147754
408	0.000000	0.806159	1.206811	1.052076	0.969643	0.972190	1.005178	0.949040	0.678849	1.073439	0.585178	0.928163	2.617203	0.661592	0.887995	0.107757	1.209743	1.180601	0.987052	0.906878
409	-0.115909	0.159353	0.394990	0.000000	0.300998	0.222392	0.195365	0.220058	-0.182878	-0.115968	-0.175987	0.201381	2.162770	-0.176817	0.080986	0.037750	0.191826	0.264593	0.565793	0.405873
410	1.147830	0.387011	0.000000	0.892601	0.586010	1.293395	0.515930	0.781017	0.818955	0.930410	0.892465	-0.061078	2.529513	0.789388	0.939053	0.474238	0.687112	0.857657	0.799162	0.617475
411	-0.022422	0.281511	0.248992	0.207328	0.222390	0.443306	0.021721	0.257223	-0.220873	0.248567	0.298690	0.241334	-0.291209	0.164941	-0.016320	0.000000	0.223678	0.276472	0.303775	0.235316
412	0.076964	0.130848	0.156044	0.000000	0.199514	0.411564	0.247771	-0.047967	0.049002	0.039783	0.193862	0.248952	1.007612	0.171820	0.258989	0.217797	0.208135	0.009667	0.249103	0.227612
413	-0.143380	-0.197896	0.341971	0.518736	-0.022337	0.695432	0.161824	-0.212166	-0.169898	-0.952527	-0.392043	0.056190	1.356997	0.000000	0.197052	0.006936	0.195502	0.195582	0.107077	0.055960
414	1.986188	1.354720	1.832808	2.083871	0.000000	2.344183	1.859214	1.351455	2.530692	1.586459	1.550742	1.880871	2.913359	2.304732	2.474779	2.027516	2.275558	1.882270	0.023787	0.024026
415	-0.094064	0.134701	0.198251	0.000000	0.208937	0.400885	0.131929	0.329531	-0.176726	0.077227	0.054814	0.134724	2.632112	-0.004674	-0.124121	0.040346	0.315249	0.617008	0.229858	0.155838
416	0.043917	0.184049	0.425045	-0.067975	0.351529	0.801594	0.473908	-0.411032	0.000000	-0.170340	-0.176961	0.408609	1.812613	-0.175548	0.128150	0.263754	0.039413	-0.242907	0.391892	0.425990
417	1.706311	1.214924	3.245363	3.467657	0.000000	3.061587	3.109021	1.698172	3.459163	0.786924	1.459981	3.356939	3.644814	3.352530	3.502876	3.041466	2.613420	1.564865	2.123273	2.035810
418	1.537101	1.023587	2.160514	1.966243	0.283102	2.197992	1.242141	0.316080	1.712484	0.256464	0.769644	1.757386	3.142151	1.565777	1.667840	1.391006	1.428136	0.980737	-0.116979	0.000000
419	0.103074	0.182807	0.490628	0.394648	0.268542	0.581033	0.016074	0.414276	-0.225067	0.120445	0.113913	-0.005335	2.760525	0.063701	-0.214442	0.000000	0.291166	0.675151	0.379526	0.349691
420	0.000000	1.339399	2.021419	0.544097	1.684992	1.456202	1.541428	1.631843	1.689651	1.514351	1.082568	1.398777	2.950405	0.714764	1.831317	0.956437	1.960372	1.582409	1.489518	1.687927
421	2.002470	1.398382	3.042745	2.964469	0.000000	2.645322	1.063236	1.920991	3.046667	1.802914	1.923980	2.427805	3.543828	2.625308	2.835077	2.469046	2.652608	1.873914	0.309962	-0.266557
422	0.140357	0.841021	1.355644	1.337616	1.080876	0.530714	0.735610	1.451313	0.467418	1.594047	0.970144	0.834557	2.429499	0.653386	0.342065	0.000000	1.220390	1.556597	0.830971	0.820252
423	0.430750	0.401987	0.734688	0.896809	0.391415	0.725420	0.314076	0.464102	0.000000	0.483371	0.532753	0.532776	0.973649	0.362595	0.047879	0.643491	0.484933	0.594895	0.528161	0.290062
424	-0.186760	-0.068106	1.123407	0.403067	-0.284113	0.559448	0.055413	0.126087	0.509578	-0.232783	-0.246745	0.000000	1.058525	-0.470838	0.334117	0.042944	0.208519	0.187048	-0.162979	-0.071082
425	2.237254	1.649309	3.113355	2.978101	1.241054	2.759978	2.685966	0.000000	2.767666	0.793954	1.341956	2.950751	3.032793	2.716498	2.784558	2.800487	2.412533	0.699468	1.712003	1.969467
426	1.293210	1.153465	2.915236	2.159635	1.058120	2.298393	1.493272	0.830203	0.000000	0.089492	0.376173	2.021251	3.138745	0.677629	0.348074	1.751243	1.764691	1.096858	1.081103	1.222086
427	1.193131	0.740111	2.079347	1.645189	0.308234	1.944296	1.056616	0.516607	0.962732	0.000000	0.191523	1.659906	2.978956	0.968040	0.779768	1.520242	1.368877	1.005951	-0.022432	0.289104
428	0.264725	1.649044	2.526444	2.319321	1.507231	0.000000	2.192199	1.979349	2.172513	1.719372	1.691630	2.327424	2.696881	2.153642	2.256252	1.905248	2.449180	2.126925	1.421000	1.803191
429	1.860709	1.283669	2.866907	2.674463	0.901536	2.700331	2.421458	-0.089325	2.658809	0.246476	0.945752	2.764177	2.835728	2.564639	2.622946	2.677042	2.217325	0.000000	1.547667	1.511634
430	0.080342	0.086984	1.592310	1.059744	-0.312399	1.252164	0.000000	-0.109913	0.379607	-0.211769	-0.081040	1.001015	2.094388	0.463969	0.290107	0.419359	0.631285	0.138866	-0.140092	-0.477588
431	0.049529	-0.306450	0.248599	0.000000	-0.489832	0.585183	-0.268270	-0.141393	-0.020094	-0.420067	-0.335430	-0.062201	1.824331	-0.123121	0.098078	0.064153	0.079093	0.127680	-0.452390	-0.516683
432	1.222728	1.056376	0.000000	0.663144	1.618154	1.972842	1.529853	1.531756	2.010545	1.335816	1.095446	1.035901	2.424665	0.948335	2.140371	1.528775	1.774349	1.558649	1.558452	1.714541
433	-0.174738	-0.084086	0.098557	-0.078230	-0.021182	0.113684	-0.215356	0.130430	-0.217973	0.068909	0.028582	0.132840	0.196820	-0.088166	-0.120162	-0.083810	0.000000	0.146791	-0.019487	-0.044660
434	0.060808	0.205193	0.107160	-0.181456	0.343866	0.551344	0.339817	0.246476	0.218054	0.313006	0.274557	0.399540	1.032121	0.000000	0.360678	0.311336	0.299748	0.223756	0.490702	0.417411
435	0.793556	0.202703	1.111914	0.791945	-0.437468	1.298807	-0.198761	0.694490	1.481023	0.569303	0.559173	0.000000	2.278201	0.871371	1.288132	0.562747	0.618640	0.714376	-0.530217	-0.899845
436	0.852752	1.189521	2.594531	1.952813	0.749080	1.639006	1.000098	0.817184	0.381982	0.961529	0.765974	1.550000	2.426590	0.977269	0.000000	1.184088	1.430845	0.948069	0.486895	0.562048
437	0.000000	0.286491	0.082488	0.010149	0.363985	0.354557	0.236190	0.178340	0.198710	0.022283	0.033695	0.304133	0.780482	0.030919	0.386061	0.229869	0.281478	0.309210	0.362079	0.315446
438	0.000000	0.349286	0.243810	-0.155307	0.535360	0.785354	0.414363	0.370708	0.260715	0.302126	0.245064	0.413137	1.420295	-0.022027	0.321519	0.353306	0.386612	0.404231	0.379404	0.603138
439	1.986180	1.396153	3.114816	2.811604	-0.105580	2.743841	2.278287	0.640448	2.981349	0.000000	0.717772	2.960275	3.140402	2.517127	2.870528	2.572671	2.300267	1.148068	-0.255642	0.228438
440	0.000000	0.842694	2.666549	2.006528	1.231404	1.765271	1.951617	0.443172	1.607435	0.384551	0.437004	2.295329	3.354982	1.302743	1.928108	0.828022	1.107814	0.486091	1.194517	1.344560
441	0.759976	0.980470	1.396902	0.964237	1.045085	0.821724	0.699614	0.789006	0.000000	0.629897	0.687919	0.934614	1.737844	0.517064	0.251023	0.746253	0.629801	0.700781	1.160428	0.907701
442	2.214893	1.778450	3.054985	2.858895	0.959795	2.832132	2.239147	1.299304	2.517704	0.000000	1.050056	2.694479	3.353180	2.408102	2.456927	2.528440	2.316937	1.836779	1.580350	1.399982
443	2.196966	1.656828	3.277590	3.033937	0.963391	2.368917	2.638060	1.000910	3.018584	0.000000	0.942826	2.983266	3.371292	2.777886	3.113896	2.807675	2.593638	1.602018	1.624418	1.702192
444	2.406686	1.638411	3.912424	3.469785	1.756986	2.943770	1.621951	2.118158	0.966615	1.676983	1.743591	2.287535	3.830786	2.166052	0.000000	2.427144	2.017833	1.969224	1.872218	1.485034
445	1.060536	0.926731	2.551213	2.486245	-0.346805	1.745916	1.490200	1.235444	2.197406	0.967747	0.950945	1.998736	2.403518	1.991285	2.137054	1.424224	1.334389	1.199218	0.963185	0.000000
446	-0.342517	0.167694	1.605631	1.239351	-0.199462	0.198671	-0.490252	0.801733	-0.527539	0.728822	0.298981	0.000000	-0.065761	0.218274	-1.095671	-0.061518	0.523660	0.629857	0.134941	-0.226133
447	1.328039	1.278610	2.159366	2.474159	2.122338	1.094372	1.907519	2.066424	2.229078	2.014847	1.877694	1.404480	2.575428	2.156607	2.230471	0.000000	0.337904	2.009752	1.888512	1.931531
448	0.897970	0.597386	1.487796	1.594451	1.211608	1.019297	1.198615	1.282890	1.388438	0.862441	1.079309	0.622599	1.626437	1.250045	1.241506	-0.262734	0.000000	1.155019	1.188135	1.171218
449	0.053375	-0.044188	0.466787	0.441906	-0.503938	0.193604	-0.301033	0.502608	0.000000	-0.023662	-0.109443	0.256002	2.047564	-0.032656	0.148518	-0.170662	0.122507	0.670982	-0.575883	-0.364117
450	0.503565	0.433054	0.612216	0.959980	0.338619	0.760412	-0.053247	1.435499	0.477766	1.193739	0.823191	-0.055570	2.364066	0.595876	0.417369	0.000000	0.274118	1.315179	0.566174	0.207693
451	0.014369	0.192249	0.815245	0.499934	-0.253148	0.185289	-0.137420	-0.072046	-0.656842	-0.313835	-0.295856	0.198601	-0.639101	-0.076693	-0.615610	0.005005	0.067118	0.000000	-0.115057	-0.180010
452	0.084041	-0.361180	0.000000	0.194824	-0.219275	-0.237146	-0.304368	0.369018	-0.281563	-0.160240	-0.120751	-0.337654	1.432695	-0.075148	-0.195270	-0.175467	-0.195844	0.391428	-0.005887	-0.221113
453	-0.060814	-0.395459	0.386580	0.000000	-0.201183	0.191909	-0.392722	-0.200877	-0.692694	-0.019688	-0.268268	-0.005246	1.619652	-0.330423	-0.717996	-0.293177	-0.460282	-0.320828	0.001996	-0.219509
454	0.854992	0.439371	1.893283	1.815569	0.411412	1.412141	0.730252	0.709787	0.201271	0.000000	0.350126	1.033256	0.671139	0.933333	0.385295	0.775952	0.837241	0.744168	0.504539	0.339222
455	0.222137	-0.396649	1.289533	0.557813	0.343794	0.879616	0.734902	-1.332002	0.215721	-0.482361	-0.689483	1.047710	1.588091	0.148064	0.330137	0.449976	0.000000	-1.294036	0.533348	0.457247
456	1.058432	1.228583	1.336177	1.786787	0.811514	0.335333	1.106786	1.767393	1.287837	1.468254	1.371448	1.067692	1.408418	1.516124	1.093506	0.000000	0.205151	1.739282	1.180994	0.963388
457	2.494803	1.790944	2.841549	2.933438	1.325864	2.799830	2.824500	1.236712	2.928881	0.000000	1.135190	2.871345	2.979550	2.799117	3.040134	2.859131	2.703246	1.839097	2.030654	2.196534
458	-0.022562	0.461426	0.324121	0.073982	0.110256	0.367070	0.050133	0.231599	0.010809	0.277661	0.198232	0.440240	0.764043	0.031004	0.058247	-0.060465	0.000000	0.182496	0.072887	-0.042052
459	0.246971	0.421926	0.000000	-0.196916	0.420370	0.914788	0.529793	0.683567	0.630008	0.542543	0.329736	0.660983	3.184168	0.203245	0.821556	0.505320	0.651465	0.767022	0.033139	0.282381
460	1.389415	0.949057	3.563675	3.263401	-0.083870	2.972375	2.091463	0.691521	2.908197	0.488512	0.820137	3.185045	3.573730	2.762713	2.700544	2.529793	1.609885	0.608178	0.762671	0.000000
461	1.152310	0.967102	2.592225	2.501056	0.912365	2.477038	1.995943	0.155969	2.135456	0.322555	0.841548	2.432319	3.141391	2.180905	2.282133	1.679821	1.487783	0.000000	1.311607	1.075672
462	-0.348377	-0.089725	0.136101	-0.026677	0.016476	0.275111	-0.102752	0.038409	-0.337737	-0.262545	-0.256075	-0.347667	2.407975	-0.157496	-0.281160	-0.320179	0.000000	0.206680	0.101993	-0.051178
463	0.571215	0.477978	0.833522	0.896046	0.948876	0.743386	0.583065	0.587103	0.372208	0.817956	0.514620	0.305093	2.521531	0.537750	0.000000	0.330982	0.513118	0.790586	0.759742	0.856027
464	1.130560	0.808894	1.791869	1.889841	0.733249	1.757751	1.553350	0.576724	1.653143	-0.649414	0.000000	1.516641	2.230323	1.382091	1.684156	1.325791	1.167060	0.991818	1.137077	1.264061
465	1.046730	0.932852	1.110765	1.296275	1.228972	1.186346	1.075454	1.315583	0.936099	1.013863	1.073571	1.210893	0.000000	1.035654	1.152082	1.113704	1.346576	1.389366	1.409067	1.261323
466	-0.074430	0.254471	0.179667	0.000000	0.460636	0.514530	0.234309	0.222463	0.208878	0.237067	0.375196	0.410970	-0.075545	0.270232	0.429690	0.137132	0.327704	0.216670	0.468429	0.447851
467	0.448667	0.115325	0.180194	0.479825	0.064424	-0.150357	0.000000	0.845159	0.602979	0.812612	0.660712	0.109558	1.017703	0.574782	0.600485	0.048453	0.131300	0.736722	-0.198838	-0.002690
468	-0.264590	-0.097546	0.930661	0.670488	0.947492	1.027962	1.064478	-0.082580	0.705441	0.132522	0.219420	0.822984	1.646593	0.000000	0.760544	0.346517	0.579416	-0.515686	1.218716	1.267303
469	0.729293	0.448880	0.888733	0.792030	0.727386	0.724600	0.461957	0.625355	0.000000	0.498009	0.442075	0.525849	1.426045	0.240592	0.159669	0.357258	0.230117	0.654279	0.766267	0.692732
470	0.409145	0.489826	0.268955	0.827237	1.121320	1.078368	0.513243	0.884437	0.815701	1.454244	0.955730	0.000000	1.927574	0.412927	0.916503	-0.004490	0.404256	0.595946	1.089255	1.019188
471	2.519131	2.003089	3.253863	3.287153	1.873541	2.647287	3.069558	0.000000	3.244414	1.214659	1.756955	3.261688	3.286369	3.162348	3.368527	3.238127	2.941806	0.712869	2.377722	2.516828
472	3.390325	2.557250	4.033159	4.100231	0.642163	3.701829	2.488160	3.084329	3.707732	2.751289	2.846518	3.190763	3.108794	3.639087	3.360493	3.514750	3.578631	3.362720	0.842271	0.000000
473	2.561586	1.896979	3.490595	3.287282	-0.020726	3.092780	2.240341	1.522017	3.034616	1.589989	1.768309	3.162640	3.063274	3.058509	2.835641	3.110811	2.881077	1.897086	1.140503	0.000000
474	1.126024	0.685190	3.144434	2.807354	1.259972	2.359582	2.454026	0.000000	2.629153	0.165427	0.415808	2.692073	3.148889	2.322619	2.741647	2.118589	1.928844	0.593419	1.489533	1.465773
475	1.192719	0.712038	1.991406	1.781367	0.694590	1.352898	1.080857	0.790730	1.535375	0.477080	0.688710	1.032040	1.781839	0.981228	1.399450	0.258910	0.000000	0.917753	0.937393	1.030228
476	0.510599	0.760747	1.332041	1.464166	0.193914	0.000000	1.043418	1.285525	1.612195	0.903522	0.857355	1.202732	2.325027	1.389276	1.621720	1.021431	1.405624	1.548236	0.211542	0.399257
477	0.092177	0.240659	0.165081	0.000000	0.038841	0.685075	0.319009	0.373573	0.340564	0.324057	0.261752	0.403854	0.262081	0.271701	0.448242	0.222424	0.392798	0.443787	0.031028	0.190907
478	1.241095	0.828411	0.688049	1.400475	1.581327	1.275464	1.455558	1.861728	1.779982	1.825258	1.690193	0.564453	2.731569	1.667348	1.801642	0.000000	0.590627	1.803993	1.493004	1.434456
479	0.927273	0.929869	1.754326	1.549554	0.337117	1.565377	0.785209	0.317439	0.518886	0.000000	0.505993	1.394415	1.100257	0.902013	0.732039	1.165535	1.060925	0.519484	0.401290	0.366531
480	-0.294999	0.031785	-0.193255	-0.448915	0.168766	0.201878	0.119754	0.188600	0.000000	0.047053	0.087482	0.221130	0.488918	-0.084331	0.253090	-0.008668	0.119747	0.118467	0.138935	0.172769
481	0.000000	-0.044222	0.191273	-0.246502	0.123434	0.845442	0.234541	-0.134213	0.186182	-0.214859	-0.171165	0.410696	2.119793	-0.171181	0.363974	0.288094	0.248288	0.162569	0.049475	0.205470
482	0.896964	0.587080	2.282886	2.037738	1.037153	1.962053	1.865986	-0.292483	1.568133	-0.394085	-0.001005	2.074659	2.237400	1.416911	2.006033	1.649932	1.524600	0.000000	1.235728	1.422918
483	-0.211028	-0.254521	0.833493	0.000000	0.124631	0.582929	0.228117	-0.238098	-0.413098	-0.313809	-0.444589	0.577692	2.267094	-0.204386	-0.264253	0.069941	0.555325	0.059656	-0.024164	-0.004830
484	-0.005653	0.219117	0.816609	0.654338	0.605589	0.373202	0.377549	0.649902	0.000000	0.468702	0.278534	0.310057	2.172816	0.244119	0.147664	0.109735	0.403432	0.531442	0.638086	0.581124
485	1.032138	0.828188	1.332653	1.900405	1.256814	1.371226	0.255392	1.755687	1.609815	1.172938	1.479725	0.424316	2.722100	1.608361	1.674543	0.000000	1.325809	1.870841	1.355856	1.189075
486	0.427597	0.635315	1.618209	1.510132	0.850652	1.327680	1.031820	0.717502	1.128619	0.971448	1.037142	1.154566	0.000000	1.239223	1.308293	0.871928	0.993671	0.358400	1.301600	1.015396
487	2.313598	1.607830	2.512133	2.147248	0.000000	2.811085	1.915060	2.442656	2.935668	1.975217	1.850593	2.366651	3.224478	2.542661	2.839915	2.845793	3.132518	2.670647	1.863234	1.039697
488	2.023561	1.192889	3.288719	3.133744	1.892279	2.538656	2.421677	0.986019	2.226827	0.000000	0.840325	1.805955	3.642610	2.143886	2.266857	2.074312	1.439133	0.971573	2.285947	2.272293
489	0.245735	0.777773	0.000000	0.077645	1.162030	0.462821	0.587686	1.257746	1.080773	0.985578	0.796607	0.880479	2.295563	0.361445	1.296651	0.484975	0.946185	1.233277	1.020857	1.021547
490	0.000000	0.591558	1.831540	1.303492	0.636466	1.548906	0.790096	0.421098	0.550711	0.167782	0.419132	1.249078	2.373192	1.031199	0.183358	1.009846	1.092115	0.732604	0.634834	0.110816
491	1.687719	1.086070	3.097782	3.009009	0.233596	2.528841	2.127115	1.825426	3.118568	0.000000	0.918697	2.725272	2.667592	2.658778	2.894317	2.622047	2.340539	1.885248	1.688270	1.008840
492	0.973309	0.612833	1.920280	1.494228	0.915884	1.955118	0.856447	0.306074	0.000000	0.031681	0.496512	0.836629	3.346417	0.857458	-0.198793	1.202633	1.128022	0.758661	0.974779	0.849665
493	0.000000	0.303089	0.705138	0.172382	0.561262	1.023459	0.429040	0.560377	0.210746	0.236202	0.206934	0.631530	2.783260	0.234279	0.168053	0.513836	0.869500	0.742621	0.607893	0.508147
494	0.835595	0.965153	2.196749	1.923048	1.067260	1.631546	0.852215	1.485154	0.000000	0.848850	0.629495	1.303880	3.273577	0.725427	0.201002	1.214810	1.662850	1.644367	1.053150	0.901439
495	0.923938	0.359263	0.168556	0.705352	1.019943	0.231010	0.696397	1.795033	0.915282	1.239308	0.916092	0.000000	2.683865	0.741945	1.137760	0.824545	1.607582	1.962255	1.206855	1.151667
496	1.741600	1.254295	2.982946	2.629818	0.000000	2.724169	1.443718	0.100016	2.317863	0.512656	0.858645	2.514204	3.119053	2.240480	1.973127	2.277057	1.565677	0.558974	0.379084	-0.104396
497	0.702316	0.231227	-0.168957	0.000000	0.404660	1.327755	0.479073	0.449500	1.338078	0.444237	0.522132	0.540898	-0.112599	0.804850	1.384209	0.943458	0.972954	0.652930	0.352463	0.384338
498	1.510310	1.252372	3.529418	3.539071	1.687030	2.652530	3.082786	0.919154	3.424801	1.665627	1.891608	3.213440	2.984226	3.164367	3.377780	2.586205	1.572532	0.000000	2.368150	2.150174
499	2.032786	1.865716	3.420564	3.530641	1.291039	2.100943	3.185539	0.908291	3.551959	0.000000	1.265595	3.387950	3.343790	3.296608	3.557207	3.240097	3.111364	1.530755	2.281204	2.247651
500	2.715126	2.374346	3.351801	3.265070	0.000000	3.342874	2.426165	2.048549	3.279428	2.130778	2.162714	3.208215	3.219556	3.236597	3.101811	3.240476	3.165982	2.499582	1.578968	0.514227
501	1.274957	0.506529	2.769118	2.744694	-0.134594	2.116777	1.969823	1.270666	2.385321	0.000000	0.482828	2.406820	2.640767	2.208544	2.552557	2.061727	1.898529	1.357842	1.503742	1.454649
502	1.142578	0.582168	1.682565	1.760111	0.570573	1.838602	1.032085	0.482951	1.756204	1.260310	1.119264	1.202802	2.090891	1.547524	1.809585	0.688777	0.000000	0.123941	0.682333	0.371171
503	1.214826	1.005071	0.000000	0.698259	1.412920	1.724221	0.960334	1.839632	1.818663	1.325055	1.392438	1.177551	2.855850	1.347837	1.999222	1.181808	1.569213	1.942444	1.144959	1.336234
504	0.502878	0.665643	0.490256	0.566061	0.758773	1.091830	0.753620	0.714944	0.819013	0.924049	0.863352	0.722088	0.000000	0.767071	1.010489	0.515001	0.714949	0.684524	0.755750	0.751157
505	0.266169	0.167720	0.544228	0.370929	-0.057638	0.788410	0.512049	0.000000	1.287300	-0.008164	0.079486	0.692331	1.963152	0.598468	1.415307	0.722484	0.782326	0.432824	-0.195676	-0.031343
506	1.936213	1.759983	0.000000	1.821712	2.200218	2.421743	2.124699	2.558824	2.650469	2.526116	2.316908	1.814090	2.740771	2.327055	2.838769	1.849001	2.233492	2.706419	1.884593	2.223106
507	0.410355	0.449993	0.057332	0.000000	0.287972	0.473189	0.567400	0.208160	1.355951	0.238296	0.478237	0.484170	1.097761	0.786578	1.392883	0.682538	0.735903	0.529148	0.295247	0.062791
508	1.075270	0.782193	1.626561	1.455135	0.122927	1.748959	1.058235	0.897816	1.173591	0.543315	0.594222	1.531449	1.906322	1.152125	1.070884	1.463530	1.448532	1.238722	0.180963	0.000000
509	0.000000	0.356014	1.858384	1.869041	-0.091781	1.964345	1.683702	-0.007157	2.171883	-0.066507	0.194542	1.884451	2.301152	1.713244	2.108465	0.971058	0.273264	-0.236773	0.837160	0.647951
510	1.595726	1.034628	2.568817	2.369833	0.000000	2.437226	1.963331	0.515713	2.258942	0.609826	0.697443	2.194639	2.877344	2.088341	2.374058	1.841960	1.512822	0.712999	0.741213	1.187424
511	-0.342387	-0.319696	0.578814	0.092661	-0.192074	0.347286	-0.136023	-0.290874	-0.317751	-0.626284	-0.576701	-0.301159	2.120775	-0.336467	-0.550175	-0.247400	0.000000	0.100163	-0.250832	-0.180069
512	0.083956	-0.067550	1.310365	0.418528	0.011857	0.829052	0.012466	0.132777	0.115189	0.220737	-0.026372	0.225990	2.469893	0.000000	0.109715	0.209993	0.334005	-0.027926	0.084477	-0.072383
513	2.070859	1.228262	2.749700	2.671682	0.902256	2.695599	2.423653	1.406961	2.734462	0.000000	0.841239	2.654609	3.065703	2.432148	2.769441	2.532871	2.358341	1.696516	1.279902	1.500525
514	0.374992	0.099509	0.618360	0.382767	0.169611	0.307163	0.057922	0.308408	0.000000	0.222449	0.254947	0.302268	1.043782	0.162435	0.179698	0.255254	0.089391	0.263905	0.259627	0.128049
515	0.715968	0.117859	0.598490	0.000000	0.475836	0.922851	0.293791	0.561643	0.547290	0.708290	0.506612	0.570560	2.141527	0.214946	0.586416	0.353117	0.213615	0.398427	0.543306	0.327277
516	2.307188	1.684434	2.577789	2.590083	0.000000	2.714116	1.933370	1.509233	2.745454	1.627573	1.765184	2.592747	2.629265	2.547571	2.589004	2.641668	2.547187	1.787092	0.517802	0.321726
517	-0.191135	-0.741946	0.151582	0.000000	-0.623223	-0.003601	-0.108028	0.542391	0.332805	-0.531747	-0.647239	-0.131444	1.382526	-0.196925	0.480045	0.348573	0.873341	0.787409	-0.064920	-0.530505
518	1.450173	0.807244	1.127340	1.430942	0.983487	0.000000	1.029932	1.773632	1.377510	1.341549	1.245433	0.810662	2.274814	1.274571	1.543139	1.225459	1.352733	1.854441	1.225444	1.188186
519	0.899143	0.415068	2.687326	2.401393	-0.147624	1.778862	0.310944	0.679948	0.000000	-0.146185	-0.090892	1.324741	2.559350	1.039208	-0.015738	1.313894	1.399695	0.854883	0.404920	-0.348227
520	-0.283961	0.031548	0.561385	0.140742	0.028385	0.341615	-0.016909	0.252180	-0.154829	-0.035299	-0.136776	0.215822	0.142207	-0.055631	-0.066175	0.000715	0.000000	0.260756	0.209293	0.035000
521	2.254001	1.463942	3.345885	3.198158	-0.126447	2.656533	2.673895	0.483138	3.032932	0.000000	0.687994	2.911281	2.929135	2.820881	3.159909	2.755693	2.533708	1.152817	1.781757	1.987919
522	1.734493	0.923877	2.882749	2.190601	1.081266	2.655628	1.570126	0.136813	1.196525	0.766804	0.846130	2.113837	3.241628	1.550347	1.321502	2.043765	1.277460	0.000000	1.507761	1.317895
523	1.736321	0.987841	0.000000	1.486884	1.432262	2.066234	1.525925	1.716870	1.824677	1.381055	1.497308	0.621623	1.657262	1.652220	1.952791	1.577696	2.066881	1.885660	1.590570	1.631491
524	1.713068	1.328909	3.221714	3.216420	1.910929	2.832551	2.956147	0.000000	3.134932	0.806753	1.439617	3.084771	3.398072	2.974734	3.235754	2.791944	2.394835	0.269642	2.320369	2.327089
525	-0.025813	0.758029	0.761606	0.233992	0.891161	0.403615	0.630803	0.877723	0.737487	0.803358	0.334248	0.793994	2.068320	-0.282586	0.583303	-0.239827	0.000000	0.797185	0.727311	0.893802
526	1.018798	1.151660	2.520486	2.123792	1.743417	1.504699	1.133362	1.614114	0.000000	1.541834	1.076385	1.539845	2.992213	0.884169	-0.195052	0.760553	0.953457	1.464770	1.944557	1.785428
527	0.707583	0.402952	0.000000	0.049006	0.716609	1.269770	0.706523	0.521957	1.163044	0.596716	0.518175	0.714362	2.500978	0.553259	1.264026	0.752797	0.824448	0.602819	0.590092	0.675219
528	1.808052	1.012018	1.709508	1.848484	0.000000	2.210699	1.744366	1.005036	2.535445	1.370478	1.396268	1.967123	2.372082	2.230314	2.510667	1.734204	1.481190	1.068431	0.956680	0.646455
529	0.659168	0.530743	0.215810	0.000000	0.679158	1.215287	0.706018	0.509938	0.913861	0.630781	0.654913	0.744823	0.929592	0.564028	1.058336	0.628008	0.587140	0.445565	0.756440	0.713756
530	1.823365	1.088526	1.487567	1.509139	0.414728	1.976922	1.660188	0.563060	2.093121	0.000000	0.660996	1.907697	1.784716	1.756704	2.149521	1.927773	1.632870	1.008725	1.315997	1.298688
531	0.784979	0.877158	0.884939	0.000000	0.388403	1.314734	0.712224	0.774362	1.314036	0.786788	0.682576	1.163162	0.244469	0.481123	1.352147	1.028591	0.951776	0.739580	0.037658	0.223634
532	0.816168	0.074873	0.660875	0.000000	0.660887	1.002231	1.086104	0.377293	1.407465	-0.135092	-0.316176	1.060163	1.604896	0.341255	1.437967	0.747362	0.405709	0.353736	1.039221	0.893579
533	1.410306	1.009429	0.623000	1.153186	1.289453	1.239211	1.361503	1.589985	1.483425	1.248862	1.394056	0.620932	1.740913	1.393833	1.466022	0.267586	0.000000	1.568416	1.350189	1.404120
534	-0.216964	0.136649	0.000000	-0.161593	0.258588	0.521623	0.298480	0.107152	0.225324	-0.060036	0.082893	0.451106	0.067492	0.157877	0.470725	0.245076	0.398290	0.120438	0.327045	0.326210
535	0.140518	0.334658	0.386389	0.000000	0.208943	0.634514	0.460631	0.362905	0.494486	0.251368	0.270078	0.701661	1.314660	0.319836	0.658293	0.432959	0.458209	0.384788	0.099576	0.254385
536	1.038438	0.968956	0.767566	0.000000	1.104564	1.550949	1.459272	1.186745	1.758650	0.852212	0.704190	1.470026	2.547651	0.643191	1.864572	1.279287	1.286868	1.257184	0.939821	1.244984
537	0.385775	0.742313	1.167577	0.681090	0.617771	1.121256	0.661465	0.267109	0.000000	0.225117	0.402824	0.855740	2.211834	0.440795	-0.040028	0.723059	0.755156	0.537378	0.691098	0.559964
538	0.000000	0.290651	0.599590	0.203677	0.251588	0.872124	0.398288	0.048508	0.089096	-0.109938	0.050306	0.518949	1.954825	0.282149	0.047028	0.435127	0.526083	0.353875	0.241755	0.262070
539	-0.022506	0.259041	0.514306	0.000000	0.447438	0.837659	0.403611	0.208099	0.018242	-0.049393	0.048370	0.393002	2.064330	-0.027887	-0.020081	0.420869	0.568747	0.466341	0.393367	0.489291
540	1.126285	1.003594	2.112172	1.729748	0.407360	1.864243	0.475612	0.696930	0.778800	0.574112	0.867675	1.053468	2.783567	1.158762	0.000000	1.480181	1.366774	1.108493	0.314873	0.360126
541	0.256148	0.296102	0.257540	0.000000	0.669202	1.090326	0.742770	0.404517	0.653723	0.138816	0.243024	0.688163	2.483936	0.489266	0.705321	0.743842	0.890301	0.706725	0.614771	0.677368
542	0.183261	0.443073	0.668204	0.403301	0.457042	0.773442	0.440413	0.350203	0.000000	0.208110	0.287458	0.535142	2.043248	0.278475	-0.014917	0.492613	0.578282	0.491479	0.514981	0.505236
543	-0.108721	-0.105426	0.678471	0.000000	-0.302215	1.156956	0.297506	-0.578535	0.496060	-0.941763	-0.567608	0.761224	2.411948	-0.006144	0.530227	0.449241	0.230147	-0.217617	-0.637326	-0.355225
544	0.208051	0.237157	0.153558	-0.141501	0.513756	0.866869	0.537081	0.000000	0.378363	0.016753	0.055121	0.568815	2.084707	0.167714	0.438724	0.529899	0.605309	0.386243	0.558748	0.538361
545	-0.038455	0.351434	0.457706	0.131725	0.387007	0.674468	0.418165	0.101939	0.000000	-0.040009	0.082602	0.527339	1.943000	0.163065	0.208042	0.368577	0.522030	0.266343	0.496470	0.470882
546	0.383751	0.346353	0.337246	0.000000	0.253618	1.447407	0.591854	0.342045	0.876438	0.313317	0.350769	0.766743	2.947500	0.677869	0.904934	0.847016	0.941222	0.750540	0.332536	0.149825
547	2.634228	2.138963	3.451755	3.562683	0.445681	3.204141	2.070481	2.477063	3.371770	2.163181	2.075517	2.816375	3.847607	3.080301	3.038756	2.881531	2.856320	2.750158	0.415094	0.000000
548	0.015743	0.433589	0.605874	0.000000	0.364368	0.866410	0.677067	0.703033	0.651564	0.213057	0.256582	1.131278	2.706419	0.577977	0.712303	0.786711	1.040982	0.885724	0.355095	0.276608
549	0.083582	0.317225	0.370853	0.333845	0.175520	0.205608	0.319698	0.361222	0.060482	0.209790	0.283004	0.172973	0.000000	0.284277	0.041947	0.130716	0.248632	0.367118	0.364658	0.181123
550	2.634570	1.758791	2.985465	2.916605	1.473361	3.305210	2.878238	1.684722	3.080524	0.000000	1.422377	2.987282	3.504912	2.819359	2.971288	3.088798	2.393487	1.574181	2.235770	2.144583
551	-0.006116	-0.192320	2.810683	2.076344	0.668698	1.875489	1.834324	0.042406	1.680307	-0.216199	-0.005942	2.047157	3.268820	1.463514	1.509973	0.871384	0.000000	-0.274568	1.037342	0.754435
552	-0.090494	0.190601	0.461244	0.213786	0.212341	0.766059	0.316653	0.087813	0.000000	-0.144325	-0.065059	0.386635	2.827026	0.137784	0.110349	0.384349	0.397006	0.206914	0.315165	0.251458
553	0.000000	0.685606	2.172901	1.673213	0.393977	2.101944	1.297416	0.485419	1.434487	0.786784	0.714054	1.891517	3.144833	1.350421	1.425790	1.029720	0.919296	0.236821	0.558773	0.402621
554	1.954798	1.391300	3.617545	3.571593	0.253478	3.326994	3.046185	-0.098013	3.570400	0.000000	0.541026	3.519134	4.050716	3.288742	3.505391	3.247945	2.420435	0.498081	1.800876	1.942856
555	0.232950	0.998267	2.202057	1.695796	0.558040	1.074767	0.685662	0.623495	0.000000	0.190309	0.209735	1.446653	2.888488	-0.065164	0.463087	0.626339	1.038059	0.949830	0.597298	0.742157
556	0.080632	0.032238	0.288224	0.000000	-0.031268	0.741581	0.314827	0.108812	0.377935	0.027915	-0.016335	0.523272	3.042221	0.289947	0.450704	0.305372	0.392836	0.364611	0.045238	0.014185
557	1.668316	1.425633	3.108742	2.824707	0.808225	2.550129	2.304676	0.000000	2.586122	0.590669	0.760511	2.739001	3.433212	2.313540	2.498977	2.295336	2.073780	0.998706	0.767674	1.249566
558	2.701647	1.847498	3.093577	3.135431	1.745047	2.857549	2.980830	1.878908	3.133716	0.000000	1.481178	3.018544	3.538877	2.999848	3.118592	3.030427	2.983918	2.169938	2.424291	2.476839
559	1.178087	1.319005	1.459938	1.572161	1.831110	0.000000	1.650974	2.144170	1.411268	1.580117	1.489962	1.566067	2.690244	1.489477	1.712494	1.491174	1.973724	2.253271	2.065684	2.049941
560	0.360303	0.287997	0.000000	0.410925	0.608041	0.567226	0.396663	0.839575	0.538747	0.615533	0.607930	0.259595	0.654006	0.541789	0.811283	0.250353	0.530622	0.776773	0.638671	0.686148
561	0.310533	0.232819	1.077758	0.823235	0.450953	1.347833	0.449223	0.200766	-0.360730	0.072949	-0.059494	0.689737	2.235925	0.000000	-0.501808	0.534424	0.448504	0.377089	0.521681	0.507670
562	2.283843	1.382641	3.826904	3.900186	2.160260	3.350631	3.396542	1.528067	4.024756	2.049703	2.456614	3.455812	3.461711	3.647901	3.840239	3.062652	2.429520	0.000000	2.689612	2.495435
563	0.112617	0.106638	0.040459	0.000000	-0.176511	0.937570	0.223823	0.327431	0.957116	0.378212	0.308059	0.712409	2.171563	0.623402	0.962392	0.166179	0.537257	0.425729	-0.504755	-0.584862
564	-0.134999	0.003138	0.159992	0.154647	0.450369	0.755209	0.308405	0.675671	0.000000	0.456786	0.269724	0.056289	2.823417	0.161454	-0.011572	-0.077031	0.382478	0.782782	0.376881	0.409847
565	2.375326	1.728484	3.487611	3.418064	2.351755	3.426067	3.202781	1.209977	3.450972	2.085908	2.398475	3.358207	3.193344	3.313097	3.457651	2.890612	2.263426	0.000000	2.591923	2.707034
566	0.571909	0.098492	1.146995	0.609347	0.595091	1.429807	0.607766	0.051844	0.403596	0.098641	0.106933	0.683965	3.142715	0.488855	0.258090	0.604707	0.424517	0.000000	0.686571	0.522639
567	1.552484	1.162666	3.114214	3.012222	0.859281	2.826234	2.442921	0.308629	2.883866	0.632786	1.132200	2.948468	1.812391	2.720159	2.831497	2.275282	1.540463	0.000000	1.647112	1.350483
568	1.805342	1.810725	1.397195	2.594207	3.173294	2.013511	2.607373	3.151803	3.023156	3.299558	2.921437	1.944987	3.009881	2.942123	3.212989	0.000000	1.636498	3.083073	2.947220	3.037091
569	0.590112	0.542372	0.282677	1.043547	-0.101718	0.662954	0.260319	1.305563	0.345982	1.209646	0.703779	0.127311	0.826326	0.644813	0.083065	0.322940	0.531424	1.283731	0.247775	0.000000
570	0.265910	0.379887	0.503358	0.808567	0.013991	0.554862	0.106383	0.261624	0.000000	-0.319455	-0.101719	0.148910	2.276880	0.151942	-0.104390	0.372564	0.200336	0.383914	0.401389	-0.001769
571	2.334038	1.815638	2.649628	2.653564	1.697186	2.415636	2.389873	1.584067	2.422187	0.000000	1.318478	2.360433	2.780974	2.307390	2.539587	2.283070	2.240843	2.038544	2.468082	2.359692
572	0.708898	0.443669	0.721940	0.704396	0.087554	0.879625	0.111605	-0.088467	0.448678	0.000000	0.183934	0.604942	2.023304	0.335955	0.378721	0.566252	0.530751	0.375411	0.320831	0.067200
573	-0.110370	-0.316918	0.000000	-0.009090	-0.133211	0.167366	-0.204387	0.073696	-0.342868	-0.177287	-0.175901	-0.305470	1.786324	-0.204927	-0.193370	-0.214126	-0.144588	0.093262	0.011706	-0.116040
574	0.000000	0.832989	1.912987	1.429959	0.603227	1.423842	0.426442	1.227920	0.859823	1.183011	0.865162	1.014073	2.148003	0.843763	0.686201	0.233283	0.457630	1.031713	0.787977	0.561332
575	0.156584	0.752682	1.007212	1.299761	0.604776	1.511955	1.047170	0.765077	1.426724	1.020622	1.032540	1.136422	0.000000	1.380562	1.792582	0.740085	0.972861	0.680490	0.616634	0.600015
576	0.000000	0.764652	2.543148	2.305776	0.700699	1.030010	1.933213	1.198450	2.245896	1.223134	1.095507	2.121001	2.391802	2.036121	2.205516	1.022354	1.302263	0.931504	0.890785	0.972464
577	0.000000	0.436636	1.686984	1.295273	1.017725	1.433136	1.473595	0.331992	1.631722	0.514102	0.476096	1.611311	2.511404	1.173417	1.452915	0.929607	1.095326	0.412602	1.308186	1.069111
578	2.556265	1.991938	3.233695	3.225561	2.286187	3.106865	3.162979	0.000000	3.109233	1.263044	1.944341	3.135356	3.315519	3.007639	3.146623	3.066434	2.733486	0.345419	2.896804	2.972042
579	0.914703	0.730546	2.785946	1.803566	0.928819	1.384675	0.981994	0.322517	0.807990	1.053159	0.765327	1.409742	2.113728	0.831944	0.000000	0.395482	0.133889	0.086019	1.166500	0.882164
580	0.296009	0.921116	2.137834	2.101001	1.637792	0.963041	1.658668	1.306713	1.720524	1.489006	1.352604	1.503334	1.511814	1.703214	1.441199	0.332898	0.000000	0.906414	1.897683	1.615649
581	-0.077769	0.446542	0.084191	-0.055529	0.943798	0.000000	0.139303	1.090198	0.199099	0.669928	0.418991	0.171901	1.048544	-0.150164	0.293314	-0.095993	0.418693	1.131856	0.756991	0.942111
582	-0.076196	0.234699	0.452458	0.107124	0.026433	0.376581	0.177434	0.465788	-0.019253	0.296269	0.131979	0.332684	0.466041	0.000000	-0.032533	0.135634	0.301860	0.501911	0.069926	0.094088
583	0.356826	-0.133134	-0.124557	0.032001	0.000000	0.157172	0.108933	0.552153	0.283427	0.432520	0.327183	0.078952	0.873243	0.210982	0.374894	0.230933	0.313860	0.571239	0.158161	0.253507
584	1.168642	0.860874	1.615333	1.547076	1.115089	0.000000	1.256766	2.113323	1.428533	1.697895	1.451184	1.400852	2.197361	1.380993	1.531801	1.066203	1.652704	2.139742	1.339954	1.270934
585	1.518882	0.770212	2.179826	2.141812	0.409742	2.033413	1.486677	1.566025	1.725834	0.623772	0.793470	1.727711	2.342564	1.637266	1.603287	1.544254	1.321902	1.581916	0.000000	0.513288
586	1.417609	1.074124	1.180276	1.478087	1.701158	0.906529	1.446336	1.574171	1.312198	1.378839	1.244794	0.916151	1.845823	1.046572	1.268697	0.000000	0.083951	1.517951	1.659637	1.857786
587	0.000000	0.965569	1.673331	1.275737	1.035491	0.994114	0.755640	1.229544	0.937701	1.336840	1.053417	1.166821	-0.511506	0.709072	1.182575	0.985863	1.627557	1.088418	1.495922	1.359639
588	0.047997	-0.252801	0.409297	-0.024206	-1.361826	0.370665	-0.695131	-0.081888	0.304128	0.122223	-0.064462	0.000000	0.348414	0.006885	0.077413	0.175171	0.045930	-0.012685	-1.061909	-1.197000
589	0.838126	0.976739	1.784576	0.877895	1.037921	0.981427	1.344346	1.535728	0.976784	0.784549	0.000000	1.767268	2.656232	0.152301	1.014232	1.329644	1.503424	1.770121	0.993209	1.356426
590	1.106264	1.003474	1.060601	0.000000	0.968777	1.889505	1.251649	1.078199	1.781452	1.243098	0.886449	1.732496	3.322746	0.841395	1.638282	1.388674	1.277158	1.297368	0.592017	0.769654
591	0.751110	0.983763	1.972538	1.496843	1.340530	1.588013	1.159053	1.075068	0.400783	0.851387	0.824411	0.787155	3.105585	0.914992	0.000000	0.956635	1.132365	1.201138	1.226909	1.303621
592	0.952695	0.520583	1.339861	0.803089	0.529973	1.570891	0.647871	0.000000	1.027250	0.064233	0.356925	0.876275	2.630046	0.684592	0.807853	1.094110	0.963412	0.603359	0.251067	0.445653
593	0.420127	0.395670	0.960330	0.399615	-0.172800	1.419944	0.479363	0.368784	1.158499	0.389681	0.000000	0.643095	2.633925	0.554224	0.885875	0.869208	0.905223	0.624556	-0.962916	-0.351943
594	0.474320	0.528399	1.373969	0.928219	0.600408	1.009477	0.538617	0.688571	0.000000	0.256843	0.194940	0.600602	2.830554	0.360099	-0.066391	0.676547	0.842092	0.921493	0.401181	0.547176
595	0.000000	0.075732	0.698690	0.377453	0.516066	0.351372	0.303465	0.645581	0.049536	0.197500	0.016067	0.199077	2.338491	0.044466	-0.010871	0.152345	0.531981	0.885180	0.334989	0.504648
596	0.362137	-0.474184	-0.098241	0.379086	-0.405787	0.821982	-0.107483	-0.327986	0.288893	-0.453682	-0.352228	-0.230998	1.923824	0.000000	0.242350	0.198240	0.323503	0.118560	-0.650737	-0.239709
597	0.000000	0.017731	0.342611	0.080085	0.034794	0.159967	0.037460	0.037892	-0.025495	0.022229	0.003265	0.210814	-0.075443	0.010619	0.087990	0.095322	0.151784	0.044261	0.100801	0.120108
598	-0.052610	-0.527778	-0.487465	-0.258265	-0.219835	-0.480229	-0.319450	0.379297	0.052405	0.000000	-0.034558	-0.439438	0.576898	-0.216270	0.073278	-0.388862	-0.417250	0.355737	-0.530954	-0.266747
599	0.321895	0.168298	1.280627	0.843687	-0.527378	0.755888	0.089594	0.425480	0.356053	0.275964	0.048409	0.513960	1.656059	0.402211	0.000000	0.477163	0.469174	0.412807	-0.646058	-0.539267
600	0.293846	-0.168698	0.000000	0.412732	0.053273	0.288641	0.204454	0.354340	0.348859	0.207214	0.174619	0.180159	0.189465	0.334594	0.372741	0.268657	0.385305	0.379646	-0.062193	0.121161
601	-0.073178	-0.083114	0.110736	0.038975	-0.172269	0.135569	-0.081193	-0.086666	-0.084637	-0.029963	-0.103977	0.127306	-0.328345	-0.008342	-0.035116	0.000000	0.061452	-0.074107	-0.496294	-0.153656
602	0.061869	0.032800	0.484130	0.291226	0.152871	0.150221	0.151940	0.309671	0.141621	0.208145	0.137207	0.301775	0.608494	0.182833	0.087516	0.000000	0.208142	0.307012	-0.013717	0.164734
603	0.402929	0.006490	0.364937	0.259431	0.057690	0.567118	0.314527	-0.015019	0.620583	0.019319	0.000000	0.439182	0.568751	0.361933	0.631278	0.417374	0.341451	0.275635	-0.211558	0.095835
604	-0.229707	-0.500325	-0.255022	-0.337815	-1.414113	0.230293	-0.357623	-0.567850	-0.050817	-0.635710	-0.708867	0.122955	0.747761	-0.174051	-0.117566	0.000000	0.024510	-0.296842	-1.156686	-1.262100
605	-0.122866	-0.167974	0.112711	-0.067504	-0.168861	-0.004106	-0.109100	-0.000498	-0.144326	-0.026231	-0.124060	0.134984	0.521226	-0.059444	-0.086174	0.000000	0.220029	0.039467	-0.266184	-0.226048
606	0.533611	0.049077	0.645822	0.584866	0.089136	0.627715	0.402373	0.275071	0.565300	0.183698	0.204118	0.652514	0.713046	0.460233	0.528917	0.529351	0.579045	0.473279	-0.076449	0.000000
607	1.001300	0.079376	1.273413	1.007714	-0.166028	1.337749	0.589501	0.282661	1.209579	-0.108102	0.000000	0.948125	1.816115	0.976846	1.073738	1.179354	0.882242	0.611211	-0.201719	-0.027126
608	-0.050998	-0.009262	0.645789	0.253891	-0.178945	0.595749	0.000487	-0.053188	-0.256353	-0.073585	-0.266534	0.356977	1.604180	0.015490	-0.282026	0.000000	0.270515	0.095465	-0.106335	-0.165564
609	0.385186	1.065313	1.718240	1.803378	1.448847	0.576106	1.392256	1.583950	1.650280	1.646711	1.360078	1.201779	0.778640	1.535539	1.601849	0.000000	0.618972	1.357415	1.522927	1.427244
610	0.175758	0.370365	0.885365	0.674361	0.347221	0.590316	0.320039	0.450000	0.000000	0.260483	0.310608	0.617032	0.129569	0.410183	0.252994	0.355469	0.538078	0.472213	0.543079	0.351514
611	1.263324	0.858117	2.422510	2.554877	0.585582	1.648829	0.696985	0.248194	0.000000	-0.551820	0.349041	1.320775	1.143388	1.283694	-0.191792	1.467968	1.325255	0.727629	0.875683	0.616335
612	1.228567	0.714119	2.308628	1.622323	0.467645	2.109855	1.172257	-0.063063	1.247727	0.670415	0.653063	1.645811	2.881964	1.236494	1.038580	0.960658	0.000000	-0.032264	0.584416	0.477714
613	2.681027	1.723473	3.341102	3.421595	0.000000	3.625121	3.509649	1.111175	3.708501	0.058733	1.148039	3.624075	3.396216	3.584396	3.724526	3.712587	3.219396	1.032791	2.341320	2.424482
614	1.084390	0.362465	1.654191	0.000000	0.458737	1.742018	0.805046	0.770642	2.142226	0.148214	0.297716	1.889448	3.245440	0.728746	2.108212	1.379264	1.372790	0.675390	0.361493	-0.062850
615	2.826192	1.907852	3.166809	3.160381	1.269540	3.189404	2.950701	0.000000	3.230926	0.963624	1.729604	3.162250	3.070180	3.186005	3.279862	3.222688	2.694915	0.066532	2.331206	2.174608
616	0.934064	1.527479	2.754627	2.853403	2.806289	2.069676	2.557045	2.584031	2.784853	2.946218	2.333216	0.882077	2.574384	2.317191	2.784517	0.000000	1.789472	2.296183	2.950436	2.813586
617	0.825925	1.079065	2.214136	2.064086	1.164481	1.789440	1.677339	1.204084	1.812079	1.636149	1.507645	1.851709	0.000000	1.956076	1.821752	1.119295	1.188640	0.838130	1.358088	1.232715
618	0.487574	0.800299	1.449357	1.268093	0.362183	1.052954	0.269469	0.950134	0.000000	0.307373	0.402149	0.553316	2.774931	0.481999	0.051028	0.603548	0.721756	1.131313	0.364412	0.029388
619	1.006530	0.839042	1.478345	2.217212	0.938792	1.514400	-0.229857	1.977951	1.655453	1.473773	1.603036	0.340219	2.879658	1.659058	1.704468	0.000000	0.938765	1.947246	1.244491	0.970847
620	0.208078	0.284594	0.591213	0.351993	0.459811	0.912261	0.490415	0.460495	0.268309	0.349877	0.489392	0.635060	0.000000	0.507785	0.447733	0.440210	0.588185	0.525897	0.620137	0.559014
621	1.004118	0.171144	1.737110	1.279978	-0.618348	1.880672	1.054428	0.000000	1.300278	-0.279008	0.161389	1.674061	2.602622	1.141852	1.466028	1.437694	1.059725	0.470029	-0.468262	-0.163090
622	2.480472	1.712164	2.968778	3.086123	1.616981	2.874692	2.797096	0.000000	2.831892	1.552012	1.886118	2.647420	3.366386	2.827730	2.909536	2.679410	2.237285	0.215191	2.180380	2.447858
623	0.127998	0.529369	0.859631	0.420394	0.798759	1.064355	0.630518	0.154099	0.000000	0.131482	0.109129	0.359513	2.874841	-0.123902	0.009227	0.507461	0.649468	0.248256	1.037257	0.977635
624	0.052358	0.020021	0.309446	0.000000	0.142553	0.871456	0.509060	0.659499	0.519760	0.363781	0.175852	0.620559	3.026111	0.333342	0.557564	0.417903	0.750908	0.924538	-0.204069	0.160776
625	2.434148	1.752019	3.599973	3.428321	1.284469	3.264462	2.996814	1.037264	3.258905	0.000000	0.856642	3.270902	3.856659	2.949432	3.139962	3.115315	2.491269	1.740819	1.640519	1.988761
626	0.487838	1.102777	2.850999	2.387152	0.833974	2.059815	1.012030	0.564493	0.000000	0.435086	0.387465	1.920330	3.434683	0.887307	0.319055	1.157605	1.372190	0.697742	1.022411	0.817005
627	0.038063	0.303978	0.382195	0.282321	0.410785	0.666633	0.400878	0.398934	0.000000	0.075028	0.098570	0.333570	2.797145	0.147509	0.129336	0.329138	0.500166	0.549961	0.567472	0.481989
628	0.470449	0.228390	1.708302	1.324141	-0.060705	1.789794	0.745060	0.157869	0.463005	-0.536109	-0.501615	1.215218	2.500350	0.635910	0.000000	1.220138	1.270632	0.614597	-0.271457	-0.029454
629	1.448098	0.790729	2.152099	1.919850	0.152038	1.962854	1.630380	-0.537850	1.954930	-0.431470	0.141961	1.987457	2.174714	1.778283	1.946887	1.917953	1.632767	0.000000	0.911944	0.817405
630	0.321974	0.372894	0.000000	0.172280	0.074908	1.078676	0.576680	0.561380	0.872385	0.094891	0.026947	0.647361	2.782366	0.548908	0.962619	0.597192	0.877483	0.824866	0.374523	0.365408
631	0.024287	0.192813	0.431606	0.000000	0.425790	0.692959	0.514675	0.355503	0.415297	0.149976	0.094243	0.587621	1.992513	0.190956	0.459859	0.297336	0.425938	0.492960	0.494085	0.531661
632	-0.298450	-1.163778	-0.084665	-0.517927	-1.391749	0.000000	-0.945822	-0.716924	-0.459498	-1.085160	-0.926476	-0.600385	0.870032	-0.598311	-0.325854	-0.492996	-0.573224	-0.520781	-1.070112	-1.231676
633	1.360853	1.002234	1.163038	1.439545	1.167872	0.000000	1.343920	1.725706	1.459976	1.290576	1.360702	1.328899	1.845848	1.503451	1.696729	1.108289	1.180921	1.787523	1.299601	1.375703
634	0.000000	0.245729	0.714306	0.625832	0.085999	0.820808	0.443389	-0.342959	0.713776	-0.013695	0.123528	0.630755	-0.012901	0.692214	0.955481	0.167777	0.077211	-0.368638	-0.152533	0.120600
635	0.015810	-0.137355	-0.168861	0.027658	-0.123048	-0.070893	-0.064697	0.556410	0.267247	0.183477	0.090314	-0.153936	1.269975	0.000000	0.390581	-0.088960	-0.036512	0.591849	-0.092878	-0.092203
636	1.769019	1.055918	0.000000	1.167365	1.551534	2.026149	1.509306	1.830253	2.211174	1.205641	1.574092	1.174198	2.523577	1.820470	2.407926	1.534232	2.058588	1.922508	1.516360	1.737680
637	-0.051856	0.240558	0.136790	-0.067459	0.339664	0.396104	0.208470	0.205143	0.000000	0.155457	0.216057	0.341210	-0.323034	0.053550	0.256207	0.065582	0.151744	0.148682	0.439937	0.459312
638	0.044234	-0.300315	0.067264	-0.098294	-0.477592	0.476856	0.025648	-0.234663	0.247389	-0.361966	-0.199822	0.194018	1.202057	0.114581	0.262154	0.156575	0.000000	-0.083378	-0.777082	-0.460275
639	1.627581	1.087639	2.327222	2.495416	0.273288	2.386952	2.114161	0.199425	2.423778	0.594295	0.970201	1.996270	2.465446	2.111937	2.444190	1.835384	0.865849	0.000000	1.579525	1.701012
640	-0.000732	0.300570	0.723071	0.191341	0.005008	0.872324	0.283986	-0.274948	0.000000	-0.042451	-0.014429	0.665838	2.146650	0.005180	0.062550	0.440275	0.428128	-0.168371	0.165260	0.016083
641	0.376239	-0.079508	0.000000	-0.118978	-0.099448	0.929806	0.651332	0.167929	1.001509	-0.127633	-0.026486	0.777085	2.505736	0.556452	0.946892	0.668875	0.676265	0.545100	-0.257732	0.024586
642	1.078112	0.438604	1.953404	1.300476	0.061340	2.252479	1.452696	0.309844	1.909537	0.000000	0.192036	1.992302	3.476666	1.387430	1.843127	1.692980	1.325780	0.739227	-0.131213	0.182567
643	0.057500	0.398871	2.637758	2.337437	0.610963	1.685369	1.951076	-0.466630	2.262428	0.191952	0.268827	2.204949	2.764721	1.992827	2.121920	0.750224	0.000000	-0.383963	1.023528	1.253281
644	0.341309	-0.237399	0.973117	0.146759	-0.644795	0.942138	-0.097408	-0.723068	0.000000	-1.002113	-0.681539	0.248416	2.356839	-0.108925	-0.075583	0.438982	0.013318	-0.283562	-1.057878	-0.665266
645	1.676496	1.215263	2.555073	2.451326	0.949456	2.537311	2.124237	0.364419	2.574817	0.000000	0.760277	2.535106	3.500685	2.193794	2.517791	2.148499	1.527866	0.866695	1.053447	1.320785
646	2.204853	1.529977	3.384347	3.156959	1.431454	3.149753	2.837766	0.851055	3.072298	0.000000	0.822310	3.203987	3.826724	2.792980	3.019604	2.919127	2.441576	1.309661	1.669895	1.842582
647	2.380343	2.057058	3.540904	3.376211	-0.415909	3.098960	2.240602	2.115390	3.125525	1.560964	1.789999	3.368781	3.695979	3.092879	2.962956	3.081884	3.076076	2.346505	0.736253	0.000000
648	1.294601	0.723562	0.720699	0.000000	1.055516	2.049776	1.192948	1.136171	2.095830	0.933200	0.906446	1.065834	3.194572	1.120457	2.019015	1.445335	1.494647	1.338195	0.719919	0.892283
649	-0.466551	-0.831121	1.132897	0.692678	-1.267363	0.479306	-0.077167	-1.031311	0.590328	-1.196513	-0.888002	0.670781	2.129477	0.298978	0.517486	0.259501	0.000000	-0.790287	-1.551548	-1.279371
650	0.000000	1.826257	3.140109	2.937148	1.975682	1.569108	2.773440	1.726748	2.807131	1.650717	1.825994	2.949190	3.374966	2.798112	2.974329	1.661280	2.452520	1.875571	2.053196	2.185359
651	1.745125	1.555792	4.029317	3.097688	1.681655	3.234115	2.837929	1.492477	1.932248	0.000000	0.763097	3.151847	4.472385	2.244283	1.980851	2.692637	2.945858	1.763673	2.130836	1.986409
652	1.741348	1.003407	3.006779	2.425550	1.093668	2.591232	1.831390	0.335328	1.428358	0.000000	0.461643	2.456135	3.595258	1.658559	1.507172	2.057374	1.727345	0.743408	1.203551	1.271261
653	-0.761143	-0.438015	0.329460	-0.130135	-0.329385	0.365534	-0.181893	-0.270765	-0.511306	-0.699820	-0.619211	-0.225865	2.403170	-0.319767	-0.497438	-0.358850	0.000000	-0.045153	-0.324466	-0.388127
654	1.334329	1.156520	2.508321	2.664711	2.381329	1.482278	2.439135	2.402726	2.687287	2.391710	1.977447	1.647819	3.047256	2.529733	2.770895	0.000000	1.110252	2.116292	2.403515	2.451965
655	1.783491	0.996868	1.277183	1.791922	0.875844	0.000000	1.426708	2.201060	2.183689	1.466343	1.276564	1.297453	2.577096	1.681272	2.330547	1.596496	2.139712	2.620561	1.131670	1.023631
656	2.150598	1.529512	2.268944	1.950777	0.000000	2.303092	1.293132	1.622192	2.606467	1.715224	1.566367	2.334087	2.707026	2.267416	2.223184	2.342883	2.290925	1.824756	0.377073	-0.183755
657	0.193154	0.254682	-0.303947	-0.083261	0.242786	0.459943	0.237711	0.396322	0.475768	0.269175	0.221317	0.169626	0.010456	0.195535	0.545433	0.000000	0.167390	0.359539	0.356435	0.346377
658	2.226510	1.554117	2.431110	2.626406	1.651961	2.589664	2.040878	0.873667	2.203908	0.000000	1.212497	2.177413	1.923573	2.256905	2.274415	2.247135	2.118685	1.342942	1.919927	1.826492
659	-0.050433	0.193883	0.000000	0.037622	0.231149	0.543626	0.192235	0.176635	0.135903	-0.038431	0.102381	0.263527	0.244763	0.107118	0.338343	0.048717	0.139279	0.162410	0.403219	0.364420
660	0.092910	-0.252222	-0.715204	0.000000	-0.224445	0.684245	-0.292034	0.342666	0.024302	0.205221	0.089296	-0.673083	1.794488	-0.044318	0.062518	-0.167941	0.002341	0.397886	0.030723	-0.197200
661	0.545146	0.641320	1.192510	0.772752	0.508127	1.150126	0.847254	0.682948	0.912859	0.533209	0.597087	1.201016	0.000000	0.866979	1.096880	0.898861	1.038999	0.749407	0.566273	0.598713
662	-0.461142	-0.214081	-0.099239	-0.340101	-0.263156	-0.269214	-0.248677	0.039558	-0.186710	-0.271007	-0.241554	-0.011421	0.731408	-0.260858	-0.043701	-0.153013	0.000000	0.041290	-0.261255	-0.242178
663	-0.304455	-0.096564	0.105591	-0.251037	0.057009	0.480380	0.059305	-0.306154	-0.152713	-0.444863	-0.197876	0.210271	1.574867	-0.093052	-0.095171	0.000000	0.191118	-0.087629	-0.166486	-0.034659
664	1.991997	1.290798	3.359991	3.054336	0.000000	3.267461	2.217005	1.047058	2.501951	0.285358	0.845184	3.064597	3.241830	2.562243	2.381001	2.759854	1.911633	1.026541	0.687704	0.628402
665	0.000000	-0.269088	1.171593	0.638634	-0.513231	0.985350	0.159110	-0.479819	0.161236	-0.692118	-0.460144	0.590357	2.437218	0.180129	0.170404	0.410389	0.367433	-0.126508	-0.728479	-0.429060
666	-0.177058	-0.135791	0.133563	-0.058760	0.011510	0.410244	-0.013445	-0.058319	-0.137084	-0.299426	-0.200451	-0.045548	2.140879	-0.051075	-0.134168	0.000000	0.171357	0.087604	0.008983	0.032405
667	0.487298	0.639693	1.384690	1.081344	0.356187	1.348840	0.711861	0.233560	0.545546	0.164602	0.152652	1.052901	2.586975	0.657421	0.000000	0.858719	0.808625	0.603162	0.272250	0.316276
668	1.531436	0.710471	3.263274	2.636589	0.705100	2.604342	2.207631	0.000000	2.427564	0.054830	0.495490	2.707311	3.611884	2.254416	2.383773	2.406465	1.986378	0.294910	0.719918	0.906561
669	-0.419504	-0.441661	0.468522	0.159985	-0.620421	0.081373	-0.251526	-0.481654	-0.337668	-0.712619	-0.551865	0.000000	1.751155	-0.189001	-0.381332	-0.170257	-0.066328	-0.298408	-0.700466	-0.555811
670	0.222238	0.282319	0.753050	0.533297	0.075347	0.717557	0.165475	0.401035	0.219342	0.194000	0.195888	0.502235	2.339554	0.330725	0.000000	0.403865	0.512890	0.556525	0.003197	-0.005874
671	0.956178	0.540820	1.975549	1.618611	0.171404	1.679239	0.995527	0.300023	1.319297	0.000000	0.256356	1.680455	2.833399	1.250379	1.132802	1.450058	1.352378	0.668873	0.066959	0.119695
672	1.200992	0.692971	2.416205	2.073540	0.344969	2.010711	1.499826	0.000000	1.599987	0.105974	0.605342	2.016959	3.052481	1.715458	1.566364	1.739673	1.493737	0.509234	0.440124	0.616751
673	-0.212040	-0.118203	0.437414	0.311087	-0.296017	0.180421	-0.115919	0.041182	-0.157429	-0.363945	-0.310677	0.024105	1.713346	0.026530	-0.302327	0.000000	0.208548	0.158403	-0.227059	-0.264476
674	0.404288	0.306817	0.815561	0.573127	0.295546	0.926971	0.469906	0.143261	0.390730	0.000000	0.193481	0.695276	1.684453	0.464278	0.323003	0.592620	0.659566	0.407284	0.251997	0.321060
675	-0.634385	-0.838540	0.591041	0.253118	-1.140714	0.000000	-0.494454	-1.025557	-0.172818	-1.222947	-1.014616	0.053347	1.195302	-0.168265	-0.285804	-0.205229	-0.145095	-0.694897	-1.349597	-1.060510
676	0.697933	0.245274	1.062930	1.031708	0.184627	0.952330	0.610485	0.312505	0.896505	0.000000	0.274506	0.751738	1.386915	0.795259	0.859005	0.712641	0.684667	0.505531	0.218663	0.320287
677	0.022044	-0.109988	0.185244	0.216016	-0.260909	-0.170901	-0.056556	0.117332	0.209041	0.047772	-0.022720	0.000000	0.681711	0.115668	0.188430	0.021477	0.147394	0.116861	-0.271787	-0.175714
678	0.151773	-0.098093	0.154277	0.274972	-0.278980	0.234177	0.009407	0.000000	0.333321	-0.054507	-0.028647	0.138678	0.329458	0.139542	0.297861	0.074287	0.186722	0.235500	-0.346357	-0.171385
679	-0.030193	-0.018101	0.000000	0.243338	-0.120929	0.113743	0.108439	0.049195	0.260388	-0.022311	0.011705	0.091157	0.220085	0.108594	0.286070	-0.092856	-0.002275	0.056755	-0.058024	0.044452
680	-0.053529	-0.095055	-0.138921	0.000000	-0.238959	-0.004098	-0.032700	-0.054178	0.194276	-0.081812	-0.073549	-0.029328	0.044347	0.010493	0.261570	-0.154515	-0.069435	-0.014305	-0.228072	-0.107059
681	0.062242	-0.023449	0.000000	0.238187	-0.098370	0.086325	0.118005	0.165357	0.336622	0.033255	0.061143	0.104224	0.495951	0.144927	0.415847	0.000585	0.112963	0.196740	-0.096200	0.037630
682	-0.026258	-0.098382	-0.138074	0.000000	-0.103576	-0.028555	0.042648	-0.077135	0.236391	-0.092999	-0.024160	-0.027292	0.141483	0.048207	0.298576	-0.093997	-0.036727	-0.041861	-0.118563	0.003474
683	-0.020689	-0.109583	-0.177605	0.000000	-0.035557	-0.098196	0.061305	-0.004310	0.225477	-0.057068	0.022826	-0.079687	0.263729	0.045647	0.293256	-0.105942	-0.017136	0.041003	0.048313	0.093994
684	-0.051952	-0.009949	-0.139839	0.053155	-0.000436	-0.082684	0.041143	0.093464	0.268633	0.075139	0.077223	-0.031626	0.051439	0.079399	0.316757	-0.099424	0.000000	0.116487	-0.040667	0.089273
685	-0.021603	-0.155135	-0.174101	0.000000	-0.004383	-0.142785	0.042706	0.091285	0.251939	0.014510	0.053148	-0.101047	0.010293	0.062448	0.279198	-0.081634	0.007376	0.105461	-0.015353	0.102046
686	-0.130996	-0.090684	-0.055227	0.066950	-0.088998	-0.110727	0.020324	0.012143	0.220980	-0.035316	-0.005203	-0.041564	0.379236	0.078088	0.255171	-0.088966	0.000000	0.008944	-0.080812	0.006193
687	0.000000	-0.113609	-0.083733	0.079846	-0.089738	0.050355	0.019612	0.072351	0.212368	0.046359	0.065100	-0.026602	0.092939	0.079150	0.244849	0.003121	0.028282	0.059310	-0.101315	0.042058
688	-0.243241	-0.331238	-0.306621	-0.186099	-0.192484	-0.187966	-0.135141	-0.141572	-0.013149	-0.180502	-0.165608	-0.244603	0.000000	-0.175980	0.017437	-0.274594	-0.206185	-0.138735	-0.219055	-0.103404
689	-0.112866	-0.230962	-0.113090	0.000000	0.031875	-0.127700	0.091763	0.007438	0.230176	0.039534	0.046529	-0.064949	-0.038429	0.073798	0.248949	-0.094475	-0.007985	-0.033502	0.004802	0.126445
690	0.000000	-0.103138	0.006019	0.142549	-0.031442	0.034587	0.125256	-0.003190	0.365324	-0.012936	0.034390	0.050050	0.193657	0.164306	0.398246	0.089598	0.116265	0.027887	-0.078029	0.087789
691	0.040232	-0.065346	0.037589	0.227115	0.036313	-0.070617	0.091570	0.138230	0.290789	0.172975	0.118585	0.016697	0.338552	0.187949	0.287520	0.000000	0.079125	0.049180	0.048840	0.118110
692	-0.160152	-0.213873	0.106257	0.162293	-0.164973	-0.071103	-0.014158	-0.000024	0.188443	-0.044705	-0.059588	-0.003727	0.128323	0.092308	0.160405	-0.055476	0.000000	-0.047699	-0.203405	-0.093941
693	0.000000	-0.066272	0.111840	0.186107	0.043276	0.135720	0.085930	0.103632	0.227384	0.064174	0.067688	0.054725	0.313214	0.109712	0.242363	0.066211	0.078562	0.041802	0.062398	0.150455
694	0.000000	-0.163112	0.115707	0.199059	-0.153158	0.106991	0.068039	0.022527	0.230648	-0.012210	0.010990	0.081887	0.165754	0.142395	0.255219	0.114317	0.102955	-0.041320	-0.144924	-0.039371
695	-0.236227	-0.316098	-0.118155	-0.053530	-0.202101	-0.168778	-0.136585	-0.180555	-0.136148	-0.163759	-0.158423	-0.163023	0.000000	-0.138019	-0.102571	-0.171760	-0.140555	-0.211691	-0.200894	-0.164954
696	-0.070041	-0.129811	-0.132396	0.069622	-0.033316	-0.098395	-0.032743	0.153259	0.032627	0.032918	-0.016707	-0.132731	-0.042254	-0.042619	0.050248	-0.129343	-0.077453	0.000000	-0.076219	0.013786
697	-0.106296	-0.272432	-0.067877	0.000000	-0.040411	-0.158040	0.018814	-0.002026	0.108553	-0.062257	-0.065979	-0.064538	0.058317	0.012351	0.131501	-0.057792	-0.031500	-0.064202	-0.066127	0.011433
698	-0.122465	-0.281063	-0.100158	0.000000	-0.213480	-0.051167	-0.014234	-0.089003	0.193845	-0.110704	-0.103023	-0.068807	0.185054	0.014644	0.216020	-0.077080	-0.060463	-0.144792	-0.245541	-0.143174
699	0.090237	-0.074225	0.013063	0.255597	-0.129618	0.075029	0.048148	0.084970	0.178374	0.022230	0.017006	0.011344	0.112720	0.102244	0.187047	0.025652	0.036691	0.000000	-0.193490	-0.062105
700	-0.056610	-0.203671	-0.041750	0.061883	-0.026355	0.032579	0.022331	-0.065173	0.055487	-0.052305	-0.013076	-0.052962	0.000000	0.003388	0.071034	-0.068278	-0.090215	-0.077360	-0.020847	0.033075
701	0.000000	-0.122883	-0.091190	0.033642	0.078536	0.172192	0.062619	-0.004987	0.210687	0.034516	0.066769	-0.056962	0.097591	0.029679	0.234041	-0.006007	-0.046451	-0.031089	0.028589	0.145228
702	-0.028503	-0.227266	0.000000	0.250933	-0.139621	0.033262	0.100754	-0.032271	0.252967	-0.112357	-0.063695	0.045734	0.276837	0.121820	0.261867	0.020250	0.021163	-0.039671	-0.120576	-0.028601
703	-0.042569	-0.172018	-0.001958	0.132262	-0.133421	0.097727	0.025571	-0.015891	0.251881	-0.033523	-0.029658	0.021579	0.341621	0.109236	0.250448	-0.006712	0.000000	-0.035773	-0.260536	-0.111044
704	-0.060923	-0.250447	-0.016243	0.000000	0.007442	0.010071	0.091060	-0.101210	0.171384	-0.095973	-0.045723	-0.006288	0.100600	0.027860	0.209391	-0.063096	-0.068315	-0.115024	-0.024039	0.080227
705	0.101771	-0.087262	0.001214	0.166700	-0.071436	0.137970	0.081148	0.078964	0.307017	0.075631	0.000000	0.009116	0.165242	0.137712	0.308268	0.040976	0.064401	0.118601	-0.146887	0.020130
706	0.070827	-0.208242	0.008228	0.000000	0.056431	-0.028178	0.151937	-0.003808	0.238224	-0.002478	0.028666	0.050993	0.363902	0.077947	0.291016	0.039861	0.024576	-0.018511	0.060911	0.104305
707	-0.013502	-0.158610	-0.000727	0.000000	0.068242	0.020313	0.104490	0.019015	0.161129	0.001282	0.013161	-0.010196	0.117588	0.005134	0.246420	-0.060206	-0.002510	-0.011007	0.072397	0.145223
708	-0.002590	-0.175158	-0.103876	0.056808	0.007180	-0.085168	-0.042227	0.181517	0.076832	0.083289	0.020751	-0.091719	0.198982	-0.047978	0.095281	-0.080887	-0.001118	0.000000	-0.075205	0.045576
709	-0.011645	-0.221351	0.000000	0.050083	-0.078673	-0.105286	0.116193	0.126063	0.246888	-0.034444	-0.039679	0.079590	0.203942	0.073264	0.328360	0.042473	0.124390	0.100082	-0.038398	0.043873
