	A	C	D	E	F	G	H	I	K	L	M	N	P	Q	R	S	T	V	W	Y
1	0.296003	-0.203748	0.048214	0.251088	-0.122035	0.282319	-0.063449	0.077355	0.172601	-0.022225	0.000000	0.027803	0.342475	0.269103	0.116952	0.161303	0.149075	0.246842	-0.207427	-0.089623
2	-0.177582	-0.170157	-0.163251	-0.129847	-0.039090	0.003555	-0.169835	0.152125	-0.031955	-0.002081	-0.022073	-0.060552	0.249355	-0.067663	-0.016123	-0.108103	0.000000	0.179485	-0.183840	-0.058751
3	0.223432	0.241876	0.000000	0.253781	0.630516	0.448698	0.528286	0.560264	0.694287	0.364952	0.404789	0.392597	0.542881	0.462647	0.766716	0.403537	0.529260	0.577626	0.528469	0.594046
4	0.522039	0.179054	0.916322	0.935476	-0.187594	0.966340	0.412146	0.060036	1.011964	0.000000	0.174441	0.836066	0.931675	0.779042	0.904589	0.735903	0.583096	0.270439	-0.794277	-0.339188
5	0.032521	-0.099788	0.191030	0.024477	-0.117487	0.337960	-0.061838	0.000000	0.035915	-0.111035	-0.052312	0.278504	1.082717	0.016822	0.011376	0.137354	0.311755	0.295675	-0.159976	-0.067283
6	0.072680	0.200421	0.246315	0.151905	0.291007	0.443293	0.208046	0.133811	0.000000	0.141364	0.188806	0.198433	1.027722	0.116481	0.007512	0.208291	0.275893	0.259130	0.252903	0.263089
7	0.000000	0.338696	1.408100	1.421278	0.358657	1.055339	1.262251	0.341077	1.710176	0.443114	0.548651	1.388446	1.711769	1.379124	1.745501	0.531929	0.406062	0.166266	0.472012	0.624589
8	-0.541629	-0.674033	0.790644	0.723477	-1.038234	-0.135098	0.184272	-0.600525	0.765736	-1.102987	-0.781217	0.602861	1.505201	0.512066	0.712367	0.000000	-0.030296	-0.416350	-0.853867	-0.730140
9	0.140772	0.091613	0.560964	0.372103	0.100199	0.453924	0.156911	0.208108	0.000000	0.162132	0.174378	0.384035	1.719125	0.217550	-0.000573	0.219430	0.395143	0.364433	0.006414	0.083892
10	1.830167	0.980940	2.318607	2.184529	0.000000	2.456680	1.654822	0.792175	2.132224	0.823414	1.063915	2.111047	2.883013	2.002376	2.138495	1.879427	1.478751	1.093219	0.436331	0.923661
11	1.262031	0.868138	2.903724	2.696711	0.000000	2.374716	2.378981	0.547808	2.774878	0.113767	0.466659	2.891850	2.986732	2.504242	2.749259	2.315168	2.078881	1.013980	0.773445	0.885402
12	0.642922	0.440296	1.680520	1.688179	0.030751	0.943872	0.831984	0.823318	0.982189	0.349327	0.514791	1.344043	2.475656	1.193963	0.901149	0.951462	1.218375	1.051592	0.114239	0.000000
13	0.522621	0.079175	1.017421	0.857593	-0.171546	0.963847	0.000000	0.562356	0.165090	0.477178	0.385903	0.818486	2.216862	0.593549	0.079380	0.413548	0.763348	0.697953	-0.182492	-0.191778
14	1.959714	1.269413	2.967156	2.067016	0.283451	2.705793	1.219491	1.142300	2.236292	1.048310	1.243414	2.239696	2.980565	1.924594	2.022129	2.227308	2.134268	1.382495	0.467264	0.000000
15	1.402871	0.871290	3.036227	2.706059	0.130087	2.344245	2.157721	0.583207	2.731664	0.000000	0.284114	2.715919	3.399171	2.199993	2.695847	1.954500	1.785678	0.972631	0.797577	0.885878
16	0.562708	0.579608	1.527478	1.191255	0.645852	0.943781	0.605306	0.695001	0.000000	0.753987	0.589994	0.901954	2.164304	0.645199	-0.079026	0.557265	0.885502	0.754756	0.569532	0.645707
17	0.054715	0.271779	0.586323	0.393177	0.234093	0.298809	0.258561	0.457863	0.041439	0.463680	0.332512	0.565049	0.358053	0.319754	0.000000	0.371482	0.685689	0.388329	0.286016	0.237721
18	1.445032	1.119030	1.801838	1.065781	0.438528	1.983337	0.736697	2.110797	1.671271	1.807234	1.471935	1.620711	3.174517	1.242651	1.502588	1.632874	2.002987	2.037627	0.688246	0.000000
19	0.070406	0.283901	1.311062	0.979248	-0.356177	0.527418	0.198996	-0.065918	0.000000	-0.236321	-0.079244	0.722444	1.007917	0.403832	0.050593	0.332625	0.362742	0.253107	-0.467129	-0.244214
20	0.057315	-0.110259	0.802546	0.690474	-0.407851	0.207884	0.143140	-0.195895	-0.033860	-0.549835	-0.285038	0.465439	0.443901	0.248119	-0.030014	0.235490	0.164512	0.000000	-0.454207	-0.260047
21	-0.505871	-0.259791	0.254737	0.031918	-0.595954	0.471662	-0.217537	-0.459122	-0.119345	-0.845812	-0.658491	0.210631	0.351681	-0.164603	-0.071878	0.000000	-0.062206	-0.145534	-0.796328	-0.601823
22	1.538805	1.227277	3.003661	2.683086	0.000000	2.345568	2.191163	0.940863	2.713263	0.435748	0.730250	2.787265	3.009698	2.371080	2.673388	2.289041	2.167799	1.446581	0.256836	0.726588
23	0.660139	0.715354	1.971953	1.712859	0.099731	1.210339	1.206114	0.235951	1.660269	0.000000	0.489144	1.842690	2.381161	1.556915	1.631659	1.264385	1.053337	0.575886	0.148273	0.232793
24	0.780584	0.701662	2.104071	1.744613	0.000000	1.560302	1.282063	0.135109	1.318341	-0.074412	0.385474	1.813155	2.304246	1.454809	1.406096	1.451920	1.284169	0.558046	0.202246	0.388595
25	1.405829	1.488256	3.001796	2.682657	1.472852	2.288870	2.541359	0.000000	2.704825	0.519879	0.879317	2.629689	2.780509	2.381180	2.707685	2.182670	1.829395	0.794411	1.850325	1.861713
26	0.407991	0.539413	1.955108	1.722385	0.000000	1.220572	1.544535	0.161913	1.896157	-0.077344	0.248883	1.823103	2.477834	1.614680	1.875995	1.101660	1.008029	0.480254	0.320226	0.479554
27	0.807200	0.929286	2.212485	1.963875	0.584763	1.395600	1.771067	0.251438	2.016024	0.000000	0.590805	2.117089	2.426887	1.856674	2.060406	1.524726	1.363831	0.692391	0.899873	0.950923
28	0.000000	0.118450	1.771317	1.278729	-0.516730	1.025913	0.922082	-0.276784	1.478135	-0.840653	-0.472033	1.012087	2.000626	0.915000	1.555438	0.480690	0.292218	0.069376	0.036516	0.195182
29	1.022632	1.042369	2.177400	1.724293	1.362118	1.942456	2.204192	0.000000	2.439738	-0.084845	0.517058	1.931309	2.307436	1.723532	2.458362	1.811850	1.600010	0.613768	1.746888	1.811800
30	0.562316	0.704829	1.581100	1.399731	0.000000	1.221142	1.429073	0.157976	1.733781	-0.075961	0.340528	1.730536	2.264556	1.456681	1.739619	1.241720	1.180400	0.486575	0.359548	0.528168
31	0.000000	0.288914	1.529558	1.254887	-0.477832	0.880424	1.066504	-0.628761	1.490775	-0.661901	-0.213239	1.511209	1.921990	1.198963	1.479648	0.901084	0.569762	-0.307359	0.082573	0.082596
32	0.000000	0.156023	1.299692	0.629264	-0.481575	0.763803	0.122185	0.181956	0.831546	0.075971	-0.020143	0.715939	2.064651	0.379207	0.715624	0.437803	0.658328	0.333286	-0.289266	-0.531118
33	-0.122227	0.204077	1.052741	0.664893	0.163678	0.678486	0.105131	-0.453774	0.920759	-0.025698	0.026134	0.531581	1.475498	0.388919	0.979432	0.260045	0.000000	-0.292901	-0.087196	0.128897
34	0.632510	0.732655	1.736002	1.868229	0.026934	1.337427	1.401847	0.574380	2.017402	0.241960	0.582415	1.848904	2.300360	1.765984	1.981195	1.448930	1.342879	0.909704	0.212388	0.000000
35	1.278477	1.045577	2.573731	2.394404	0.565554	1.946333	1.944540	0.849118	2.608618	0.000000	0.621473	2.065320	2.740159	2.146410	2.580732	1.669789	1.442604	1.249931	1.101783	1.186695
36	0.025200	-0.013663	0.695667	0.279726	-0.547978	0.657264	-0.010192	-0.320530	0.334265	-0.465680	-0.379365	0.502023	2.017655	0.000000	0.254913	0.266601	0.183608	0.108309	-0.678989	-0.588146
37	1.134124	0.642771	1.933665	1.684702	0.788711	1.734138	1.627855	0.003112	2.159457	0.334384	0.589509	1.675403	2.175542	1.732825	2.130422	1.590264	1.125679	0.000000	0.825186	1.023768
38	-0.352084	-0.377924	0.651212	-0.040581	-0.619112	0.600218	-0.064619	-0.689568	0.000000	-1.100469	-0.934758	0.231273	1.565002	-0.273287	-0.053126	-0.074076	-0.162879	-0.278434	-0.837023	-0.720112
39	0.000000	0.565566	1.703557	1.388533	0.031743	0.865813	0.935850	-0.309507	1.383266	-0.464808	-0.201493	1.373996	2.105194	1.089413	1.347051	0.923403	0.911552	0.477281	0.072015	0.215906
40	0.139451	0.709311	0.909534	1.231326	0.511973	0.992095	1.031282	0.925243	1.455353	0.800369	0.803843	1.084677	0.000000	1.319663	1.502473	0.740856	1.040287	1.097940	0.399095	0.515170
41	0.092669	-0.103076	0.193008	-0.189542	-0.443367	0.419698	0.152910	-0.252977	0.437126	-0.477997	-0.370518	0.450940	1.756309	0.000000	0.364014	0.358714	0.319681	0.153610	-0.501590	-0.391224
42	1.481875	0.916538	2.029330	1.660423	0.000000	2.256930	1.440092	0.788122	1.801706	-0.115692	0.442390	2.002887	2.505176	1.725334	1.814916	2.059426	1.884290	1.358039	0.384925	0.241468
43	1.206794	0.603935	1.837900	1.350389	0.202266	2.009294	1.068343	-0.075106	1.660387	0.205726	0.486230	1.834131	2.632560	1.344718	1.602229	1.587855	1.027021	0.000000	-0.056888	0.245124
44	0.017338	0.456565	1.501169	0.896475	0.254993	0.000000	0.699701	0.955038	0.906751	0.544549	0.361086	1.166892	2.317543	0.646225	0.810106	0.892508	1.329535	1.025778	0.269450	0.235508
45	0.456310	0.380306	0.136408	0.000000	0.493611	1.307482	0.574199	0.341361	0.675773	0.262567	0.272225	0.649853	2.493595	0.344812	0.683282	0.721327	0.806109	0.647543	0.262494	0.427785
46	0.000000	0.449361	2.390100	2.062655	0.052633	1.030772	1.750678	0.381334	2.085764	-0.372395	0.056826	2.101333	2.741649	1.746596	2.024917	1.327363	1.132706	0.687440	0.544549	0.744392
47	1.004062	0.844907	2.112539	1.886531	0.306590	1.976304	1.559720	0.000000	1.967254	0.334910	0.635764	2.034837	2.688503	1.810949	1.958679	1.735426	1.421407	0.339438	0.565208	0.671955
48	0.081547	0.333815	0.784295	0.166725	0.556357	0.750597	0.619489	0.287987	0.487854	0.539825	0.080717	0.582460	2.564432	0.000000	0.273869	0.265907	0.287178	0.355352	0.528517	0.554096
49	0.150959	0.151678	1.098119	0.000000	-0.180818	1.191947	0.135814	0.237982	0.746289	-0.529172	-0.242561	0.892553	2.546982	0.138476	0.732422	0.695453	0.767639	0.547066	-0.285996	-0.208789
50	0.591918	0.887329	2.662007	2.435768	0.538531	1.321261	2.052822	0.784548	2.718576	0.000000	0.549612	2.700240	3.336454	2.211016	2.667326	1.742754	1.700209	1.025371	0.672147	0.836269
51	0.000000	0.184516	1.374925	1.083275	-0.276534	0.835084	0.750149	-0.416689	1.347270	-0.513303	-0.180362	1.405376	2.117013	1.044322	1.294320	0.847008	0.537134	-0.122535	-0.143425	-0.195835
52	0.763400	0.794301	0.936585	0.840049	0.939114	1.209350	0.626211	0.245462	0.000000	0.311409	0.482338	0.567827	2.910882	0.492133	-0.080722	0.875453	0.738785	0.492725	0.881660	0.852517
53	1.598533	1.138618	2.185113	2.045865	0.228339	2.196187	1.286402	0.733174	2.030445	0.322936	0.675129	1.958729	2.786640	1.711464	1.921947	2.030753	1.892300	1.492175	-0.030721	0.000000
54	0.000000	0.013709	1.377958	1.186806	-0.518382	0.704809	0.601390	-0.586471	0.959391	-0.801833	-0.296646	1.206972	1.897300	0.914101	0.940991	0.844516	0.573406	-0.212790	-0.243744	-0.142340
55	0.199041	0.161055	0.385643	0.020819	0.015046	0.600278	0.219455	-0.064971	0.305983	-0.112199	-0.078331	0.515457	1.797311	0.088465	0.299046	0.347948	0.330688	0.000000	-0.258572	-0.066902
56	-0.105737	0.112503	0.013521	-0.028529	0.162649	0.348058	0.249444	0.543128	0.256253	-0.135170	-0.137687	0.000000	1.928521	0.039462	0.245590	0.077109	0.377180	0.701042	0.286581	0.253542
57	0.116037	0.129461	0.681736	0.209372	0.159121	0.621408	0.372239	0.023848	0.236144	-0.220161	-0.203896	0.633618	1.290423	0.139754	0.202474	0.353480	0.420139	0.000000	0.239487	0.284194
58	0.279121	0.254194	0.868445	0.508214	0.267496	0.619541	0.480180	0.303566	0.479667	0.003786	0.000000	0.701049	1.204926	0.429511	0.406681	0.429179	0.612032	0.563753	0.129916	0.392337
59	0.028825	-0.010618	0.218784	0.073485	0.059763	0.284116	0.099184	0.205616	0.220648	-0.051641	-0.014671	0.038486	1.254888	0.000000	0.178943	0.141047	0.271475	0.353061	0.189672	0.127813
60	0.809157	0.288684	0.545909	0.758086	0.545965	0.000000	0.513554	0.958026	0.736938	0.706195	0.692417	0.449573	1.329701	0.720244	0.761099	0.683526	0.840013	1.010819	0.737405	0.697810
61	0.133540	-0.130281	-0.039655	0.082606	0.033084	0.115400	-0.063663	-0.156149	0.000000	-0.094027	0.052948	-0.090657	0.437986	0.042225	0.007333	-0.001781	-0.082006	-0.162378	0.070451	0.067191
62	0.116011	-0.205718	0.000000	0.251734	-0.057428	0.085502	0.015268	0.069585	0.374927	0.054409	0.039705	0.145802	0.190956	0.166832	0.362344	0.116549	0.134055	0.091454	-0.225680	-0.024007
63	0.676766	0.277444	0.000000	0.533673	0.542173	0.582792	0.575368	0.693851	0.795219	0.745113	0.690460	0.350499	0.660346	0.631091	0.808631	0.478191	0.544069	0.626966	0.525721	0.581373
64	0.007622	-0.561146	0.386617	0.448406	-1.080324	0.347626	-0.185322	-0.665714	0.000000	-0.760333	-0.618115	0.080081	-0.157085	0.153929	-0.019952	0.041605	-0.169563	-0.349131	-1.385680	-0.908963
65	0.192393	0.220963	0.439709	0.472115	0.233073	0.188999	0.321072	0.453583	0.352706	0.356628	0.313848	0.374325	0.893990	0.442456	0.286970	0.000000	0.139976	0.403890	0.153799	0.283204
66	0.000000	0.297798	0.279810	0.140348	0.669612	0.350359	0.362215	0.334035	-0.033777	0.173534	0.327074	0.313147	-0.033631	0.173955	0.139286	0.148776	0.254121	0.340044	0.830138	0.767563
67	1.317914	0.974937	1.893254	1.827911	0.000000	1.765484	1.759430	0.307235	2.024486	0.015077	0.689379	1.917957	1.605802	1.877661	2.080102	1.715790	1.212592	0.641771	0.550758	0.865590
68	0.526845	-0.028413	0.970440	0.749439	-0.282955	1.254261	0.280881	-0.278627	0.391298	-0.485972	-0.158295	0.579116	2.157144	0.559152	0.341712	0.561755	0.368029	0.000000	-0.760856	-0.335316
69	0.033977	0.107270	0.208435	0.296454	-0.010032	0.553387	0.030646	0.094485	-0.011839	-0.038640	0.073237	0.098775	2.008388	0.236012	-0.017453	0.000000	0.174649	0.343880	-0.162139	-0.101784
70	0.783329	0.656026	1.869575	1.248875	0.584785	1.589920	0.811898	-0.281663	0.821035	-0.330613	0.188455	1.100028	2.112010	0.787861	0.886709	0.934280	0.478936	0.000000	0.671160	0.679614
71	0.552660	0.509228	2.134826	1.815663	0.506023	1.234802	1.726660	0.000000	2.026799	-0.025834	0.486177	2.071660	2.453814	1.745810	2.025011	1.428156	1.113662	0.170771	0.714838	0.890429
72	0.897726	0.604863	1.985349	1.748645	0.414421	1.605069	1.321135	0.148764	1.238908	0.115103	0.512017	1.659990	2.822229	1.485596	1.209743	1.418308	1.090267	0.447451	0.000000	0.625647
73	0.268639	0.404023	0.881078	0.584931	0.264570	1.211371	0.272256	-0.126295	0.000000	-0.149072	0.022282	0.466325	2.295739	0.285834	0.052074	0.504178	0.351725	0.188383	0.029981	0.133602
74	1.721833	1.557624	3.181649	2.748321	0.987805	2.292360	2.300309	0.670251	2.876920	0.000000	0.646375	2.669406	3.350169	2.352948	2.877884	2.395270	2.076559	1.417219	1.098881	1.331346
75	0.795569	0.745372	2.241476	1.998204	0.411642	1.465493	1.673599	0.186897	2.033621	0.000000	0.644882	2.174554	2.637063	1.966858	2.052991	1.623828	1.359148	0.486296	0.624735	0.719027
76	0.597427	0.532307	1.474604	1.201710	0.103967	1.161521	1.176455	0.000000	1.308858	-0.023059	0.283861	1.449426	2.551874	1.196018	1.341121	1.166756	1.091538	0.532112	0.178489	0.376196
77	0.690261	0.609784	1.653115	1.568099	0.000000	1.235168	1.196906	0.038009	1.599648	-0.227106	0.074127	1.534149	2.569479	1.371331	1.593748	1.391923	1.180293	0.633919	0.426549	0.410325
78	0.401903	0.607107	1.561535	1.353788	0.221042	1.099495	1.012507	0.394721	1.383434	0.230474	0.557540	1.464473	2.072537	1.210730	1.342394	1.047027	0.907993	0.625010	-0.027164	0.000000
79	0.010321	0.303472	1.601309	1.533755	-0.213813	0.796338	1.056382	-0.237723	1.623861	-0.453355	-0.015369	1.590670	1.991087	1.341323	1.608094	0.874677	0.709315	0.000000	0.002283	0.168340
80	0.839538	0.905948	2.270149	2.091258	0.721933	1.280833	2.027398	0.758762	2.309894	0.000000	0.566041	2.210138	2.889461	1.945791	2.358640	1.681281	1.429926	1.024440	0.952173	1.065847
81	-0.521667	-0.220472	0.803601	0.057047	-0.553978	0.143050	-0.258652	-0.510732	0.524065	-0.491909	-0.510232	0.102791	1.965027	-0.139476	0.409860	-0.279996	0.000000	-0.148973	-0.632384	-0.627321
82	-0.555647	-0.506642	0.511459	0.372091	-0.585984	0.155675	0.139386	-0.720419	0.375625	-0.766198	-0.527948	0.363520	1.509184	0.275873	0.341823	0.000000	0.118842	-0.520841	-0.576945	-0.385913
83	0.000000	0.134192	1.648656	1.365693	-0.340144	0.904116	1.038492	-0.609881	1.519027	-0.690975	-0.280132	1.609331	2.000440	1.178567	1.441437	0.906417	0.523979	-0.347428	-0.165210	0.024335
84	0.000000	-0.198025	1.995518	1.659328	-0.746602	1.194735	1.067291	-0.320890	1.718922	-0.993690	-0.574140	1.448357	2.071555	1.264091	1.707127	0.626228	0.336374	-0.098622	-0.259166	0.094577
85	-0.130355	-0.254402	0.600204	0.116665	-0.432771	0.119741	-0.014915	-0.025531	0.143494	-0.339322	-0.418780	0.248739	1.952230	-0.038383	-0.051094	0.000000	0.079325	0.152578	-0.692215	-0.534833
86	0.896554	0.417789	1.660430	1.467246	0.000000	1.565201	1.182818	0.425442	1.201894	0.302575	0.575080	1.549166	2.496506	1.374016	1.077844	1.176360	1.018083	0.743314	0.062319	0.274165
87	0.784492	0.697034	2.453601	2.140970	-0.021769	1.747306	1.720980	0.000000	2.343527	-0.091679	0.391078	2.417419	2.750079	2.004445	2.171745	1.711416	1.395879	0.418813	0.256117	0.269354
88	0.450031	0.915436	2.147898	1.767112	0.116778	1.503183	1.369432	0.579889	1.847903	0.632216	0.690722	1.874323	2.394697	1.574728	1.668966	1.153854	1.178577	0.577377	0.348098	0.000000
89	-0.145506	-0.288123	0.523794	0.184456	-0.499108	-0.036550	-0.179025	-0.376036	0.054384	-0.578044	-0.434295	0.167630	1.563992	-0.037775	-0.129994	0.000000	-0.021503	-0.247638	-0.476930	-0.634993
90	0.483700	0.030926	1.636377	1.319439	-0.266912	1.272782	0.674767	0.000000	0.831061	-0.100771	0.092968	1.243507	2.491030	0.922077	0.635233	0.804033	0.645392	0.293630	-0.390551	-0.264799
91	1.236185	1.140425	2.675437	2.325804	0.468425	2.087322	1.757314	0.329788	2.275497	0.000000	0.542261	2.340101	2.937541	1.983988	2.231467	1.904525	1.430683	0.818542	0.839391	0.947137
92	1.322418	1.078512	2.212664	1.833556	0.000000	1.830527	1.095496	0.725867	2.068665	0.834560	1.023134	1.966279	2.221739	1.831666	1.793875	1.500689	1.319795	0.841458	-1.293367	-0.046246
93	-0.145109	-0.128991	0.080469	0.114993	-0.086440	0.055406	0.000509	0.130058	0.130347	-0.092332	-0.010172	0.076833	1.573970	0.064985	0.023408	-0.057989	0.000000	0.237693	-0.176707	-0.123920
94	-0.288959	-0.483495	0.291938	0.369229	-0.996585	0.230366	-0.281480	-0.617744	0.032544	-0.739780	-0.539945	0.048695	1.489141	0.000000	-0.062924	-0.139176	-0.082201	-0.233553	-1.116862	-0.915570
95	1.078290	0.952099	2.095720	2.254810	1.413784	1.955443	2.059916	-0.052874	2.102874	0.661779	0.819220	2.032154	2.217606	1.969615	2.171922	1.601220	1.089019	0.000000	1.647708	1.830225
96	0.975649	0.829314	1.779706	1.940056	0.746626	1.508741	1.843438	0.028926	2.156911	0.451228	0.663102	1.685883	2.347086	1.844609	2.186455	1.324928	1.098634	0.000000	1.137893	1.351626
97	-0.261139	-0.406304	-0.247060	-0.380677	-0.009035	0.000000	-0.191031	-0.287603	-0.193418	-0.411297	-0.244388	-0.240249	1.574776	-0.264826	-0.244178	-0.156848	-0.084772	-0.189333	-0.035029	0.035787
98	-0.053333	0.256521	0.076487	0.215370	0.175573	0.482433	0.165357	0.116896	0.000000	0.005710	0.026485	0.336501	1.969680	0.102021	0.046435	0.053125	0.291833	0.340676	0.136121	0.315899
99	-0.711147	-0.721467	1.153748	0.918299	-1.210766	0.536194	0.502897	-1.113515	0.886597	-0.977132	-0.928961	0.987656	1.428350	0.725883	0.804665	0.000000	-0.316174	-1.188193	-0.335806	-0.303436
100	-0.067599	-0.444689	1.422800	1.037539	-0.038754	0.817317	0.868990	-1.399319	0.651908	-1.125117	-0.772394	1.073286	1.327301	0.684147	0.644249	0.500319	0.000000	-1.177469	0.263678	0.293108
101	-0.435659	-0.494033	0.169688	-0.225192	-0.393677	0.012122	-0.222390	-0.179021	-0.315188	-0.384170	-0.381377	0.000000	1.798971	-0.192620	-0.433733	-0.157608	0.014148	-0.110570	-0.430830	-0.341745
102	-0.340768	0.186268	0.158203	0.118798	0.270190	0.559176	0.210778	0.259438	0.059937	-0.207602	-0.177973	0.407059	2.236548	0.056276	0.000000	0.151933	0.582479	0.611061	0.130146	0.321200
103	1.345876	0.816154	2.403795	2.247897	0.643463	2.128762	2.080608	-0.366620	2.034767	0.015154	0.000000	2.329630	2.240950	2.044307	2.084318	2.044110	1.753099	0.328276	0.885218	1.359976
104	0.883736	0.897774	1.850514	1.318575	0.787324	1.438529	0.898610	0.519482	0.399441	0.376725	0.625321	1.376447	2.530039	0.877236	0.000000	1.110801	1.007600	0.815571	0.767193	0.726905
105	-0.012128	0.039177	0.283039	0.002024	0.372761	0.525970	0.245484	0.000000	-0.015847	0.015652	-0.009911	0.348558	2.255735	-0.073971	-0.055027	0.127061	0.229697	0.223945	0.398785	0.431530
106	-1.003608	-0.534794	-1.247306	-0.769862	-0.120795	0.000000	-0.415075	-0.179142	-0.322050	-0.255017	-0.486712	-0.440737	2.073940	-0.452736	-0.252459	-0.739953	-0.375782	-0.060262	-0.244499	-0.046935
107	1.483228	1.117577	3.102223	2.575366	0.849110	1.930182	2.302826	0.838761	2.535585	0.000000	0.590687	2.740344	3.167185	2.210464	2.491771	2.194832	1.657546	1.170892	1.441195	1.405148
108	0.058649	0.070623	0.695134	0.088866	0.000000	0.621723	0.255112	0.095646	-0.202760	-0.120044	-0.062451	0.645018	1.959187	-0.035860	-0.189776	0.339386	0.497890	0.289534	0.178441	0.315620
109	-0.205856	-0.132766	0.245576	-0.106601	-0.046212	0.355193	-0.075195	0.045018	-0.257567	-0.094848	-0.127120	0.000000	2.224996	-0.149976	-0.277046	-0.048954	0.149150	0.115679	-0.069315	-0.011309
110	1.293528	1.300389	2.712139	2.327679	1.687751	2.248023	0.642054	1.512738	0.000000	1.556395	1.387471	1.535541	3.115964	0.962840	0.083378	1.271935	1.266263	1.400713	1.877659	1.566128
111	1.440708	0.804475	2.664114	2.197072	1.028319	2.601574	1.980483	0.141156	1.995332	0.000000	0.579175	2.402260	3.173682	1.853985	1.940049	1.927163	1.389097	0.365119	1.295815	1.261964
112	0.005375	-0.237607	0.270037	0.000000	0.316409	0.308090	0.117812	0.089763	-0.208540	-0.098779	-0.150283	0.000960	1.702438	-0.144582	-0.157161	-0.107428	0.008074	0.239095	0.318212	0.383334
113	0.580693	0.573872	1.506117	1.096371	0.854046	0.816778	0.550232	0.593090	0.000000	0.624499	0.491900	0.608549	2.563505	0.430534	0.028106	0.277697	0.173907	0.326900	1.019313	0.839710
114	0.675412	0.690049	2.155059	1.934079	1.219222	1.707897	1.285001	0.625292	0.653309	0.000000	0.402638	1.317945	2.719120	0.932942	0.878042	0.892508	0.719009	0.577777	1.526784	1.112227
115	-0.113214	0.389753	0.145227	0.728003	1.020762	-0.298265	0.159246	1.176990	0.409445	0.901218	0.668678	-0.059849	-1.133348	0.287332	0.498943	-0.481345	0.000000	1.026898	0.926232	1.058280
116	-0.415076	-0.184361	0.442944	0.248273	-0.186151	0.251184	-0.495831	0.000000	-0.914432	-0.147783	-0.157052	-0.078045	-0.576824	-0.440011	-0.851390	-0.361229	-0.141908	0.055221	-0.109957	-0.285398
117	0.190589	0.853381	0.956895	0.673193	0.909684	0.665645	0.487627	1.094865	0.150766	0.898793	0.694035	0.825166	1.549658	0.434929	0.000000	0.372158	0.886662	1.213363	0.798360	0.809076
118	2.325182	1.452766	2.944631	2.996867	0.000000	2.847803	1.643042	1.874080	2.389533	1.624157	1.720566	2.537703	3.638699	2.620617	2.307105	2.439675	2.134584	1.898093	0.473146	0.307491
119	1.723717	1.005304	2.165500	2.241053	0.000000	2.282965	1.394779	1.441322	1.582609	1.126765	1.212326	1.821505	2.501235	1.876219	1.382363	1.763737	1.671683	1.746495	0.316366	0.513720
120	0.307114	0.214970	0.000000	0.123835	0.517250	0.929882	0.135753	0.362250	0.501336	0.073200	0.210836	0.096461	2.050057	0.206672	0.423493	0.480998	0.590331	0.417443	0.454489	0.510789
121	0.380922	0.307633	0.221814	0.179604	0.646388	0.556290	0.300904	0.610893	0.276412	0.552925	0.364149	-0.013897	2.205662	0.171254	0.243137	0.000000	0.177451	0.706708	0.652099	0.642713
122	0.286710	-0.278689	1.652078	1.141522	0.219356	1.181865	0.000000	-0.190720	0.016742	-0.169879	-0.364090	0.458172	2.086182	0.276526	-0.241198	0.076935	-0.245485	-0.300429	0.262171	0.195458
123	-0.040852	0.273727	-0.161030	-0.038935	0.495570	0.161909	0.115759	0.627155	0.155244	0.442449	0.464970	0.088017	-0.030933	0.000000	0.213967	-0.423433	-0.264813	0.419469	0.607455	0.594869
124	-0.461784	-0.594649	0.000000	-0.268274	-0.786363	0.025141	-0.412174	-0.519539	-0.309645	-0.583661	-0.599603	0.021659	0.011764	-0.333766	-0.360927	-0.249084	-0.299021	-0.494574	-0.847024	-0.745288
125	-0.160309	-0.135507	0.131677	0.042981	0.043672	0.000000	0.097769	0.175106	0.190314	0.172147	0.138436	0.227759	0.790091	0.120629	0.248935	-0.128478	-0.012537	0.183243	-0.216716	0.089752
126	0.842093	0.545185	0.406981	0.000000	0.403944	1.376973	0.718811	0.908705	1.311615	1.015137	0.756287	1.095024	2.876435	0.783813	1.298664	0.770196	0.772863	0.778464	0.093581	0.168442
127	1.598483	0.908232	2.360143	2.126093	0.627183	2.194333	1.560545	0.000000	1.794705	0.606653	0.862169	2.062452	2.654503	1.809884	1.651724	1.902894	1.408725	0.435566	0.768629	0.902765
128	0.564852	0.254860	1.002331	0.652671	0.569101	1.462650	0.798036	0.064308	0.684463	0.000000	0.164864	0.946290	2.639691	0.592655	0.613799	0.748805	0.642573	0.274729	0.452800	0.582342
129	-0.002791	0.345853	0.478687	0.506690	0.887956	0.378807	0.456196	0.782297	0.068772	0.569778	0.397301	0.380249	2.823586	0.188093	-0.048125	0.000000	0.293738	0.689745	0.810787	0.894217
130	-0.094917	0.160847	1.577512	1.466965	-0.036253	0.898026	0.346127	-0.604161	0.031272	-1.078987	-0.650801	1.046261	1.870994	0.628156	0.000000	0.543472	0.436103	-0.218854	0.102546	-0.135274
131	0.965996	0.455688	1.604984	1.544241	0.000000	1.454752	1.300935	0.339067	1.317029	0.286249	0.523965	1.659173	1.803541	1.371632	1.274127	1.361363	1.280295	0.612241	0.628783	0.642617
132	0.437353	0.336809	0.724534	0.813135	0.281608	0.540044	0.322729	0.475659	0.401904	0.452837	0.420326	0.511261	2.298032	0.561128	0.225864	0.270954	0.000000	0.477887	0.402356	0.188899
133	0.156948	0.124624	0.158623	0.307895	0.149888	0.451514	0.136350	0.276416	0.220820	0.401976	0.193868	0.188466	2.179745	0.158873	0.204003	0.000000	0.051212	0.128186	0.284428	0.264189
134	0.752035	0.510387	0.000000	0.731530	0.856213	1.484984	0.966674	0.601147	1.445268	0.503032	0.624851	1.008845	2.245713	0.976792	1.523609	0.978632	0.731464	0.663421	0.683017	0.765662
135	1.395965	0.822192	2.049817	2.030184	0.934063	2.067244	1.941905	0.180394	2.020617	0.000000	0.713579	2.052044	2.124024	1.939819	1.963537	1.733154	1.322828	0.410003	1.226638	1.333019
136	0.081779	0.019437	0.000000	0.051406	0.210112	0.254672	0.262342	0.390228	0.232631	0.200965	0.111024	0.186044	2.208903	0.089050	0.236311	0.123739	0.280830	0.436279	0.175773	0.261269
137	-0.475179	0.080851	0.215588	0.246121	0.291991	0.227331	0.329765	0.128954	0.108575	0.129436	-0.021096	0.000000	2.336286	0.119259	0.094457	-0.280524	0.006735	0.231786	0.281074	0.399393
138	1.565695	1.016589	2.458409	2.318116	0.860281	2.138368	2.177378	0.000000	2.373719	0.438483	0.734144	2.396158	2.580491	2.144371	2.278071	2.120660	1.756517	0.507916	1.105760	1.370518
139	0.030480	0.210987	0.512259	0.146211	0.134270	0.609713	0.268324	0.141665	0.157152	0.412320	0.129197	0.402925	2.248200	0.000000	-0.019383	0.084377	0.093616	0.108003	0.226415	0.209188
140	-0.112060	-0.162627	0.198406	0.214161	-0.084678	0.199299	0.019013	0.046122	0.040870	-0.060083	-0.114636	0.000000	2.027644	0.074292	-0.066984	-0.011989	0.103228	0.014251	-0.081539	-0.037282
141	-0.540706	0.029839	1.203178	1.076079	0.080914	0.442588	1.034750	0.555884	1.404973	0.247676	0.123094	0.914998	1.751272	0.999849	1.319509	0.000000	0.142989	0.456340	0.542774	0.555356
142	0.926303	0.449672	1.947025	1.824649	0.398206	1.664725	1.700271	0.569491	2.115530	0.000000	0.237603	1.899792	1.892447	1.605502	2.112613	1.365919	1.226743	0.790697	0.242384	0.865518
143	-0.058631	-0.330065	0.141059	-0.115955	-0.206221	-0.105594	-0.045811	-0.188939	0.000289	-0.294896	-0.373237	0.000000	1.287134	-0.165900	-0.105248	-0.040585	0.044649	-0.168431	-0.166041	-0.153700
144	0.022851	-0.247479	0.111850	0.017737	-0.265843	0.156033	0.030895	-0.151015	0.273384	-0.131246	-0.077803	0.004373	1.605422	0.000000	0.181028	0.018330	-0.103589	0.046807	-0.306650	-0.302301
145	0.000000	0.353269	1.349886	1.182875	0.201377	0.925850	1.116005	0.351374	1.481412	0.445261	0.444747	1.217667	1.338175	1.117321	1.463101	0.667927	0.467367	0.223148	0.244796	0.484106
146	0.880059	0.472275	2.470658	2.303435	0.001894	1.821932	1.706043	0.039469	2.308958	0.000000	0.409531	2.455035	2.313907	2.040602	2.231513	1.722766	1.264988	0.199771	-0.084166	0.406671
147	0.200220	0.663353	1.740006	1.095939	0.207263	1.034750	1.204017	0.187630	1.497295	0.000000	0.247802	1.522338	1.312042	1.044528	1.316612	0.659668	0.743625	0.508265	0.516248	0.370771
148	-0.107532	0.122901	0.400617	0.147180	-0.019606	0.029453	0.354396	0.121374	0.658403	-0.172966	-0.173673	0.308454	1.816466	0.000000	0.544343	0.240486	0.213755	0.426901	-0.061237	0.030530
149	0.074991	-0.154710	1.292948	1.310543	-1.015518	0.740980	0.735873	-0.501338	1.452873	-0.929950	-0.525124	1.312484	1.687627	1.130782	1.361582	0.846666	0.587044	0.000000	-0.757861	-0.586296
150	0.621785	0.506853	2.157653	1.876685	0.015279	1.485511	1.551375	-0.025876	2.082715	0.000000	0.236883	2.102591	2.382882	1.689946	2.033140	1.423491	1.099668	0.083530	0.569847	0.686263
151	-0.021082	-0.188392	0.922641	0.102048	-0.556564	0.536084	0.046099	-0.773277	0.252954	-0.614934	-0.594602	0.415647	1.941734	-0.058442	0.148954	0.212241	0.000000	-0.529453	-0.654107	-0.601281
152	0.121405	-0.071392	0.416704	0.509538	-0.199838	0.347186	0.275964	0.207798	1.034795	-0.073986	-0.072762	0.000000	2.004720	0.518589	0.951241	0.262039	0.457704	0.446500	-0.274467	-0.132607
153	0.488528	0.718819	1.748196	1.753343	0.167410	1.130745	1.320078	0.000000	1.959483	-0.081795	0.239292	1.810276	2.300466	1.513002	1.909093	1.179860	0.911309	0.487438	0.479477	0.562318
154	0.000000	0.155539	1.576566	1.273082	-0.281723	1.101970	1.108079	-0.472291	1.541000	-0.493490	-0.367412	1.422328	2.027618	1.117384	1.475976	0.672974	0.361932	-0.215427	0.234684	0.337825
155	0.913293	0.768141	1.297556	0.920084	0.836883	1.379407	0.874128	0.108921	0.795314	0.000000	0.283366	0.944553	2.801282	0.623514	0.660752	1.006111	0.763413	0.405437	0.968510	0.867580
156	0.731846	0.962335	2.559003	2.455271	0.489008	1.612288	1.337439	0.588467	2.166641	0.000000	0.458708	2.266940	2.926498	1.781413	2.171147	1.458538	1.158400	0.936107	0.844045	0.876973
157	0.227256	0.372094	1.362300	1.312949	-0.066519	0.866711	1.035392	-0.312342	1.439973	-0.484737	-0.057819	1.400433	2.087388	1.205419	1.413074	0.996306	0.746837	0.000000	0.252812	0.384308
158	-0.419303	-0.128446	1.041626	0.768210	-0.616352	0.000000	0.491156	-0.339133	0.927279	-0.734783	-0.558691	0.798486	1.744030	0.618748	0.955611	0.212132	0.333110	0.092956	-0.321102	-0.120715
159	1.132925	1.178164	2.325502	2.094815	1.472204	2.321370	2.024844	-0.133648	2.111565	0.408170	0.738654	1.824546	2.779401	1.756235	2.136510	1.490441	0.678316	0.000000	1.743464	1.781796
160	0.984724	1.019134	2.209035	2.011244	0.720438	1.683412	1.875290	0.220669	2.440092	0.000000	0.528464	2.206642	2.957755	2.011575	2.419213	1.321640	0.854293	0.630501	0.905428	1.054200
161	0.730813	0.694733	1.698681	1.405124	0.260739	1.452540	1.237357	0.000000	1.589876	-0.066614	0.346291	1.740573	2.732948	1.428165	1.604273	1.520188	1.522457	0.584429	0.369369	0.381942
162	-0.071075	0.470841	0.745614	-0.281363	0.140720	0.996121	0.376773	0.499225	1.026743	0.337077	0.000000	0.920433	2.216515	0.287587	1.057271	0.666710	0.950439	0.808841	0.313491	0.176703
163	1.661381	1.324074	3.020662	2.809519	1.488311	2.333647	2.690690	1.174102	2.792800	0.836309	0.000000	2.738981	3.585909	2.410916	2.932117	2.430151	2.498534	1.713076	1.885975	2.082786
164	1.576599	1.074362	2.376259	2.470753	0.000000	2.284959	1.951390	1.036029	2.394510	0.617295	0.892164	2.341659	3.295552	2.400256	2.427124	2.097430	2.055780	1.356440	0.783506	0.918850
165	-0.000592	-0.027964	0.850823	0.611963	-0.222097	0.808420	0.104632	-0.107146	0.140714	-0.283092	-0.265533	0.441840	2.495196	0.227413	0.000000	0.203287	0.493580	0.198437	-0.346403	-0.237019
166	0.069993	-0.190566	0.355085	-0.055522	-0.172941	1.076221	0.110228	-0.865597	0.464114	-0.593268	-0.470665	0.350750	2.271977	0.000000	0.409068	0.308286	-0.219713	-0.573345	-0.281127	-0.287857
167	0.949874	0.270207	-0.233998	0.895940	0.688747	0.896394	0.363327	1.153980	1.517160	1.036457	1.099025	0.000000	2.001362	1.186978	1.591601	0.559261	1.334098	1.302968	0.756657	0.689206
168	0.010259	0.077981	0.695574	0.385779	0.011604	0.310367	0.139317	0.073428	-0.273913	-0.019425	-0.057138	0.418649	-0.259335	-0.000362	-0.174628	0.107134	0.231286	0.000000	-0.021766	0.116480
169	-0.570445	-0.278610	0.090866	0.000000	-0.910293	-0.413111	-0.039815	-0.581406	0.156590	-0.963250	-0.594447	0.235420	-0.459997	0.041287	0.278092	-0.067543	-0.139808	-0.276597	-0.754682	-0.611216
170	1.314349	1.515402	2.883907	2.770858	0.788803	2.264863	2.469968	0.524296	2.938651	0.000000	0.575534	2.944246	2.977254	2.570141	2.877193	2.443354	1.919455	1.162038	1.682290	1.573733
171	0.000000	0.804081	1.771615	1.642224	0.438043	0.609278	1.533512	0.968493	1.844064	0.673092	0.696030	1.495258	1.959375	1.474362	1.962678	0.537442	0.742704	1.073325	0.929196	1.137947
172	0.636054	0.440618	2.003818	1.821859	0.315461	1.485152	1.447062	-0.125560	1.361857	-0.434355	0.120465	1.691514	2.234054	1.445375	1.469256	1.355908	1.095239	0.289702	0.000000	0.637655
173	0.000000	0.045831	1.939257	1.153652	-0.280997	1.402361	0.708020	-0.902708	0.892284	-0.541198	-0.263930	1.329757	1.780513	0.922951	0.882639	1.024647	0.672967	-0.777453	-0.486818	-0.261949
174	0.110768	-0.278387	1.724296	1.656232	-0.406339	1.253459	1.299516	-0.985242	1.646384	-1.054818	-0.750010	1.086407	1.745683	1.360354	1.693212	0.397459	0.000000	-0.657119	0.852603	0.872726
175	0.684477	0.471321	1.605376	1.376688	0.052058	1.357547	1.341180	0.000000	1.862369	-0.764134	-0.261829	1.520880	1.824548	1.330175	1.873211	1.276221	1.191030	0.659433	0.422097	0.456930
176	0.000000	0.582854	1.581086	1.260136	0.100651	0.974698	1.021795	0.165440	1.287782	0.004370	0.114989	1.397396	1.991517	0.982059	1.220337	0.734533	0.898587	0.510475	0.025963	0.226097
177	-0.431892	-0.161205	0.879355	0.872627	-0.878649	-0.389752	0.369180	-1.056450	0.921851	-1.380278	-0.888699	0.222506	0.207900	0.470302	1.015279	0.000000	-0.401373	-0.574721	-0.573849	-0.247032
178	0.111485	0.150013	1.221749	1.247939	-0.365733	1.067462	0.809085	-0.876253	1.524197	-1.315271	-0.701939	1.084902	1.751054	0.969460	1.535182	0.810653	0.000000	-0.412010	-0.099494	0.147064
179	0.684720	0.670249	1.372768	1.318291	0.218067	0.575155	1.046625	0.682932	1.297999	0.400796	0.666529	1.372517	0.000000	1.281212	1.328178	1.149837	1.093924	0.874274	0.137650	0.387031
180	1.031318	1.049431	2.328458	2.123445	0.208539	1.528710	1.640588	0.000000	2.055591	0.165924	0.703876	2.240536	1.557341	1.915270	2.018883	1.865818	1.335028	0.486155	0.255165	0.426753
181	0.000000	0.637897	1.870259	1.960045	0.003857	1.199000	1.230785	-0.278593	1.908500	-0.058692	0.200592	1.530337	1.847482	1.641558	1.747515	1.123289	0.646107	-0.000441	0.301820	0.010311
182	0.912699	0.505745	2.213171	2.139353	-0.037318	1.599274	1.348172	0.000000	1.985542	-0.105796	0.356211	1.938006	2.813617	1.858495	1.955933	1.653637	1.356178	0.492023	-0.044239	0.139752
183	0.479051	0.622022	2.054483	1.955046	0.050823	1.207249	1.278241	0.237117	1.539493	0.000000	0.465855	1.921816	2.617128	1.626877	1.482882	1.243138	1.058686	0.509395	0.011694	0.065067
184	1.344528	1.112770	2.637500	2.471728	0.254467	1.868803	2.114454	0.000000	2.508105	0.271964	0.709615	2.524772	2.698039	2.324179	2.465114	2.154103	1.703275	0.564886	0.822242	1.017379
185	0.000000	0.410207	2.167449	1.857411	-0.501225	1.049623	1.077872	-0.066072	1.845635	-0.542494	-0.201369	1.772825	2.519992	1.352054	1.806995	0.992364	0.904910	0.513570	-0.375246	-0.151856
186	0.090037	-0.292314	1.110686	0.970211	-0.525414	0.925333	0.473920	-0.289521	0.827823	-0.771816	-0.443506	0.824963	2.467395	0.737916	0.755165	0.617027	0.579685	0.000000	-0.485457	-0.378778
187	1.091114	0.738730	1.730506	1.752764	0.000000	1.984759	1.304582	0.413767	1.548577	0.299530	0.640275	1.816279	2.616438	1.667607	1.519278	1.520387	1.393908	0.928141	-0.025489	0.305559
188	0.661333	0.168295	2.110628	1.773333	-0.286275	1.595936	1.279715	-0.390635	1.652086	-0.784560	-0.311535	1.698585	2.365718	1.359444	1.526324	1.358070	0.873097	0.000000	0.144254	0.220771
189	-0.340935	-0.439084	-0.242422	-0.124325	-0.482613	0.174162	-0.026156	0.000000	0.654451	-0.281804	-0.496388	0.205893	2.093214	0.023130	0.548356	-0.057722	0.176208	0.435866	-0.474194	-0.359516
190	-0.288502	-0.468317	0.410754	0.373679	-0.413263	0.403346	-0.108684	-0.308922	0.170178	-0.557608	-0.440071	0.159429	2.198569	0.231901	0.016389	0.000000	0.083304	-0.051301	-0.585242	-0.516809
191	-0.365422	-0.162569	1.116681	0.292979	-0.262165	1.008883	0.265019	-0.100238	0.000000	-0.988503	-0.628622	0.319192	1.965257	0.092228	0.093387	0.459527	0.523583	0.238259	-0.023285	-0.121927
192	0.000000	0.198894	1.357507	0.551751	-0.274072	1.272286	0.510634	0.107697	1.243083	-0.106794	-0.090638	1.075668	2.830347	0.554923	1.003025	0.548809	0.655308	0.327742	-0.707589	-0.432571
193	0.349575	0.145318	0.895428	0.646126	0.270939	0.874191	0.503280	0.227393	0.303864	0.254146	0.120279	0.656542	2.621377	0.350558	0.000000	0.549399	0.471344	0.372102	0.059352	0.182563
194	0.193922	-0.058209	0.443863	0.211224	-0.243156	0.741351	0.068370	-0.126264	0.000000	-0.168824	0.048104	0.484342	1.501245	0.281890	0.030179	0.510427	0.438833	0.131061	-0.147481	-0.350558
195	1.573044	1.286471	2.163272	1.754313	0.463310	2.259713	1.372740	1.643325	2.509529	1.546027	1.448310	2.119694	2.803159	1.978027	2.280475	2.007965	1.823296	1.685481	0.053191	0.000000
196	-0.108396	-0.302599	0.329881	-0.098204	-0.522753	0.338461	0.103452	-0.033031	0.251719	-0.411763	-0.594468	0.160880	1.941201	-0.137548	0.034939	0.014036	0.051129	0.000000	-0.656626	-0.446148
197	-0.372080	-0.161304	0.000000	-0.185611	0.081506	0.102471	-0.046900	0.017644	-0.216268	-0.129354	-0.257945	0.061849	2.086447	-0.247149	-0.244911	-0.153145	0.093745	0.079795	0.015575	-0.040892
198	0.282943	0.563718	0.516721	0.148071	0.555658	1.203502	0.658314	0.244684	0.489369	0.000000	0.199790	0.785259	2.142193	0.365057	0.483049	0.503913	0.574676	0.523517	0.529263	0.589206
199	-0.079210	-0.359448	0.514971	-0.087901	-0.682980	0.811528	0.084092	-0.125603	0.773500	-0.321344	-0.252251	0.652766	1.853537	0.000000	0.602409	0.221899	0.012899	-0.135807	-0.919405	-0.742965
200	-0.010316	-0.153680	0.321385	0.171460	-0.112084	0.609014	-0.049009	0.136506	0.024251	-0.073056	-0.077989	0.070908	2.233743	0.000000	-0.246130	0.168136	0.271229	0.283811	-0.337524	-0.212363
201	-0.213026	-0.116208	0.000000	-0.087625	0.076133	0.499106	0.044181	-0.133780	-0.216111	-0.156040	-0.229616	0.221843	2.302486	-0.125055	-0.210537	0.073361	0.211188	-0.017208	0.181657	0.104060
202	-0.014553	0.016823	1.715278	0.000000	-0.119249	1.310215	0.398298	0.089009	0.756024	-0.409322	-0.287400	0.932772	2.589433	0.173352	0.650049	0.779386	0.810810	0.135144	-0.088860	-0.165205
203	0.185716	0.007678	0.633247	0.044467	-0.097780	1.021004	0.377256	-0.043750	0.502251	-0.210888	-0.292370	0.541740	2.382180	0.066284	0.457715	0.368460	0.243880	0.000000	-0.273013	-0.081462
204	-0.375547	0.028154	0.183875	0.149180	0.539156	0.000000	0.231000	0.695864	-0.040005	0.366762	0.163368	0.138743	2.354712	0.037386	-0.099304	-0.048162	0.441298	0.723510	0.573390	0.665164
205	0.372240	0.688117	0.824748	0.713083	0.840560	1.208205	0.608951	0.374683	0.000000	0.464333	0.546173	0.715357	2.359616	0.546284	0.097818	0.650119	0.698488	0.398633	0.897871	0.821699
206	1.768576	1.308122	3.265187	2.530304	1.068258	2.848592	2.357235	0.796880	2.170699	0.000000	0.925100	2.924778	3.296796	2.132451	2.046246	2.088025	1.587007	1.089085	1.427510	1.522044
207	-0.128587	-0.195625	0.470407	0.294851	-0.132353	0.422755	-0.125245	-0.298571	-0.499539	-0.378664	-0.396306	0.000000	2.362596	-0.285830	-0.524013	0.045405	0.049966	-0.125951	-0.247499	-0.195206
208	-0.591091	0.128925	-0.051880	-0.041008	0.480371	0.000000	0.061169	0.409742	-0.314224	0.229604	0.058642	-0.034807	2.347804	-0.216851	-0.258667	-0.347228	0.117957	0.477933	0.639792	0.650084
209	1.486073	1.330886	2.077492	1.919610	0.281237	2.297766	1.471077	1.094503	1.920818	0.894793	0.971902	2.076063	2.805477	1.767323	1.846343	1.969422	2.021563	1.609019	0.417160	0.000000
210	0.897151	0.339995	2.183954	1.866128	0.192628	1.835043	1.423268	-0.182509	1.365137	-0.262745	0.000000	1.754745	2.748023	1.563008	1.390041	1.453322	1.194641	0.210328	0.200774	0.462238
211	-0.257910	0.207482	0.000000	-0.080650	0.315708	0.330103	0.053660	0.084668	-0.220949	0.082950	0.066545	0.079148	2.174297	-0.137772	-0.226466	-0.107200	0.071367	0.185677	0.436333	0.331065
212	0.312771	0.617616	0.195997	0.000000	0.889668	0.697643	0.689507	1.140845	0.779339	1.144053	0.887822	0.717100	2.302437	0.521309	0.759442	0.329141	0.693691	1.146646	0.733635	0.872829
213	-0.168749	-0.061525	1.831532	1.232663	0.420120	1.200362	0.465571	-0.464071	0.000000	-0.371241	-0.307399	0.799143	2.414001	0.151859	0.104601	0.349868	0.216592	-0.469478	0.127890	0.321442
214	0.739137	0.319019	1.596811	1.325957	0.356791	1.412985	0.923648	0.000000	0.774706	0.062046	0.399392	1.267055	2.590408	1.040325	0.677881	1.013138	0.940211	0.461282	0.387316	0.548323
215	-0.005557	0.424792	0.843023	0.609272	0.542270	0.554481	0.330230	0.504195	0.041583	0.450585	0.308253	0.357876	2.195822	0.272061	-0.060062	0.000000	0.272031	0.536847	0.738207	0.661041
216	-0.110807	-0.058804	0.374263	0.247404	0.670420	0.000000	0.079717	0.795897	-0.122064	0.456159	0.149213	-0.393016	1.480618	-0.215949	-0.185272	-0.322863	0.217178	1.019507	0.633129	0.746523
217	-0.226779	-0.240246	0.427047	0.125355	-0.493673	0.401630	-0.130567	-0.474240	0.147785	-0.373955	-0.316786	0.243381	0.896696	0.000000	0.063192	-0.030591	0.111324	-0.156774	-1.075484	-0.638381
218	-0.081168	0.371302	0.298774	0.093175	0.220799	0.385826	0.126169	0.041194	0.023932	-0.027518	0.087389	0.164705	0.367213	-0.001340	0.000000	-0.027381	0.098772	0.227712	0.178291	0.246649
219	0.112028	-0.155679	0.135872	-0.075102	-0.078246	0.643211	-0.012986	-0.001563	0.188799	0.097694	0.121309	0.093662	1.415911	0.070194	0.091033	0.053897	-0.130305	0.000000	-0.490536	-0.191562
220	1.196321	0.852134	0.916787	1.145275	1.113592	1.889571	1.336013	0.000000	1.575992	0.627744	0.975981	0.993739	2.318906	1.339595	1.301687	1.107532	0.693875	0.464985	0.980312	1.035061
221	0.371056	0.433534	0.500643	0.227790	0.513572	1.315488	0.448996	0.000000	0.393102	0.176491	0.344904	0.489403	2.292727	0.379950	0.308811	0.423121	0.354921	0.434076	0.210660	0.390983
222	-0.526349	-0.150004	0.207655	-0.296916	0.166461	0.208018	0.007534	0.173650	0.041420	0.001539	-0.145009	0.076667	1.495005	-0.132331	-0.031526	-0.243959	0.000000	0.314491	-0.047410	0.137419
223	-0.213179	-0.381232	0.592124	0.091430	-0.460328	0.109360	-0.062892	0.177355	0.285447	-0.554552	-0.488867	0.000000	1.416032	-0.025183	0.210057	-0.123667	0.030970	0.265510	-0.298727	-0.278760
224	0.577407	0.322579	0.407450	0.790750	0.930162	0.000000	0.328074	1.250116	0.577850	0.971746	0.800698	0.066769	1.762225	0.529083	0.633542	0.401078	0.868444	1.262779	1.077795	0.958126
225	0.149841	-0.143895	0.584432	0.341614	0.191269	0.501141	0.219125	0.387040	0.211324	0.000000	0.045018	0.341249	1.552541	0.152975	0.037679	0.274605	0.404163	0.448764	0.131110	0.126897
226	-0.081513	-0.086459	0.382612	-0.180413	-0.089123	0.199026	0.127435	-0.285045	0.384418	-0.307650	-0.192589	0.381158	0.651392	0.000000	0.347959	0.229795	0.149105	-0.149546	-0.336075	-0.148775
227	-0.006878	0.275858	0.179675	0.000000	0.443161	0.120979	0.185846	0.358804	-0.085605	0.214809	0.155098	0.155444	0.275205	-0.199097	0.052286	0.130472	0.261179	0.395391	0.388623	0.494062
228	-0.006924	0.102278	0.322413	0.000000	0.166173	0.453236	0.253971	0.224371	0.092919	0.237602	0.139625	0.420847	1.127331	0.060639	0.159464	0.131537	0.272198	0.278276	0.025502	0.139546
229	-0.136240	-0.016927	0.995258	0.545886	0.107387	1.042918	0.406867	-0.045889	1.083261	0.323775	0.144079	0.650272	1.937951	0.557966	0.867907	0.209547	0.000000	-0.225590	-0.247303	-0.144396
230	0.358791	0.091924	0.677340	0.317802	0.183960	0.886306	0.376477	0.000000	0.435707	0.056102	0.104387	0.497166	2.014534	0.289824	0.244225	0.555169	0.491528	0.347721	0.029090	0.129202
231	-0.641561	-0.268562	0.000000	-0.159656	-0.280268	0.124394	-0.393824	-0.175736	-0.727238	-0.411776	-0.489730	-0.373190	1.980881	-0.491496	-0.815660	-0.450502	-0.270245	-0.085524	-0.312432	-0.315284
232	-0.584357	0.053490	-0.181625	-0.504683	0.198531	0.000000	-0.139617	0.108086	-0.211468	-0.074496	-0.209317	-0.169903	1.912360	-0.362117	-0.145923	-0.231452	0.072389	0.315218	0.143545	0.217844
233	1.867810	1.050396	2.843992	2.107523	0.000000	2.690461	2.027042	1.185859	2.675429	0.763038	0.991228	2.858010	3.501659	2.302274	2.599627	2.413488	2.198965	1.726847	0.443441	0.661265
234	0.269932	0.319688	0.832865	0.612498	0.406270	1.077751	0.333963	0.262264	0.073606	0.000000	0.101469	0.277887	2.730019	0.344596	-0.131707	0.446811	0.537450	0.509167	0.482089	0.389755
235	-0.153036	0.060411	0.255351	0.000000	0.131392	0.560924	0.172230	-0.105030	-0.105736	-0.013088	-0.019769	0.389951	2.161862	0.099000	-0.021290	0.114912	0.269151	-0.018559	0.280891	0.161950
236	-0.103483	-0.374614	1.207367	0.390009	-0.822532	0.965940	0.136736	-1.498577	0.102900	-1.739444	-1.301741	0.876758	1.302841	0.000000	0.173524	0.534026	0.239845	-0.785329	-0.682920	-0.744744
237	-1.040715	-1.099178	0.108097	-0.353205	-0.955202	-0.146216	-0.269339	-0.922569	0.048603	-1.081362	-1.092578	0.000000	1.394096	-0.326053	0.085899	-0.490849	-0.095740	-0.665935	-1.537189	-1.180360
238	-0.214982	0.029897	0.169662	0.000000	0.408294	0.466507	0.141787	0.379535	-0.161393	0.137690	0.037404	0.177768	2.431544	0.012318	-0.182886	0.070895	0.370649	0.535590	0.335296	0.315579
239	0.456090	0.850686	0.868490	0.796037	0.932416	1.300359	0.631094	0.501907	0.000000	0.277257	0.422161	0.613961	2.340000	0.530318	0.070659	0.607631	0.478915	0.593779	1.190042	0.989144
240	1.426058	1.102786	2.003712	1.890403	0.602691	2.280515	1.513469	0.426716	1.855346	0.320525	0.964567	1.864373	2.435889	1.781234	1.756377	1.687002	1.212438	0.000000	0.797470	0.707624
241	0.219088	0.125031	0.618422	0.535093	0.167239	0.957907	0.390983	0.535622	0.158589	0.305204	0.248091	0.543433	2.978363	0.374606	0.000000	0.464711	0.748185	0.714133	-0.024043	0.053872
242	0.000000	0.042573	0.111629	0.000956	0.234720	0.963585	0.098508	0.108433	-0.091106	0.042449	0.042884	0.193603	2.757642	0.047297	-0.080346	0.264643	0.393278	0.344171	0.176499	0.152163
243	0.000000	0.673008	2.261496	1.451862	0.343034	1.590760	0.945669	0.530966	0.915476	0.147994	0.360107	1.159818	2.698442	1.032667	0.773036	0.705324	0.877727	0.681586	0.637683	0.399046
244	-0.372565	-0.080333	0.119803	-0.102070	0.094376	-0.041289	0.264159	0.831592	0.451116	0.404276	0.070066	0.155289	2.793788	-0.011432	0.437628	-0.293441	0.000000	0.901281	-0.104643	0.119568
245	0.121188	-0.006288	0.214989	0.032999	0.200539	0.769466	0.341567	0.158304	0.052560	0.086846	0.120162	0.525839	2.080380	0.165213	-0.030258	0.366720	0.329777	0.311153	0.236959	0.000000
246	0.396279	0.389102	1.048836	0.295722	0.263174	1.447547	0.387369	0.249739	0.000000	-0.358478	-0.021840	0.779050	2.388912	0.300251	0.204893	0.941327	0.909126	0.623549	0.126187	0.217393
247	-1.117891	-0.227470	0.754265	0.293476	-0.637114	0.000000	0.086638	0.086542	0.608271	0.207770	-0.008326	0.511383	1.454962	0.319434	0.496056	-0.606772	0.226143	0.173336	-0.695081	-0.728854
248	0.103413	-0.290353	-0.096260	-0.017651	-0.016244	0.459227	0.098818	0.290963	0.192745	-0.022695	0.019374	-0.022931	1.798645	0.000000	0.162691	0.076946	0.329583	0.446546	-0.150616	-0.064599
249	0.174202	-0.152776	0.517093	0.277316	-0.450127	0.860465	0.088093	-0.260523	0.031000	-0.458436	-0.274183	0.486692	1.612586	0.135961	0.062639	0.354389	0.300695	0.000000	-0.334226	-0.354767
250	1.590366	1.270843	2.429837	2.118884	0.280348	2.321444	1.520892	1.047602	2.225348	0.988096	0.999087	2.114026	2.550347	1.915836	2.033403	1.868827	1.668322	1.372198	-0.522057	0.000000
251	-0.079211	-0.211865	0.073007	-0.270065	-0.121514	0.402831	0.104095	0.099533	0.302643	-0.001014	-0.285419	0.180412	1.862209	-0.093380	0.071744	0.000000	0.036447	0.082518	-0.413663	-0.246315
252	0.150750	-0.147937	0.217014	0.106487	0.221636	0.000000	0.324622	0.770018	0.450645	0.348872	0.198900	0.176148	2.258317	0.206996	0.352888	0.098868	0.367606	0.809655	0.139997	0.319068
253	0.459948	0.854893	1.788954	1.575986	0.465121	1.288682	1.553684	0.333860	1.819467	0.000000	0.430881	1.934748	2.236782	1.536146	1.830723	0.816194	0.823912	0.752705	0.535467	0.656387
254	1.060649	0.829772	1.898531	1.441490	0.000216	1.336029	0.824292	0.338953	1.714962	0.000000	0.441955	1.525021	2.032421	1.332413	1.439623	1.355422	1.191211	0.772473	-0.799936	-0.285374
255	0.554377	0.439261	0.797052	0.560712	0.000000	0.866593	0.722781	0.593885	0.788553	0.375927	0.458587	0.901133	1.231910	0.747064	0.616823	0.999308	0.782443	0.746627	0.138346	0.127398
256	0.496777	0.340940	0.861216	0.716514	0.198265	0.749520	0.561535	0.446102	0.722121	0.424672	0.527613	0.787063	0.000000	0.732940	0.678154	0.709873	0.667430	0.573185	0.179539	0.302143
257	0.890949	0.759519	2.167131	1.864923	0.558157	1.747048	1.844625	-0.170432	2.026417	-0.365860	0.000000	2.204088	2.021550	1.779414	2.065301	1.555133	1.244944	0.316727	0.890286	1.108106
258	1.260596	0.777664	2.019016	1.794434	0.991601	1.888861	1.854113	-0.121282	2.061384	-0.230655	0.000000	1.785613	2.207179	1.659671	1.984990	1.665142	1.133671	0.475047	1.093243	1.415170
259	-0.095539	-0.115627	0.472239	0.149466	-0.432575	0.631612	-0.086477	-0.448343	0.380087	-0.457015	-0.300982	0.207556	1.786760	0.000000	0.205729	0.256483	0.195700	-0.068619	-0.615584	-0.565812
260	-0.454417	-0.276829	0.840836	0.851643	-0.886873	0.000000	0.361639	-0.616446	1.014305	-1.015841	-0.632539	0.758630	1.630756	0.622199	0.965472	0.322679	0.223385	-0.227173	-0.635657	-0.511288
261	1.423247	1.309733	2.772392	2.646482	0.445172	2.129246	2.228680	0.271577	2.709222	-0.228803	0.000000	2.618659	2.572372	2.427732	2.731459	2.335334	2.141953	1.114703	1.327001	1.382154
262	-0.431985	-0.036192	0.742863	0.125033	-0.142715	0.408653	0.197259	0.138639	0.849526	-0.348683	-0.294280	0.025004	1.453236	0.018464	0.707180	0.000000	0.094635	0.286412	-0.038091	-0.100604
263	0.353846	0.388048	0.692043	0.622568	0.210711	0.965325	0.391795	0.128350	0.686461	0.000000	0.260456	0.681047	2.020440	0.551677	0.631764	0.723788	0.639892	0.413627	0.082752	0.106233
264	0.054152	0.337342	1.323934	1.195998	-0.208367	0.854630	0.925214	-0.211168	1.494124	-0.376890	0.033445	1.455714	1.782516	1.115140	1.486021	0.999394	0.881095	0.000000	-0.091880	0.011593
265	-0.961812	-0.309674	0.264863	0.610109	0.261310	-0.334110	0.589337	-0.505349	0.508566	-0.294751	-0.264442	0.000000	1.524381	0.258682	0.612614	-0.631310	-0.760476	-0.772591	0.497081	0.631416
266	0.142132	0.028613	0.879266	0.313579	0.475171	0.905908	0.515136	-0.903987	0.394673	-0.408265	-0.350858	0.447382	1.703973	0.106925	0.339283	0.451325	0.000000	-0.488534	0.348877	0.447017
267	0.000000	0.355421	1.645806	1.606848	-0.156327	0.915474	1.223759	-0.217323	1.733765	-0.582094	-0.001166	1.644933	2.215777	1.454578	1.694443	1.237709	1.041252	0.117681	0.267058	0.261538
268	1.139448	1.188442	2.478853	2.260936	0.574657	1.965662	1.821200	0.000000	2.116157	0.299923	0.794782	2.138111	3.010132	1.980180	2.012089	1.893025	1.643597	0.575442	0.711409	0.907695
269	1.707589	1.205879	2.963840	2.773417	1.641829	2.781566	2.573582	0.051543	2.608894	0.872243	1.137000	2.498306	3.021092	2.410510	2.587819	2.181980	1.097578	0.000000	2.079381	2.168296
270	0.394637	0.535542	2.164584	1.934827	0.495985	1.089787	1.764288	0.000000	2.168489	0.123889	0.627303	2.222197	2.219740	1.886207	2.089121	1.582563	1.324799	0.213170	0.448023	0.732231
271	0.538083	0.725950	2.114324	1.965399	0.000000	1.451855	1.510904	0.448606	1.995824	0.165122	0.685082	2.240566	2.448361	1.908297	1.832542	1.707392	1.618184	0.714958	0.263119	0.306288
272	1.353122	1.167446	2.508693	2.182052	0.000000	2.206407	1.450702	0.818879	2.261618	0.702623	1.070760	2.456901	2.859419	2.173381	2.165798	2.300579	2.070676	1.075199	0.063311	-0.073684
273	0.586329	1.176949	2.310759	2.016990	1.216909	0.000000	1.937887	1.433759	2.188641	1.025689	1.233444	2.100020	2.673145	2.006099	2.263700	1.456220	1.699108	1.497502	1.355016	1.404139
274	0.295484	0.400503	1.756569	1.605600	0.051962	0.000000	1.007888	0.577688	1.861452	-0.016438	0.281618	1.513560	2.400350	1.354745	1.832974	1.016781	0.940797	0.739284	0.271176	0.429971
275	1.486780	1.235289	2.519973	2.377734	0.644048	1.972011	1.509344	1.408856	1.987975	1.144838	1.249195	2.234654	3.106376	2.022110	1.795624	1.893164	1.897831	1.575726	0.000000	0.463090
276	1.648492	1.071129	2.281334	1.604273	0.375207	2.347247	1.293321	0.313565	1.731041	0.000000	0.495833	2.035759	2.951482	1.507838	1.571584	2.144881	1.875226	0.905433	0.480988	0.298796
277	0.000000	0.234731	1.945921	1.360368	-0.554811	0.825195	0.793458	0.071238	1.499835	-0.516555	-0.340935	1.292115	2.363494	0.850072	1.346766	0.835515	0.685830	0.325771	-0.461725	-0.358387
278	0.197716	0.185049	1.016058	0.768493	0.097320	0.768199	0.326911	0.000000	0.280717	-0.035138	0.138593	0.747055	1.958759	0.460253	0.199592	0.477850	0.502145	0.211605	0.112859	0.180524
279	0.083592	-0.358049	0.707728	0.508387	-0.912188	0.434257	-0.259245	-0.115490	0.056177	-0.282591	-0.214274	0.000000	1.758197	0.306816	-0.019287	0.034555	-0.040506	-0.118654	-0.676083	-0.576086
280	0.914685	0.732715	1.162961	1.116457	1.138931	0.000000	1.183671	1.106199	1.283794	0.920292	1.014094	1.206971	1.663756	1.237221	1.279347	0.715232	1.027592	1.231344	0.835402	1.108546
281	0.124936	0.037070	0.163795	0.160504	0.094660	0.141282	-0.052102	0.230054	-0.007998	0.088931	0.085371	0.042489	0.373848	0.132036	-0.016110	0.000000	0.104394	0.226859	0.059236	0.103995
282	0.774209	0.290947	1.002277	0.679158	0.395224	0.994519	0.651555	-0.153347	0.898444	-0.107836	0.046469	0.952478	1.453304	0.622718	0.848434	0.963983	0.642538	0.000000	0.268708	0.334864
283	0.744440	0.772210	0.000000	0.589054	1.319922	0.680926	0.875177	1.235723	1.158511	1.010508	1.161227	0.689147	0.671738	1.000508	1.256200	0.576884	0.899442	1.172127	1.222163	1.354775
284	-0.095199	-0.216145	0.731942	0.634033	-0.856667	0.140657	-0.006024	-0.528254	0.113447	-0.580909	-0.374022	0.500655	-0.367443	0.351459	0.000000	0.237206	0.082693	-0.322248	-1.078390	-0.734364
285	0.000000	0.117489	0.538338	0.612097	-0.385774	0.663427	0.148615	0.415552	0.795275	0.202310	0.200577	0.388720	0.937380	0.654634	0.693371	0.554750	0.674859	0.440996	-0.250369	-0.362981
286	0.000000	-0.233241	0.466058	0.081426	-0.212428	0.826135	-0.103689	-0.494408	-0.463301	-0.407883	-0.389986	0.298312	2.237611	-0.260721	-0.515452	0.193397	-0.286075	-0.487072	-0.207391	-0.449703
287	0.000000	0.814727	2.068292	1.727208	0.587119	0.820302	1.273906	0.779690	1.259590	0.464889	0.534074	1.543684	2.665506	1.275465	1.228635	0.936540	1.134490	0.907359	0.466517	0.606638
288	0.767959	0.720965	2.242608	1.990359	0.168648	1.559654	1.452921	0.302942	1.953820	0.000000	0.470567	2.192409	2.599420	1.753099	1.914511	1.732418	1.494460	0.629467	-0.167636	0.141815
289	0.197970	0.840086	1.904487	1.101670	0.712777	0.000000	1.117821	1.079116	1.168138	0.772887	0.759525	1.384070	2.153841	0.961131	1.091682	1.028354	1.428508	1.216092	0.547596	0.664876
290	1.107838	0.950450	1.050441	1.117635	0.937252	1.872147	1.373965	0.706353	1.640719	0.000000	0.252795	1.510577	3.208325	1.059974	1.586871	1.437755	1.179732	1.136538	1.068665	1.016714
291	1.248516	0.828144	2.748110	2.405168	0.361627	2.146137	2.065564	-0.476515	2.365150	-0.451839	0.012993	2.376443	2.747572	2.039357	2.252566	2.054623	1.262222	0.000000	0.584430	0.934058
292	0.538767	0.509723	1.918017	1.467652	0.019033	1.364444	1.175056	-0.012334	1.612647	0.211194	0.374444	1.784339	2.504400	1.442919	1.549527	1.480183	1.193927	0.000000	0.104836	0.261323
293	0.300202	0.406719	1.713753	0.870294	0.792490	1.625013	1.446208	-0.036636	1.578212	0.373327	0.000000	1.488458	2.632675	0.734086	1.462827	0.849048	0.334881	0.021151	1.079210	1.095558
294	1.554263	1.539598	3.696441	2.840294	0.000000	2.374052	1.670954	1.781199	3.073177	1.394409	1.097574	2.573185	4.083701	2.675863	2.855437	2.520995	2.637608	2.066786	1.341133	0.741576
295	0.764273	0.410333	2.168172	1.837846	0.544288	1.432294	1.621194	0.054434	2.150068	-0.084427	0.132938	1.992162	2.236507	1.575616	2.058890	1.479647	1.050768	0.000000	0.310444	0.592333
296	-0.086527	-0.304811	0.366565	0.207492	-0.912353	0.262592	-0.381274	-0.788126	0.443652	-0.997485	-0.760807	0.368092	1.462730	0.000000	0.322825	0.343326	0.223694	-0.090647	-0.990398	-1.009094
297	2.703697	2.396828	3.757166	3.529632	0.453606	3.349444	2.354737	2.201537	3.494275	1.529471	1.834001	3.329603	3.620087	3.156818	3.149093	3.513714	3.481563	2.666550	0.850661	0.000000
298	-0.014257	0.179487	1.228798	1.098229	1.248485	1.325072	1.430234	0.202224	1.530439	0.600017	0.456567	0.631706	2.642001	0.867200	1.504714	0.000000	-0.302059	-0.367415	1.367136	1.494282
299	0.358955	0.061869	0.520246	0.201526	-0.220501	0.584154	-0.043331	-0.024547	0.414647	-0.143746	-0.083530	0.349072	1.646737	0.000000	0.313089	0.601115	0.514996	0.288998	-0.179038	-0.168995
300	-0.000131	-0.210165	0.356036	0.233594	-0.548184	0.843461	0.169867	-0.514289	0.503548	-0.829410	-0.839744	0.466000	1.962335	0.000000	0.345381	0.457429	0.270146	0.130567	-0.822884	-0.634268
301	2.018878	1.339470	3.237612	2.871827	-0.092599	2.626831	2.155393	1.378833	2.763200	0.815793	1.103371	2.994551	3.195860	2.593037	2.662033	2.527931	2.558907	1.749948	0.459054	0.000000
302	1.281018	1.402441	2.400374	1.941189	0.554485	1.893201	1.219095	1.319850	2.334364	1.188258	0.853764	1.587186	2.604883	1.561602	1.984669	1.420957	1.272274	1.567545	0.260189	0.000000
303	0.110298	-0.158742	0.249515	0.098492	-0.309940	0.513853	-0.090743	-0.218811	0.234658	-0.234759	-0.122710	0.186187	1.750867	0.000000	0.072204	0.392796	0.244966	0.116588	-0.384570	-0.406469
304	0.881450	1.098352	1.908220	1.694178	0.879560	1.091804	1.629255	1.117388	2.006128	1.162114	1.290527	1.567989	0.000000	1.719899	2.005704	1.279276	1.224468	1.213211	1.006115	1.166683
305	1.556226	1.218051	2.893539	2.514493	-0.093354	2.128892	1.767662	0.339949	2.478880	0.000000	0.447298	2.703143	1.889674	2.263477	2.323545	2.326087	1.944859	0.961530	0.303654	0.231628
306	0.646219	0.868494	1.838477	1.239842	0.485843	1.122856	0.861657	0.415144	1.518155	0.175090	0.000000	1.210273	2.541467	1.090635	1.123708	1.150975	1.243540	1.034774	0.223162	0.274299
307	0.000530	-0.136097	0.353238	0.195776	-0.066973	0.629430	0.201857	0.382920	0.366474	-0.224358	-0.292462	0.103006	2.354042	0.000000	0.154775	0.308588	0.464147	0.607676	-0.172040	-0.049323
308	0.507130	0.320872	1.648736	1.455229	-0.279477	1.009872	1.108568	0.000000	1.572589	-0.205137	-0.036957	1.470789	1.830842	1.193941	1.409576	1.094585	0.935800	0.438688	-0.166060	0.184808
309	-0.629051	-0.234697	0.458722	0.176573	-1.180298	-0.323508	-0.242465	0.021187	0.525699	-0.133337	-0.266767	0.333166	-0.250471	0.274175	0.259356	0.000000	0.158200	0.017610	-1.342597	-1.306278
310	-0.039872	-0.333636	0.235652	0.089112	-0.377813	0.251896	-0.046551	-0.088716	0.235213	-0.275452	-0.252614	0.104114	1.021814	0.099051	0.015694	0.000000	0.032775	-0.000238	-0.469940	-0.438654
311	-0.544525	-0.855866	0.773646	0.396147	-1.141123	0.000000	-0.102894	-1.136343	0.531074	-1.132656	-1.050257	0.285612	0.778162	0.103163	0.248251	0.044965	-0.320615	-1.094449	-1.242145	-1.125104
312	0.766204	0.565738	1.578509	1.306144	-0.000177	1.205614	1.035945	0.528925	1.357741	0.271285	0.450177	1.552392	1.634743	1.225198	1.133859	1.310655	1.218109	0.722863	0.028831	0.000000
313	-0.233448	-0.199292	0.264848	0.134155	-0.260833	-0.049185	-0.134007	-0.096549	0.040374	-0.102972	-0.184278	0.096157	0.297418	0.040870	-0.260794	0.000000	0.012861	-0.097504	-0.371314	-0.447542
314	0.476160	0.287154	0.873472	0.726445	0.430740	1.108156	0.710901	0.185278	0.529231	-0.047725	0.000000	0.802271	1.380938	0.545520	0.388954	0.719930	0.704019	0.491181	0.338509	0.468229
315	0.789540	0.478651	2.242653	2.015325	-0.383347	1.493855	1.616189	0.000000	2.214810	-0.159917	0.120851	2.186298	2.351206	1.830515	2.053032	1.655684	1.389981	0.475397	-0.302564	-0.105305
316	-0.072240	-0.118496	0.288255	0.082831	0.141663	0.202587	0.212355	-0.195302	0.095374	-0.095163	-0.042316	0.225801	1.300689	0.000000	-0.076746	0.149146	0.153504	-0.077960	-0.001611	0.086692
317	-0.059170	0.242440	0.743803	0.597134	0.576873	0.670228	0.666209	0.291012	0.219581	0.000000	0.067069	0.601203	2.444418	0.352726	0.085917	0.305286	0.419971	0.360641	0.685366	0.570586
318	0.000000	0.167573	2.194788	2.180137	0.055560	0.929598	1.809494	0.530187	2.067337	-0.022798	0.148581	2.097408	2.590143	1.833033	2.029326	1.316417	1.338921	0.430165	0.753582	0.822611
319	0.680719	0.539269	1.902671	1.567145	0.486637	1.390517	1.493828	-0.041833	1.721458	0.276180	0.340979	1.766693	2.275084	1.408230	1.615144	1.356575	1.126804	0.000000	0.293093	0.634798
320	-0.664434	-0.398825	-0.080901	-0.308009	0.018266	-0.148397	-0.098366	-0.331328	-0.231578	-0.157989	-0.216373	-0.031691	1.056851	-0.268068	-0.287017	-0.156090	0.000000	-0.342374	-0.088344	-0.013502
321	-0.864153	0.117690	1.205503	1.283048	0.609065	0.000000	0.883459	0.152261	0.809444	0.379236	0.249507	0.650368	1.597102	0.833932	0.887810	-0.595278	0.258449	0.222964	0.586956	0.815894
322	0.000000	0.224104	2.150967	1.880894	-0.059361	0.973069	1.587330	0.024426	1.830264	-0.476178	-0.114858	2.050511	2.368141	1.619540	1.878547	0.887346	0.966494	0.149294	0.554288	0.713332
323	0.031092	-0.183810	0.907866	0.609721	0.174988	0.595378	0.436309	-0.540060	0.160258	-1.027286	-0.518532	0.299301	1.991149	0.213663	0.000000	0.328880	0.293733	-0.258258	0.221713	0.437565
324	0.631689	0.680566	1.570036	1.464256	0.848663	1.500634	0.818897	0.438995	0.282695	0.465878	0.671269	0.784774	2.866648	0.999068	0.000000	0.869874	0.922238	0.711132	0.843220	0.858281
325	1.589737	1.111498	2.698996	2.560000	0.815685	2.173126	2.150396	0.430690	2.645575	0.000000	0.664061	2.625039	3.044052	2.292652	2.627650	2.299404	2.053898	0.820695	1.092202	1.438784
326	-0.352784	-0.204756	0.475814	0.147393	-0.387994	0.025918	-0.186730	-0.327314	-0.429971	-0.673111	-0.866943	0.000000	2.062130	-0.658313	-0.445240	-0.140310	0.006632	-0.068852	-0.610611	-0.342259
327	0.250014	0.334607	0.133991	0.000000	0.589045	0.628786	0.518102	0.479966	0.551250	0.493403	0.433995	0.494509	1.958769	0.409468	0.626842	0.406951	0.641733	0.533648	0.595370	0.576112
328	0.763639	0.430923	1.589085	1.582921	0.202812	1.823776	1.398275	-1.140966	1.849431	-0.134005	0.000000	1.630271	1.667931	1.468545	1.770314	1.320411	0.375143	-0.973909	0.527432	0.655859
329	1.648190	0.898941	2.163572	1.891420	0.000000	2.107167	1.822634	0.744638	2.039159	0.565893	0.664531	1.978202	2.596436	1.908970	1.971004	1.942404	1.818482	1.208036	0.274443	0.767420
330	0.208026	0.268581	0.000000	0.044492	0.515068	0.505301	0.497334	0.703936	0.651881	0.385049	0.199454	0.254108	2.287120	0.306463	0.698438	0.264879	0.629504	0.803754	0.522838	0.553913
331	0.595307	0.898872	1.493405	0.000000	1.132435	1.559493	0.998774	1.076329	1.169876	0.423581	0.397121	1.285914	2.647035	0.366726	1.161416	1.084903	1.240349	1.075322	1.234766	1.039151
332	0.375625	0.487798	0.312345	0.215710	0.891105	0.609389	0.602689	0.620513	0.630870	0.690820	0.667564	0.542392	0.000000	0.469759	0.752238	0.472132	0.637517	0.610644	0.886810	0.910358
333	0.548903	0.537484	0.000000	0.099769	0.686951	0.616285	0.695362	0.602683	1.265555	0.788601	0.712618	0.688896	0.467349	0.756438	1.299019	0.561395	0.579999	0.485591	0.669983	0.612480
334	0.440404	0.290475	0.507299	0.000000	0.365655	0.803403	0.576734	0.175847	0.658566	0.572065	0.355905	0.737620	1.309299	0.433059	0.557488	0.529011	0.416716	0.103892	0.382779	0.195247
335	0.172417	-0.029250	-0.185595	0.036161	0.080529	0.179499	-0.051772	0.000000	0.237420	0.329811	0.380320	-0.063670	-0.072993	0.204386	0.214285	0.062618	0.206334	0.115531	0.042616	-0.059567
336	0.047515	0.095168	0.118116	0.050757	0.208798	0.343020	0.068692	0.196497	0.156431	0.362323	0.201912	-0.036911	0.533875	-0.023551	0.000000	0.095199	0.242384	0.136876	0.280449	0.211591
337	0.200993	0.071545	0.349281	0.322111	0.493252	0.387966	0.296266	0.338373	0.404795	0.268973	0.254849	0.243436	0.000000	0.301383	0.460400	0.233758	0.332785	0.252354	0.634386	0.553238
338	-0.040661	0.039349	0.229141	0.000000	0.254121	0.230284	0.241061	0.198090	0.258370	0.231863	0.230708	0.361933	-0.011467	0.204986	0.408054	0.152190	0.212666	0.063980	0.317733	0.293917
339	0.389187	-0.057418	0.281605	0.603704	-0.006945	0.048526	0.136190	0.473804	0.475856	0.352213	0.344881	0.000000	0.791471	0.500703	0.549195	0.321404	0.359327	0.485552	0.159468	0.116300
340	0.239729	0.539262	1.077526	0.904814	0.592739	0.000000	0.893312	0.801336	1.015850	0.831584	0.785261	1.063683	0.470614	0.935584	1.079722	0.723270	1.008734	0.810548	0.590178	0.711261
341	-0.290227	-0.732529	0.341493	0.000000	-0.830121	0.073933	-0.527946	-1.200585	-0.657105	-0.763213	-0.711832	-0.020672	0.153933	-0.325249	-0.714525	-0.119422	-0.454536	-1.076304	-0.689644	-0.782762
342	0.565663	0.260594	1.099733	0.811849	0.074894	0.906855	0.288491	-0.030086	0.000000	0.236662	0.320118	0.702226	0.447390	0.566494	0.063512	0.608309	0.451952	-0.006634	0.278611	0.088619
343	1.715666	0.740328	2.145354	2.171424	0.990603	2.229228	1.911048	0.374960	2.052496	0.000000	0.810565	2.006109	1.703749	1.968405	2.095487	1.977995	1.674475	0.683202	1.212574	1.364730
344	0.183087	-0.327731	0.149135	0.000000	-0.256511	0.419110	-0.114352	-0.409192	-0.054089	-0.268267	-0.141349	0.020154	0.678149	0.060063	0.039780	-0.042341	-0.333112	-0.397814	-0.081772	-0.234064
345	-0.336310	-0.393237	0.255612	0.000000	-0.256542	0.102549	-0.181238	-0.204336	-0.302772	-0.011557	-0.176730	0.098645	0.865000	-0.058841	-0.261373	-0.408621	-0.278070	-0.309288	-0.089035	-0.190606
346	1.287921	0.572864	1.661384	1.685907	0.069080	1.444305	1.150619	0.000000	1.694933	0.151807	0.612378	1.513955	1.320586	1.517339	1.624542	1.446251	1.347502	0.617260	0.261279	0.309941
347	0.331913	-0.107291	0.537894	0.479840	0.028452	0.305872	-0.019765	0.008885	-0.213862	0.047450	0.029374	0.000000	1.003869	0.161528	-0.269412	0.041256	-0.188009	-0.020881	0.243445	0.092553
348	0.165908	-0.104441	0.452825	0.393455	-0.184126	0.048878	-0.030137	0.096999	0.000000	0.123295	0.092139	0.061154	1.133416	0.134526	-0.003629	-0.043110	-0.171259	0.051363	0.096616	-0.096528
349	0.000000	-0.163402	-0.058556	-0.013491	0.276884	-0.380377	0.047074	0.443933	0.306965	0.725789	0.333726	-0.032767	1.078363	0.067567	0.393505	-0.608452	-0.378730	0.253275	0.314023	0.200573
350	1.191515	0.738046	2.741281	2.579709	0.450089	2.140871	2.276550	0.016325	2.554330	0.412929	0.682235	2.647877	2.370599	2.429324	2.519269	2.065499	1.697449	0.000000	0.990184	1.212793
351	0.000000	0.220527	0.930538	0.461118	0.742527	0.611002	0.641373	0.273681	0.502995	0.613116	0.417465	0.924446	2.209227	0.504540	0.355110	0.124108	0.185837	0.169789	0.821365	0.679765
352	1.590347	0.820233	2.766706	2.605094	-0.098613	2.303992	2.185415	0.489202	2.585254	0.000000	0.435777	2.614397	2.657706	2.350648	2.504920	2.278839	1.988138	0.837208	0.989323	1.021730
353	0.563060	-0.204956	0.227088	0.215434	0.114299	1.038361	-0.060878	-0.228797	0.221251	-0.075551	0.125278	0.000000	2.386523	0.220822	0.208314	0.433909	0.312478	-0.122408	0.192272	0.106792
354	0.511035	0.296302	0.769377	0.952198	0.892424	0.151379	0.000000	1.307547	0.004296	0.908642	0.581313	0.047291	2.028189	0.207499	-0.023424	0.173458	0.827427	1.303416	1.049732	1.038514
355	2.099366	1.495553	3.283190	3.191945	2.678029	3.064486	3.421581	0.842275	3.424482	1.496295	2.018178	3.260550	3.310577	3.177185	3.350578	2.861335	2.142540	0.000000	3.037021	3.052086
356	0.948615	0.465879	1.927931	1.745977	1.129083	1.259692	0.786171	0.239700	0.451476	1.121510	0.760457	0.187819	2.857491	0.771357	0.131437	-0.154351	-0.668216	0.000000	1.084195	1.146084
357	2.555726	1.732372	3.207622	3.025030	0.000000	2.990269	2.278858	2.643262	2.979924	2.247578	2.190882	3.079252	3.048888	2.932471	2.967973	2.925544	2.839733	2.671935	1.538791	1.417397
358	0.804090	0.993018	1.057128	1.216383	1.449940	0.000000	1.103393	2.089270	1.766927	2.007394	1.566046	0.965226	2.526734	1.327774	1.898432	0.451380	1.104732	1.833853	1.294299	1.299752
359	1.861877	1.140057	2.270947	1.749833	0.277135	2.237361	1.104502	0.638298	1.248542	0.644752	0.943296	1.820601	1.139761	1.646464	1.029156	1.953284	1.669481	1.093523	0.629340	0.000000
360	0.787503	0.470896	0.045949	0.528413	0.708572	0.887004	0.325763	0.598145	0.474459	0.463068	0.669933	0.000000	1.939483	0.559498	0.519712	0.413206	0.602178	0.769814	1.035913	0.864809
361	0.647108	0.861839	0.981692	0.780276	1.246644	0.969148	0.850402	0.964913	0.529921	0.960121	0.979031	0.886022	0.000000	0.772686	0.779666	0.655957	0.865417	0.949095	1.385244	1.285728
362	0.132763	0.107355	-0.066047	0.000000	0.453514	0.104624	0.160081	0.654913	0.134180	0.275767	0.255232	-0.109437	1.876361	0.103553	0.310460	-0.058103	0.091160	0.615638	0.552122	0.444828
363	0.073728	-0.101338	0.526256	0.296424	-0.013889	0.604792	-0.178892	0.116807	-0.288924	0.085471	-0.028179	-0.153126	2.173810	-0.021865	-0.297742	0.072484	0.000000	0.161949	0.259425	-0.114297
364	0.804195	0.874182	1.395076	1.238138	1.141129	1.588509	1.090287	0.855970	0.885980	0.584181	0.746246	0.930673	0.000000	0.980350	1.078807	0.953028	1.075655	0.912222	1.460529	1.192375
365	1.474809	1.209194	2.212311	2.115108	1.421051	2.233986	1.858322	-0.168383	1.345789	0.633372	0.802434	2.063344	2.557799	1.446455	1.484770	1.730117	1.211006	0.000000	1.874134	1.840948
366	3.196590	2.240921	3.557436	3.531301	2.473058	3.356832	3.674545	1.255460	3.359797	0.000000	1.664408	3.592058	3.385346	3.422109	3.443550	3.439768	3.236951	1.838189	3.381489	3.442868
367	1.589918	1.088478	2.244508	2.242736	1.240445	1.911320	0.778017	0.776789	0.000000	1.079076	1.105549	1.007443	2.824595	1.151764	-0.057883	1.121840	0.932811	0.923161	1.499861	1.186902
368	0.091071	-0.319987	0.000000	0.649477	0.112569	-0.189473	-0.339069	0.987641	-0.149603	0.285328	0.069200	-0.812734	2.158315	-0.055767	-0.197899	0.094155	0.562328	1.097917	0.449642	0.259430
369	2.406534	1.775588	3.461906	3.454907	2.494284	3.102865	3.359666	0.724375	3.178632	1.596501	2.143209	3.247863	2.994236	3.136974	3.118670	3.095120	2.469843	0.000000	2.952752	2.972652
370	1.745862	1.188675	1.458112	2.098386	2.026449	1.873841	1.499877	1.659462	1.516665	2.130813	1.829851	0.699657	3.165541	1.696517	1.410098	0.000000	0.057421	1.727043	2.009771	2.023406
371	2.041899	1.494632	3.371790	3.062807	1.165049	2.723254	2.799567	0.000000	3.122207	0.538380	0.999582	3.139155	3.060775	2.874290	2.945966	2.891376	2.449420	0.623419	1.805598	1.876258
372	0.553277	0.000550	1.082467	0.374406	0.218894	1.348176	0.000000	-0.080926	-0.093856	0.371473	0.220373	0.512793	2.298294	0.127261	-0.317523	0.074176	-0.363575	-0.243654	0.239709	0.061829
373	1.169210	0.918073	2.465552	2.686655	0.219110	1.645719	2.253876	-0.109089	2.307870	0.461644	0.786788	2.451096	2.714362	2.420525	2.426137	2.146028	1.960562	0.000000	1.686144	1.786454
374	-0.407540	-0.750526	0.000000	-0.355182	-0.557918	-0.268617	-0.493330	-0.000390	-0.800670	-0.678117	-0.539735	-0.555086	0.300204	-0.436134	-0.729265	-0.153898	0.015238	-0.064411	-0.351768	-0.556502
375	0.641070	0.750042	2.098213	1.912877	0.764074	1.601973	0.979697	0.452133	0.000000	0.588088	0.756890	1.321437	1.443126	1.168205	0.150932	1.054021	1.127312	0.379340	1.177562	0.865329
376	1.820872	1.053236	1.567680	2.031201	1.349484	0.000000	1.470069	2.383588	1.956403	1.871923	1.754716	1.285136	2.531635	1.962200	2.036602	1.719048	1.733101	2.238265	1.777374	1.473840
377	0.384318	0.501725	1.157685	0.000000	0.819161	0.853964	0.837846	1.013120	0.789447	0.790676	0.281388	1.381382	2.765597	0.147586	1.036065	0.527475	0.755823	0.730620	0.924241	0.909016
378	1.129068	0.098505	2.449804	2.158734	0.072415	2.273937	0.856596	-0.714441	0.452913	-0.104509	0.000000	1.096402	2.464021	1.184409	0.256507	0.932949	-0.085806	-0.593495	0.225775	0.028501
379	1.449595	1.120173	3.427517	3.229448	1.627950	2.805993	2.495957	0.307274	2.344484	0.995283	1.283149	2.859861	3.153543	2.508037	2.291507	2.356435	1.321559	0.000000	2.042132	1.743747
380	0.000000	0.301227	2.841894	2.474663	1.494340	1.596833	2.059886	0.493450	1.709200	0.755611	1.055415	2.084955	2.812332	1.953613	1.757909	1.274721	1.189277	-0.142120	1.985026	1.663624
381	2.008965	1.250076	2.604911	2.380061	0.343055	2.425331	2.270841	-0.005621	2.565812	0.000000	0.553690	2.627421	2.502594	2.398758	2.600093	2.434104	2.117258	0.642008	1.431987	1.434456
382	1.680328	1.165453	2.626720	2.709142	1.903988	2.494210	2.507136	0.237808	2.695849	0.752709	1.216591	2.646799	2.609995	2.481799	2.679400	2.295080	1.673439	0.000000	2.194271	2.142089
383	2.006262	2.224609	2.896567	2.944278	2.160576	0.000000	2.714219	3.164708	3.054494	2.720454	2.549552	2.954275	2.897086	3.015947	3.215877	2.523398	2.935049	2.889082	2.674941	2.479525
384	-0.092683	-0.202458	0.341178	-0.187234	-0.281110	0.209098	0.145438	0.065845	0.265625	-0.392148	-0.375075	0.244378	0.000000	0.056253	0.193596	0.116264	0.096039	0.037973	-0.157720	-0.147332
385	0.885528	0.711675	0.996150	1.144632	1.475485	0.762563	1.255812	1.025071	1.385021	1.172874	1.190728	0.777943	0.560588	1.349016	1.300415	0.246629	0.000000	0.787595	1.658894	1.656672
386	1.605298	1.360214	2.082633	2.113790	1.721930	0.000000	1.780654	2.528661	2.041753	2.032017	1.771250	1.774952	2.570501	2.001301	2.059688	1.542665	1.822835	2.366848	2.064938	1.912916
387	-0.202628	0.733839	1.787657	1.264431	2.658621	0.440451	2.088176	2.703678	2.346904	2.715708	1.726294	1.683404	2.662796	1.501152	2.503763	0.000000	1.181730	1.924407	3.031170	2.802993
388	2.773141	2.668202	3.529507	3.594244	2.827915	0.000000	3.448315	3.008350	3.482051	2.899560	2.985229	3.401019	3.515387	3.545786	3.634839	3.284987	3.480233	3.028589	3.117556	3.129378
389	1.364181	1.194300	3.191286	2.424421	1.161654	2.406156	1.498483	1.063232	0.000000	0.690372	0.908971	2.359468	2.862081	1.364967	0.709801	1.821157	1.824579	1.435730	1.423494	1.253037
390	1.534091	1.353557	1.998999	1.677878	2.142174	1.260665	1.781462	2.003722	1.961293	2.119454	1.838983	1.659474	2.041768	1.537049	1.858908	0.137790	0.000000	1.726375	1.726848	2.277149
391	1.084131	1.195063	2.359294	2.186938	2.323349	2.412932	2.246581	1.387357	2.489929	1.550822	1.703364	1.939593	3.067001	2.163248	2.321454	0.925012	0.000000	1.066812	2.534762	2.420424
392	2.207072	1.743297	3.577732	3.429765	2.243592	3.389877	3.426831	0.000000	3.484374	0.527820	1.258095	3.341400	3.622077	3.162967	3.402846	2.918662	2.239357	0.590069	2.814308	3.071125
393	0.286331	0.674143	2.330328	1.877414	0.989010	0.814219	1.731374	0.262472	1.171562	0.181784	0.000000	1.985446	2.868679	1.230129	1.007691	0.968079	0.941245	0.381938	1.445255	1.384872
394	0.538191	0.209258	0.648754	0.914159	0.510753	0.754835	0.278042	0.906270	0.166130	0.289869	0.356046	0.000000	3.040068	0.383658	0.120318	0.471975	0.994942	1.173859	0.618784	0.558186
395	2.129437	1.370533	2.660420	2.665659	1.594957	2.490837	2.601844	0.555644	2.577116	0.000000	0.985488	2.650660	2.736938	2.528640	2.605102	2.461815	2.317387	1.156916	2.086349	2.166391
396	1.631318	0.847300	2.547976	2.354839	0.496897	2.310046	2.223421	-0.444218	2.306322	-0.407277	0.000000	2.420528	1.972654	2.250785	2.234874	2.208949	1.682696	0.172757	1.285922	1.441052
397	-0.779341	-0.979951	0.955763	0.316019	-0.187354	-0.301451	0.152244	-0.394248	-0.431329	-0.729975	-0.823058	0.000000	1.082816	-0.375082	-0.555596	-0.216281	-0.176672	-0.516701	-0.050894	-0.026075
398	0.383213	0.857989	1.630219	2.022024	0.604797	0.280456	0.484004	1.863469	0.827295	1.616483	1.116679	0.616045	1.941568	0.956391	0.000000	0.681407	1.491086	1.684283	0.789337	0.496461
399	0.501440	-0.109996	0.165701	0.443299	0.000000	1.090352	0.522383	0.571110	0.350690	-0.205525	0.031155	0.227605	2.284642	0.408007	0.292473	0.682667	0.984114	0.968912	0.240777	0.314990
400	1.865129	1.788004	2.370281	1.885633	0.945465	2.487036	1.412906	1.615698	2.333103	1.817198	1.747347	2.208836	3.043069	2.085732	1.886382	2.272830	2.278078	1.769520	0.925972	0.000000
401	1.109088	0.973216	0.000000	0.317690	1.178405	1.291677	1.019221	1.305208	1.703603	1.095653	1.067684	0.950406	1.172121	1.085998	1.728692	0.918678	1.115496	1.415812	1.005807	1.114491
402	0.535517	0.649292	1.753038	1.322555	1.381325	1.482867	1.508796	0.898593	1.608066	1.285892	1.243381	1.479545	-0.330597	1.389172	1.643315	0.984356	0.939232	0.000000	1.612832	1.468042
403	-0.036425	-0.287018	0.371550	0.226583	-0.497362	0.506778	-0.200451	-0.460763	0.051983	-0.546351	-0.482757	0.000000	1.289639	-0.198902	-0.017999	-0.118549	-0.343394	-0.185677	-0.494502	-0.375521
404	0.009377	0.143748	0.547164	0.000000	0.215390	0.487463	0.040300	0.272273	-0.151291	0.228884	0.021682	0.371178	2.253372	-0.111439	-0.269453	-0.065559	0.060004	0.347227	0.390417	0.228513
405	2.737288	2.341764	3.144572	3.121229	2.130790	0.000000	2.849997	2.570783	3.042129	2.448625	2.509788	2.991910	2.827309	3.031888	3.161363	2.964469	3.028722	2.752674	2.323726	2.458511
406	0.000000	0.170364	0.751730	0.326397	0.052651	0.837279	0.242711	0.075130	0.060648	0.001250	-0.059603	0.418525	2.148622	0.118994	0.033385	-0.022641	0.115333	0.158841	0.216262	0.079285
407	1.441062	1.170294	2.241787	2.336456	1.458286	2.094410	2.295796	0.044364	2.270393	0.938313	1.354076	2.281160	1.845222	2.300555	2.305693	2.100759	1.694076	0.000000	1.787879	1.933782
408	0.451822	0.013611	1.300580	0.320514	-0.288792	1.113274	0.362849	-0.162663	0.510430	-0.467911	-0.312122	0.786149	2.591753	0.300919	0.418717	0.371165	0.000000	-0.074412	0.051744	-0.242674
409	1.525760	0.805783	2.422892	2.322723	0.000000	2.456979	1.903517	-0.157984	2.267556	0.458328	0.757192	2.332147	2.348919	2.308716	2.179436	2.217710	1.737014	0.130588	0.649243	0.654948
410	1.953151	1.169059	0.000000	1.645545	1.661255	1.787722	1.822246	2.203358	2.408574	1.844420	1.785860	0.946154	2.891870	2.125072	2.333318	1.884736	2.220578	2.282492	1.818828	1.927500
411	1.204956	0.860657	1.222495	1.332022	1.033019	0.000000	1.261133	1.290161	1.469192	1.116225	1.045300	1.173730	1.917993	1.358251	1.555380	1.148591	1.207549	1.345437	1.230085	1.233033
412	0.914603	0.482202	1.715577	1.523604	0.418341	1.498026	0.714397	0.072709	0.415616	0.252162	0.282039	0.988474	2.310107	0.885915	0.348759	0.957073	0.615386	0.000000	0.581911	0.533656
413	0.687718	0.772262	0.000000	0.685694	1.207029	1.069152	0.909954	1.158064	1.103809	1.172073	1.268320	0.547927	0.130047	1.058546	1.244600	0.649908	1.108536	1.056798	1.055007	1.066974
414	-0.477434	0.241331	1.236376	1.240721	0.751622	0.651003	0.875121	0.000000	1.053725	0.757639	0.433726	1.303916	1.253712	0.830547	1.179861	-0.028678	0.323688	0.081478	0.600281	0.605180
415	1.248884	1.554687	2.148338	2.085413	1.602759	1.696126	1.441648	1.798449	0.666329	1.591828	1.373660	1.378553	3.062935	1.396405	0.000000	1.154779	1.405735	1.844260	1.634521	1.585386
416	-0.190527	-0.278314	0.040915	0.000000	-0.125124	0.239575	-0.048606	0.037714	-0.311607	-0.259242	-0.283733	-0.171609	1.913592	-0.136658	-0.293345	-0.213154	-0.158888	0.014374	0.025416	-0.134658
417	1.213793	0.648431	2.610444	2.391531	0.564546	1.989730	1.678576	0.500892	1.887393	0.053073	0.000000	2.017869	2.217618	1.616035	1.779435	1.625706	1.198658	0.664014	1.007538	1.006510
418	1.746067	1.415631	0.000000	1.231943	1.967462	2.021923	1.732592	1.923141	2.060153	1.659453	1.872826	1.048544	2.377333	1.868075	2.133529	1.581525	1.919110	1.880437	2.132797	2.078270
419	0.722847	0.582015	0.476969	0.845859	0.757140	0.938153	0.900779	0.148962	0.801245	0.000000	0.543874	0.880156	-0.283257	0.940476	0.631491	0.637556	0.478602	0.399895	0.977361	0.831536
420	0.186109	0.072906	0.000000	0.155108	0.350050	0.519472	0.296982	0.232963	0.119242	0.223467	0.249399	0.170603	1.132720	0.214080	0.170092	0.279385	0.298445	0.215453	0.363749	0.325555
421	0.865888	1.038268	1.252529	1.362019	1.205605	1.401130	1.333443	1.063741	1.402508	1.030272	1.038736	1.358669	2.488202	1.437410	1.470622	0.000000	0.370152	1.164004	0.967940	1.077534
422	1.495072	0.727499	2.564318	2.113362	0.251722	2.443004	1.807945	0.026433	2.303756	0.000000	0.628547	2.439904	2.176256	2.090612	2.103496	2.006936	1.524734	0.327156	0.608463	0.236006
423	0.933404	0.767551	1.672107	1.465366	1.015396	1.392978	0.889577	0.622779	0.523982	0.522020	0.652712	1.083360	1.901247	0.871975	0.000000	1.014208	0.968352	0.998120	0.841394	1.057691
424	-0.037804	0.266659	0.509366	0.349156	0.336203	0.457455	0.272505	0.240146	-0.166732	0.087271	0.006154	0.215283	2.049475	0.155728	-0.152636	0.000000	0.375143	0.410589	0.471111	0.341260
425	0.169119	-0.198082	2.073534	1.781249	0.025787	0.985627	0.000000	0.025941	-0.416690	-0.444198	-0.376106	0.924650	1.985446	0.471682	-0.366044	0.615894	0.781676	-0.041442	0.368932	0.087337
426	1.156929	0.765198	1.960854	1.608844	1.262645	1.660241	1.706209	-0.059592	1.596275	0.464614	0.497802	1.744800	1.922446	1.289965	1.523754	1.258338	0.861533	0.000000	1.323269	1.497223
427	1.231647	1.294489	2.097846	2.193292	1.328665	0.000000	1.912802	1.645672	2.035496	1.598533	1.591856	2.015055	2.590967	2.077709	2.029675	1.756163	1.797363	1.587474	1.299577	1.556521
428	1.046289	0.352373	1.867654	1.463147	0.236482	1.804101	1.005000	0.000000	1.080165	0.333255	0.540246	1.104245	2.406726	1.059156	0.802269	0.904105	0.681898	0.115698	0.640063	0.331647
429	1.392720	1.126372	2.033410	2.284525	1.535537	1.963108	1.897889	0.123070	2.074194	0.937765	1.296124	1.864768	2.421195	1.908356	2.156176	1.689113	1.395291	0.000000	1.620685	1.846285
430	0.137380	-0.138867	-0.268894	-0.090646	0.300911	-0.001053	0.142210	0.237596	0.275081	0.000000	0.079515	-0.098986	-0.672809	0.000035	0.231103	-0.342894	-0.388819	0.290849	0.191124	0.380159
431	-0.006527	1.048292	1.322307	0.838105	1.686104	0.045128	0.820778	1.223555	0.575705	1.381828	0.996753	0.849547	0.005252	0.000000	0.572821	0.536208	1.017021	0.822594	1.695475	1.726535
432	0.241536	0.012830	-0.030039	0.000000	0.292212	0.071762	0.066913	0.045145	0.223520	0.265585	0.266621	-0.043627	0.440873	0.098980	0.273569	-0.040091	-0.022271	0.038842	0.279058	0.267256
433	-0.236521	0.300560	0.891829	0.939186	0.822584	0.570828	0.926398	0.483010	1.175204	0.698760	0.721947	0.839779	-0.324112	0.984063	1.272503	0.000000	0.389602	0.169698	0.988465	0.956163
434	0.634310	0.106673	0.684334	0.401785	0.395962	0.819005	0.292310	0.137015	0.391020	0.367996	0.369765	0.549110	0.623696	0.375783	0.337594	0.491956	0.293435	0.000000	0.464970	0.314988
435	2.082419	1.183768	2.381273	2.498104	1.348661	2.378351	2.361740	0.214079	2.442047	0.000000	0.990555	2.426529	2.068936	2.431182	2.539285	2.279335	1.767240	0.621408	1.846585	1.950679
436	0.951811	0.226134	1.134422	0.905663	0.000000	1.209934	0.454197	0.549019	0.417110	0.257886	0.396920	0.608759	1.107694	0.667911	0.340373	0.883152	0.882776	0.851059	0.361294	0.242251
437	0.204493	0.193675	0.520455	0.658060	0.509575	0.292634	0.013057	0.664719	-0.020485	0.648244	0.516670	0.155743	-0.145166	0.332575	0.024841	0.000000	0.179274	0.591805	0.468656	0.413523
438	1.928540	1.455228	2.369307	2.622588	2.556060	0.000000	2.192798	2.529019	1.802691	2.252901	2.039170	1.894634	2.953493	2.068947	1.931878	1.446513	1.541319	2.482359	2.560713	2.628175
439	1.948170	1.703244	2.290694	2.766523	2.401784	1.961704	2.053952	2.029137	1.227802	1.624087	1.827491	1.349244	1.908682	1.775835	1.144781	0.667729	0.000000	2.018919	2.640386	2.567819
440	3.060117	2.516541	3.568412	3.671035	2.560606	3.541142	3.576406	0.000000	3.546831	1.592906	2.485457	3.660751	3.267931	3.699693	3.609670	3.644989	3.088646	0.561327	3.152080	3.195168
441	1.732049	2.003670	3.750659	3.108503	1.489061	2.665532	1.740784	2.015708	0.878772	1.911861	1.792848	2.583913	3.935766	2.149964	0.000000	2.156486	2.260427	2.313786	1.502402	1.499146
442	0.599819	0.493879	-0.035173	0.000000	0.798975	0.835200	0.624357	1.092704	0.742896	1.029469	0.574308	0.574923	3.035584	0.264062	0.989788	0.498689	0.763405	1.091350	0.811164	0.764632
443	0.745563	0.732665	1.779882	1.484125	0.834516	1.566115	0.880752	0.726923	1.038752	0.837429	0.717567	0.000000	2.632129	0.647775	0.883473	0.886752	1.190828	0.717693	0.989082	1.002869
444	3.093704	2.417401	3.404409	3.459308	2.451743	3.438050	3.414780	0.000000	3.265064	1.405330	2.210709	3.474814	3.377356	3.537186	3.246607	3.492640	3.245425	1.269489	2.939544	3.198794
445	0.000000	0.155042	2.093866	1.702440	1.468897	0.966519	1.253564	0.382001	0.253352	0.497907	0.345160	1.146359	2.942405	0.786823	0.086574	0.278927	0.366217	0.402815	1.343783	1.325221
446	0.228116	0.093634	1.037441	0.515680	0.000000	1.014191	0.480998	0.047685	0.271854	0.036539	0.131598	0.982091	2.185105	0.494194	0.178196	0.615074	0.856533	0.237962	0.106003	0.095575
447	0.155448	-0.225297	0.378025	0.487628	-0.096292	0.000000	0.067340	0.688547	0.449036	-0.096608	0.147444	-0.350395	1.048317	0.395233	0.453976	0.205384	0.399080	0.875914	-0.093984	-0.114074
448	0.960467	0.601514	2.170553	1.981405	1.307640	1.862230	0.912691	0.917202	0.000000	1.214300	1.022159	0.890226	2.682889	1.069631	-0.145380	0.966111	0.941060	0.679077	1.387377	1.133535
449	1.030729	1.068528	1.503377	1.228306	1.433228	1.228471	1.095644	1.358690	0.673724	1.209591	1.180083	1.248322	0.000000	1.055376	0.846909	1.042609	1.272115	1.317499	1.593016	1.492435
450	0.490792	0.148629	-0.255796	0.000000	0.540261	0.078937	0.290086	1.326938	0.813796	0.749118	0.632226	-0.013704	2.071895	0.406077	1.007819	0.297908	0.291917	1.297205	0.493290	0.512750
451	0.000000	0.802614	2.325896	1.996435	1.679457	1.852451	2.219068	1.083546	2.057346	0.891839	0.738600	2.190511	2.604076	1.807798	2.234553	0.858258	1.197833	1.006377	1.536892	1.737982
452	1.582997	1.484841	1.350181	1.619932	2.105603	1.555361	1.704652	1.853412	1.388253	1.608238	1.784560	1.105970	2.071331	1.628315	1.389424	0.366834	0.000000	1.813066	2.123607	2.125247
453	0.670409	0.190853	0.000000	0.222520	0.169154	1.115143	0.399638	0.319967	0.586375	0.144057	0.363654	0.629680	0.519588	0.647693	0.620237	0.787895	0.552645	0.539766	-0.091811	0.102209
454	0.524919	0.480081	0.094135	0.000000	0.465905	0.984977	0.517025	0.585247	0.691940	0.595985	0.675650	0.643805	1.579973	0.582273	0.833466	0.599761	0.600827	0.595073	0.427668	0.384227
455	0.952867	0.998884	0.426010	0.000000	1.515206	2.107192	1.538490	0.991816	1.433512	0.828373	0.605250	1.463471	3.435869	0.425101	1.636200	1.288108	1.056216	1.017857	1.447246	1.635278
456	2.800403	2.054329	3.714949	3.613546	1.642302	3.690163	3.257679	0.000000	2.915853	0.904095	1.666297	3.496153	3.840582	3.320188	2.746296	3.337170	2.414583	0.585916	1.958075	1.940482
457	0.396748	0.146283	0.814642	0.225268	0.369814	1.498711	0.425163	-0.205721	0.294168	0.394676	0.126910	0.586521	3.701761	0.263410	0.073044	0.712102	0.437160	0.000000	0.335330	0.384085
458	-0.117402	-0.108643	0.465145	0.182515	-0.069648	0.919576	0.100045	0.226563	-0.131558	-0.016243	-0.019754	-0.013527	3.170581	0.000000	-0.271791	0.133605	0.344309	0.455219	-0.331491	-0.120231
459	0.000000	0.823642	2.988098	2.591413	1.463566	2.055228	2.019699	0.953673	1.851977	1.203753	1.213872	2.133326	3.130763	2.035134	1.788126	1.178605	1.432948	0.751874	1.487558	1.332918
460	0.000000	0.720905	3.415643	2.835863	2.479180	1.885275	3.068876	1.360651	2.930031	0.990134	1.186284	3.157724	3.774278	2.603267	2.786711	0.843483	1.039595	1.140415	2.525982	2.642375
461	0.861853	0.539810	1.698866	0.959091	0.847691	1.902885	0.866137	0.139283	0.000000	0.306407	0.322089	1.166780	3.475555	0.546690	-0.054629	1.098610	0.867611	0.435138	0.882879	0.863244
462	-0.062548	0.111245	0.748749	0.489706	0.193305	1.214863	0.494455	-0.176842	0.028990	-0.384135	-0.294437	0.640701	2.951370	0.000000	0.040626	0.417927	0.490141	0.213781	0.353112	0.325870
463	0.000000	0.915577	2.862418	2.821256	1.451873	1.807093	2.310293	1.362593	2.462036	0.995878	1.170222	2.334485	3.131077	2.410160	2.353849	1.413464	1.729525	1.251088	1.757338	1.767493
464	0.174172	-0.037842	1.204012	0.641177	0.445767	-0.054297	0.011416	1.430835	0.304322	0.739790	0.219052	0.000000	3.015490	0.062786	0.351817	0.448414	1.331347	1.100524	0.936937	0.329134
465	2.143066	1.499886	3.521435	3.467167	1.064324	3.028907	3.120832	0.000000	3.446064	0.875348	1.301368	3.247342	3.703878	3.268553	3.403171	2.957136	2.562305	0.801926	1.940437	2.293877
466	0.816380	0.604094	0.439871	0.711624	0.443716	1.555535	0.000000	0.776275	1.852188	0.013681	0.671929	0.950068	2.219403	1.292771	1.742718	1.383030	1.667478	1.319927	0.072195	0.009100
467	0.437871	0.380046	0.004660	0.000000	0.819710	0.770004	0.632719	0.844408	0.634974	0.732624	0.719980	0.486929	1.134937	0.459516	0.777627	0.474471	0.670149	0.837377	0.677987	0.802042
468	2.079702	1.266273	2.312136	2.211804	0.000000	2.666757	1.639013	1.526763	2.382689	1.309465	1.484546	2.284707	3.339241	2.187423	2.357579	2.195422	1.958197	1.917269	0.006522	0.270613
469	2.374258	2.020828	3.204939	3.344494	2.298216	3.134146	3.318079	0.000000	3.358031	1.376304	2.045550	3.166893	3.445429	3.461866	3.265760	3.164148	2.903120	0.847261	2.837054	2.974302
470	0.424628	0.150130	0.884410	0.075393	0.831842	1.566974	0.874040	0.093398	0.535407	-0.136164	-0.237546	0.668917	3.378340	0.280454	0.661548	0.614489	0.530596	0.000000	0.660196	0.694519
471	-0.238899	0.076066	0.491791	0.170930	0.565584	-0.020224	0.396021	0.441522	-0.145965	0.199494	-0.065855	0.000000	2.530886	-0.030400	-0.091011	-0.372854	0.208930	0.482020	0.470993	0.620147
472	1.870910	1.248147	2.526350	2.131481	1.500643	2.149692	1.189590	1.493044	1.323989	0.000000	0.725100	1.627578	3.680640	1.083160	1.003417	1.704108	1.256568	1.733349	1.964247	1.924036
473	0.129166	0.248193	0.336206	0.000000	0.521314	0.663902	0.495002	0.223904	0.377902	0.257328	0.453721	0.555292	-0.624484	0.374779	0.592622	0.266879	0.345278	0.214201	0.619265	0.638541
474	0.079829	-0.531638	0.307001	0.408316	-0.300678	0.297205	-0.302390	0.205180	-0.337086	-0.664074	-0.355723	-0.288940	1.823728	0.000000	-0.406993	0.116972	0.248210	0.446358	0.029808	-0.325680
475	1.431774	1.479728	2.396380	1.932552	2.009423	0.000000	1.665349	2.518644	1.428572	1.954822	1.715417	2.104675	2.690430	1.596205	1.666711	1.716440	2.203486	2.585255	2.139767	2.049699
476	3.484277	2.550607	4.448585	3.955292	0.634521	4.349117	2.961288	2.075444	3.650894	2.389491	2.432314	3.993704	3.173116	3.849422	3.228328	3.856153	3.710713	2.693059	0.186105	0.000000
477	1.012872	0.351505	0.000000	0.178966	0.920468	1.417277	0.993150	1.254912	1.393824	0.919229	0.710012	0.577736	2.716592	0.845952	1.410476	1.103186	1.332602	1.407685	0.791818	0.858837
478	0.948851	1.126341	2.500745	1.594345	1.231034	1.931683	1.182207	1.084534	1.506484	1.059483	0.860765	1.560948	3.511760	1.042539	1.280104	1.056562	0.000000	1.105748	1.424322	1.235266
479	0.412968	-0.082429	0.860003	0.000000	-0.105153	0.997257	0.196275	-0.527548	0.056991	-0.363113	-0.186781	0.509926	0.169355	0.154461	0.096277	0.444981	0.098474	-0.489377	0.072381	-0.212583
480	1.922779	1.206411	2.616178	2.224861	0.843108	2.376320	1.880896	0.000000	2.513651	0.919786	1.199578	2.106224	2.398544	2.160294	2.318862	2.028238	1.605137	0.343481	0.513039	0.714414
481	0.772577	0.607857	0.690550	0.799291	0.948906	0.656858	0.502898	0.819733	0.359715	0.857693	0.883540	0.409258	1.328625	0.599667	0.276179	0.130794	0.000000	0.815702	1.040750	0.866596
482	0.124045	0.273151	0.433559	0.000000	0.481146	0.356021	0.389936	0.339935	0.189597	0.345739	0.377599	0.466792	0.021683	0.200916	0.267354	0.197001	0.332998	0.303811	0.536232	0.532594
483	-0.030258	-0.066418	0.171773	0.000000	0.061054	-0.211907	0.059352	0.263721	0.179378	0.234173	0.132458	0.028607	0.834000	0.029256	0.197763	-0.047847	-0.013159	0.175641	0.093199	0.074043
484	0.076606	-0.113237	0.432031	0.323775	0.017180	-0.244660	0.022382	0.105725	0.131360	0.102016	0.073536	0.000000	0.894026	0.102211	0.167363	-0.100552	-0.095945	0.090994	0.196786	0.126922
485	0.812736	0.239572	-0.393584	0.341833	0.741109	0.828747	0.847400	0.426838	1.062232	0.410983	0.420115	0.000000	1.245731	0.640360	1.113567	0.496584	0.673594	0.593778	0.720323	0.868011
486	0.643665	0.378242	1.095373	0.978710	0.198450	0.933605	0.514577	-0.319864	0.808630	0.000000	0.249121	0.890904	0.757382	0.696900	0.844696	0.836603	0.502960	-0.087874	0.520756	0.325786
487	2.377889	1.480890	2.667774	2.669812	0.000000	2.482044	2.539948	1.288491	2.645607	0.450260	1.033445	2.783537	2.260630	2.618164	2.774960	2.819168	2.749460	1.895347	1.504646	1.789193
488	0.963341	0.789157	0.476053	1.013318	1.260343	0.699649	0.873365	1.328542	0.917222	1.091153	1.126942	0.414727	1.101114	1.003588	0.914188	0.000000	-0.008335	1.354198	1.494539	1.429131
489	-0.494913	-0.094461	0.153390	-0.144821	-0.071008	-0.041230	-0.070946	0.010437	0.000461	0.028491	0.040375	0.162047	0.044554	0.017306	-0.085435	-0.066774	0.000000	0.014379	0.191456	-0.001255
490	0.558961	1.476341	1.356558	1.267784	1.386969	0.000000	1.448837	1.739518	1.858471	1.675283	1.550399	1.825918	1.798111	1.610329	2.014958	1.206092	1.565885	1.624460	1.262912	1.433990
491	0.887459	0.449588	0.592569	-0.104515	0.732438	1.701783	0.769742	1.016295	1.367743	0.498158	0.380546	1.137758	2.500811	0.000000	1.570810	1.323527	1.123795	1.087515	0.681865	0.774869
492	0.797830	1.263628	2.569360	1.679372	1.570711	1.921295	1.480932	1.086717	0.000000	0.811488	0.757503	1.797063	3.318668	0.835904	0.229737	1.337367	1.568387	1.344052	1.636131	1.590678
493	0.489411	0.432569	1.691210	1.193855	0.853006	1.426469	0.490608	0.190456	-0.168157	-0.075239	-0.001808	1.008436	2.170641	0.000000	-0.593992	0.941248	0.193503	0.383945	1.041004	0.841564
494	1.478555	1.486689	2.918399	2.579034	1.793345	2.275155	2.166548	1.035914	1.977940	0.000000	0.624411	2.562262	3.259923	1.751774	1.864469	2.169082	2.118715	1.515795	2.592388	2.551438
495	1.618304	0.934280	2.613268	2.512446	0.950456	2.418149	2.498418	-0.610776	2.518321	-0.620329	0.326129	2.642213	2.802342	2.483900	2.456162	2.581490	2.062149	0.000000	1.883448	1.959206
496	-0.275292	0.248610	0.692749	0.302768	0.958089	0.582376	0.745463	0.649097	0.811958	0.478258	0.203141	0.646222	2.471301	0.162174	0.705661	0.000000	0.210091	0.460453	0.934635	1.036104
497	2.308260	1.636485	3.132278	3.049134	1.224101	2.990501	2.789617	0.000000	3.031621	0.239041	0.962774	3.050421	3.127599	2.900970	2.920280	2.965887	2.544286	1.154479	1.796453	1.895662
498	0.000000	1.245830	3.230694	3.075011	2.238510	2.233172	2.933695	1.414156	2.910600	1.183595	1.587054	2.876418	3.423592	2.787479	2.767877	1.881849	1.782702	1.285294	2.451872	2.570665
499	1.331228	1.685262	3.058915	2.247259	1.817334	2.061151	1.833648	1.564060	1.151791	1.774820	1.233025	1.826193	4.019328	1.190075	0.000000	1.767924	1.889905	1.833098	1.950525	1.956238
500	-0.424094	-0.430964	1.969690	0.290562	0.666734	1.322595	1.260416	-0.314972	1.503915	-0.199923	-0.231940	1.239244	2.657593	0.522782	1.240607	0.717817	0.000000	-0.906669	0.986768	0.782670
501	1.869204	1.100426	3.028903	2.805387	0.613687	2.685556	1.974601	0.000000	2.236356	0.025301	0.453748	2.589496	3.497913	2.271485	2.199342	2.399042	2.213098	1.044575	0.776117	0.875504
502	1.847845	1.738639	3.379600	3.046740	1.717705	2.772197	2.790272	0.000000	2.767026	0.269871	1.125771	2.797467	3.158197	2.722297	2.696081	2.635248	2.312626	0.664878	2.114309	2.144888
503	-0.227181	0.236727	1.106404	0.635325	0.437412	0.209059	0.523423	-0.170509	-0.082896	-0.403199	-0.587572	0.289090	2.059306	-0.221962	0.122482	-0.039178	0.000000	0.057529	0.572552	0.596636
504	0.554899	0.493695	0.572594	0.733346	1.027209	0.807824	0.487377	1.294757	0.078992	0.767040	0.485009	0.000000	2.572860	0.148813	0.201956	0.601254	1.044181	1.409917	1.099345	1.056239
505	0.939637	1.132762	2.640949	2.306214	1.428188	1.828789	1.859249	1.796009	2.066605	1.869496	1.698372	2.164754	0.000000	2.110515	2.095406	1.563154	1.843657	1.500650	1.871718	1.548343
506	0.302067	0.265515	0.101127	0.000000	0.467270	0.884853	0.557108	0.156246	0.246296	-0.119001	-0.141577	0.745630	1.548253	-0.119786	0.558725	0.235430	0.375232	0.351613	0.460033	0.591374
507	2.159357	1.092347	3.132329	3.185156	0.453521	2.954155	2.894027	0.567454	3.210927	0.000000	0.955365	3.137784	3.221871	3.138301	3.080683	3.001829	2.223490	0.544501	1.909292	2.016816
508	2.153403	1.259544	3.041766	2.754399	0.665974	2.650967	2.408787	0.530521	2.663590	0.000000	0.758960	2.760365	3.022598	2.528111	2.573323	2.495272	1.968853	0.728093	0.850654	1.365233
509	2.162184	1.347049	2.960710	2.789080	1.696560	2.584274	2.626497	0.000000	2.592691	0.456519	0.913440	2.543869	2.712281	2.343830	2.730698	2.225328	1.732295	0.539098	2.357052	2.516027
510	1.367380	0.570411	2.094201	1.941880	-0.076154	1.581173	1.541153	-0.568703	1.894002	0.000000	0.162481	2.102898	1.811632	1.783001	1.908157	1.672871	1.422544	0.088741	0.130213	0.516760
511	1.279164	0.979226	0.000000	0.734429	1.133055	1.358434	1.215401	1.475689	1.838495	1.541138	1.326413	1.138322	1.775504	1.181760	1.805024	1.220801	1.419459	1.393494	1.212159	1.338038
512	1.019096	0.330219	0.028505	0.000000	0.329602	0.922599	0.539323	0.123575	1.664173	0.203637	0.266307	0.794086	1.911128	0.573737	1.548352	0.982232	0.766534	0.154113	0.324153	0.227071
513	0.000000	-0.069416	0.989425	0.452645	-0.093543	0.541281	0.151485	0.046194	0.340792	0.130859	0.054656	0.458159	1.511724	0.136115	0.338046	0.228817	0.428540	-0.210882	0.224151	-0.039902
514	0.333632	0.131149	1.167925	1.270820	-0.356660	0.668886	0.439938	-0.011407	0.925040	-0.417751	-0.186893	0.472190	1.345274	0.635810	0.811768	0.177856	0.000000	0.205309	-0.172456	-0.056951
515	-0.102792	-0.021139	0.349931	0.198706	0.301848	-0.153910	0.216190	0.325020	0.267028	0.395082	0.219691	0.325553	0.234840	0.216767	0.219605	0.000000	0.163712	0.127405	0.363412	0.377028
516	0.044899	-0.163039	0.201676	0.226955	0.134981	-0.238883	0.117092	0.578901	0.271350	0.303435	0.130570	0.000000	1.447801	0.139441	0.292200	-0.087751	0.003250	0.488640	0.192225	0.277996
517	1.214020	0.739718	1.434957	1.193537	0.898369	1.704041	1.252436	-0.062032	1.443422	0.177568	0.461092	1.313795	1.744212	1.169232	1.498814	1.171370	0.748775	0.000000	1.112818	1.077330
518	1.223766	0.975420	0.000000	0.991630	1.581416	0.997645	1.143125	1.558244	1.231047	1.390624	1.412856	0.583160	1.292931	1.224952	1.350011	0.611040	0.843658	1.533248	1.604118	1.603271
519	-0.394449	-0.253756	0.235147	0.003669	-0.194211	0.148652	-0.109820	-0.111220	-0.133200	-0.041043	-0.095628	0.222910	0.137531	0.045669	-0.079188	-0.167555	0.000000	-0.159121	-0.242517	-0.235854
520	0.040318	0.115530	0.076672	-0.150106	0.352792	0.510752	0.346152	0.096298	0.271293	0.048425	0.139449	0.353008	0.910561	0.175285	0.399064	0.293871	0.326970	0.000000	0.419408	0.343177
521	0.524497	0.012093	0.462967	-0.029526	0.723290	1.497665	1.058006	-0.226927	1.419854	-0.707834	-0.505269	1.095522	2.264385	0.506979	1.356339	0.882770	0.000000	-0.034383	0.661344	0.951487
522	0.578247	0.434176	0.517218	0.000000	0.536468	1.197753	0.948024	0.604431	1.272296	0.117104	0.265328	1.099581	2.391792	0.706850	1.175144	0.908966	1.230557	0.928959	0.510660	0.435257
523	0.000000	-0.037755	0.330184	0.098913	0.072693	0.699178	0.224851	0.136193	0.265491	-0.097343	-0.040423	0.291168	2.615072	0.231584	0.219276	0.279455	0.472364	0.434545	0.054488	0.083775
524	0.175627	0.446606	0.632155	0.723986	0.878146	1.285468	0.776257	0.185047	0.000000	-0.137743	0.137900	0.394346	2.590369	0.375451	0.085377	0.543404	0.690760	0.538099	1.008089	0.935983
525	2.066096	1.438000	3.047807	2.778749	1.206706	2.731842	2.581553	0.000000	2.653121	0.389832	0.949046	2.699293	2.921719	2.536185	2.456177	2.594352	2.139930	0.914846	1.359432	1.506357
526	0.345566	0.377138	0.708739	0.695586	-0.367713	0.775151	-0.009957	0.172411	0.532291	-0.033787	-0.099730	0.358983	2.497156	0.000000	0.164176	0.314652	0.218972	0.561964	-0.491409	-0.370340
527	0.040384	0.399161	0.397250	0.322392	0.562747	0.719752	0.427927	0.439862	0.000000	0.167431	0.175672	0.341691	2.110582	0.134525	0.040865	0.246682	0.351190	0.591833	0.606323	0.613060
528	0.000000	1.177020	2.194105	2.084398	1.659415	1.279474	2.121611	1.320113	2.183330	1.145719	1.239294	2.031542	2.429614	1.927974	2.200015	1.170742	1.571109	1.181236	1.880785	1.909324
529	1.699387	0.883682	2.871836	2.545345	-0.032375	2.519500	1.888235	-0.306900	1.935776	-0.009435	0.000000	2.293474	2.900595	2.077398	1.698002	2.210946	1.607879	0.347320	0.533198	0.580975
530	-0.015103	-0.198130	0.000000	-0.037900	-0.330628	0.495870	0.120183	-0.085860	0.134671	-0.212078	-0.340174	0.122293	2.595018	0.043594	0.100603	0.036002	0.116205	0.142932	0.000967	-0.050732
531	0.068726	0.306540	0.792006	0.000000	0.636587	0.980840	0.699971	0.602926	0.847513	0.496938	0.350203	0.259380	2.949992	0.528611	0.897416	0.416743	0.767160	0.635755	0.665335	0.582533
532	0.000000	0.221676	2.309031	1.863251	0.506913	1.830224	1.815029	-0.169986	2.103313	-0.920376	-0.053011	1.898746	2.533525	1.698484	2.058411	1.474955	1.297422	0.109543	0.789564	0.766901
533	0.386347	0.054534	2.363791	1.749574	0.408373	1.419907	1.084216	0.000000	-0.105566	0.253715	-0.226155	1.477034	2.581649	0.598641	-0.268877	0.626800	0.553674	0.201273	0.604097	0.750755
534	0.499269	0.736024	1.461702	1.067772	0.605740	1.473753	0.727299	0.462805	0.000000	0.476739	0.442127	1.047570	2.882121	0.663680	0.212250	0.775795	0.910764	0.560191	0.852858	0.673688
535	1.265852	0.441024	0.445038	1.063986	0.735866	0.000000	0.781680	1.740063	1.365993	1.210918	1.159824	0.272295	2.193851	1.215549	1.433157	1.021526	1.230160	1.925268	0.997745	0.911112
536	1.842523	1.274748	2.959003	2.704447	1.636728	2.323555	1.756399	1.167751	0.858136	1.363828	1.427060	1.821846	2.339067	1.876973	0.000000	1.811166	1.439418	0.990372	1.870977	1.758994
537	1.765814	1.578827	3.054971	2.981982	1.853191	2.574859	2.418344	1.063174	2.689081	1.519495	1.484240	2.357386	2.746438	2.393493	2.489897	1.233193	0.000000	1.198982	1.829428	2.084202
538	-0.147922	0.184161	1.931883	1.656867	1.046103	0.833798	1.535543	0.131549	1.567804	0.527517	0.462245	1.334782	1.818304	1.281269	1.502689	0.000000	-0.218210	-0.279599	1.394107	1.238879
539	1.522939	0.597288	1.974698	1.949304	0.000000	1.956322	1.942176	-1.163731	1.981199	-0.555095	0.078324	2.067109	1.735157	2.009672	1.984012	2.036960	1.605067	-0.408239	0.887641	1.122769
540	1.429874	0.851952	2.022198	1.985112	1.269014	1.913882	1.746758	-0.358918	1.462732	0.489858	0.664246	1.771349	2.188310	1.653677	1.380831	1.623840	1.200894	0.000000	1.330645	1.501962
541	1.519063	1.429714	2.883955	2.885350	2.367408	2.407769	2.919083	0.000000	2.775289	1.308404	1.738062	2.628533	2.587640	2.740118	2.753407	2.239390	1.756444	0.228141	2.790436	2.762524
542	0.000000	0.763849	2.797793	2.583577	2.176446	1.329618	2.582713	1.354255	2.616420	1.553055	1.727019	2.693442	2.281358	2.403093	2.722475	1.118234	1.299668	0.750272	2.546896	2.498702
543	0.364834	0.157138	1.161376	0.771739	0.946602	0.178704	0.000000	0.728766	0.594852	0.648048	0.537407	-0.120815	0.952034	0.063406	0.487297	-0.049812	0.139750	0.491142	1.208663	0.901298
544	1.645712	1.380032	1.890114	2.242759	1.500866	1.814026	0.801092	1.547527	0.562035	1.302799	1.541443	1.034675	3.059193	1.347281	0.000000	1.014777	1.122879	1.760417	1.579748	1.356125
545	1.605496	1.179842	3.275346	2.315607	1.043835	2.875369	1.869606	0.493187	1.504972	0.000000	0.896993	2.773797	2.122523	2.074660	1.423928	2.457007	2.208557	1.042514	1.138270	0.911680
546	0.354074	0.566376	0.682644	0.738972	0.463579	0.682900	0.199497	0.642678	0.000000	0.675329	0.622839	0.446202	0.792266	0.277312	-0.062304	0.303475	0.496360	0.667840	0.306781	0.305177
547	1.071802	1.022738	1.748136	1.565959	0.967643	1.668041	0.947682	0.803617	1.118795	0.941607	0.942795	1.149755	1.996817	0.848021	0.786858	0.635252	0.000000	0.877697	1.022963	1.051722
548	1.875219	1.693095	3.090073	2.815900	2.028019	2.697409	2.626922	0.000000	2.829030	0.629126	1.376346	2.720373	3.149208	2.516880	2.805758	2.622818	2.204581	0.623834	2.202762	2.431750
549	0.660892	0.233787	2.225399	0.651377	1.252314	1.905245	1.335768	0.179185	0.528481	0.000000	0.055354	1.627172	3.442650	0.403367	0.541544	1.102588	1.036169	0.141318	1.283094	1.321246
550	-0.415314	-0.109883	0.946459	0.604681	0.374385	0.429204	0.194998	0.277408	-0.870646	0.045542	-0.277974	0.000000	2.270854	-0.285969	-0.767696	-0.250099	0.191816	0.415732	0.276059	0.494908
551	0.000000	1.064535	2.884457	2.635641	1.709824	1.494835	2.333622	1.830841	2.262273	1.564187	1.474459	2.424925	2.761473	2.343899	2.240358	1.199808	1.917829	1.590868	2.030580	2.008107
552	0.829201	0.299875	0.000000	0.814216	0.692083	0.702293	0.342835	0.931718	0.669612	0.906291	0.784610	0.117755	1.435989	0.635544	0.718939	0.477505	0.367102	0.952414	0.867144	0.801114
553	2.254715	1.289541	3.734284	3.064162	1.361790	3.230833	1.686989	1.078082	0.527419	0.810007	1.104487	2.274367	3.746369	1.908936	0.000000	2.168133	1.754831	1.365533	1.271306	1.283132
554	2.209656	1.972691	3.453471	3.438938	3.189300	2.968516	3.204230	0.000000	2.619541	1.873110	2.247949	2.752255	3.280586	2.858865	2.763269	2.682831	2.273381	0.477671	3.291577	3.386450
555	1.996605	1.313882	3.640699	3.345809	0.929688	3.403042	2.394096	0.000000	2.581807	1.040256	1.398594	3.156308	3.559677	2.803864	2.476709	2.823330	2.090489	0.307838	1.298292	1.134208
556	2.057364	1.131385	3.900097	3.693738	1.255229	3.441080	3.394073	1.112611	4.121983	1.293475	1.788744	3.870623	4.268732	3.897258	3.785794	3.284234	2.724618	0.000000	2.289292	1.766598
557	3.085075	1.763966	4.291366	4.092275	0.606597	3.674081	3.606582	0.510968	4.015711	0.000000	0.392757	3.876583	3.814802	3.650532	3.986602	3.597937	2.733119	1.046055	2.949728	2.813755
558	1.101782	0.885683	1.879617	1.585073	0.914424	1.841124	0.781058	0.531390	0.433328	0.702798	0.625755	1.362694	3.649716	0.890840	0.000000	1.180290	1.287368	0.714849	1.021919	0.932648
559	0.471085	0.061498	0.000000	0.383089	0.572413	0.228674	0.425552	1.256582	0.648972	0.687532	0.577735	-0.062420	2.185542	0.437469	0.722282	0.587991	1.107296	1.254147	0.896706	0.611688
560	3.016970	2.486685	3.388530	3.418140	2.553178	0.000000	2.985998	3.099327	3.251073	2.805221	2.770294	3.096341	3.358789	3.209065	3.334651	3.148717	3.273539	3.113685	2.950941	2.833041
561	0.417999	0.462942	1.731781	0.000000	0.802476	0.865099	0.973259	0.549681	0.772738	0.825086	0.254889	1.424151	3.334203	0.282934	0.724195	0.401530	0.588225	0.258141	1.154533	0.698129
562	2.071132	1.599845	3.495070	3.252878	2.363838	3.188438	3.055724	-0.017227	1.970874	0.834950	1.699149	2.994931	2.033099	2.847677	2.211930	2.583198	2.221751	0.000000	2.795751	2.866119
563	1.413682	0.922498	2.480685	1.849190	0.933336	2.610950	1.568600	0.000000	1.742967	0.802263	0.960659	2.329309	3.500903	1.735062	1.825793	1.822837	1.529730	0.024832	1.086382	0.861318
564	0.656903	1.454135	1.806364	0.000000	2.018042	1.832217	1.862577	2.178193	2.258964	1.767662	1.239660	2.201522	3.761998	0.688217	2.236119	1.339907	2.116752	1.979182	1.901298	2.115725
565	0.055677	-0.434089	1.483846	0.000000	0.185975	1.535913	0.428419	-0.268294	0.514435	0.323170	-0.176945	1.079904	2.960437	0.041107	0.473395	-0.051696	-0.177079	-0.527402	-0.183366	-0.000517
566	1.841663	1.685353	2.517940	2.691968	1.875677	0.000000	2.321809	2.381161	2.369104	2.044275	2.014661	2.236327	2.791410	2.464204	2.517416	2.229021	2.390680	2.469069	1.991762	2.139800
567	0.339687	0.134764	0.646617	0.819764	0.438616	0.411776	0.269969	0.379246	-0.167656	0.433713	0.393739	0.000000	0.800870	0.399332	-0.327984	-0.267614	-0.558692	0.220438	0.769180	0.504320
568	0.097755	0.424960	1.522327	1.724832	-1.122254	0.675314	0.000000	0.869901	1.584683	1.085465	1.078210	1.385307	-0.071238	1.658640	1.541650	0.603038	1.087034	0.640355	-0.530694	-0.630387
569	0.077511	0.238253	0.425693	0.364987	0.125977	0.605176	0.000000	0.307259	-0.118282	0.188167	0.196719	0.333996	1.130430	0.101559	-0.029066	0.214315	0.319648	0.322973	0.201150	0.203989
570	0.354705	0.386387	0.551568	0.000000	0.378235	0.815164	0.444705	0.391675	0.397058	0.486353	0.418132	0.691791	2.564082	0.261758	0.686354	0.071230	0.335127	0.433226	0.439993	0.320889
571	2.574923	1.747186	3.488762	3.468061	2.567515	3.099980	2.982294	2.095422	2.706005	0.000000	1.692469	2.821585	3.030272	3.032056	2.812694	2.927045	2.798337	2.325802	3.235499	2.994656
572	1.254426	0.591258	2.024885	1.300851	0.932647	1.929874	1.509573	-0.134995	1.222838	-0.339410	0.074646	1.746518	2.608500	1.265956	1.236032	1.628412	1.300591	0.000000	0.948726	1.130172
573	-0.303442	0.184123	0.584576	0.000000	0.557908	0.555490	0.351283	0.383926	-0.112119	0.051884	0.012408	0.363954	2.713592	0.008607	0.009144	0.099022	0.508828	0.479434	0.609304	0.523673
574	-0.185125	0.288802	1.235591	0.931689	0.661494	0.747614	0.156723	0.133589	-0.838432	-0.085892	0.067598	0.084030	2.176008	0.000000	-0.886488	-0.185976	0.266453	0.434333	0.788511	0.625137
575	0.341831	0.189990	0.000000	0.319097	0.880592	-0.236941	0.257826	1.351027	0.202222	0.568854	0.400023	-0.365039	2.074360	-0.030931	0.394612	0.534904	1.245562	1.468162	1.151393	1.008974
576	2.141021	2.169309	2.245558	2.452138	2.531304	0.000000	2.084518	3.031543	2.013736	2.448280	2.394963	1.998646	2.606160	2.279789	2.123400	1.662698	2.264838	3.118497	2.669209	2.630379
577	1.022810	0.690668	1.743207	1.254002	0.000000	2.093205	1.328444	0.494282	1.547266	0.562434	0.787922	1.799877	1.763743	1.547069	1.560187	1.548464	1.576174	0.839788	-0.455567	-0.066437
578	2.491045	2.134631	3.049626	3.105855	-0.211154	2.824071	2.163442	2.756829	2.911323	2.412258	2.339566	2.915854	2.982392	2.991817	2.612426	2.895826	2.901614	2.820110	0.786307	0.000000
579	0.000000	0.563781	1.714284	1.444291	-0.399998	0.906663	0.105694	1.151022	0.507693	0.652816	0.571169	0.712694	2.287430	0.845615	0.327957	0.201542	0.644522	1.243170	-0.548655	-0.726796
580	0.407821	0.175110	0.418948	0.000000	0.290147	1.200074	0.410984	0.451479	0.287884	0.342704	0.333036	0.549956	3.243989	0.210933	0.403190	0.480179	0.601219	0.615448	0.112373	0.249771
581	1.876927	0.887485	2.436864	1.760542	0.318176	2.600618	1.574817	0.159825	2.340641	0.000000	0.323756	2.414190	3.317841	1.710995	2.199651	2.269722	1.736875	0.975249	0.109786	0.348079
582	2.463600	1.745202	3.553152	2.880632	0.328143	3.355882	1.699805	0.726387	2.962150	1.074852	1.308528	3.065642	3.654354	2.634112	2.644248	2.987601	2.608722	1.162849	0.210802	0.000000
583	0.517200	0.317679	1.092310	0.825309	0.100536	1.185974	0.210728	0.634142	0.000000	0.238923	0.310033	0.394572	3.065342	0.447755	-0.076409	0.656631	0.843951	0.902117	0.118707	0.097064
584	-0.025021	-0.050487	0.468854	0.029764	0.131146	0.605233	-0.038259	0.104672	-0.323074	-0.095618	-0.032163	0.000000	2.458163	-0.131947	-0.350820	-0.117461	0.131336	0.317563	0.107581	0.124217
585	0.391621	-0.064474	0.503598	0.038438	-0.026189	0.918147	0.045373	0.076941	0.220814	-0.048554	0.049241	0.219249	1.752049	0.000000	0.204236	0.388096	0.358489	0.146474	0.004076	-0.099806
586	1.460935	0.967995	1.883417	1.815295	0.000000	1.873977	1.261979	1.040961	1.908835	0.676046	0.870046	1.737542	2.287434	1.692744	1.906248	1.823553	1.738468	1.307862	0.203360	0.202680
587	-0.148318	-0.155585	0.110403	-0.168753	0.214138	0.190739	0.158064	-0.036340	0.007088	-0.183962	-0.237272	0.179825	1.020693	-0.184837	0.127495	-0.055517	0.154750	0.000000	0.133618	0.194803
588	0.024499	-0.144010	-0.155964	-0.127367	0.000000	-0.069708	-0.002939	0.166197	0.011222	0.106189	0.135699	-0.152038	0.162424	-0.060965	0.092466	-0.057407	0.032147	0.169637	0.148963	0.181016
589	0.249165	0.135492	0.183077	0.000000	0.278045	0.251010	0.236988	0.181775	0.273622	0.134077	0.199641	0.242078	0.672496	0.099775	0.363641	0.211080	0.274184	0.285531	0.337645	0.331315
