	A	C	D	E	F	G	H	I	K	L	M	N	P	Q	R	S	T	V	W	Y
1	0.176211	-0.261882	0.039732	0.180362	-0.126321	0.076657	0.051480	-0.093199	0.285360	-0.042560	0.000000	0.049831	0.134293	0.266238	0.229183	0.204888	0.209592	0.031373	-0.347739	-0.129908
2	-0.092025	-0.424032	0.129344	0.165164	-0.327617	-0.082765	-0.044257	-0.147462	0.150594	-0.205628	-0.113890	0.007810	0.215738	0.074529	0.000000	0.030038	0.019619	-0.129749	-0.495057	-0.313548
3	0.162580	-0.332575	0.265091	0.323801	-0.059449	0.159350	0.141809	0.048527	0.352407	-0.071231	0.007615	0.214819	0.298508	0.216915	0.288135	0.211642	0.191855	0.000000	-0.216098	-0.014219
4	-0.138930	-0.375094	0.000506	-0.026968	-0.171662	-0.026725	-0.054013	-0.221493	0.000000	-0.203085	-0.129598	-0.059713	0.200935	-0.107260	-0.004723	-0.101405	-0.146138	-0.185361	-0.336587	-0.172690
5	-0.167120	-0.579067	-0.013521	0.000000	-0.289663	-0.204482	-0.105176	-0.249588	0.126703	-0.227703	-0.153483	-0.067429	0.050038	-0.024208	0.071794	-0.061642	-0.095397	-0.250769	-0.435333	-0.275609
6	-0.249236	-0.543453	-0.067342	-0.024392	-0.381705	-0.209707	-0.189986	-0.312704	0.000000	-0.274516	-0.233974	-0.115656	0.057459	-0.133269	-0.015026	-0.130651	-0.193276	-0.301506	-0.539215	-0.364296
7	0.282042	-0.169587	0.252183	0.337326	0.026696	0.284797	0.272890	0.215899	0.507477	0.135651	0.178074	0.311382	0.380202	0.257938	0.455096	0.325466	0.268840	0.272481	-0.061194	0.000000
8	-0.045397	-0.346407	0.160886	0.172025	-0.165976	0.067008	0.062741	-0.034594	0.254542	-0.016031	0.003579	0.076279	0.380233	0.000000	0.198344	0.058003	0.055913	0.014834	-0.274262	-0.117062
9	-0.011786	-0.278167	0.157648	0.203416	-0.010976	0.070522	0.000000	0.010263	0.325838	0.052876	0.069120	0.145712	0.339961	0.132944	0.268335	0.058878	0.118274	0.011604	-0.202088	-0.007948
10	0.224257	-0.160382	0.300167	0.200411	0.131148	0.280725	0.302997	0.081206	0.450852	0.000000	0.158042	0.307520	0.531599	0.215755	0.431413	0.272388	0.254181	0.121184	0.040963	0.182531
11	0.477965	0.043052	0.481042	0.516699	0.432806	0.523457	0.610114	0.475656	0.663892	0.374431	0.409575	0.537399	0.764860	0.513062	0.643987	0.548958	0.534981	0.503199	0.000000	0.570792
12	-0.161330	-0.424870	0.152613	0.038389	-0.348195	-0.135665	-0.055567	-0.189691	0.161033	-0.238726	-0.185025	0.045817	0.445395	-0.048427	0.000000	0.024168	0.045887	-0.116420	-0.511289	-0.337838
13	0.568473	0.149655	0.583311	0.578318	0.500333	0.573336	0.662139	0.442531	0.744427	0.407205	0.459162	0.643110	0.842764	0.594028	0.712656	0.664336	0.623339	0.503262	0.000000	0.610819
14	-0.076474	-0.476455	0.350408	0.152430	-0.390291	0.000000	0.035815	-0.375036	0.344497	-0.346942	-0.259921	0.220532	0.557840	0.094533	0.291359	0.172810	0.182061	-0.227509	-0.650570	-0.277225
15	0.565760	0.121740	0.575916	0.569819	0.458301	0.534958	0.730326	0.465467	0.817536	0.432422	0.499949	0.678874	0.865107	0.646294	0.812920	0.653870	0.632842	0.500780	0.000000	0.602730
16	-0.247065	-0.420699	0.245140	-0.059939	-0.401953	-0.135251	-0.056967	-0.447946	0.000000	-0.416527	-0.308877	0.125001	0.360113	-0.116537	-0.010115	0.011281	-0.022473	-0.381108	-0.499375	-0.366608
17	0.702905	0.249761	0.964543	0.896453	0.531443	0.896286	0.918267	0.398806	1.059991	0.406412	0.546844	1.016735	1.088804	0.899056	1.019398	0.936112	0.791115	0.476390	0.000000	0.672330
18	-0.259928	-0.688869	0.477010	0.138938	-0.732479	0.000000	-0.105890	-0.783607	0.191981	-0.778664	-0.571138	0.256377	0.630019	0.000997	0.079069	0.079856	-0.056531	-0.551657	-0.957269	-0.604363
19	-0.256707	-0.473883	0.400274	0.071599	-0.442305	0.044148	-0.020587	-0.504585	0.202550	-0.533543	-0.393584	0.232054	0.520617	-0.002718	0.124344	0.109455	0.000000	-0.344191	-0.662051	-0.412434
20	0.386856	-0.032156	0.929842	0.666961	-0.001188	0.757746	0.536399	-0.142822	0.815307	-0.096156	0.000000	0.807777	1.061221	0.608210	0.711870	0.728926	0.597620	0.122424	-0.230640	0.086621
21	0.697822	0.273749	1.442078	1.062730	0.268268	1.138261	0.950056	0.127569	1.163092	0.000000	0.338492	1.268542	1.674148	0.957701	1.074779	1.066880	0.850481	0.313820	0.204318	0.386883
22	0.513779	0.187558	1.155976	0.842092	0.243798	0.876701	0.824566	0.089538	0.939088	0.000000	0.298843	1.047935	1.590882	0.774500	0.868229	0.803537	0.633671	0.227483	0.128686	0.321561
23	-0.435319	-0.736226	0.638458	0.238531	-0.784555	0.000000	-0.115295	-0.909721	0.160584	-0.882231	-0.688452	0.291634	1.100115	-0.008658	0.048469	0.033331	-0.159403	-0.691727	-0.890877	-0.642947
24	0.553544	0.124443	1.515739	1.088069	0.011012	1.176194	0.882945	0.000000	1.249228	-0.067786	0.192785	1.286768	1.909461	0.947357	1.125423	1.047201	0.866488	0.349088	-0.146331	0.117249
25	0.553750	0.275993	1.319411	1.016976	0.347300	0.987342	0.895844	0.118979	1.143414	0.000000	0.361881	1.171150	1.537590	0.914605	1.058109	0.910180	0.762871	0.342025	0.211058	0.441056
26	0.208699	-0.018274	0.842684	0.670183	0.011320	0.523307	0.409309	-0.153279	0.563299	-0.058243	0.000000	0.591870	1.106968	0.500607	0.417655	0.487738	0.379269	0.091521	-0.159511	0.071810
27	0.279793	0.034843	0.905172	0.642441	0.066200	0.630176	0.536363	0.000000	0.700275	0.026268	0.184617	0.746638	1.451762	0.532553	0.613779	0.544666	0.513640	0.260505	-0.015834	0.150467
28	0.167321	0.000000	1.056698	0.832549	0.118143	0.588803	0.738631	-0.063742	0.946497	-0.020878	0.082282	0.939183	1.523583	0.765111	0.905112	0.556834	0.502540	0.046790	-0.000473	0.288227
29	-0.147035	-0.390627	0.334890	0.231631	-0.316204	0.143548	-0.028595	-0.242991	0.257757	-0.347055	-0.236667	0.131340	0.874028	0.111441	0.214041	0.000000	0.040877	-0.089667	-0.535026	-0.289413
30	0.000000	-0.238399	0.497227	0.352943	-0.140797	0.268643	0.177229	-0.046747	0.331831	-0.120248	0.012371	0.306340	0.657681	0.228041	0.318179	0.230471	0.223038	0.095188	-0.272264	-0.057224
31	-0.107863	-0.171339	-0.063126	-0.126017	-0.025103	0.004359	-0.001165	-0.047702	0.195658	-0.008413	0.018126	0.021301	0.266414	0.005401	0.204064	-0.041075	0.000000	-0.057493	-0.121699	-0.016829
32	0.240193	0.031647	0.141341	0.000000	0.476727	0.384679	0.525620	0.229028	0.749778	0.330637	0.393795	0.460270	0.426701	0.392651	0.800296	0.350196	0.331158	0.156061	0.367394	0.479822
33	-0.045524	-0.155898	0.109097	-0.156821	0.052327	0.197937	0.049859	-0.250811	0.000000	0.055039	0.030536	0.149961	0.007627	-0.135177	0.124615	0.041187	-0.219937	-0.362858	0.079821	0.093283
34	1.150378	0.443111	1.689790	1.554492	0.211339	1.615643	0.857436	0.420791	1.689422	0.000000	0.355799	1.159695	1.025761	1.132829	1.563983	1.233930	1.066530	0.567340	-0.158894	-0.098549
35	2.624142	1.943892	2.733557	2.640326	0.780818	2.704350	1.768997	2.277332	2.850999	2.539246	2.343081	2.477459	2.703403	2.694728	2.541064	2.352533	2.192386	2.366484	0.000000	0.298737
36	1.582364	0.985023	2.921607	2.932589	1.247731	2.733173	2.694578	-0.037664	2.833778	0.273874	0.927204	2.948690	2.954723	2.482346	2.956506	2.653172	2.014842	0.000000	1.432124	1.767308
37	0.995532	0.877289	2.145801	1.188084	1.553921	1.615366	1.289474	1.077107	1.504778	1.624027	1.085018	1.186042	2.515758	0.539907	1.278382	0.611880	0.000000	0.592393	1.253670	1.516229
38	1.483265	0.831043	2.506729	2.333550	0.224314	2.138059	2.008766	-0.573112	2.368533	-0.506063	0.196641	2.433093	2.420611	2.098908	2.463696	2.334594	1.884586	0.000000	0.863051	0.874320
39	1.719468	1.432630	2.920787	2.682504	0.231392	2.362587	1.429585	1.388142	2.151242	1.213445	1.226006	2.202536	2.475373	2.026349	2.044995	2.059958	1.890768	1.509890	0.680653	0.000000
40	1.882492	1.385897	2.276863	2.297079	0.366768	2.233014	1.522065	1.654781	2.091360	1.627904	1.626603	2.061674	2.389297	2.069943	1.856823	2.101070	2.163044	1.765798	0.324483	0.000000
41	1.150119	1.149182	1.925008	2.015031	1.294356	0.000000	1.857271	1.551518	2.059931	1.315248	1.480300	1.732171	1.909398	1.888909	2.300316	1.589843	1.701277	1.612084	1.395743	1.508466
42	0.102919	0.380529	1.933037	1.584141	0.470620	1.001722	1.178862	0.647419	0.593950	0.567325	0.144056	1.028181	1.926099	0.543447	0.584006	0.727445	0.283852	0.000000	0.629542	0.792946
43	1.443127	1.190279	1.987861	1.803254	0.723624	2.030935	1.171605	1.358895	1.819663	1.211010	1.380469	1.574828	0.000000	1.634691	1.986182	1.769978	1.998427	1.521233	1.120628	0.729978
44	0.986965	0.513526	1.683616	1.618155	1.561273	1.325593	1.043855	0.067042	0.001380	0.358245	0.636501	0.506430	1.788995	0.686927	-0.059450	0.455214	0.570197	0.000000	1.712885	1.615413
45	1.605326	0.871148	2.490676	2.463027	0.455853	2.160299	1.284578	0.569718	1.691212	0.976053	1.009486	1.989436	2.255431	1.943156	1.508139	1.596267	0.707886	0.423726	0.000000	0.158515
46	0.593310	0.276185	1.211554	0.661765	0.060671	1.016279	0.024293	-0.049154	0.000000	0.440513	0.310348	0.703041	2.207115	0.285632	-0.029514	0.276314	0.078820	-0.017866	0.223759	-0.178855
47	0.340676	0.393740	0.182448	0.000000	0.437524	0.921210	0.518287	0.140672	0.750202	0.180477	0.425550	0.471702	0.158526	0.479352	0.775678	0.345987	0.355896	0.146891	0.437416	0.063464
48	0.000000	0.606324	0.521962	0.326304	0.994839	1.329155	1.137643	0.808002	1.544331	1.099314	0.641693	1.280239	2.646672	0.856943	1.577236	0.583488	0.736079	0.735003	0.985016	0.943512
49	-0.086558	-0.057967	0.344818	0.365151	0.043834	0.465173	-0.056069	0.009447	-0.385058	0.278187	0.118081	-0.009594	-0.174246	0.003437	-0.220183	-0.230070	0.000000	-0.163636	-0.039863	-0.009548
50	-0.258702	-0.449347	0.927803	0.363073	-0.674629	0.778310	0.319149	-0.486344	0.995680	-0.326959	-0.438210	0.822468	1.457247	0.476518	0.847386	0.400417	0.000000	-0.567289	-0.229342	-0.525643
51	-0.184279	-0.305907	0.111406	-0.121003	-0.472508	0.338102	-0.223501	-0.273417	0.136508	-0.435414	-0.302493	-0.072936	-0.458786	-0.085453	0.124037	-0.025990	0.000000	-0.103030	-0.588222	-0.536519
52	1.666430	0.660188	2.185096	2.186826	-0.032371	1.946887	0.999242	1.070580	1.833772	0.000000	0.313294	1.677060	1.350537	1.526634	1.716781	1.645151	1.243757	1.280610	0.225632	0.128925
53	1.154190	0.579786	1.243413	1.121365	0.000000	1.411154	1.028688	0.355886	1.430491	0.670922	0.768431	1.206543	1.737225	1.229153	1.375887	1.042746	0.815983	0.696197	0.404756	0.342220
54	0.311720	0.000000	1.237443	1.101967	0.063641	-0.008118	0.789784	0.230936	0.825981	0.230407	0.262340	0.994027	-0.352024	0.900947	0.749465	0.933570	0.896247	0.161549	0.005241	0.243973
55	0.000000	0.046775	1.637529	0.746969	0.828762	0.837215	0.688952	0.204579	-0.167045	0.295551	-0.236821	0.829561	1.726787	-0.228837	-0.320760	0.096078	0.078546	0.060110	0.963159	0.844110
56	0.806067	0.815855	1.690019	1.701260	1.120565	1.211976	1.104927	1.235449	1.682637	1.405663	1.272589	0.699585	1.919739	1.365874	1.505418	0.000000	0.087988	1.014788	1.224951	1.053282
57	0.288734	0.141464	0.000000	0.073136	0.327891	0.375018	0.219067	0.373026	0.622991	0.411830	0.384554	0.170764	0.225111	0.304238	0.635129	0.341202	0.396765	0.424289	0.244579	0.205281
58	0.000000	0.589453	1.389419	1.316493	0.742664	0.956520	1.058191	0.704466	1.039254	0.618862	0.622696	1.089608	1.552441	1.018024	1.035819	0.565782	0.903894	0.711176	1.047229	0.831066
59	0.045931	-0.079030	-0.317431	-0.006763	0.104006	0.125820	-0.138547	0.156945	0.000000	-0.054512	0.144914	-0.202023	0.238966	-0.050495	0.179719	-0.151047	0.073518	0.084282	0.291518	0.203530
60	0.000000	-0.076035	0.171193	0.078727	-0.091924	0.345958	0.054090	-0.210726	0.229213	-0.085212	-0.018210	0.188384	-0.126882	0.084698	0.269946	0.129300	0.194368	-0.041899	-0.238150	-0.074116
61	0.483468	-0.072703	-0.160152	0.181282	0.124673	0.085158	0.217652	0.483585	0.565680	0.342479	0.400614	-0.006690	0.699723	0.301711	0.583832	0.095137	0.018244	0.561990	0.047918	0.000000
62	0.180524	-0.246347	0.000000	0.222457	0.010600	0.412706	0.058688	0.002666	0.182874	-0.102268	-0.022227	0.054964	1.049054	0.090980	0.247416	0.046336	0.112109	0.126998	0.047481	0.094483
63	-0.129621	-0.241404	0.134918	0.038111	-0.081680	-0.028757	-0.090812	0.075519	-0.041815	-0.069729	-0.092985	0.017360	-0.341421	-0.060463	0.021549	-0.067359	0.000000	0.038789	-0.083242	-0.055201
64	-0.348780	-0.382598	-0.383062	0.000000	0.188100	-0.690844	-0.323579	0.207822	-0.660705	-0.058603	-0.140180	-0.757826	0.740675	-0.476924	-1.105150	-0.879894	-0.775132	0.221951	0.263101	0.202730
65	-0.340643	-0.581028	-0.257835	-0.249467	-0.393821	-0.093645	-0.199326	-0.001036	0.176307	-0.256205	-0.271327	0.017177	-0.120021	-0.235149	0.254464	-0.226987	-0.102950	0.000000	-0.649414	-0.403648
66	0.109685	-0.485900	0.647663	0.616938	-0.823972	0.419246	0.000000	-0.370772	0.568649	-0.611241	-0.492269	0.232967	0.502767	0.289427	0.439724	0.250088	0.142772	-0.057122	-1.142796	-0.482713
67	0.182335	0.289875	0.819075	0.254707	0.227937	0.518659	0.119491	0.531913	0.351650	0.504897	0.262400	0.000000	1.663786	0.007765	0.314884	0.009063	0.427731	0.510412	-0.295584	0.062251
68	0.033156	-0.160251	0.339629	0.143353	-0.125386	0.339404	0.017547	-0.144497	-0.064174	-0.235265	-0.206569	0.241544	0.904874	-0.174985	-0.092789	0.092167	0.104540	0.000000	-0.244562	-0.056790
69	1.295891	0.600224	1.575529	1.437972	0.622578	1.821722	1.314707	0.795769	1.466500	0.645946	0.679804	1.468595	2.271668	1.270281	1.334240	1.492111	1.356024	1.110211	0.000000	0.688050
70	0.000000	0.296579	1.398393	1.157452	0.042456	1.061683	0.744355	0.137121	1.033026	-0.365956	-0.074173	0.959260	1.806839	0.756012	0.981334	0.758654	0.790985	0.440728	-0.071077	0.036975
71	-0.049666	-0.357879	0.452775	0.340712	-0.864232	0.271723	-0.236320	-0.270775	0.111333	-0.218603	-0.187412	0.071434	0.774958	0.063203	0.012116	0.018945	0.000000	-0.278168	-1.077401	-0.858219
72	-0.094183	-0.383027	0.742736	0.501759	-0.283963	0.496703	0.000000	-0.387104	0.118949	-0.485165	-0.333843	0.390865	1.377380	0.141094	-0.038621	0.149586	0.143949	-0.139412	-0.413736	-0.268628
73	0.000000	-0.239344	0.992509	0.625868	0.076933	0.747951	0.313062	0.072160	0.891156	0.279984	0.202740	0.044395	1.174098	0.457345	0.612225	0.252062	0.133605	-0.081219	0.210639	0.037708
74	0.164809	0.000000	1.073781	0.938802	0.428828	0.765208	1.089916	0.895570	1.560652	0.703804	0.466629	1.070011	1.484345	1.108385	1.493331	0.506099	0.594158	0.682846	0.976120	0.771248
75	0.307198	-0.029695	0.416999	0.461591	-0.067287	0.654851	0.478434	-0.258187	0.689710	-1.169985	-0.488397	0.327987	0.878930	0.167539	0.715147	0.433811	0.337884	0.000000	0.018222	0.186128
76	-0.177343	-0.122113	0.217431	-0.075419	-0.208607	0.184715	-0.062900	0.045999	-0.289366	-0.020765	-0.134431	0.026060	0.000000	-0.262533	-0.275124	-0.141786	0.075160	0.115539	-0.052085	-0.129111
77	-0.189198	0.028121	0.375445	0.145041	-0.023068	0.049670	-0.209599	0.032997	-0.232207	-0.098849	-0.152514	-0.041083	-0.555718	-0.119384	-0.328809	-0.024246	0.000000	0.099555	0.209616	-0.092904
78	0.392899	0.256984	0.000000	0.303599	0.275448	0.619712	0.349511	0.441630	0.637323	0.444705	0.440221	0.232400	0.598042	0.395547	0.616789	0.295641	0.485926	0.479744	0.259886	0.298733
79	0.356182	0.382903	0.405388	0.389907	0.405765	0.459987	0.334966	0.493870	0.394525	0.402302	0.472492	0.404376	0.000000	0.391361	0.480513	0.322035	0.425557	0.457471	0.527179	0.467861
80	0.346403	0.281998	0.307844	0.412325	0.266768	0.417814	0.278423	0.530970	0.527224	0.523399	0.527834	0.000000	1.060907	0.409413	0.577073	0.291585	0.461160	0.519494	0.434455	0.356865
81	0.663078	0.653360	0.829367	0.806396	0.638724	0.671281	0.616663	0.839714	0.711513	0.816950	0.811250	0.675279	0.000000	0.687541	0.774711	0.661934	0.839976	0.884386	0.810630	0.797184
82	0.045821	-0.128802	0.189413	0.045607	-0.142928	0.308485	0.040408	0.002764	0.298419	0.035773	0.047111	0.160779	0.140323	0.000000	0.259630	0.128149	0.166671	0.033061	-0.167633	-0.147935
83	0.542216	0.390393	0.475626	0.000000	0.717303	0.884239	0.736134	0.553829	1.115035	0.840068	0.731352	0.714808	1.196271	0.582821	1.112903	0.286964	0.505705	0.528908	0.637659	0.554430
84	0.842596	0.320060	0.393998	0.354393	0.312228	0.818479	0.549781	0.138891	1.028574	0.630193	0.484200	0.236743	1.346778	0.303114	0.942892	0.444173	-0.051383	0.000000	0.247869	0.452145
85	0.066443	-0.091593	0.161878	0.035696	-0.329513	0.377325	-0.252895	0.058044	-0.148201	-0.029506	0.038469	0.018278	-0.272411	-0.030866	-0.178752	0.015505	0.031141	0.000000	-0.123528	-0.343886
86	1.996911	1.300884	2.502221	2.410659	1.267631	2.280757	1.841656	0.990221	2.090903	0.000000	0.755703	2.100657	2.582490	1.814938	2.089254	2.249140	2.066685	1.407994	1.544615	1.713136
87	0.074895	-0.231542	0.242333	0.023222	-0.371629	0.386756	-0.152904	0.055512	0.065059	-0.134667	-0.111627	0.102317	0.322292	0.046218	0.064056	0.242939	0.248207	0.000000	-0.353142	-0.459311
88	1.036934	0.641321	0.746812	1.206025	0.773723	0.527061	0.719504	1.828316	1.155351	1.189524	1.223471	0.000000	2.654613	1.134600	1.125883	1.046045	1.593987	1.975398	0.866289	0.795532
89	1.418079	0.738558	2.134960	2.061747	0.551584	2.108809	1.492454	0.647755	1.812391	0.309575	0.715597	1.823020	2.396381	1.642669	1.647362	1.684529	1.244007	0.000000	0.801699	0.851749
90	0.943093	0.444189	1.646351	0.896298	0.576825	1.650499	0.915873	0.178212	0.884961	0.694709	0.602556	1.137893	2.253159	0.715322	0.922160	0.551719	0.000000	0.089409	0.533396	0.632405
91	-0.899334	-1.348264	0.531942	0.000000	-1.813093	0.148171	-0.641006	-2.174198	0.004820	-1.964656	-1.653926	0.282005	0.918784	-0.166905	0.028129	-0.057522	-0.509378	-1.910676	-1.673095	-1.909270
92	0.639409	-0.101615	0.185602	-0.129775	-0.342939	1.038602	-0.043208	0.076680	0.719038	0.337861	0.179485	0.000000	1.228742	0.297142	0.713715	0.326412	0.220323	0.119461	-0.412006	-0.523293
93	2.906149	2.028990	2.882378	3.132694	0.000000	2.698934	2.703833	2.164567	3.252059	1.911517	2.015128	2.865808	2.946473	3.062036	3.253860	3.004438	2.992521	2.577974	2.289865	1.826512
94	1.213757	0.580403	-0.119980	0.644737	0.958093	1.704828	0.905443	1.290225	1.550918	1.359380	1.187353	0.000000	2.361381	1.043032	1.598161	0.880327	1.383496	1.338695	0.807477	0.849233
95	0.301448	0.092722	0.518430	-0.230602	-0.448569	1.208506	0.878545	-0.115054	1.628631	0.029238	0.000000	1.055720	0.997840	0.743565	1.541107	0.786591	0.461274	-0.215735	-0.317783	-0.226209
96	2.347864	1.407532	1.419666	1.660126	0.940711	2.482827	1.701587	2.267960	2.845346	2.285008	2.006791	1.677901	3.198694	2.309631	2.568649	2.259284	2.249295	2.382045	0.000000	0.548550
97	0.130843	-0.248570	0.156774	0.182277	0.264424	0.568513	0.140783	0.391575	0.000000	0.326090	0.187623	0.002544	2.315699	0.030423	0.178825	-0.056659	-0.151924	0.345676	0.291671	0.217390
98	1.711017	1.213186	1.297384	1.937853	1.462253	1.926782	1.578444	1.853465	2.192497	1.860830	1.768513	0.000000	2.321235	1.759626	2.115068	1.219288	1.892596	1.871226	1.605095	1.859268
99	0.001519	-0.001749	0.000000	0.200764	-0.471529	0.178231	-0.423152	0.387235	-0.009179	0.488615	0.277423	-0.029415	-0.175276	0.138995	0.096129	-0.004323	0.013489	0.156549	-0.738455	-0.722488
100	1.759292	1.336916	2.621287	2.614150	0.525886	2.069784	2.104420	0.668542	2.624626	0.339390	0.000000	2.471712	2.571078	2.137275	2.683650	2.385408	2.082105	1.398848	0.989751	1.265858
101	1.002267	0.987841	1.307806	1.430987	0.813152	1.435341	1.374974	0.252596	1.684144	0.876130	1.002637	1.357956	1.700324	1.432637	1.698189	1.195124	1.006566	0.000000	0.879646	0.921904
102	0.260148	0.087165	-0.084935	0.000000	0.286078	0.324011	0.295532	0.364921	0.192917	0.381447	0.260837	0.109788	1.053468	0.105247	0.178736	0.205749	0.229858	0.354775	0.134191	0.293549
103	0.797573	1.215229	1.255834	0.892450	0.692321	1.451439	1.003185	0.823629	0.928478	0.906103	0.568725	1.334628	2.241832	0.000000	1.026513	1.018766	0.982008	1.058402	0.657091	0.865471
104	0.271706	0.277798	1.618834	1.661947	0.127107	1.101620	1.176797	0.108657	1.456568	0.291344	0.000000	1.480284	1.564682	1.252160	1.218889	0.998913	0.831508	0.295155	0.118890	0.515429
105	0.581810	0.239592	0.645317	0.795107	-0.037976	0.748182	0.000000	0.452643	1.175787	0.386946	0.363596	0.581962	1.998875	0.737319	0.923499	0.624499	0.649037	0.539446	-0.335882	-0.049670
106	-0.098069	-0.189656	0.179714	0.000000	-0.111830	0.256544	0.042027	0.185497	0.077636	-0.024190	-0.115672	-0.015217	1.622289	-0.111952	0.005763	0.065529	0.220179	0.239257	-0.201671	-0.077346
107	0.253804	0.091702	0.000000	0.781390	-0.393200	0.589236	0.505017	0.353404	1.301948	0.194036	0.188475	0.416396	2.059573	0.752456	1.319450	0.229170	0.127704	0.672372	-0.454045	-0.129289
108	0.454393	-0.019830	0.838750	0.504858	-0.192338	0.878859	0.197688	0.000000	1.085082	-0.000580	-0.032129	0.618620	1.822026	0.383813	0.995069	0.589795	0.581910	0.420865	-0.575768	-0.103279
109	-0.113881	-0.056385	0.642857	0.502444	0.013728	0.221148	0.052640	0.000000	-0.356792	-0.005523	-0.161720	0.281045	1.631850	-0.190662	-0.341138	0.110989	0.303680	0.193070	-0.069712	0.048056
110	-0.142347	0.035316	0.239998	0.062937	-0.088554	0.434887	0.003580	0.138525	0.233249	0.001045	-0.034039	0.058696	2.105905	0.026028	0.202230	0.000000	0.198210	0.245863	-0.338998	-0.139984
111	0.270223	-0.159882	0.815136	0.453082	-0.742853	0.719242	0.152747	0.167438	0.845217	0.000000	-0.040735	0.590212	1.467232	0.355394	0.627111	0.382273	0.384885	0.329205	-1.490622	-0.691803
112	1.366181	0.523825	1.729218	1.656247	0.472731	1.716005	1.177146	0.610471	1.660995	0.623728	0.691812	1.497673	2.360284	1.385977	1.511394	1.514744	1.159501	0.808249	0.000000	0.749851
113	-0.224620	-0.719143	0.000000	-0.094946	-0.704477	0.155422	-0.538127	-0.473401	-0.410547	-0.662587	-0.644080	-0.419911	1.365715	-0.381323	-0.483330	-0.172740	-0.248074	-0.315942	-0.740798	-0.668509
114	-0.261032	-0.435880	0.114383	-0.047066	-0.754781	0.157278	-0.181676	-0.308167	0.501079	-0.319012	-0.337870	0.238860	1.154037	0.000000	0.429936	0.060636	0.131128	-0.112800	-1.096474	-0.838230
115	-0.405550	-0.864301	0.354798	0.234920	-1.010354	0.107872	-0.100268	-1.281681	0.249849	-1.285788	-1.147247	0.196134	0.615497	-0.046092	0.202758	0.000000	-0.245595	-0.881413	-1.174221	-0.836069
116	0.681713	0.126151	1.045251	0.960879	0.089932	0.886672	0.732158	0.234723	0.942882	0.000000	0.151621	0.821620	1.280226	0.725730	0.872518	0.719052	0.609455	0.380898	0.294487	0.405620
117	-0.209883	-0.142678	0.295557	0.024460	-0.024434	0.269993	0.158084	0.079721	0.000000	-0.065268	-0.099066	0.269693	0.920386	-0.000108	0.043644	0.144133	0.252779	0.161839	-0.062964	-0.003310
118	-0.116260	-0.514543	-0.300898	-0.171239	-0.336530	-0.336839	-0.279182	0.015102	-0.017809	-0.093938	-0.175478	-0.333703	0.000000	-0.137924	-0.011326	-0.177577	-0.096749	0.065218	-0.344758	-0.302530
119	0.110958	0.000000	0.585749	0.678696	0.329458	-0.217265	0.715963	0.725659	1.110056	0.713822	0.460868	0.537004	1.069188	0.757940	1.122812	0.089866	0.457274	0.582996	0.307609	0.428067
120	0.332638	-0.107403	0.450286	0.449447	-0.025650	0.809188	0.498681	0.067664	0.891659	-0.480712	-0.330616	0.458042	0.780040	0.265066	0.998701	0.632651	0.304707	0.000000	-0.033086	0.144256
121	-0.050945	-0.350426	-0.843177	-0.492211	0.184124	0.178089	0.092123	-0.200189	0.000000	-0.164549	-0.053233	-0.447989	-0.155782	-0.163151	0.114130	-0.238233	-0.133932	-0.335488	0.318171	0.259447
122	1.554233	0.910587	1.906697	2.033180	0.769907	1.849535	1.787569	1.076296	2.060831	0.000000	0.795823	1.912904	2.195444	1.860144	2.074073	1.917847	1.816342	1.344979	1.209424	1.171888
123	-0.093648	-0.076681	0.028385	-0.338786	0.008453	0.052144	0.157564	0.226078	0.200604	0.015544	-0.045418	0.158509	1.156777	-0.089450	0.225374	-0.002784	0.000000	0.322867	-0.099325	-0.015927
124	-0.343923	-0.182268	0.073720	-0.155809	-0.399034	0.111494	-0.055177	-0.050052	0.089485	-0.073265	-0.047387	0.184238	0.000000	0.072628	0.172276	0.052621	0.265964	0.029866	-0.396243	-0.349385
125	1.783445	1.254958	2.563153	2.518028	0.697471	2.416652	2.210209	0.616759	2.410617	0.000000	0.657620	2.454407	2.900116	2.220491	2.625333	2.230755	2.091985	1.082752	1.215075	1.643230
126	0.374152	0.000000	0.893649	0.639436	0.488844	1.161062	1.013309	0.356323	1.179624	0.242394	0.163839	0.796540	1.840317	0.750854	1.208170	0.794111	0.853584	0.476471	0.791977	0.751699
127	0.808550	0.439345	1.252161	0.783898	0.840126	1.037843	0.754220	0.363465	0.592562	0.659615	0.560370	0.793030	1.882709	0.525007	0.553468	0.755846	0.690263	0.000000	1.131058	1.008837
128	0.081025	0.004209	0.294963	-0.079044	-0.038708	0.533038	0.100811	-0.319909	0.059339	-0.272055	-0.056384	0.136229	-0.117196	0.080257	0.181439	0.000000	-0.034304	-0.321622	0.143861	0.017012
129	1.812621	1.143548	3.271309	3.110052	0.499191	2.521935	2.073405	0.465233	2.543477	0.000000	0.263189	2.924431	3.106816	2.473737	2.663051	2.493517	2.245224	1.100834	0.893495	0.728000
130	0.326106	0.024359	0.420877	0.069177	-0.299743	0.796485	-0.124272	-0.321928	0.000000	-0.160180	-0.023152	0.129442	1.687719	-0.034380	0.134005	0.141277	0.012359	-0.122426	-0.199957	-0.252448
131	0.178188	0.000000	1.598490	1.545871	0.896837	0.978814	1.876805	0.734018	2.206254	0.780860	0.728917	1.884901	2.105255	1.718881	2.256670	1.136845	0.907639	0.222532	1.342675	1.280717
132	0.182423	-0.084171	0.372899	0.041090	-0.297994	0.602429	0.012087	-0.016332	0.232327	0.137941	0.018783	0.270469	1.515274	0.077041	0.247372	0.072408	0.000000	0.033990	-0.416990	-0.225523
133	0.775576	0.434849	0.000000	0.261091	0.289143	1.048937	0.722259	0.476060	1.296090	0.445704	0.494334	0.547963	0.851186	0.717732	1.329483	0.716244	0.611524	0.491761	0.094095	0.293736
134	0.830446	0.332341	1.185827	0.910893	-0.108962	1.292732	0.499599	-0.026056	1.058164	0.000000	0.276918	0.937221	1.504227	0.855803	0.874363	0.942739	0.748580	0.024106	-0.171989	-0.258971
135	-0.325601	-0.595318	-0.244790	-0.525073	-0.556893	0.000000	-0.393005	-0.605996	-0.145561	-0.553449	-0.513262	-0.207746	0.011760	-0.357305	-0.150316	-0.261445	-0.297013	-0.602404	-0.588421	-0.512675
136	0.318889	0.216117	-0.398924	0.104807	0.197506	0.278494	0.103662	0.347554	0.509022	0.247697	0.363271	0.000000	0.213468	0.317313	0.533635	0.130096	0.320179	0.409168	0.148675	0.236617
137	0.000000	-0.192522	-0.062869	-0.019270	-0.141714	0.084130	-0.087411	-0.030630	0.230257	-0.077492	-0.045045	-0.076736	0.019101	0.027282	0.240084	-0.052194	-0.072638	-0.033926	-0.162426	-0.105156
138	0.098217	-0.258599	-0.151445	0.050595	-0.150547	0.045223	0.044094	0.252937	0.418410	0.093450	0.091644	-0.132593	0.769334	0.161960	0.420223	-0.117575	0.000000	0.250628	-0.150301	-0.105553
139	0.200050	-0.002260	-0.003591	0.153004	0.060703	0.096987	0.171868	0.293744	0.511084	0.251070	0.224920	0.000000	0.404622	0.273973	0.531504	0.030367	0.162829	0.265501	0.056535	0.139949
140	0.058987	-0.110549	0.021696	0.201748	0.041937	-0.025372	0.109167	0.252431	0.406004	0.192917	0.189333	-0.021394	0.209412	0.226690	0.379467	-0.043662	0.000000	0.198267	0.007332	0.080890
141	0.508374	0.272987	-0.279475	0.225625	0.495905	0.238132	0.376922	0.685453	0.759541	0.586675	0.620008	0.000000	0.453232	0.481304	0.789715	0.165385	0.348372	0.629548	0.449708	0.608701
142	0.176719	0.034098	0.052648	0.223364	0.133971	0.107430	0.141425	0.253555	0.412562	0.233804	0.177434	0.015204	0.617576	0.238344	0.366553	0.000000	0.110526	0.207611	0.105921	0.159733
143	0.219747	-0.068556	0.097254	0.212557	-0.027177	0.115040	0.170779	0.202202	0.425521	0.089536	0.083097	0.062848	0.722010	0.262386	0.410372	0.000000	0.082695	0.175330	-0.055426	0.043431
144	0.084137	-0.159716	0.168059	0.186321	-0.187827	-0.079340	0.089585	0.070488	0.368503	-0.020648	-0.012607	0.000000	0.716568	0.210801	0.347273	-0.021555	0.053332	0.075067	-0.188654	-0.125876
145	0.004065	-0.130643	0.040757	0.152448	-0.032884	-0.046615	0.073817	0.175445	0.353994	0.076517	0.066315	-0.019649	0.322458	0.159405	0.320769	-0.075461	0.000000	0.151413	-0.090648	-0.007622
146	0.414308	0.242343	-0.158577	0.198867	0.434765	0.113160	0.311650	0.618393	0.601208	0.489171	0.532550	0.000000	0.372641	0.396888	0.630713	0.135563	0.331006	0.556527	0.408958	0.541770
147	0.240002	0.140109	-0.009005	0.170809	0.281020	0.115812	0.212715	0.281606	0.470705	0.339730	0.284607	0.049182	0.646773	0.277267	0.448874	0.000000	0.091075	0.199990	0.248280	0.283578
148	0.209083	0.012560	0.211656	0.269949	-0.003854	0.083998	0.102018	0.294009	0.287353	0.169524	0.155379	0.069081	0.521554	0.247169	0.254086	0.000000	0.129882	0.239696	0.012155	0.040194
149	0.223564	0.078834	0.044020	0.178914	0.173890	-0.031700	0.133332	0.366038	0.380138	0.316570	0.263602	0.001425	0.493113	0.230780	0.377656	0.000000	0.084359	0.264367	0.180780	0.205966
150	0.031638	-0.202913	-0.063774	-0.022538	-0.090984	0.000000	-0.053453	-0.059857	0.233850	0.024593	0.037466	-0.074298	0.041211	0.032965	0.230347	-0.079106	-0.064483	-0.065778	-0.148788	0.003742
151	0.134661	0.055314	-0.012819	0.000000	0.174065	0.050873	0.147893	0.216418	0.475667	0.218983	0.246500	0.134316	0.076568	0.209322	0.497042	0.074020	0.127811	0.129433	0.118639	0.165145
152	0.259686	0.073379	0.045194	0.238746	-0.003893	0.125406	-0.058318	0.201107	0.379196	0.098917	0.000000	0.039437	-0.056651	0.170423	0.368741	0.172772	0.245965	0.353008	-0.017176	0.015269
153	0.174236	0.007638	-0.072148	-0.083516	-0.074652	0.239294	-0.257387	0.066918	0.093443	0.067806	0.000000	-0.039129	0.273363	-0.007110	0.116696	0.008216	-0.005105	0.075820	-0.211808	-0.186523
154	0.880952	0.728571	1.242170	1.129264	0.286255	1.307860	0.767262	0.586745	1.304446	0.180365	0.000000	1.070563	0.940333	0.905400	1.334294	1.159082	1.147809	0.877419	-0.028352	0.216947
155	0.656793	0.603651	0.243505	0.000000	0.834348	0.907284	0.788577	0.980587	1.119736	0.931780	0.857227	0.774555	0.883369	0.654267	1.189843	0.732349	0.821479	0.862928	0.811095	0.875668
156	-0.208351	0.095458	-0.319116	-0.194342	-0.101741	0.127636	-0.121270	-0.022935	0.000000	0.012831	0.058390	-0.098767	-0.463809	-0.128176	0.180580	-0.173978	-0.085873	-0.170371	-0.011497	-0.039363
157	1.617022	0.890933	0.742064	1.290366	1.314146	0.000000	1.261265	1.979055	1.907609	1.839776	1.589176	0.894684	2.410047	1.530751	1.919316	1.199870	1.327762	2.044617	1.278703	1.385032
158	0.897774	1.165555	0.615035	0.000000	1.406982	1.611416	1.500018	1.462304	2.220346	1.563519	1.191791	1.450499	2.455947	0.858173	2.218704	1.008810	1.314066	1.478763	0.926742	1.303663
159	1.189244	0.463364	2.050370	1.853387	0.018115	1.608837	1.252931	0.000000	1.464538	0.183929	0.180004	1.710366	1.831475	1.276522	1.298650	1.628581	1.333930	0.373269	-0.157300	0.112861
160	0.566175	0.185475	1.854434	1.241589	-0.279795	1.114516	0.415778	-0.042628	0.000000	-0.249178	-0.336053	0.761341	1.669351	0.040725	-0.090143	0.534041	0.687269	-0.159114	-0.350317	-0.365487
161	-0.383958	-0.747181	0.464173	-0.581792	-0.963121	0.309832	-0.434389	-0.564734	-0.681440	-1.123118	-0.924893	0.000000	1.587812	-0.738945	-0.702161	-0.155608	0.308823	-0.322271	-0.926904	-0.869421
162	0.408843	0.000000	1.921361	1.810210	0.754936	0.914122	1.935531	0.604465	2.298261	0.864491	0.837564	1.984671	2.152351	1.960244	2.228675	1.518128	1.418698	0.133360	1.333354	1.214860
163	0.420963	0.011223	0.934528	0.174523	-0.484859	0.961915	0.014303	0.130949	0.657867	0.279780	0.140169	0.604601	2.169739	0.238829	0.604656	0.000000	0.086931	0.224458	-0.786942	-0.555852
164	1.725866	1.064456	2.224930	2.267942	0.000000	1.603097	1.958685	1.372210	2.346394	1.239355	1.247748	2.200378	2.294527	2.209630	2.262634	2.059412	1.876277	1.477861	0.845337	0.687217
165	0.439969	-0.093696	-0.005819	-0.080228	-0.194046	0.682594	0.047108	-0.002283	0.373549	-0.099149	0.012823	0.000000	1.202699	0.157452	0.378290	0.136751	0.136774	0.143517	-0.352668	-0.247438
166	1.284872	0.948455	2.315838	2.066928	0.566590	1.782959	0.990436	0.000000	1.274666	0.377557	0.755947	1.497874	2.326099	1.517650	0.977211	1.304085	1.034184	0.277182	0.758846	0.480469
167	0.000249	-0.225263	0.260835	0.008897	-0.417190	0.426018	-0.066116	-0.050797	0.060355	-0.242509	-0.247761	0.122797	0.494902	-0.031131	-0.035754	0.000000	0.092213	0.017422	-0.485477	-0.442332
168	0.806716	0.482465	0.647023	0.739494	0.786112	0.677913	0.662135	0.801389	0.794947	0.349497	0.385054	0.657909	1.624169	0.564463	0.581177	0.410780	0.000000	0.909577	0.579966	0.622362
169	0.037482	-0.093604	0.122488	0.121263	-0.171860	0.093148	0.009978	0.128688	0.291062	0.187638	0.100332	0.098618	0.501921	0.227771	0.191562	0.000000	0.173195	0.111798	-0.427020	-0.276736
170	0.026246	-0.410165	-0.151567	-0.115931	-0.211205	0.137534	-0.135868	0.000000	0.175153	-0.047676	-0.043946	-0.073670	0.694634	-0.084693	0.137774	-0.043959	0.035303	0.149568	-0.313491	-0.136832
171	-0.251579	-0.230757	-0.117043	-0.073380	-0.133530	-0.030367	-0.104184	0.000210	0.110858	-0.046956	-0.065135	-0.071381	-0.019123	-0.035374	0.000000	-0.119492	0.000471	-0.021405	-0.206606	-0.112480
172	0.467485	-0.166229	0.406180	0.430885	0.020390	0.000000	0.267188	0.353473	0.659533	0.332902	0.339417	0.236303	1.308369	0.518015	0.555148	0.334563	0.360606	0.425356	-0.054763	0.107062
173	0.027989	-0.327777	0.105519	-0.069440	-0.244090	0.226282	-0.122737	-0.182447	0.000000	-0.138261	-0.159700	0.010910	0.704551	-0.163448	0.010247	0.007242	-0.074139	-0.229040	-0.227946	-0.171298
174	0.461949	-0.179992	0.460386	0.255993	-0.298620	0.579183	-0.032768	-0.033930	0.217221	-0.158161	-0.131439	0.324486	0.564470	0.077077	0.175018	0.188105	0.057331	0.000000	-0.453542	-0.317053
175	0.153473	0.022959	0.775007	0.314246	-0.033960	0.850174	0.173033	-0.271574	-0.024472	0.052311	-0.012919	0.492552	1.740230	0.000000	-0.179725	0.171579	0.117713	-0.166599	0.087925	0.034101
176	0.147066	-0.285668	0.275357	-0.235447	-0.263611	0.466546	-0.062955	-0.231587	0.000000	-0.272042	-0.199467	0.033680	0.449646	-0.203581	0.033562	0.011744	-0.207389	-0.306156	-0.400867	-0.231796
177	0.035624	-0.322234	1.344380	0.000000	-0.124814	0.837709	0.017384	0.002205	0.255794	0.095564	-0.123904	0.531727	1.805729	-0.152492	0.179216	0.462208	0.532952	-0.417584	-0.044639	-0.188711
178	0.781527	0.089687	0.582330	0.363764	0.054980	0.942737	0.318186	0.221987	0.626075	0.540662	0.418243	0.479613	1.625573	0.301950	0.560146	0.225490	-0.087117	0.252543	0.138649	0.000000
179	0.000000	0.290758	1.653151	1.544774	0.343498	0.304780	1.365519	0.430453	1.656682	0.713858	0.592574	1.556427	1.915226	1.301537	1.619576	0.767012	0.509731	0.247267	0.305207	0.640940
180	1.179943	0.360434	1.555831	1.719281	0.000000	1.760332	0.893342	-0.027886	1.046086	-0.057912	0.430450	0.939599	1.754891	1.098918	1.031753	1.134557	0.871419	0.423615	0.242944	0.237828
181	1.520639	0.778064	2.696187	2.054988	0.000000	2.478114	1.933204	0.662386	2.351018	0.088700	0.519373	2.497995	2.739189	2.114464	2.434858	2.238553	1.923053	0.788285	1.179152	0.998796
182	1.112041	0.679600	1.375250	1.701014	0.133410	1.078544	0.540210	1.328609	1.314043	1.045117	1.075194	0.524535	0.728240	1.302875	1.121870	0.523408	0.533153	1.297853	0.229162	0.000000
183	-0.147514	0.055278	0.099250	0.064488	0.242479	0.259324	0.129494	0.391400	0.000000	0.583990	0.300417	0.133125	0.374981	0.100916	0.018688	-0.344746	0.188500	0.482718	0.030084	0.148299
184	0.245637	-0.028814	-0.162086	0.062721	-0.096577	0.232566	0.092587	0.300903	0.745840	0.000000	-0.026678	0.143005	1.473123	0.141218	0.704252	-0.054306	0.234850	0.613731	-0.265985	-0.182108
185	2.156287	1.492056	0.000000	1.712698	2.111754	2.256944	2.210596	2.619914	2.639671	2.631343	2.185507	1.398290	3.125113	2.309258	2.581289	1.940188	2.375613	2.634258	1.907446	2.208264
186	1.277872	0.509217	2.658605	2.602087	0.709783	2.059473	2.136208	0.000000	2.477941	-0.066802	0.296295	2.225122	2.658922	2.035574	2.599784	1.585140	0.908352	0.043462	1.280230	1.207617
187	0.611044	0.301775	0.863478	0.253514	0.444519	1.185721	0.634382	0.000000	0.413037	0.246710	0.313224	0.749566	2.458031	0.355888	0.451964	0.506394	0.451242	0.170701	0.532019	0.494315
188	0.542856	0.975512	1.683082	1.083662	1.040197	1.052955	0.764602	1.057608	0.352028	0.835163	0.685688	0.967575	0.000000	0.477453	0.477867	0.477373	0.906119	1.036692	1.127205	1.143530
189	0.396431	0.272582	0.787819	0.581730	0.336437	0.878458	0.433175	0.000000	0.227648	-0.020362	0.142529	0.504741	1.778924	0.252622	0.356766	0.442442	0.522822	0.214860	0.473678	0.468116
190	0.001284	-0.143802	0.000000	0.166924	-0.087373	-0.376393	0.007347	0.466019	0.212614	0.080840	0.117393	-0.087424	0.999098	0.139949	0.273711	0.045726	0.307373	0.477147	0.031923	-0.007331
191	0.428803	0.234037	0.065489	0.323155	0.377141	0.021277	0.270516	0.599035	0.431433	0.546540	0.524256	0.000000	0.874964	0.399529	0.533992	0.123645	0.308283	0.531961	0.388408	0.453582
192	0.714771	0.401758	0.000000	0.633687	0.643464	0.812699	0.494346	0.608546	0.748972	0.525622	0.670943	0.169153	2.089494	0.670934	0.837322	0.305531	0.586313	0.661762	0.692676	0.700004
193	-0.254042	-0.167169	0.111755	-0.107563	-0.201039	0.079090	-0.124332	-0.013857	-0.023266	-0.171777	-0.121014	0.000136	-0.267337	-0.034712	0.104207	-0.222510	0.000000	-0.010805	-0.211362	-0.168387
194	0.209053	-0.186042	0.381980	-0.018614	-0.393733	0.424712	-0.135707	0.069790	0.205278	-0.098898	-0.085913	0.143196	1.549994	-0.001264	0.195272	0.066750	0.000000	0.078117	-0.218850	-0.428402
195	0.331336	-0.258895	0.637020	0.113058	-0.579290	0.755386	-0.248081	-0.629247	-0.072585	-0.666431	-0.495660	0.039053	1.749120	-0.119462	-0.069897	0.000000	-0.199992	-0.472344	-0.520608	-0.570972
196	1.623560	1.024072	2.654165	2.295137	0.077584	2.318288	1.487600	1.353464	2.277499	1.213655	1.227059	2.165696	2.814391	2.004236	2.244072	1.922776	1.888251	1.012438	0.362669	0.000000
197	0.262241	0.028327	0.956337	0.405134	-0.298352	0.951074	0.187817	-0.302068	0.077058	-0.172260	-0.238616	0.573865	2.061897	0.126165	-0.002735	0.208253	0.000000	-0.058849	-0.394050	-0.342525
198	2.350086	1.837250	2.891881	2.798301	0.921908	2.695854	2.461347	0.467741	2.815065	0.000000	1.037841	2.789428	2.195501	2.606876	2.851629	2.710574	2.393756	1.202789	1.816720	1.805410
199	-0.414519	-0.212154	0.501920	-0.013615	-0.220850	0.178150	-0.054315	-0.170899	-0.135569	-0.061995	-0.081010	0.172937	0.966459	-0.012470	-0.193565	-0.116035	0.000000	-0.142465	-0.264528	-0.309322
200	-0.482055	-0.202842	0.739072	0.651325	-0.191082	0.399758	0.325564	-0.110745	0.790842	0.002769	-0.001923	0.524784	0.052306	0.435355	1.020491	0.000000	0.269536	-0.356205	-0.043076	0.126867
201	0.482158	0.000000	0.981617	1.014983	0.624349	1.103280	1.237886	0.828722	1.540898	0.961360	0.795002	1.084821	1.376092	1.255869	1.610057	0.712143	0.803302	0.695428	0.660852	0.775511
202	0.146094	0.163286	0.297827	0.249335	0.111404	0.179241	0.041817	0.383496	0.105946	0.120869	0.146804	0.000000	1.055486	0.144133	0.192499	0.126018	0.408016	0.510469	0.201930	0.215696
203	0.521730	0.005673	0.559973	0.464349	-0.180109	0.468969	-0.021183	0.324032	0.318608	0.364629	0.320647	0.170166	1.932405	0.340472	0.301890	0.085613	0.000000	0.295627	-0.161388	-0.257443
204	-0.026153	0.395856	1.305049	0.858119	0.475083	0.890479	0.367159	0.884188	0.282620	0.653894	0.278994	0.709956	2.127519	0.290503	0.278057	0.000000	0.671262	0.858466	0.646462	0.428020
205	0.669118	0.193707	0.118497	-0.147758	0.317324	0.953498	0.543001	0.145282	0.901728	0.335373	0.291069	0.596206	1.307886	0.307453	0.981202	0.385051	0.135306	0.000000	0.232625	0.382122
206	1.330619	0.918356	1.931205	2.056911	0.958001	1.717973	1.616296	0.000000	1.859087	0.576261	0.730948	1.786017	0.747110	1.718273	1.916529	1.577669	1.220245	0.383353	1.210968	1.263420
207	0.646799	0.071994	1.220961	0.551369	-0.712193	1.146167	0.074122	-0.189805	0.871127	0.060473	-0.017040	0.928739	1.687466	0.547077	0.575133	0.522942	0.000000	-0.112297	-1.191921	-1.080197
208	0.583673	0.930971	2.089597	1.090910	0.849151	1.127028	1.264786	0.952457	1.443085	0.578477	-0.111125	1.786795	2.259614	0.000000	1.647333	1.134902	1.551651	1.159124	0.882250	1.155332
209	0.000000	0.252186	1.434532	1.178341	0.362527	1.066227	0.944901	0.058527	0.702080	0.100884	-0.049571	1.163738	1.666149	0.501146	0.680501	0.709674	0.688816	0.162011	0.434199	0.573514
210	0.410585	0.000000	-0.095814	0.518914	0.133423	0.432032	0.314339	0.557076	1.019043	0.453965	0.434313	0.283500	-0.206028	0.737909	1.044666	0.267344	0.541133	0.517861	0.176650	0.268557
211	0.282615	-0.084114	-0.137660	0.042146	0.207491	0.311299	0.252966	0.286581	0.655280	0.510068	0.281943	0.135082	0.000000	0.262689	0.639835	0.114720	0.003177	0.158931	0.093260	0.173657
212	-0.251695	-0.582857	-0.440354	-0.354853	-0.513438	-0.425027	-0.417436	-0.092811	0.000000	-0.101552	-0.179618	-0.366237	0.716334	-0.240498	0.021816	-0.244606	-0.316951	-0.066083	-0.733025	-0.567003
213	0.162364	-0.246696	0.591174	0.509478	-0.380972	0.631193	0.162476	-0.112391	0.928311	0.109946	-0.087084	0.480766	0.970006	0.396924	0.799670	0.289457	0.094285	0.000000	-1.086098	-0.490665
214	0.715888	0.446211	0.345380	1.131539	0.854216	0.480017	0.474843	1.183067	0.374776	0.907571	0.912424	-0.077403	1.768422	0.685202	0.251059	0.000000	0.203694	1.152618	0.857042	0.855314
215	1.413599	0.526896	1.267416	1.427684	0.000000	1.504602	0.803656	0.946551	1.857596	0.614920	0.671587	1.032007	1.687382	1.265724	1.711147	1.173352	0.858926	1.136244	-0.156412	0.111282
216	0.335830	-0.054239	0.284778	0.000000	-0.226660	0.766782	-0.045648	0.217898	0.254719	0.281660	0.215470	0.273691	1.677230	0.208941	0.207687	0.253012	0.235996	0.377642	-0.269552	-0.406776
217	0.150629	0.456048	0.780457	0.648030	0.415359	0.860591	0.684533	0.749869	1.109287	0.885863	0.759205	0.808922	0.000000	0.857408	1.117962	0.455708	0.802471	0.716850	0.245092	0.390979
218	0.908132	0.286475	1.090057	0.952625	-0.009273	0.797010	0.495882	0.000000	0.787004	0.010465	0.244292	0.793759	1.027734	0.681930	0.698447	0.973702	0.864496	0.635727	-0.060762	0.034960
219	0.090109	-0.047936	0.289002	-0.316527	0.241892	0.577688	0.047115	0.159848	0.164203	0.258828	0.194822	0.286936	0.000000	-0.035925	0.217711	0.245009	0.186204	0.110232	0.275133	0.118748
220	1.656150	0.719609	2.119188	1.974502	0.294661	1.963565	1.414788	0.000000	1.718194	0.530840	0.661263	1.728321	2.048678	1.638102	1.440039	1.796251	1.223657	0.428577	0.053689	0.467098
221	1.019060	0.678059	2.062624	1.137201	0.355647	1.663864	0.000000	0.944548	0.573278	1.157477	0.687393	0.945992	2.175012	0.378325	-0.004292	0.910702	1.236203	0.997456	0.330651	-0.086832
222	2.186868	1.710892	3.111221	2.983580	0.654278	2.677414	1.919228	1.463569	2.413311	1.121223	1.386879	2.471468	2.564833	2.376069	2.093113	2.529114	2.460160	1.893555	0.209799	0.000000
223	0.560940	0.000000	1.725075	1.175300	0.328636	1.001267	0.626274	0.930095	1.421598	1.081767	0.627318	0.829792	2.258882	0.889022	1.241600	0.783843	1.060464	0.588961	0.562070	0.340333
224	0.000000	0.573753	1.697847	1.441655	1.181894	1.427488	1.443025	0.790768	1.530318	0.964164	0.841351	1.468783	1.672667	1.198378	1.536899	0.632562	0.510702	0.018165	1.320801	1.186923
225	1.048967	1.100778	1.415469	1.031860	1.169490	1.305221	1.325149	1.355300	1.647935	1.365072	1.223641	1.280694	0.000000	1.183620	1.610336	1.297343	1.433553	1.276448	1.286565	1.265223
226	0.000000	-0.156736	0.059788	0.144663	-0.575746	0.624437	0.015333	-0.153944	0.651798	-0.012044	-0.031221	0.270665	-0.194003	0.317395	0.669974	0.311867	0.164996	-0.099713	-0.599036	-0.365436
227	0.938507	0.258826	1.225368	1.270350	-0.096416	0.000000	0.514581	1.052741	1.475177	0.711827	0.492096	0.631927	2.180894	1.006709	1.219572	0.930086	1.096676	1.191324	0.050825	-0.298141
228	1.555078	1.033644	1.766796	1.619683	0.000000	1.925943	0.921196	1.648646	2.191977	1.474359	1.245932	1.432671	2.492744	1.691983	1.956923	1.438910	1.503496	1.721624	0.767158	0.099791
229	0.000000	0.043415	1.713047	1.061622	0.227603	1.368060	0.633751	0.102968	0.930881	0.381536	0.258471	1.147634	2.544426	0.639531	0.766580	0.595226	0.619942	-0.072273	0.217891	0.063591
230	2.294947	1.604467	2.775249	2.586551	1.100904	2.574826	2.505617	0.000000	2.663384	0.315348	0.990732	2.675034	2.977791	2.369044	2.772739	2.659824	2.552800	1.203948	1.745252	1.944059
231	2.090776	1.066185	2.580006	2.559619	0.041846	2.393818	1.952092	1.247520	2.085023	0.000000	0.811638	2.398596	2.892970	2.111854	2.369243	2.197130	2.190931	1.690053	1.101339	1.445646
232	0.992405	0.602945	2.733347	1.571863	0.669390	1.977754	1.066192	0.544817	0.000000	0.542421	0.353878	1.816764	3.134216	0.700148	0.172677	1.335488	1.289011	0.251566	0.822249	0.694638
233	0.910600	0.000000	0.171409	1.392334	2.092338	1.882185	2.077926	1.612944	2.609913	2.072486	1.786963	0.865145	1.785919	2.064656	2.807845	0.431579	1.389342	1.020077	2.092526	2.255138
234	0.780533	0.059235	1.186772	1.036771	0.274876	0.923341	-0.121509	0.918736	0.476861	0.128144	0.208183	0.000000	2.548073	0.505161	0.279156	0.823289	0.825729	1.147222	0.169242	0.109569
235	0.685530	0.106782	-0.468476	-0.179324	0.561136	1.020601	0.462143	0.711972	0.774427	0.620592	0.445395	0.000000	2.488296	0.260763	0.896912	0.431297	0.457007	0.580426	0.623012	0.619810
236	-0.072454	0.378032	0.784112	0.651501	0.427416	0.567342	0.268840	0.325202	0.000000	0.236527	0.365362	0.449099	-0.269585	0.438102	0.283441	0.177937	0.389285	0.158050	0.449194	0.387898
237	-0.088900	-0.104831	0.070165	0.210890	-0.278159	-0.057259	-0.185981	0.441846	0.127983	0.068643	-0.110234	-0.211715	1.134339	-0.023309	0.145299	-0.230149	0.000000	0.520243	-0.239822	-0.332881
238	1.099698	0.344029	0.648243	1.551049	0.000000	1.693195	1.362039	1.825654	2.148072	1.718917	1.553411	1.216227	1.978629	1.900956	2.257691	1.060512	1.626257	1.994024	0.647233	0.686743
239	0.439482	0.352409	-0.073940	0.129359	0.799067	0.478870	0.334002	0.562480	0.368387	0.620193	0.505883	0.000000	0.586273	0.180546	0.594744	0.012601	-0.054094	0.366533	0.900831	0.857815
240	1.553281	1.608004	2.472478	2.408935	1.496656	0.000000	2.264819	2.103796	2.697363	2.096826	1.861960	2.422415	2.714171	2.372215	2.716292	2.028638	2.092800	2.063463	1.531648	1.738137
241	0.293825	-0.204737	0.196909	-0.024640	-0.386611	0.840409	-0.006725	-0.222708	0.372485	0.019915	-0.033565	0.210944	1.645591	0.040219	0.413129	0.015494	0.000000	-0.223414	-0.302494	-0.395766
242	1.944800	1.386313	1.963677	1.972155	1.425171	0.000000	1.930483	1.744609	2.110735	1.693012	1.737800	1.947603	2.285431	2.061965	2.181003	2.082989	2.064307	1.884839	1.372280	1.591332
243	0.031119	0.071608	-0.002796	0.069981	0.151411	0.756620	0.269829	-0.137171	0.226456	-0.038435	0.132216	0.071877	0.000000	0.176665	0.481098	-0.010503	-0.012465	-0.269928	0.385739	0.221855
244	0.190203	0.000000	0.427047	0.451140	1.721583	1.008722	1.530416	1.317661	1.882234	1.770232	1.097998	1.006228	1.329604	1.032356	1.886287	0.029602	0.892898	0.619557	1.693056	1.794164
245	0.032111	-0.080616	0.276855	0.333638	-0.140150	0.238570	-0.193772	0.302072	0.176130	0.268069	0.226496	-0.082906	0.475055	0.184866	0.247707	-0.124973	0.000000	0.222053	-0.092700	-0.238861
246	0.692505	0.355919	-0.146421	0.403185	0.622039	0.940451	0.345274	0.937009	0.562769	0.734789	0.631561	0.000000	2.073788	0.399473	0.733020	0.510414	0.783161	1.046555	0.528890	0.654293
247	2.150019	1.448511	2.687531	2.722960	2.074752	2.617621	2.549971	0.648432	2.444137	1.247885	1.631047	2.315665	2.505102	2.336661	2.615653	2.078672	1.514631	0.000000	2.370307	2.441468
248	0.459532	0.426849	2.108657	0.602239	-0.048042	1.369053	0.592593	0.224918	1.096796	0.330437	0.159308	1.528582	2.967330	0.464727	1.099861	0.000000	0.427643	0.204054	-0.090140	-0.261332
249	-0.085752	-0.199820	1.577698	1.163552	-0.158752	1.056403	0.536106	-0.626242	0.682141	-0.139334	-0.047014	0.878152	1.689254	0.616890	0.648012	0.098402	0.000000	-0.825615	-0.527026	-0.337471
250	0.950439	0.746843	1.891755	1.669097	1.010458	1.451791	1.377733	0.554153	1.334296	0.764975	0.526660	1.750067	1.860972	1.195891	1.103142	1.253552	0.800091	0.000000	1.087313	1.118327
251	0.257586	0.503504	0.637653	0.418268	0.148286	0.889084	0.275703	0.462582	0.286707	0.350642	0.346206	0.316858	0.801293	0.000000	0.229123	0.306810	0.448156	0.696907	0.083638	0.083218
252	0.074019	0.000000	1.291620	0.461356	0.878336	0.655891	0.966148	0.953787	1.056075	1.110505	0.355513	1.123047	1.777139	0.376095	1.034499	0.257708	0.665617	0.550418	1.005691	0.951000
253	1.798210	1.217141	2.225647	2.334955	1.080160	1.735223	1.759329	1.989581	2.206705	1.208131	1.410521	1.590883	2.365059	1.887382	2.101148	0.698219	0.000000	1.908356	1.175629	1.462556
254	0.351098	0.062822	-0.367210	-0.130212	0.557227	0.478564	0.000000	0.338535	0.466957	0.598202	0.423130	-0.009527	0.191853	0.186084	0.373437	0.233058	0.303047	0.369763	0.425930	0.447929
255	-0.010826	0.652189	1.207157	1.018922	0.759113	0.000000	0.881815	1.035792	0.837736	1.091648	0.911954	0.999475	0.192749	0.962170	1.011375	0.649193	1.214468	1.066768	0.760609	0.802387
256	1.182992	0.483257	1.551509	1.561476	-0.123834	1.341192	0.759030	0.000000	1.314749	0.228700	0.347425	1.203281	1.755785	1.142428	1.319468	1.248798	1.066684	0.539043	0.048358	0.155243
257	0.612952	0.387188	1.442843	1.176630	0.546335	1.082684	0.479787	0.763417	0.326199	0.427255	0.562247	0.695560	0.707514	0.717702	0.000000	0.856928	0.934805	0.791501	0.677950	0.450448
258	0.221330	-0.118452	0.675024	0.648987	-0.418776	0.504465	0.175794	-0.033233	0.779909	-0.237033	-0.079103	0.234951	0.000000	0.389793	0.664832	0.408544	0.269980	0.205815	-0.471855	-0.121187
259	0.282301	-0.189663	-0.071558	0.130574	-0.193155	0.289061	0.027844	0.173690	0.685887	0.374393	0.234693	-0.063602	0.684576	0.301361	0.556963	0.022699	-0.064358	0.000000	-0.365048	-0.341143
260	0.392162	-0.206202	0.485102	0.417390	-0.447513	0.525606	0.001969	-0.262791	0.750438	-0.275344	-0.176097	0.333670	0.446574	0.276488	0.627763	0.433770	0.315642	0.000000	-0.703198	-0.435057
261	0.411409	0.476817	1.071015	0.820705	0.761679	0.688761	0.808534	0.921434	1.368906	1.194670	0.821954	0.578938	1.660275	0.650374	1.329520	0.000000	0.110715	0.521108	0.670648	0.702638
262	0.544386	0.099368	1.528668	0.693990	0.019117	0.834704	0.319024	0.525943	0.875856	0.452293	0.235304	0.100273	1.907675	0.188362	0.657457	0.087419	0.000000	0.484398	-0.121965	0.210684
263	0.361935	0.290568	1.494017	1.351807	0.394648	0.664836	0.246648	-0.553012	0.402303	-0.240157	0.132056	0.482635	1.362613	0.000000	0.603123	0.492921	0.217563	-0.441709	0.820780	0.702757
264	0.958298	0.653897	2.108678	1.898885	0.370972	1.630117	1.527764	0.243528	1.920465	0.000000	0.275407	1.850664	2.131114	1.529563	1.928257	1.328782	1.104265	0.513114	0.602836	0.642673
265	1.449534	0.939822	2.017862	1.996886	0.733989	1.731107	1.264713	0.224455	1.403533	0.000000	0.621592	1.552801	2.174131	1.388405	1.453521	1.387647	1.235510	0.858835	0.954080	0.971156
266	1.339242	0.511494	1.948678	1.563463	0.306773	1.676656	0.980731	0.200457	1.165620	0.000000	0.384078	1.419488	1.708282	1.090663	0.970614	1.272358	0.908740	0.419775	0.763395	0.457190
267	1.687310	0.698633	-0.068278	1.071547	1.565514	1.535535	1.443157	1.811996	1.961959	1.690950	1.566514	0.000000	2.656138	1.473975	1.985508	1.294994	1.902559	1.967551	1.472660	1.581518
268	1.097120	0.855946	2.043932	1.830963	0.708032	0.000000	0.603712	1.333791	1.057296	0.375722	0.735631	1.309932	2.163127	1.014086	1.167588	1.006885	1.260561	1.727633	0.551205	0.800545
269	0.424868	-0.051354	0.291903	0.117801	-0.446025	0.572800	0.135666	0.383859	0.477417	0.326163	0.130675	0.223747	1.023002	0.244726	0.429732	0.000000	0.227898	0.434384	-0.310019	-0.334021
270	1.261519	0.771754	1.653950	1.409769	1.063329	1.597705	1.509594	0.762046	1.367729	0.000000	0.747983	1.252904	1.473744	1.224737	1.382636	1.202393	0.790553	0.632351	1.550197	1.199161
271	0.000000	0.800618	1.084089	0.342448	0.751590	0.780280	0.416897	0.938482	0.673880	0.538990	0.297984	0.438310	1.236561	0.025343	0.703632	0.210911	0.248479	0.796797	0.791007	0.759899
272	0.071021	0.336876	0.324287	0.000000	0.316115	0.374854	0.435098	0.499897	0.501969	0.339201	0.296682	0.633450	0.238789	0.230990	0.682819	0.291417	0.426217	0.429168	0.352788	0.340680
273	0.167988	-0.193479	-0.038688	0.000000	-0.106757	-0.068523	0.144120	0.128057	0.526272	0.219274	0.207059	0.105777	0.985311	0.205297	0.592824	-0.070830	-0.218778	0.045896	0.030343	-0.122833
274	0.691036	0.328964	0.263061	0.000000	0.870533	0.521140	0.732503	0.557210	0.883988	1.073613	0.769540	0.682745	1.637899	0.460819	1.000083	0.407100	0.375949	0.393842	0.778195	0.818141
275	0.960074	0.785605	1.759093	1.975362	0.488473	2.001655	1.444024	0.371490	2.187967	0.863360	0.886646	1.740402	0.897429	1.808516	2.304234	1.429789	0.636255	0.000000	0.767808	0.624130
276	1.259193	0.693479	1.232206	1.078093	0.947862	1.363000	1.249731	-0.178930	1.164357	0.112373	0.510642	1.072097	1.475621	0.957038	1.212009	1.087180	0.725034	0.000000	1.107481	1.248280
277	1.222854	0.650512	2.027815	2.048993	0.351962	1.982566	1.631768	0.000000	2.294303	0.066249	0.546434	2.028411	1.765506	1.917832	2.284182	1.639979	1.199350	0.448812	0.986890	0.819722
278	0.421364	-0.453700	1.624687	1.256481	-1.294882	0.816545	-0.391478	-0.307808	0.302756	-0.954901	-1.230450	0.615860	1.245868	0.058066	0.000000	0.500882	0.218680	0.129010	-0.897100	-1.219407
279	0.507915	0.495818	1.333096	1.605035	0.796269	0.682857	1.116691	1.449858	2.053655	1.633304	1.298580	0.996206	1.905352	1.632588	1.957692	0.000000	0.117475	0.981156	0.866305	0.729893
280	0.000000	-0.179535	0.394364	-0.510022	-0.300090	0.749226	0.249663	0.365617	0.635898	-0.019649	-0.058870	0.591950	1.239844	0.016002	0.692417	0.585358	0.918236	0.582366	-0.242327	-0.347567
281	0.811197	0.383397	-0.507217	0.439019	0.879536	1.159364	0.780725	1.036570	1.021701	0.960674	0.876119	0.000000	2.074718	0.784835	1.177979	0.401920	1.073230	1.038523	0.930565	0.972991
282	0.754525	0.692738	1.166445	1.308157	0.000000	1.189111	0.773078	0.644549	1.234575	0.480815	0.580419	1.110502	0.580154	1.194679	1.306969	0.960133	1.144013	0.953075	-0.096495	0.223843
283	0.110647	-0.180176	0.268242	0.256642	-0.371955	0.409655	0.030710	0.437129	0.318542	-0.046272	-0.147465	-0.015718	1.737060	0.140474	0.366846	-0.074710	0.000000	0.599091	-0.630295	-0.380338
284	0.952632	0.261398	0.000000	0.859080	0.720328	1.245562	0.825522	0.921745	1.250796	0.774872	0.776181	0.380405	2.173073	0.980933	1.337557	0.780205	1.191721	0.982809	0.713274	0.853980
285	-0.124555	-0.086940	0.181088	0.553022	-0.108945	0.316902	-0.011619	0.340694	0.361523	0.636177	0.419220	0.000000	-0.190493	0.518652	0.468979	-0.305878	-0.076971	0.053875	-0.060059	-0.187686
286	0.000000	-0.258120	0.046022	0.046990	0.092284	0.021995	0.014177	0.324068	0.124055	0.032340	-0.007130	-0.190464	1.554641	-0.072277	0.146834	-0.352557	-0.361261	0.373538	0.073467	0.097935
287	-0.313009	-0.693019	0.040156	-0.475331	-0.561699	0.524235	-0.398054	-0.026537	0.000000	0.215292	-0.275406	-0.097076	1.859343	-0.445000	0.064645	-0.496048	-0.299880	-0.261912	-0.526922	-0.621351
288	0.129297	-0.067374	1.123124	0.939287	-0.346329	0.910073	0.013726	-0.037533	0.271403	-0.109844	0.023335	0.217124	0.178171	0.450908	0.230478	0.235055	0.000000	-0.063004	-0.100429	-0.422773
289	1.635814	1.188779	2.645791	2.634477	1.071822	2.241860	2.170840	0.000000	2.532293	0.623316	1.073393	2.443510	2.605521	2.327147	2.616474	2.159324	1.914783	0.637957	1.424103	1.473195
290	1.498455	1.095458	2.449677	1.927368	0.499377	2.069735	1.452835	0.000000	2.056974	0.104024	0.458631	1.866482	2.318358	1.332174	2.082034	1.505731	1.230973	0.639750	0.582820	0.720337
291	1.821522	1.392498	2.965832	2.929594	1.619037	2.675555	2.787884	0.390434	3.073622	1.135344	1.683431	3.098365	3.308943	2.908884	3.064169	2.843661	2.412919	0.000000	2.003084	2.045014
292	0.731711	0.161501	1.508865	1.206330	0.225314	1.226686	0.383808	-0.705396	0.204801	-0.505255	-0.051098	0.527115	1.985026	0.000000	0.132956	0.612872	-0.002652	-0.293863	0.611551	0.604126
293	2.130024	1.325881	2.690618	2.851049	0.338175	2.429255	2.420967	1.568815	3.022904	0.000000	1.070417	2.440740	3.091546	2.624063	3.050313	2.376153	2.340314	2.000655	1.419371	1.521938
294	0.199546	0.514798	0.036240	0.252302	0.541170	0.686873	0.346438	1.121608	0.865162	1.194965	0.831668	0.000000	-0.018043	0.490953	0.945360	0.027840	0.513620	0.819406	0.633869	0.598157
295	0.306973	0.047202	0.549772	0.144348	-0.138071	0.669951	0.140943	0.366768	0.354299	0.543659	0.252954	0.319237	2.237969	0.000000	0.392854	0.123912	0.063118	0.163386	-0.016453	-0.035340
296	-0.191558	0.218311	1.334814	0.588649	-0.094470	0.705984	0.275147	0.157436	0.115220	0.153652	0.068055	0.721222	0.176241	0.340253	0.174227	0.000000	0.291586	-0.014369	-0.036078	-0.094439
297	1.889850	1.109562	2.030988	2.166027	1.167609	2.291026	2.010325	-0.005122	2.249888	0.328531	0.944036	2.090985	2.429767	2.034764	2.248754	2.187390	1.628722	0.000000	1.294250	1.529380
298	0.366593	0.330089	0.482218	0.000000	0.190521	0.632335	0.347362	0.365421	0.556126	0.188967	0.279862	0.424914	0.336751	0.272002	0.598180	0.383163	0.333325	0.321581	0.124932	0.159819
299	1.450341	0.775717	2.759930	2.615418	-0.202268	2.233295	1.862211	0.000000	2.621100	0.054844	0.043286	2.557679	2.626991	2.179003	2.657634	2.155925	2.141253	0.796815	-0.255798	0.207379
300	0.717774	0.234049	0.127327	0.150959	0.015053	0.954129	0.009719	-0.193735	0.558537	0.064117	0.332220	0.000000	1.894387	0.279458	0.648780	0.242320	0.143981	-0.082293	0.018281	0.027613
301	0.531937	0.000000	2.040918	1.972336	-0.208845	1.354149	1.436705	0.079251	2.434298	0.596223	0.416962	1.959470	2.326216	1.889437	2.301814	1.101033	0.680758	-0.170913	0.545473	0.171133
302	0.580821	0.067599	0.809123	0.041519	-0.246678	1.154924	0.182134	-0.143148	0.759718	0.124725	0.102540	0.573568	2.059117	0.280885	0.701422	0.340739	0.000000	-0.164084	-0.233281	-0.300838
303	0.610452	-0.135549	0.111099	1.027694	-0.298538	0.978555	0.086323	-0.117339	0.195397	-0.418170	0.056185	-0.225118	1.635848	0.243517	0.000000	0.240916	0.878616	0.287444	-0.336813	-0.288990
304	0.469481	0.371462	0.354167	0.191532	0.047401	0.794157	0.242152	0.464351	0.693290	0.306706	0.335709	0.439952	0.000000	0.474074	0.577017	0.530590	0.553570	0.579472	0.021209	-0.136506
305	0.876993	0.394232	0.125713	0.677031	0.440083	1.099752	0.962628	0.450746	1.715510	0.652624	0.407416	0.000000	1.433636	0.721874	1.655552	0.684432	0.354493	0.298933	0.481509	0.714652
306	0.372105	0.174503	-0.233672	0.111794	0.213882	0.508188	0.105534	0.289088	0.509065	0.467662	0.469813	0.000000	0.402637	0.352100	0.597540	0.240767	0.430017	0.248833	0.287091	0.268729
307	0.297013	-0.103697	0.375897	0.375456	-0.466471	0.570821	0.245822	-0.063436	0.812953	0.256403	-0.041883	0.000000	1.134421	0.318117	0.632579	0.161585	0.128895	-0.119738	-1.064284	-0.282878
308	0.176076	-0.313696	-0.018867	-0.338651	-0.085367	0.442796	0.001181	0.239510	0.379340	0.039476	-0.062242	0.208047	1.321689	-0.107320	0.439569	0.001734	0.000000	0.246955	-0.208750	-0.099102
309	-0.179571	-0.416308	0.486442	-0.040283	-0.151542	0.309402	0.231993	-0.513767	0.158682	-0.330645	-0.402442	0.247997	0.141094	-0.211151	0.000000	-0.191893	-0.406946	-0.848262	-0.132321	-0.022663
310	0.217287	-0.311709	0.463960	0.324526	-0.027264	0.648016	0.214273	-0.286686	0.000000	-0.059948	-0.086708	0.386444	1.521215	0.136078	0.077472	0.305961	0.140722	-0.184895	0.066078	0.053534
311	0.180717	-0.464768	0.403484	-0.115818	-0.542314	0.549354	-0.218723	-0.184567	0.269917	-0.180205	-0.199345	0.225438	0.958512	-0.018075	0.173760	0.000000	-0.123938	-0.225910	-0.675757	-0.646144
312	1.619296	0.896673	2.445430	2.254412	0.396545	2.114472	1.126975	0.000000	1.645693	0.370649	0.803942	2.196898	2.397853	1.724187	1.812332	2.019934	1.627319	0.681373	0.627298	0.527495
313	0.129204	-0.132534	0.490987	0.361631	-0.178488	0.503028	0.015582	0.013872	0.182162	0.091486	0.146039	0.232524	0.271362	0.185655	0.000000	0.078512	0.041174	0.010939	-0.312500	-0.290650
314	0.940055	0.367794	1.367992	1.374856	-0.082319	1.094122	0.895226	0.000000	1.667473	0.150587	0.476102	1.332312	1.305453	1.317530	1.609680	1.248068	1.011444	0.387106	-0.253137	-0.159111
315	-0.086500	-0.496667	-0.204839	-0.057748	-0.187757	-0.348187	0.080990	0.202089	0.457442	0.071853	0.002397	-0.026401	0.772653	0.000000	0.389046	-0.034578	0.158875	0.284124	-0.263777	-0.236821
316	-0.273182	-0.525512	-0.010398	0.081279	-0.384280	-0.187478	-0.102956	-0.125490	0.151625	-0.064537	-0.153488	-0.077539	0.076898	-0.009537	0.000000	-0.197493	-0.115679	-0.146537	-0.402304	-0.368585
317	0.022613	-0.505251	0.101748	-0.038789	0.005696	0.000000	0.045875	0.049776	0.232451	0.019149	0.072631	0.094689	0.538424	0.062721	0.234064	0.106293	0.162688	0.100397	-0.044044	0.073987
318	0.010399	-0.211804	0.111755	0.050147	0.182444	0.225161	0.122196	0.191493	0.157269	0.170530	0.152149	0.141153	0.000000	0.104036	0.173675	0.087601	0.187324	0.189201	0.149669	0.219458
319	0.269847	-0.280773	0.202982	0.294567	0.204910	0.000000	0.165582	0.421216	0.382936	0.395218	0.350682	0.127060	0.887002	0.307922	0.333858	0.285654	0.385149	0.455883	0.104143	0.266502
320	-0.145835	-0.557682	-0.047137	-0.064263	-0.207355	0.085744	-0.071413	-0.166005	0.123337	-0.126451	-0.216144	-0.043380	0.284735	-0.129087	0.000000	-0.002582	0.027128	-0.130228	-0.355712	-0.210771
321	0.000000	-0.862683	-0.007553	-0.429813	-0.605893	0.347055	-0.258217	-0.715990	0.038841	-0.462736	-0.434944	-0.036880	0.655150	-0.260325	-0.020246	-0.072559	-0.376561	-0.649855	-0.553524	-0.602218
322	0.908268	0.288321	1.893787	1.898209	0.000000	1.808880	1.716892	-0.323827	1.925255	-0.093198	0.334873	1.800119	1.881676	1.719598	1.957979	1.832323	1.406103	-0.038769	0.652349	0.857011
323	0.808674	-0.038725	0.668179	0.334185	-0.048789	1.008606	0.369086	0.000644	1.048809	0.184094	0.253582	0.675329	1.020460	0.414878	1.004077	0.508978	0.174273	0.000000	-0.245547	-0.136064
324	0.436906	0.025801	1.837994	1.546472	0.211540	1.166717	0.638665	0.386275	0.789353	0.407116	0.466063	1.020456	1.736360	0.993706	0.720033	0.413880	0.000000	0.197681	0.477467	0.286243
325	1.050484	0.463638	1.446705	1.171081	0.371619	1.492600	1.098613	0.000000	1.352604	0.492123	0.379199	1.245322	0.849132	0.911769	1.137524	1.159327	0.772508	0.289109	0.129125	0.521165
326	0.747773	0.640800	0.811758	1.046196	1.080815	0.000000	1.316760	1.352457	1.523078	1.217965	1.212154	1.299752	1.815422	1.317780	1.623464	1.091378	1.334643	1.419715	0.778234	1.141523
327	-0.221530	-0.485544	-0.144267	-0.347716	-0.227510	0.074325	-0.137026	-0.158263	0.000000	-0.054323	-0.100754	-0.047003	0.565541	-0.183828	0.111696	-0.113276	-0.112724	-0.236550	-0.315401	-0.258437
328	1.056100	0.194913	1.511072	1.439568	0.099539	1.167351	0.752794	0.000000	1.265838	0.023054	0.106988	1.145108	0.852233	0.925456	1.163067	1.104593	0.908923	0.361748	-0.033467	0.093775
329	0.311582	-0.105018	0.227541	0.203169	0.356384	0.000000	0.459024	0.659218	0.759977	0.504099	0.411625	0.429922	1.001525	0.433887	0.752271	0.362524	0.504191	0.701630	0.222477	0.430154
330	-0.030853	-0.269075	-0.151482	-0.233916	-0.075769	0.259256	-0.044856	-0.034929	0.169629	0.117006	0.053281	0.000000	0.102703	0.013516	0.253875	0.003697	0.047085	-0.148397	-0.104325	-0.072267
331	0.622000	0.011025	0.873631	1.052979	0.029794	0.905628	0.500127	0.289000	0.789432	0.033115	0.000000	0.609200	0.616725	0.691333	0.617325	0.966271	0.950708	0.536968	-0.087197	0.082896
332	0.614329	-0.034128	1.304904	0.686820	-0.506734	1.073054	0.026657	0.050547	0.299609	-0.169170	-0.095991	0.649741	1.817069	0.335164	0.000000	0.600111	0.490384	0.201878	-0.483842	-0.674562
333	0.410249	0.169630	1.219139	0.458863	0.512456	0.827783	0.825768	0.522757	0.395116	0.195165	-0.150589	1.020292	1.337724	0.000000	0.262943	0.689901	0.735620	0.468859	0.487942	0.559834
334	0.000000	0.191067	0.791311	1.151865	0.543296	0.756100	0.737309	0.424610	1.193952	0.810711	0.808833	0.490756	-0.298242	1.077418	1.223778	0.109494	0.574370	0.318565	0.167145	0.330176
335	0.109494	-0.250661	1.021552	0.118772	-0.115793	0.739831	0.000000	-0.219827	0.333320	-0.057064	-0.226238	0.510452	1.552042	-0.141666	0.209166	-0.048971	-0.385902	-0.442391	-0.031059	-0.177328
336	0.215921	0.000000	1.963950	1.947921	1.157891	1.096472	2.183414	0.574236	2.342965	0.843106	0.751572	2.106132	2.288642	1.954376	2.476755	1.248637	1.396574	0.164206	1.346669	1.408084
337	0.378852	0.010977	-0.175565	-0.171820	0.239694	0.835214	0.028299	0.053905	0.213831	0.154035	0.214990	0.000000	1.776699	-0.030002	0.267304	-0.032300	-0.157520	-0.037286	0.212146	0.277197
338	1.389701	1.051686	2.647662	2.530879	0.821554	2.177856	2.126590	0.000000	2.504046	0.541164	0.837247	2.498352	2.583974	2.285806	2.456653	2.074256	1.434899	0.025641	1.447814	1.419456
339	0.480999	0.376834	-0.044999	0.497175	0.563414	0.739220	0.501605	0.587739	0.637233	0.262325	0.549581	0.054522	0.690733	0.634478	0.800653	0.000000	0.797778	0.721598	0.422323	0.621540
340	0.635939	0.654172	2.112078	1.570766	0.224816	1.551387	0.821449	0.520351	0.346555	0.005495	0.292781	1.055141	2.286257	0.783813	0.000000	0.902414	0.926252	0.693371	0.053109	0.071765
341	0.000000	0.158485	0.441515	0.309473	0.193210	0.371414	0.274479	0.135604	0.125677	0.015277	0.138940	0.435595	0.907028	0.106637	0.212640	0.224993	0.339773	0.228495	0.064668	0.254380
342	-0.341040	0.126701	0.238058	0.177543	0.504724	0.593494	0.467402	0.051181	0.000000	-0.140991	0.011832	0.415658	1.533648	0.027428	0.299127	0.174474	0.282711	-0.016025	0.471890	0.612920
343	3.065067	2.320563	3.988919	3.806670	1.535262	3.540050	3.123039	2.337148	3.482846	1.887699	2.141441	3.712636	4.016973	3.337889	3.476510	3.352642	3.069801	2.584091	0.000000	1.807232
344	0.004111	-0.216970	-0.377244	-0.577711	-0.206150	0.540913	0.123416	-0.164089	0.454292	-0.376393	-0.463751	0.000000	2.176244	-0.188121	0.353887	0.172046	0.218221	0.119247	-0.528845	-0.205243
345	0.000000	-0.031538	0.265127	0.024184	0.017569	0.629510	0.198996	0.169760	0.236697	-0.011632	0.006862	0.253687	2.265780	0.087455	0.263601	0.279207	0.362343	0.354769	-0.038620	0.057670
346	-0.236304	-0.026774	1.977832	1.546804	-0.070249	1.574695	0.958433	-0.525880	0.838904	-0.660951	-0.517504	1.420380	2.607435	0.645795	0.947726	0.682839	0.000000	-0.508922	0.092082	0.165002
347	1.583099	1.270508	3.217638	2.559194	1.028629	2.571583	2.232272	0.649275	1.860210	0.000000	0.215635	2.642848	3.567138	1.264078	2.281188	2.000866	1.595971	1.123071	1.574091	2.061566
348	0.145590	0.302543	1.214466	0.679864	0.104243	0.739171	0.416530	0.289708	0.000000	0.069393	0.009109	0.613505	2.734573	0.114192	-0.087008	0.417207	0.629293	0.488863	0.201280	0.220795
349	-0.216847	0.136049	0.210023	0.095319	0.443601	0.698249	0.470217	0.385553	0.223906	0.019382	0.027730	0.443007	2.458960	0.000000	0.346893	0.211356	0.552516	0.518704	0.388938	0.479086
350	2.170241	1.611623	2.910884	2.734838	1.405886	2.823505	2.637494	0.000000	2.719268	0.367418	1.185702	2.833541	3.281036	2.599421	2.774274	2.810801	2.135059	0.309062	1.712042	1.976298
351	0.000000	0.432603	2.388519	1.636611	0.606293	1.615821	1.335728	0.156792	1.573228	0.444100	0.433428	1.472903	2.663863	1.297611	1.382845	1.064050	0.995292	-0.047931	0.762496	0.639085
352	-0.190092	-0.091361	-0.045835	-0.014739	0.020990	0.323537	0.064352	-0.080638	0.086796	-0.382791	-0.330961	-0.174844	2.566135	-0.100013	0.083238	0.000000	0.242390	0.210275	-0.123604	0.054551
353	0.155684	0.394327	2.077032	1.154764	0.643363	1.540099	0.947948	0.457428	0.000000	0.503659	0.239333	1.411763	2.898990	0.563706	0.184995	0.854293	0.820789	0.156961	0.771048	0.685703
354	1.979882	1.263825	2.388843	2.496809	0.797548	2.287539	2.408378	0.922946	2.665926	0.000000	0.886723	2.563912	2.819951	2.489186	2.733146	2.435046	2.333519	1.468412	1.586725	1.760293
355	0.884256	1.187531	2.581442	2.059051	1.246671	1.652361	1.625007	1.094733	0.683031	1.360608	0.690150	1.403271	2.699527	0.552067	0.000000	1.172456	1.301779	0.960592	1.357236	1.520419
356	0.278667	0.179837	0.443955	0.000000	0.469071	0.789582	0.638662	0.342995	0.570130	0.289111	0.227973	0.615324	2.533058	0.292982	0.621092	0.395443	0.532349	0.431007	0.535920	0.542443
357	-0.259059	-0.518743	0.899559	0.366793	-0.317425	0.917577	0.242861	-0.727614	0.259722	-0.785647	-0.752709	0.650056	2.003714	0.000000	0.272918	0.458531	0.205646	-0.421866	-0.283320	-0.251043
358	1.295609	0.535250	2.256648	2.136661	0.000000	1.865675	1.740629	0.304730	2.207992	0.320894	0.645717	2.063186	2.125116	2.062315	2.260929	1.613938	1.432818	0.565689	0.578168	0.401483
359	0.844179	0.383502	0.657722	0.956350	0.669496	0.000000	0.988467	1.189649	1.320857	0.877364	0.923922	0.822208	1.858472	1.070620	1.388129	0.802410	1.069469	1.203453	0.773130	0.876001
360	-0.016425	-0.238238	0.133100	-0.021376	-0.107504	0.345307	-0.060592	0.080764	0.129172	0.037551	0.023291	0.000000	0.248698	0.075764	0.270215	-0.016772	0.135425	0.065676	-0.219479	-0.115597
361	0.612905	0.072590	-0.161938	0.136501	0.375902	0.287478	0.261897	0.947943	0.718271	0.790120	0.658442	0.000000	1.774003	0.416833	0.763300	0.296591	0.383347	0.923593	0.112897	0.396305
362	0.691675	0.163081	2.001745	1.562875	0.261498	1.576257	0.537622	0.268601	0.000000	0.042639	0.066422	1.164453	2.419064	0.670803	0.347692	0.818851	0.772594	0.280012	0.382969	0.206942
363	0.579653	-0.041883	1.198323	0.858836	0.055162	1.378438	0.553542	-0.074409	0.843967	0.409218	0.347264	0.857030	1.853071	0.623703	0.779987	0.595605	0.000000	-0.135572	-0.219209	0.058584
364	1.997999	1.149812	2.474881	2.463051	1.081107	2.389817	2.005016	0.000000	2.275288	0.874918	1.341476	2.380945	2.481121	2.289377	2.296988	2.388942	2.010253	0.435947	1.430756	1.403467
365	1.066438	0.252892	1.323539	0.536737	0.244352	1.324837	0.589148	0.000000	1.089441	0.472376	0.412357	1.046848	2.111079	0.468013	1.036601	0.756126	0.498473	0.407651	0.434288	0.361569
366	2.298756	1.402715	2.549328	2.688726	0.000000	2.437909	2.547874	1.489163	2.939130	1.178953	1.466704	2.658678	2.684123	2.677135	3.013469	2.471835	2.271301	1.803352	1.449727	1.608339
367	0.305486	0.065154	0.902031	0.490753	0.393923	0.856768	0.447211	0.285355	0.000000	0.194584	0.114226	0.556228	1.976469	0.181398	-0.042749	0.415492	0.422406	0.213923	0.371054	0.393108
368	-0.280922	-0.026381	0.183798	0.193194	0.076483	-0.026475	0.146825	0.416711	0.185698	0.393023	0.216914	0.072192	-0.646934	0.000000	0.340404	-0.144952	0.174702	0.253522	0.188370	0.156807
369	-0.156994	0.119829	0.840816	0.735655	0.105575	0.380958	0.313111	0.506140	0.561355	0.551202	0.445085	0.407116	-0.400350	0.581106	0.481056	0.000000	0.256251	0.120791	0.310954	0.163775
370	0.061156	0.064460	0.130826	0.101926	0.087596	0.122149	0.052782	0.304236	0.172141	0.271559	0.182256	0.070601	0.293392	0.090469	0.193179	0.000000	0.140613	0.170318	0.011302	0.045428
371	0.518312	0.229548	0.419342	0.546544	0.542143	0.000000	0.556792	0.882445	0.839040	0.861066	0.746710	0.442575	1.264386	0.619564	0.908341	0.355590	0.606978	0.797051	0.507377	0.615628
372	0.562088	0.250530	0.510999	0.632188	0.518867	0.000000	0.578814	0.913727	0.800515	0.751491	0.676245	0.482179	1.189507	0.661754	0.806948	0.499491	0.806354	0.880655	0.497939	0.592863
373	-0.019535	-0.044763	0.000000	0.160207	-0.020656	0.199394	-0.029073	0.264547	0.321968	0.014833	0.137337	0.080237	0.163635	0.166624	0.335788	-0.065683	-0.007899	0.294292	-0.034724	0.023794
374	0.240046	-0.061796	-0.294871	-0.251238	0.004671	0.565836	0.221517	-0.113287	0.748851	-0.132547	0.031289	0.241896	0.000000	0.253939	0.733397	0.358875	0.221668	0.064197	-0.260410	-0.038842
375	0.030943	0.168081	0.365079	0.000000	0.151140	0.287453	0.277708	0.586834	0.624914	0.625387	0.302700	0.451841	1.134592	0.178459	0.411481	0.272292	0.411426	0.565005	-0.238069	0.042912
376	0.509453	-0.045701	0.268075	0.029460	0.265484	0.703443	0.210925	0.000000	0.415544	0.056203	0.186272	0.219724	1.480261	0.064107	0.431492	0.397348	0.254005	0.176407	0.113904	0.250382
377	0.327280	-0.088964	0.325527	-0.036472	0.201226	0.688100	0.354642	0.102857	0.340169	0.118053	0.040090	0.295725	1.281025	0.040588	0.313852	0.023988	-0.153692	0.000000	0.078609	0.210656
378	0.109705	-0.773997	0.397152	-0.125455	-1.070329	0.593865	-0.429272	-0.174623	0.569460	-0.587406	-0.625833	-0.100430	1.590499	-0.140248	0.441986	0.005787	0.000000	-0.029849	-1.362889	-1.236921
379	-0.463555	-0.611990	1.203389	1.285593	-1.559375	0.479717	0.000000	-1.330892	1.148246	-0.937705	-0.850736	0.826974	0.799488	0.808312	1.187369	0.327953	0.303072	-0.752100	-1.095906	-0.740498
380	-0.062885	-0.270275	1.205563	0.925924	-0.726460	0.579719	0.251792	-0.014988	0.810753	-0.176156	-0.235723	0.661256	1.455562	0.482024	0.726393	0.000000	-0.132568	-0.299997	-0.540779	-0.568022
381	1.541932	0.635758	1.894385	1.798039	0.000000	1.816732	1.453907	0.855493	1.779412	0.949370	0.974400	1.754923	1.989587	1.718350	1.843203	1.551349	1.276228	0.905919	0.840135	0.793277
382	0.239925	-0.403410	0.541572	-0.111059	-0.111791	0.613691	0.228338	-0.437195	0.399671	-0.475150	-0.251603	0.000000	0.841685	-0.004040	0.525834	0.132698	0.121393	-0.432304	0.141105	0.013903
383	0.473980	0.000000	1.441668	1.537276	0.818741	1.312450	1.760897	0.480411	2.122454	0.809109	0.609111	1.707491	1.819898	1.655552	2.245608	0.967253	1.230252	0.181802	1.191943	1.073100
384	-0.136388	-0.635557	0.125678	-0.134259	-0.178768	0.000000	-0.111317	0.325120	0.038841	-0.283762	-0.394525	-0.184432	1.859254	-0.276792	0.135581	0.302738	0.622029	0.457446	-0.025187	-0.086699
385	1.379804	0.758784	1.633776	1.782179	1.133379	0.000000	1.297218	1.451847	1.049928	1.409875	1.266735	1.015061	2.152460	1.355578	1.039635	1.107447	1.225821	1.451369	1.174554	1.294987
386	1.027883	0.770272	1.070044	0.000000	0.900748	1.682406	1.196809	0.583270	1.806683	0.666094	0.508930	1.556596	2.648960	0.493719	1.743770	1.023468	0.769026	0.668315	0.413988	0.826296
387	1.250984	0.648947	1.673387	1.302639	0.000000	1.794657	1.022798	0.543455	1.332006	0.931229	0.780693	1.258662	1.481693	1.083009	1.238832	1.168073	0.887567	0.516023	-0.616784	0.156255
388	1.867684	1.222780	2.779185	2.515711	0.000000	2.262966	1.796593	1.221040	2.653992	1.207965	1.310946	2.322897	2.668154	2.401696	2.519111	2.378593	2.242380	1.479725	0.971113	0.459028
389	1.396338	0.559591	1.433887	0.667681	-0.137129	1.545307	0.707966	0.756577	1.767243	-0.010645	0.226334	1.253519	2.030248	0.648238	1.711325	1.335178	1.325314	1.146654	0.456794	0.000000
390	0.084781	0.000000	1.526795	1.358191	0.775033	1.112719	1.802715	0.512875	1.962939	0.605682	0.533119	1.697232	1.793680	1.551253	2.017039	0.745452	0.870269	0.286349	1.182762	1.229382
391	1.145989	0.382875	-0.699142	0.473534	0.976660	1.352883	0.988428	0.866976	1.136534	0.786936	0.893832	0.000000	1.786993	0.924640	1.256180	0.850069	1.203869	0.969277	0.851756	1.081907
392	0.089111	0.102239	1.331510	1.415637	0.158688	0.478850	0.632228	-0.290942	1.033237	-0.314609	0.109469	0.427138	0.036626	0.958289	1.142837	0.000000	-0.019082	-0.288168	0.275804	0.106367
393	-0.034067	0.027711	0.382807	0.041168	-0.335648	0.205399	0.140794	0.153123	0.350555	0.047670	0.084714	0.366419	1.917094	0.290578	0.351415	-0.071777	0.000000	0.248919	-0.473959	-0.424388
394	-0.187883	0.006444	0.311169	0.105766	-0.178241	0.190586	0.085629	-0.042595	0.111586	-0.291052	-0.171243	0.264672	0.262882	0.000000	0.292816	0.054069	0.330799	0.021718	-0.092695	-0.112779
395	2.002571	1.461437	2.859401	2.643467	1.261251	2.533493	2.514688	0.313673	2.933988	0.000000	0.738635	2.809360	2.803444	2.361641	2.934774	2.478580	2.156818	0.734819	0.657798	1.628040
396	1.937744	1.253121	2.249590	2.378528	0.000000	2.112594	1.831459	1.782629	2.461171	1.548785	1.416713	2.045310	2.353495	2.210953	2.405518	1.972272	2.007671	1.978162	0.066302	0.593397
397	0.573162	0.214217	0.029091	0.321706	0.650360	0.625212	0.488140	0.667252	0.717070	0.734043	0.606300	0.000000	1.972985	0.441132	0.797191	0.200001	0.521639	0.758885	0.437421	0.615115
398	0.397680	0.214456	0.684724	0.321928	-0.117108	0.543435	-0.146130	0.251906	0.474811	0.429628	0.201751	0.220514	1.729670	0.072676	0.404716	0.000000	0.083140	0.177369	-0.425132	-0.318645
399	0.406194	-0.136656	0.385322	0.081352	-0.059468	0.836038	0.342160	-0.019168	0.592569	0.126031	0.150553	0.415978	1.622675	0.275317	0.580838	0.233425	0.000000	-0.046988	-0.285911	-0.118856
400	1.745861	1.064899	1.895544	1.851074	0.043474	1.849824	1.134356	1.008151	1.861638	1.112919	1.099272	1.845048	2.074602	1.613222	1.709766	1.734586	1.511828	1.213169	0.000000	0.143168
401	0.918491	0.374551	0.664781	0.741904	0.000000	0.948122	0.495948	0.740925	0.968200	0.778453	0.691320	0.661265	0.825955	0.818628	0.909717	0.680350	0.704812	0.830966	0.140770	0.161943
402	0.769288	0.255689	-0.226241	0.354889	0.633553	0.623724	0.549468	0.801703	0.958031	0.713179	0.751958	0.000000	1.546094	0.678843	1.030503	0.175411	0.389272	0.834259	0.589267	0.678477
403	0.046179	0.148605	-0.280809	-0.058967	0.142441	0.210113	0.086311	0.190592	0.317800	0.086790	0.101811	-0.058866	0.535310	0.203849	0.394521	0.000000	0.251291	0.220897	0.003160	0.033902
404	0.098442	-0.405925	-0.134481	-0.279009	-0.377344	0.220152	-0.082786	-0.005212	0.343697	-0.115025	-0.098693	-0.104764	1.297186	0.017635	0.352592	-0.018073	0.000000	0.034519	-0.448676	-0.423709
405	0.585439	0.035065	0.195176	0.273594	0.272276	0.608807	0.322582	0.538991	0.677197	0.561795	0.449837	0.283981	1.576895	0.405862	0.699301	0.335801	0.369662	0.480273	0.000000	0.340392
406	0.471391	0.336496	0.033613	0.367522	0.184299	0.467502	0.317330	0.613954	0.883389	0.877805	0.562319	0.145487	0.982302	0.463604	0.811224	0.000000	0.222344	0.469938	-0.046072	0.149143
407	-0.105853	-0.123082	-0.014996	-0.106109	-0.153244	-0.041871	-0.070394	0.068516	0.211196	-0.036315	-0.029924	-0.033148	-0.171020	0.009935	0.255076	-0.062639	0.000000	0.029126	-0.162291	-0.213369
408	0.165281	-0.046923	-0.084918	0.000000	0.188486	-0.340353	0.199082	0.459490	0.570822	0.378010	0.278642	-0.036421	0.601800	0.182634	0.575695	0.023208	0.095757	0.392093	0.151845	0.202863
409	0.126586	-0.122329	-0.081071	-0.158285	-0.120899	0.000000	0.203862	0.200056	0.714692	0.103673	0.082020	0.246260	0.861122	0.183844	0.690107	0.219529	0.420674	0.357117	-0.326790	-0.102204
410	0.067367	-0.012192	-0.005960	0.063159	-0.037010	-0.022030	0.031154	0.334146	0.317816	0.242916	0.159233	-0.001336	0.317955	0.137890	0.301249	0.000000	0.205154	0.270523	-0.075334	-0.050079
411	0.248360	0.203530	-0.149510	0.077538	0.349259	0.092362	0.246557	0.521093	0.445983	0.474360	0.481187	0.000000	0.389113	0.310018	0.491636	0.089622	0.340955	0.430407	0.296320	0.407989
412	0.047792	-0.055629	0.099411	0.147224	-0.110515	0.053266	0.134156	0.156342	0.348436	0.129247	0.060577	0.000000	0.845989	0.167025	0.385942	-0.090070	0.069775	0.194611	-0.197438	-0.056402
413	-0.118678	-0.125242	-0.061995	-0.098271	-0.169852	0.142842	0.080422	-0.038930	0.275507	-0.215284	-0.186293	0.029281	0.751640	0.049273	0.262127	-0.089527	0.000000	0.104252	-0.292911	-0.176267
414	0.021619	-0.066036	-0.042570	0.000000	0.070889	-0.155834	0.069704	0.247132	0.312061	0.156113	0.116701	-0.092141	0.304328	0.069196	0.321227	-0.125360	-0.002465	0.175068	0.057724	0.091844
415	0.053642	-0.255422	0.154879	0.122705	-0.031498	0.000000	0.052112	-0.089517	0.134836	-0.132660	-0.029584	0.004410	0.446598	0.071779	0.170400	0.015549	0.019651	-0.079332	0.019909	0.114358
416	0.233879	0.154875	0.063237	0.226452	0.160444	0.152904	0.174718	0.432513	0.519613	0.467328	0.321851	0.061127	0.559714	0.281043	0.522293	0.000000	0.212861	0.315027	0.133517	0.159732
417	0.020677	-0.011868	0.000000	0.135475	0.126421	0.137515	0.162014	0.216082	0.313961	0.128815	0.187901	0.143749	0.228207	0.215098	0.381748	0.088078	0.199833	0.172477	0.067702	0.143833
418	0.628703	0.120576	0.765030	0.491578	-0.055973	1.040374	0.282043	0.056124	0.601047	0.124281	0.185919	0.378151	1.889425	0.367397	0.606168	0.290743	0.000000	0.038833	-0.066380	-0.134512
419	1.902708	1.064656	2.227958	2.114731	0.390159	2.261307	1.498290	0.000000	2.027832	0.554158	0.853134	2.177805	2.611163	1.925896	2.057479	2.168250	1.683777	0.737452	0.612398	0.541909
420	0.673402	0.378960	0.779054	0.678104	0.330030	1.203624	0.443707	0.085396	0.263459	0.258391	0.376914	0.508173	1.268256	0.388110	0.207292	0.339929	0.000000	0.158161	0.265187	0.292304
421	2.248205	1.429424	2.968866	2.815763	1.239279	2.516558	2.449054	0.948639	2.783362	0.000000	0.755965	2.636389	2.641194	2.424535	2.800070	2.614259	2.438640	1.469506	1.583107	1.839854
422	0.357291	0.176834	0.980394	0.439646	0.060723	1.032231	0.269189	0.075357	0.260088	-0.005761	0.255423	0.537893	0.000000	0.360893	0.201031	0.478753	0.468904	0.229216	0.045309	0.021614
423	0.329185	0.000000	1.144053	1.085222	1.089002	1.207766	1.566586	0.527151	1.629838	0.567376	0.689640	1.294878	1.438272	1.312652	1.674878	0.852091	0.834494	0.498788	1.194183	1.404708
424	0.214923	-0.222531	0.189673	-0.139034	-0.023204	0.632684	0.024986	-0.147493	0.177290	-0.043096	-0.086014	0.147313	1.579021	-0.235461	0.000000	-0.035446	-0.112826	0.005822	-0.262639	-0.174439
425	1.530052	0.877504	2.192163	1.582127	1.005415	1.860410	1.388807	0.000000	1.560436	0.422882	0.778921	1.716343	1.729978	1.253212	1.588443	1.524662	1.168684	0.334286	1.163118	1.157604
426	0.660810	0.521010	1.909224	1.643286	1.088719	1.153080	0.927462	0.538680	0.000000	0.746398	0.500908	1.051527	1.976584	0.511142	-0.085121	0.550510	0.732865	0.528004	0.849609	1.135248
427	-0.121239	0.223888	1.401369	1.104451	-0.325603	0.082564	-0.090854	0.564253	-0.053305	0.371664	0.024215	0.602481	0.898222	0.000000	-0.742339	0.185116	0.281234	0.644585	0.140622	-0.140270
428	1.249204	0.443646	1.808269	1.949449	0.000000	1.660346	1.598371	-0.147134	1.821043	-0.109404	0.429654	1.331553	1.834492	1.631965	1.990232	1.264751	0.924507	0.276925	0.880779	1.303371
429	0.852453	0.181430	1.025279	1.048845	0.398289	0.934631	0.625313	0.000000	0.622082	0.469146	0.326853	0.657345	1.751739	0.572021	0.405439	0.789106	0.510560	0.091929	0.442628	0.543721
430	0.092708	0.161657	0.147401	0.220654	0.176879	0.446974	0.125625	0.353262	-0.032760	0.316712	0.187544	0.000000	0.010981	-0.045201	0.059083	-0.041378	0.160844	0.347808	0.017738	0.217656
431	0.331896	-0.400443	-0.364625	0.412702	-0.269933	0.432259	-0.052564	0.007631	0.369584	-0.055276	0.000000	-0.352731	0.716727	0.303449	0.189454	-0.197670	0.190331	0.219230	-0.346912	-0.221467
432	1.112222	0.455574	1.516086	1.479779	0.493671	1.246651	1.050880	1.026773	1.241731	0.840781	0.760942	1.272148	0.761547	1.187027	1.068070	1.178442	1.223550	1.117436	0.000000	0.687994
433	-0.314615	-0.814846	0.031545	0.236139	-1.587171	-0.451797	-0.374007	-0.311584	0.403304	-0.455971	-0.497966	-0.049289	0.498694	0.000000	0.244118	-0.122253	-0.199581	-0.225865	-1.743250	-1.414204
434	0.037499	-0.472909	0.111157	0.000000	-0.358277	0.273763	-0.480317	-0.036593	-0.182438	0.289318	0.007063	-0.277508	1.425622	-0.180998	-0.250006	-0.334375	-0.275251	-0.132800	-0.332533	-0.551295
435	-0.027048	-0.123779	0.125672	0.072988	0.033932	0.220522	-0.063267	0.094993	-0.142030	0.035301	0.032702	0.122497	-0.344679	-0.040456	-0.046836	-0.005030	0.155651	0.000000	0.020569	0.097852
436	0.796214	0.161478	0.696801	0.735279	0.288294	0.000000	0.313037	0.848184	0.669228	0.815244	0.705478	0.366799	1.767843	0.647318	0.606966	0.519212	0.462462	0.894310	0.192337	0.336882
437	0.868444	0.388591	1.597284	1.309371	0.253262	1.291289	0.335643	0.207410	0.000000	0.149323	0.371301	0.798192	1.743661	0.580564	-0.037548	0.790496	0.493172	0.218462	0.225628	0.176262
438	0.000000	0.058655	0.946725	0.853685	0.184697	0.805640	0.408502	0.169492	0.780374	0.493532	0.374159	0.594671	1.506689	0.422660	0.751823	-0.396387	-0.459553	0.066944	0.002725	0.229981
439	1.185733	0.222701	1.874405	1.549152	-0.035203	1.693991	1.171194	-0.368428	1.449829	0.082999	0.000000	1.549912	1.698347	1.275110	1.213326	1.599544	1.014802	-0.110197	-0.116758	0.020286
440	1.174346	1.170335	2.551075	2.404696	0.354189	2.060706	1.416732	1.438035	1.833120	0.675198	0.889749	2.185915	2.428636	1.700969	1.804699	1.971392	2.386220	1.662520	0.724498	0.000000
441	0.000000	-0.267390	1.273618	1.126093	-0.562724	0.649415	-0.090368	-0.077790	0.163780	-0.333332	-0.210005	0.165750	1.159246	0.455484	-0.373896	0.122902	0.129724	0.096104	-0.349051	-0.508218
442	1.074361	1.201539	1.785790	1.668055	1.689728	1.741749	1.836994	1.354888	2.037322	1.607924	1.703306	1.654702	0.000000	1.803056	2.140875	1.233776	1.221200	1.065878	1.811094	1.767854
443	1.139670	0.920271	1.648589	1.367281	1.088305	1.616431	1.318882	1.037661	1.609572	1.365908	1.278418	1.402464	0.000000	1.383690	1.595943	1.255252	1.225894	0.969571	1.156335	1.126879
444	0.190670	-0.152617	0.379749	0.160929	0.380187	0.340979	0.123738	0.000000	-0.140153	-0.139777	-0.089883	0.015637	0.107979	-0.177572	-0.272061	0.071771	0.178289	0.149378	0.529035	0.435896
445	0.026637	0.122964	0.068643	-0.306727	0.426733	0.359529	0.222879	0.336105	0.387366	0.522771	0.335317	0.187041	0.112849	0.030273	0.406055	0.000000	0.166400	0.159676	0.349450	0.393018
446	1.110340	0.503240	0.831169	0.932768	0.882788	0.000000	0.988214	1.144861	1.292665	1.180825	1.109599	0.849267	1.486038	1.133901	1.337797	0.976586	1.050976	1.172914	0.876017	0.957201
447	0.398424	0.147373	0.949552	0.130775	0.266168	0.903362	0.314035	-0.229549	0.242694	0.390981	0.224037	0.501351	0.142961	0.000000	0.312804	0.356039	0.118126	-0.480576	0.453323	0.365542
448	1.759553	0.858944	1.767705	1.752624	0.849766	1.999463	1.463101	0.000000	1.636389	0.219551	0.746212	1.649170	1.800093	1.428074	1.724350	1.672555	1.067898	0.412190	0.850090	1.077695
449	0.471736	0.046319	0.883356	0.233162	-0.026280	0.914360	-0.013656	-0.031046	0.172265	0.267620	0.256106	0.254796	1.560525	0.076372	0.000000	0.131988	0.026754	0.033759	-0.037405	-0.080024
450	0.824831	0.000000	1.376574	0.915276	0.603831	1.359852	0.799548	0.318949	0.819214	0.308961	0.277723	1.268909	2.111550	0.569786	1.013467	0.932930	0.988777	0.350496	0.679368	0.593978
451	0.437697	-0.000882	0.778766	0.636323	-0.063052	0.812298	0.004653	-0.102036	-0.033776	-0.119006	0.097579	0.197283	0.937074	0.225524	0.024305	0.000000	0.014211	-0.070314	0.053379	0.031395
452	-0.211228	-0.802679	0.851343	0.439850	-1.355423	0.278864	-0.516305	-0.574259	0.033793	-0.929146	-0.979623	0.135755	1.185298	0.049987	-0.077539	0.000000	-0.069709	-0.674181	-0.713325	-1.328484
453	0.419573	0.070541	0.269474	0.287412	0.113120	0.800584	0.239710	0.119182	0.130435	-0.137535	0.153894	0.000000	1.483184	0.120512	0.255192	0.190212	0.348748	0.222052	0.146664	0.189360
454	1.438347	0.917793	2.431762	2.409371	0.938281	2.327770	2.182413	0.000000	2.448638	0.444212	0.916162	2.224889	2.337115	2.151438	2.378215	2.242283	1.685385	0.099668	0.946723	1.391562
455	1.419793	0.952331	1.529399	1.739275	1.334692	1.746334	1.426246	1.444775	1.651482	1.823320	1.634841	0.985882	2.099992	1.437990	1.617581	0.715249	0.000000	0.698627	1.443298	1.391530
456	2.022258	1.386320	2.319050	2.302218	1.313895	0.000000	2.069020	1.613814	2.294855	1.488606	1.710332	2.169308	2.410318	2.202441	2.367847	2.319340	2.216614	1.880872	1.299514	1.579318
457	1.290711	0.999324	2.914290	2.768950	0.476777	2.302132	2.445351	0.560381	2.771718	0.000000	0.240634	2.735313	2.863318	2.384572	2.903234	2.414428	2.415061	1.147284	1.411551	1.448557
458	0.932408	0.521775	2.009711	1.506428	0.725834	1.683137	1.016898	0.194644	0.414955	0.000000	0.466722	1.272077	2.235597	0.707275	0.754725	1.056056	0.852512	0.390772	0.979445	0.989478
459	1.719398	0.938432	1.760442	1.848779	0.693489	1.766582	1.847586	1.067900	2.015266	0.000000	0.853299	1.865759	2.043959	1.764485	2.106966	1.839482	1.786699	1.366039	1.446816	1.527167
460	0.277606	-0.567301	0.511601	-0.157455	-0.803520	0.445746	-0.590911	-0.144636	-0.248848	-0.272206	-0.240246	-0.076251	1.339993	-0.434701	-0.333083	0.140528	0.000000	-0.046137	-0.821879	-0.961359
461	0.885957	1.028495	2.334440	2.029831	1.050691	1.296922	1.122794	0.903870	0.120854	0.689321	0.687167	1.436039	1.483964	0.818230	0.000000	1.006308	1.319196	1.184812	1.112509	1.207206
462	0.579336	0.238046	0.000000	0.083355	0.551237	0.974481	0.694491	0.343938	0.981773	0.422284	0.513700	0.697137	1.460650	0.530405	1.032098	0.672031	0.594175	0.305166	0.450468	0.583043
463	-0.121269	-0.386683	-0.028842	-0.055655	-0.360060	0.000000	-0.167748	-0.176000	0.104256	-0.132790	-0.080288	-0.034420	0.020295	-0.010328	0.134376	-0.088312	0.022981	-0.123706	-0.375395	-0.335830
464	0.081624	-0.440535	-0.150473	0.042608	-0.146488	0.000000	-0.019425	0.066733	0.308833	0.110863	0.072212	-0.178702	0.557136	0.060569	0.288360	-0.169657	-0.051156	0.085922	-0.155477	-0.034423
465	0.119856	-0.094503	0.003764	0.088666	0.127825	0.049855	0.179376	0.196193	0.414453	0.245147	0.264290	0.000000	0.060801	0.243429	0.478067	0.041435	0.165895	0.145958	0.070161	0.198033
466	0.378368	-0.017286	0.021302	0.200882	0.296392	0.036494	0.330350	0.500438	0.710989	0.491608	0.472784	0.000000	0.599348	0.396160	0.725679	0.199106	0.301038	0.463269	0.191644	0.336393
467	0.232275	-0.080655	0.073121	0.170425	0.229596	0.157191	0.288534	0.335827	0.496873	0.342632	0.306348	0.000000	0.367951	0.255552	0.538461	0.035955	0.198706	0.290723	0.186755	0.321515
468	0.346092	0.037712	-0.127146	0.061815	0.200117	0.238192	0.218008	0.326962	0.464216	0.396032	0.422604	0.000000	0.448486	0.300450	0.506045	0.119766	0.231403	0.331090	0.104172	0.246672
469	0.158471	-0.481152	0.040799	0.019656	-0.233514	0.000000	-0.036742	-0.153394	0.233932	-0.052559	0.021058	-0.081203	0.531580	0.068688	0.211543	0.012647	-0.030641	-0.021416	-0.371439	-0.185705
470	0.114585	-0.465321	0.323418	-0.127590	-0.617391	0.498362	-0.057296	-0.454690	0.175290	-0.316347	-0.301541	0.177733	1.165002	-0.059915	0.158290	0.000000	-0.124251	-0.386446	-0.616228	-0.586701
471	0.158089	-0.549339	0.364752	0.000000	-0.478239	0.701705	0.068048	-0.913697	0.672096	-0.646358	-0.406129	0.351097	1.260486	0.180731	0.763017	0.380146	0.061876	-0.699189	-0.471386	-0.476399
472	0.709288	0.198782	0.830749	0.553905	0.267426	0.919128	0.445520	0.000000	0.873767	0.694619	0.656097	0.449879	1.170529	0.475236	0.838267	0.418202	0.066279	0.139485	0.162643	0.258774
473	2.134234	1.354573	1.901218	2.102516	0.000000	1.946442	1.793215	1.377947	2.370026	1.376894	1.658354	2.019564	1.859934	2.240362	2.402152	2.319627	2.299544	1.710710	1.254592	1.056269
474	0.764022	0.650779	1.601612	0.938491	0.482791	0.780015	0.555275	1.006694	0.486390	0.906747	0.621957	0.997119	1.363858	0.483559	0.000000	0.630018	0.701486	0.976165	0.433536	0.364630
475	0.694150	1.016634	1.712238	1.595763	1.449604	1.088490	1.569763	1.280724	1.455226	1.419583	1.361296	1.355071	0.000000	1.295672	1.584804	1.043649	1.433468	1.138043	1.681565	1.581881
476	-0.272556	-0.223642	-0.048668	0.278790	0.376423	0.000000	0.034920	0.484190	0.290815	0.497088	0.333082	-0.012001	0.621541	0.161357	0.210747	-0.283239	0.140828	0.527541	0.071224	0.144369
477	0.222292	0.273805	0.828083	0.866613	0.827456	0.000000	0.841283	0.995955	0.815952	0.985694	0.852552	0.603775	0.998800	0.739929	0.838177	0.382260	0.707187	0.871655	0.855036	0.930431
478	0.384956	-0.109138	0.471954	0.476470	0.209349	0.000000	0.257565	0.409632	0.351009	0.411295	0.421394	0.364958	0.962411	0.302858	0.360900	0.418644	0.542406	0.468151	0.213906	0.335357
479	0.953889	0.505008	0.000000	0.731355	1.037325	0.994852	0.889490	1.175747	1.163355	1.201237	1.118196	0.385030	1.110223	0.915147	1.228985	0.818704	1.009704	1.158379	1.011040	1.065037
480	0.320599	-0.088972	0.295580	0.474424	-0.035195	0.284560	0.070679	0.103714	0.637006	-0.021931	0.000000	0.231348	-0.078828	0.301150	0.558505	0.354235	0.332914	0.377711	-0.201264	-0.001264
481	0.613940	0.854811	1.490076	1.220774	1.078496	1.075206	1.029606	0.870412	0.309526	0.781975	0.693416	1.086622	1.370460	0.659803	0.000000	0.883779	0.823941	0.904130	1.034256	1.065354
482	0.365304	0.004486	0.000000	0.023017	0.468189	1.129026	0.601432	-0.045999	1.129771	0.130181	0.292430	0.510545	1.882817	0.473112	1.258384	0.680675	0.575426	0.025199	0.220494	0.427491
483	0.068885	0.311651	1.197973	0.925315	0.258848	0.449645	0.670739	0.283662	0.641489	0.065089	0.262350	0.000000	1.108149	0.403001	0.536188	0.491350	0.872755	0.373771	0.415294	0.331592
484	1.289383	0.773195	1.586727	1.643498	0.477500	1.739422	1.368137	0.563344	1.669275	0.472492	0.721836	1.624257	1.594650	1.500046	1.552683	1.618463	1.302644	1.073673	0.000000	0.772660
485	-0.080868	-0.136089	1.331168	1.036391	-0.293917	1.055690	0.550662	-0.850977	0.317259	-0.569563	-0.644641	0.829380	1.679688	0.429124	0.000000	0.744713	0.469582	-0.336122	-0.303201	-0.340005
486	-0.617146	0.281462	1.003589	0.774336	-0.362971	0.263921	-0.209775	0.279045	0.713016	0.000927	-0.056610	0.292009	1.462223	0.318839	0.640173	0.000000	0.721382	0.514221	-0.511794	-0.459676
487	1.035402	0.730100	1.203071	0.000000	1.146675	1.614124	1.360534	1.168929	1.762158	1.291192	1.065853	1.356996	1.897313	0.782668	1.805965	1.445333	1.698400	0.903710	1.245834	1.148948
488	1.898720	1.103673	2.027825	2.136340	0.945121	2.085150	2.012779	1.252503	2.181099	0.000000	0.939037	2.064190	2.283912	1.958182	2.335957	2.103840	1.950197	1.672751	1.501368	1.706780
489	-0.031271	0.305634	1.313390	1.173075	0.367141	0.812706	0.617579	0.480619	1.060663	0.413769	0.415344	0.944655	0.899712	0.777182	1.163107	0.440775	0.936132	0.449184	0.659966	0.000000
490	-0.577927	-0.239438	0.114892	0.070191	0.934026	-0.070370	0.418289	0.498645	0.000000	0.552384	0.263335	-0.253395	-0.730269	-0.264875	0.003720	-0.102154	0.470457	0.331689	0.854647	0.962937
491	2.605811	1.567190	3.011829	2.934262	0.743995	2.915594	1.894853	1.812448	3.145569	1.509953	1.919405	2.422735	2.994226	2.840819	2.825535	2.868344	2.603111	1.944911	1.381150	0.000000
492	1.176987	1.077744	2.886245	2.298966	1.395752	2.051619	1.262737	1.580353	0.000000	1.386090	1.023376	1.970412	3.339480	0.993062	0.148670	1.346362	1.492394	1.670335	1.489052	1.593142
493	1.176452	0.844180	2.465651	2.149078	1.366029	1.993510	1.862449	0.166104	1.471530	-0.204269	0.444412	1.853630	1.396827	1.180000	1.553828	1.380416	0.728244	0.000000	1.631722	1.762016
494	1.540629	0.787535	2.749601	2.624754	0.922714	2.208439	1.649596	0.883378	1.689888	1.093255	1.044038	2.296150	2.770576	2.134210	1.324639	2.328994	1.954361	0.000000	1.195694	0.791338
495	-0.014658	0.094986	1.421669	-0.107894	0.198697	0.934091	0.464526	0.428138	0.000000	-0.001387	0.057561	1.059404	2.253519	-0.196614	0.095363	0.682444	1.154287	0.571435	0.314767	0.206718
496	2.002499	1.082880	2.405332	2.274864	0.500492	2.398408	1.584386	0.000000	2.518931	0.419979	0.840724	2.147310	2.347474	1.985842	2.381943	2.162303	1.803943	0.775366	-0.324577	0.576139
497	0.432889	-0.259364	0.348053	0.000000	0.241834	0.841511	0.261990	-0.223170	0.456170	-0.150929	-0.028003	0.084992	1.631527	-0.001080	0.503523	0.500773	0.298885	-0.072328	0.373709	0.124178
498	1.398191	1.484694	2.429146	2.405246	1.646034	2.009157	2.004930	1.925035	2.160622	1.707800	1.807070	1.842867	0.000000	2.097495	2.133205	1.869707	2.156506	1.928517	1.559023	1.624088
499	1.712067	0.803175	1.803398	1.826484	0.418208	1.688985	1.361585	-0.204347	1.432502	0.000000	0.588761	1.698886	1.764182	1.468906	1.294240	1.744360	1.152356	0.391533	0.941013	0.966840
500	-0.275957	-0.166709	1.497365	1.038292	0.691216	0.000000	0.691038	-0.256758	-0.159738	-0.449414	-0.374787	0.815011	1.407563	-0.141211	-0.507974	0.083809	0.141214	-0.321269	0.891791	1.160221
501	1.336898	0.379752	1.798320	1.685904	-0.438611	1.836537	1.036142	-0.513276	1.526658	-0.429908	-0.143072	1.632730	1.465263	1.343240	1.679044	1.704683	1.232898	0.000000	0.082605	-0.071724
502	0.000000	0.773254	1.862617	1.761146	0.598889	1.080270	1.640680	0.348532	2.100209	0.715396	0.940639	1.916627	1.493004	1.821093	1.936420	1.175147	0.869861	0.220907	1.225951	0.947342
503	1.700450	1.609224	2.439330	2.408510	1.748876	2.211745	2.094075	1.962080	2.134209	1.918615	1.888801	2.146336	0.000000	2.131134	2.263788	2.274205	2.619695	1.992506	1.949009	1.977891
504	0.963557	0.560475	0.427735	0.839383	1.536014	0.832970	1.027276	1.428870	1.573628	1.479317	1.297652	0.526932	1.810389	1.035554	1.464859	0.092143	0.000000	1.129492	1.515582	1.462964
505	-0.010007	-0.048961	0.364040	0.412618	-0.074713	0.228456	-0.042401	0.206405	0.000000	-0.149559	-0.014417	-0.005397	-0.124482	0.080411	-0.033750	0.050917	-0.099750	0.171722	0.126026	-0.029137
506	0.000000	-0.341504	-0.225816	-0.288305	-0.197641	0.291881	-0.161113	-0.006878	0.189746	-0.115118	-0.155902	-0.104611	1.139816	-0.199086	0.203296	0.097746	0.066493	0.104910	-0.158315	-0.118664
507	0.311847	0.457980	1.144031	0.403693	0.552712	0.858776	0.408455	0.669946	0.000000	0.571139	0.279570	0.696522	0.375977	0.018797	0.121437	0.544935	0.846189	0.684165	0.729579	0.618245
508	-0.205512	-0.047981	0.361996	0.165525	0.181183	0.377914	0.262898	0.210869	0.099923	-0.024453	-0.181190	0.401730	0.711271	-0.049507	0.000000	0.128790	0.430258	0.277121	0.282935	0.247215
509	-0.068338	-0.249702	-0.243790	-0.050221	-0.023147	0.020004	-0.100480	0.085684	0.043321	-0.058540	-0.012992	-0.178659	-0.004243	-0.081087	0.000000	-0.173618	-0.085628	0.055309	0.007932	0.044523
510	-0.181284	-0.406450	-0.379706	-0.319161	-0.349066	-0.006496	-0.364857	-0.021122	-0.026301	-0.273245	-0.321396	-0.344379	-0.198929	-0.308094	-0.039131	-0.262659	-0.174140	0.000000	-0.362423	-0.314183
511	-0.342954	-0.779139	-0.573985	-0.407990	-0.601249	-0.710380	-0.600810	-0.084280	-0.189479	-0.525417	-0.521041	-0.673560	0.034053	-0.487456	-0.292725	-0.499972	-0.383050	0.000000	-0.668370	-0.557904
512	0.021739	-0.331909	-0.140191	-0.090182	0.090806	-0.048370	0.112235	0.180568	0.404394	0.211781	0.187058	0.020269	0.369961	0.000000	0.417059	-0.043357	0.057207	0.172457	0.046666	0.181700
513	0.036023	-0.320385	0.065332	0.166479	-0.309592	0.095028	-0.104686	-0.177455	0.160070	-0.227847	-0.105744	0.010905	0.054566	0.089970	0.000000	0.020238	-0.012255	-0.038934	-0.367029	-0.225324
514	0.164307	-0.183189	0.015697	0.000000	-0.065090	0.271846	0.082781	0.268029	0.496563	0.213101	0.181431	0.237919	0.229620	0.222285	0.453655	0.109968	0.091532	0.249391	-0.134027	-0.040381
515	-0.253692	-0.473128	-0.282920	-0.183912	-0.400442	-0.118447	-0.204994	-0.274304	0.000000	-0.277167	-0.219069	-0.207514	-0.163927	-0.130694	0.043914	-0.301031	-0.360056	-0.256328	-0.406983	-0.294941
516	0.050606	-0.210887	-0.106586	0.028121	-0.195516	0.026674	-0.076300	-0.287331	0.132792	-0.328228	-0.134138	0.000219	-0.177443	0.122175	0.000000	-0.001036	-0.058328	-0.060449	-0.170201	-0.093972
517	0.000000	-0.065292	0.192315	0.145338	0.132888	0.098513	0.126515	0.257687	0.262877	0.151143	0.064272	0.114923	0.518306	0.063519	0.234771	0.066214	0.170548	0.217841	0.127975	0.223250
518	-0.044947	-0.297716	-0.046039	0.034738	-0.119398	-0.163888	0.028950	0.024040	0.122270	-0.171738	-0.124015	-0.047997	-0.116709	-0.016207	0.147339	-0.103661	0.030575	0.000000	-0.097636	0.061801
519	0.310708	0.037065	0.323090	0.299136	0.170107	0.000000	0.290190	0.274996	0.587166	0.253208	0.272661	0.313497	0.065069	0.363286	0.601281	0.254507	0.379024	0.388388	0.092376	0.365388
520	0.118883	-0.242972	0.253633	0.273488	-0.072331	0.111803	0.219602	0.000000	0.490935	-0.043223	0.039102	0.264288	0.255753	0.264846	0.472269	0.172869	0.287597	0.159968	-0.143138	0.070953
521	0.032059	-0.316501	0.275686	0.198470	-0.197235	0.000000	0.124687	-0.051393	0.377984	-0.036191	-0.056328	0.201681	0.089029	0.155998	0.363027	0.085016	0.130638	0.028861	-0.306141	-0.013775
522	0.000000	-0.343263	0.366256	0.246143	-0.158090	0.192312	0.134330	-0.054984	0.421016	-0.126359	-0.070707	0.237354	0.476341	0.204354	0.398063	0.102497	0.086832	0.015926	-0.244446	-0.035691
523	0.137936	-0.250484	0.413026	0.398668	0.065514	0.195022	0.374273	0.101571	0.550353	0.000000	0.138655	0.370901	0.588001	0.366652	0.555722	0.176566	0.179504	0.076996	0.083618	0.185229
524	0.375283	-0.128129	0.054376	0.261241	0.000000	0.556477	0.611322	-0.033466	0.825831	0.018164	0.164710	0.347043	0.503681	0.563165	0.823622	0.365075	0.355680	0.037149	0.103496	0.325359
525	0.527369	0.070584	1.021673	0.765264	0.196532	0.726131	0.557548	0.318118	0.838474	0.000000	0.133550	0.791133	0.602612	0.614317	0.782221	0.588446	0.525231	0.351631	0.236428	0.258122
526	0.591651	0.342694	0.936708	0.793861	0.476813	0.000000	0.674963	0.908670	0.950651	0.740548	0.603546	0.764706	1.508973	0.714704	0.910375	0.719099	0.986702	0.922557	0.424984	0.551892
527	1.734752	1.108388	2.253863	2.020173	0.000000	2.222957	1.845953	1.125988	2.333068	1.042284	1.250277	2.219499	1.570230	2.122289	2.321026	1.988372	1.803189	1.377095	-0.040016	0.572546
528	1.753664	0.986526	2.557898	2.579179	0.567376	2.375213	2.119784	1.502438	2.706256	0.000000	0.521210	2.271846	2.857508	2.187844	2.839875	2.388314	2.452907	1.904981	1.177823	1.360459
529	0.981652	1.118452	1.941401	1.708384	1.261313	0.000000	1.634503	1.511223	1.640247	1.363356	1.296159	1.688978	2.125011	1.581932	1.703669	1.443491	1.704911	1.572616	1.229831	1.430081
530	0.000000	0.748611	1.284639	0.671129	0.784515	1.148798	1.025030	1.010027	1.505201	1.185759	0.755286	1.102166	1.359733	0.875381	1.484802	0.516849	0.761190	0.819444	0.862160	0.630886
531	0.000000	0.818144	2.359431	1.921032	0.977473	1.508341	1.496706	0.271995	1.136455	0.659893	0.402220	1.816453	2.571535	1.152711	0.934512	0.861918	0.493209	0.457966	0.728086	0.974821
532	1.710310	1.375583	2.310351	2.349740	1.468317	0.000000	2.012516	1.838969	2.180910	1.637420	1.729402	1.965791	2.599979	2.172836	2.254381	1.946350	2.092289	1.931997	1.471890	1.668769
533	-0.359276	-0.873803	0.447683	-0.147750	-0.613656	0.278564	-0.298120	0.079467	0.035054	-0.738507	-1.025585	0.073888	1.546633	-0.342880	0.064377	0.000000	0.274066	0.063828	-0.621684	-0.721695
534	0.251170	0.518569	1.013321	1.098896	0.580464	0.639675	0.560771	0.644870	0.496112	0.599867	0.561555	0.330341	0.500988	0.664438	0.368397	0.013599	0.000000	0.482776	0.582910	0.625976
535	1.633614	1.041223	2.883479	2.713988	0.780169	2.423320	2.153309	0.353730	1.892740	-0.387172	0.000000	2.331592	2.726585	2.215721	1.872953	2.561055	2.510030	1.214965	1.458445	1.666102
536	-0.540193	-0.683284	0.391185	0.021340	-0.529978	0.000000	-0.214437	-0.333239	-0.244888	-0.503201	-0.523034	0.005149	1.440804	-0.252223	-0.393832	-0.188864	0.066893	-0.107384	-0.667950	-0.426589
537	0.000000	-0.166836	0.524895	0.353670	-0.294608	0.635170	0.234034	-0.203536	0.461482	-0.197837	-0.160516	0.477838	1.519076	0.236847	0.438773	0.377610	0.246753	-0.095725	-0.226735	-0.102886
538	0.000000	1.134897	2.226737	1.644650	1.274626	1.133500	1.761586	1.203167	1.877349	1.185972	1.045026	1.948399	2.413364	1.526335	1.798607	0.901817	1.300189	1.241333	1.125537	1.335987
539	-0.352663	0.004675	1.655131	1.160390	0.124392	0.567991	0.543006	-0.197583	0.306249	-0.465485	-0.424560	0.856498	2.286486	0.437921	0.208122	0.000000	0.445846	0.141048	0.243339	0.331978
540	0.318523	0.040589	1.008420	0.679671	0.014061	0.678762	0.580738	0.266537	0.705843	0.058213	0.000000	0.823739	1.282568	0.561958	0.582366	0.614717	0.646417	0.379075	0.060933	0.184651
541	-0.410909	-0.334152	0.359696	-0.458796	-0.780531	0.054339	-0.346766	-0.175452	0.321519	-0.499086	-0.703304	0.111800	1.019511	-0.903451	0.240797	-0.022157	0.000000	-0.117305	-0.861431	-0.687291
542	1.358582	1.030810	2.094770	1.885247	0.750333	1.852854	1.436957	1.006357	1.764768	0.000000	0.744616	1.480604	2.383468	1.525607	1.646327	1.592408	1.434136	1.138496	1.185759	1.039150
543	-0.622309	-0.463809	0.222213	-0.035748	-0.505217	-0.326803	-0.270684	-0.073689	0.082007	-0.216625	-0.301119	0.093342	0.241972	-0.106874	0.005097	-0.247035	0.000000	-0.120044	-0.712110	-0.497988
544	0.143588	-0.030289	0.562928	0.221830	0.011766	0.446748	0.345602	0.077697	0.667446	0.115757	0.025894	0.608350	1.419741	0.275796	0.536232	0.442912	0.294988	0.000000	-0.071631	0.026907
545	0.236354	0.085013	1.388013	0.562363	-0.175526	0.941324	0.329885	-0.137601	0.908232	-0.278233	-0.305947	0.426208	1.412335	0.000000	0.895223	0.608195	0.578446	0.141273	-0.052627	0.119441
546	0.000000	0.144926	0.756277	0.616635	0.401707	1.116556	0.343376	0.262542	0.585421	0.596868	0.401958	0.662442	2.100433	0.441291	0.495637	0.406332	0.558831	0.087897	0.223828	0.216972
547	-0.326498	-0.605365	0.514926	0.363279	-0.634739	0.019020	-0.058999	-0.244619	0.248399	-0.551692	-0.378305	0.279263	1.851739	0.120055	0.000000	0.076823	0.102098	-0.133545	-0.893179	-0.666913
548	-0.068404	-0.197364	0.493093	0.295275	-0.138360	0.402531	0.043521	0.335205	0.278218	-0.010716	-0.085733	0.183794	2.136768	0.000000	0.180562	0.254542	0.521845	0.473754	-0.457685	-0.149532
549	1.238552	0.975864	1.547922	0.867683	1.045077	1.738399	1.298430	0.527977	1.760696	0.000000	0.562705	1.503403	2.374426	1.101728	1.707817	1.519115	1.440440	1.019886	0.975585	1.125006
550	0.476969	0.205166	0.842051	0.456078	0.305946	0.926201	0.601248	-0.065520	0.731686	0.000000	0.247920	1.102697	1.860101	0.570321	0.721781	0.715069	0.579866	0.025624	0.173539	0.244351
551	-0.055939	-0.104788	-0.095681	-0.077746	0.171285	0.359956	0.141565	0.201682	0.033550	-0.013076	-0.082469	0.003421	2.048443	-0.065165	-0.019228	0.000000	0.163786	0.303884	-0.015701	0.166123
552	-0.731402	-0.492206	-0.093880	-0.171512	-0.474469	0.000000	-0.477270	-0.710062	-0.813564	-0.818823	-0.747748	-0.249204	1.345030	-0.635179	-0.610094	-0.654953	-0.515700	-0.378575	-0.669597	-0.357987
553	1.021875	0.439734	1.618975	1.288621	-0.186448	1.589033	1.109182	0.000000	1.638961	-0.064126	0.334697	1.707029	1.891368	1.338428	1.636528	1.492968	1.345751	0.609834	-0.073450	0.385725
554	0.107453	-0.076661	0.716435	0.365681	-0.031098	0.478836	0.157729	-0.080372	0.046880	-0.181481	-0.120887	0.469479	1.814492	0.106844	-0.014775	0.216388	0.209764	0.000000	-0.134804	0.039860
555	0.070378	0.406960	0.517700	0.361944	0.355005	0.685116	0.282593	0.367043	0.007211	0.298056	0.290307	0.324197	2.249907	0.000000	0.023496	0.256835	0.423559	0.477607	0.339781	0.406147
556	-0.031811	0.091518	0.107486	0.032257	-0.272392	0.672198	0.166482	0.123986	0.653453	0.053468	-0.056779	0.342204	2.098559	0.000000	0.427860	0.172124	0.206374	0.352077	-0.706587	-0.197315
557	-0.487924	-0.543880	0.184198	0.182793	-0.827592	0.021851	-0.237201	-0.741315	0.507949	-0.894819	-0.573347	0.180233	1.336682	0.000000	0.497494	-0.020344	-0.092369	-0.430677	-1.069902	-0.848819
558	-0.113987	-0.352893	0.174558	0.008701	-0.418035	0.119840	-0.213562	-0.405901	-0.195649	-0.450429	-0.301159	0.000000	1.633410	-0.072571	-0.226489	0.012029	0.003169	-0.264681	-0.414692	-0.300405
559	-0.318842	0.018844	0.401571	0.201639	-0.159128	0.405835	-0.132524	-0.432491	-0.677765	-0.424054	-0.325761	0.000000	1.487304	-0.163031	-0.737346	-0.174221	-0.105448	-0.171084	-0.094411	-0.174919
560	0.563171	0.207357	1.163736	0.712768	0.156568	1.181110	0.879613	0.105090	1.243794	0.000000	0.239443	1.151350	2.002081	0.791497	1.127282	0.832182	0.674325	0.253182	-0.249835	0.124195
561	0.311759	0.094014	0.835041	0.622316	0.170368	0.676985	0.403239	0.179988	0.208414	0.000000	0.196247	0.581805	1.780420	0.395585	0.096806	0.400717	0.408503	0.289902	0.091791	0.237075
562	0.147685	0.196614	0.638891	0.511390	0.131691	0.369289	0.301385	0.070610	0.124117	0.035354	0.102174	0.403511	1.417321	0.284488	0.000000	0.237117	0.257897	0.160795	0.155937	0.185515
563	0.000000	-0.222150	1.177089	0.671194	-0.377044	0.639721	-0.202113	-0.278382	-0.136472	-0.369866	-0.177932	0.439817	1.394071	0.103923	-0.232038	0.264024	0.203993	-0.173865	-1.018488	-0.530244
564	0.776303	0.338831	1.406861	1.181776	0.391170	1.349013	0.986601	0.000000	0.925245	-0.016502	0.356887	1.173364	2.093107	0.925878	0.864947	1.113248	1.019188	0.350101	0.262285	0.463517
565	-0.349053	-0.424039	0.322637	0.000000	-0.329940	0.013579	-0.118134	-0.437079	-0.181263	-0.589943	-0.453510	0.084593	1.421693	-0.140912	-0.208459	-0.130228	-0.068682	-0.249823	-0.471814	-0.293836
566	0.000000	-0.122134	0.461427	0.206437	-0.014164	0.391956	0.103699	-0.081958	0.074193	-0.196559	-0.173241	0.201771	1.317434	0.011902	-0.017999	0.124435	0.133277	0.097721	-0.047446	0.068438
567	0.032601	-0.317409	0.625092	0.449369	-0.211563	0.562772	0.037753	-0.469145	0.044935	-0.474865	-0.239345	0.109317	0.771465	0.000000	-0.119593	0.074441	-0.027846	-0.257558	-0.401496	-0.199911
568	-0.018704	-0.131192	0.394250	0.298344	-0.056920	0.063179	-0.033697	0.093343	0.038118	-0.033199	-0.034031	0.117471	0.810978	0.000000	-0.084713	-0.001310	0.110855	0.132055	-0.146802	-0.034841
569	0.032701	-0.172686	0.347425	0.336989	-0.088320	-0.045431	0.000000	0.073670	0.234052	0.007234	-0.010268	0.221060	0.805841	0.193807	0.113289	0.052502	0.084982	0.019043	-0.158791	-0.043866
570	0.202913	-0.166252	0.545728	0.371826	0.246002	0.284692	0.230627	0.019712	0.176730	0.000000	0.113546	0.335185	0.756248	0.165604	0.066385	0.149893	0.103561	-0.023267	0.214491	0.242115
571	0.123123	0.033406	0.158970	0.235014	0.088699	0.156618	0.089504	0.160694	0.283054	0.000000	0.129630	0.098189	0.388488	0.105803	0.199547	0.040388	0.138637	0.211919	-0.097117	0.134648
572	0.012497	-0.124519	0.140429	0.062996	-0.078070	0.136546	0.060846	-0.061618	0.169270	-0.043713	-0.013282	0.081263	0.512230	0.000000	0.133719	0.002140	0.086842	0.040312	-0.172035	-0.035287
573	0.542426	0.061309	0.946031	0.835159	0.100102	0.842086	0.585760	0.189686	0.728156	0.000000	0.186529	0.688113	0.984323	0.645583	0.675116	0.612464	0.582317	0.342994	-0.112646	0.203238
574	0.376093	-0.074916	0.684997	0.665827	0.014344	0.631241	0.341807	0.003504	0.791084	-0.022787	0.196039	0.347184	0.865522	0.620929	0.634244	0.143215	0.000000	0.172058	-0.259397	-0.016654
575	0.017612	-0.090848	0.493365	0.287584	-0.035245	0.237455	0.032291	0.056299	0.174841	-0.065148	-0.086567	0.293757	0.423355	0.171672	0.030860	0.147506	0.203648	0.000000	-0.221988	-0.101407
576	0.442526	0.245842	0.971554	0.794054	0.112151	0.776349	0.565123	0.645285	0.638942	0.358684	0.299783	0.665067	1.039340	0.578290	0.423983	0.625757	0.644323	0.683854	0.000000	0.475613
577	-0.099792	-0.359694	0.615772	0.457590	-0.213023	0.000000	-0.246040	-0.245898	0.048918	-0.250891	-0.212568	0.152618	0.962188	-0.022858	-0.074546	0.111022	0.145817	-0.118757	-0.817461	-0.212074
578	0.727320	0.284093	1.158389	0.871317	0.239526	1.238878	0.769915	0.000000	1.043419	0.061211	0.383863	1.119392	1.835476	0.837402	0.950948	1.002336	0.870028	0.364090	-0.150504	0.193231
579	0.419598	0.463065	1.044716	0.866634	0.672958	0.881500	0.602963	0.449946	0.000000	0.199001	0.333745	0.585206	2.065199	0.427944	-0.047117	0.583349	0.598470	0.630601	0.563537	0.614684
580	-0.199436	-0.298764	0.794040	0.574303	-0.450449	0.352076	0.170612	-0.331743	0.228194	-0.429441	-0.465920	0.364276	1.551946	0.000000	0.005758	0.132397	0.054004	-0.023025	-0.405727	-0.266481
581	0.581380	0.270860	1.304109	1.147759	0.391775	1.277771	0.872029	0.101833	1.214521	0.000000	0.388076	1.311752	2.218503	1.001819	1.079356	1.029642	0.828599	0.364930	0.252104	0.421655
582	-0.259644	-0.357946	0.662513	0.196872	-0.412328	0.226010	0.029941	-0.652979	0.147553	-0.646445	-0.385944	0.374939	1.884758	0.000000	0.105339	0.254222	0.218753	-0.462757	-0.549030	-0.446944
583	0.000000	0.887039	1.438564	1.129560	1.062750	0.767178	1.234501	0.856542	1.307395	0.565387	0.617191	0.957061	2.159964	0.906367	1.253155	0.431404	0.838470	0.992806	0.976616	1.210202
584	-0.222921	-0.367953	0.648232	0.394072	-0.831290	0.415613	-0.212067	-0.539734	0.370653	-0.627991	-0.507309	0.230895	1.628580	0.070624	0.000000	0.184140	0.086821	-0.237934	-0.983903	-0.890972
585	0.450712	0.216989	1.096153	0.916259	0.294107	1.052054	0.759755	0.000000	0.844764	-0.002683	0.232419	1.025988	2.144943	0.685086	0.788362	0.868693	0.816830	0.317570	0.168990	0.338133
586	0.180870	0.075811	0.015806	-0.118235	0.188408	0.676086	0.349966	0.081435	0.482018	0.000000	0.044678	0.336616	2.077454	0.233146	0.443553	0.252417	0.355263	0.298531	0.143160	0.243058
587	0.000000	0.698887	1.455424	0.902316	0.334251	1.056214	1.093246	0.648571	1.470234	0.652012	0.459258	1.290879	2.495818	0.968390	1.311136	0.595295	0.821827	0.768345	-0.083152	0.289220
588	0.758338	0.119016	0.986089	0.649726	0.124108	1.343238	0.732317	-0.293643	1.174824	-0.339033	-0.034671	0.997387	1.981962	0.773918	1.028135	1.048004	0.756582	0.000000	-0.267290	0.070331
589	-0.328319	-0.625891	0.339899	0.000000	-0.513052	0.069899	-0.056429	-0.602303	0.052947	-0.755180	-0.491192	0.163696	1.455634	0.001383	0.036419	-0.022724	-0.016263	-0.382207	-0.674922	-0.552978
590	-0.252180	0.043851	-0.155851	-0.079620	0.138148	0.046620	0.187693	0.208095	-0.024628	-0.079196	-0.291489	0.063254	2.044709	-0.279485	0.000000	-0.237263	0.027701	0.440594	-0.136571	0.029907
591	1.131061	0.815277	1.775597	1.635440	0.158604	1.858876	0.973356	0.710513	1.662324	0.392820	0.649697	1.781395	2.769380	1.378375	1.474678	1.679029	1.596169	1.141231	0.041817	0.000000
592	0.755610	0.233133	0.977485	0.804056	0.481267	1.211975	0.756065	0.389177	0.848217	0.000000	0.376290	0.828651	2.399277	0.729464	0.808475	0.931265	0.945689	0.630340	0.481058	0.630293
593	0.109302	0.255594	0.530020	0.252768	0.368928	0.462960	0.185426	0.528255	0.000000	0.320259	0.236804	0.368275	2.349844	0.044694	-0.017094	0.247438	0.477307	0.644826	0.319750	0.340320
594	0.853538	0.342344	0.000000	0.323107	0.675098	1.367097	0.734275	-0.033121	1.464881	0.145206	0.415056	0.634907	2.790041	0.837405	1.438630	0.949756	0.731012	0.225908	0.377253	0.470791
595	0.552563	0.307886	1.437959	0.415202	0.519904	1.349975	0.714340	0.308375	0.541505	-0.320887	-0.097017	0.908060	2.297074	0.000000	0.585903	0.952557	1.087226	0.566085	0.543681	0.656944
596	-0.183231	-0.333326	0.367383	0.209239	-0.469597	-0.083756	-0.143558	-0.096556	0.114727	-0.258774	-0.120092	0.219140	1.611254	0.000000	0.066727	0.120200	0.235684	0.077248	-0.610973	-0.496683
597	0.360612	0.545767	1.136305	0.841352	0.544460	1.246977	0.616392	0.078357	-0.021645	0.000000	0.058545	0.806599	2.581813	0.180714	-0.141037	0.628532	0.531070	0.364933	0.457926	0.687366
598	1.772206	1.386578	2.685067	2.401642	1.342891	2.250653	2.136832	1.500045	1.436713	0.000000	0.789634	2.355339	2.908961	1.776265	1.485394	2.051758	2.029177	1.955634	1.729946	1.895851
599	-0.096478	-0.249436	-0.251161	-0.269178	-0.047856	0.000000	-0.125940	0.058981	-0.146685	-0.016748	-0.101309	-0.189386	1.728650	-0.235024	-0.159110	-0.148227	0.033672	0.197254	0.023444	0.110335
600	0.426732	0.416962	0.882201	0.639999	0.481619	0.868567	0.432868	0.000000	-0.057862	0.056359	0.265644	0.475560	1.945368	0.270411	-0.116935	0.418439	0.493970	0.382117	0.583447	0.579818
601	2.610636	2.274127	3.644380	3.315807	1.577698	3.380849	2.917716	2.209554	3.287813	2.135748	1.944163	3.194489	3.661945	3.007053	3.073217	2.980283	2.987308	2.558910	0.000000	1.584367
602	0.844062	0.601310	1.115759	1.263657	1.025414	0.000000	0.561539	1.393413	0.474950	0.970484	0.869638	0.491977	2.106533	0.683105	0.458887	0.911946	1.500666	1.502078	1.334135	1.175105
603	-0.022394	0.000000	1.695845	1.355805	0.672795	0.549233	1.596099	0.913725	1.867918	0.680111	0.598486	1.652364	1.668572	1.476563	1.965734	1.132354	1.366929	0.825764	1.175285	1.248679
604	-0.018050	0.069510	0.204651	0.121521	0.028019	0.267367	-0.003995	0.244587	0.059572	0.138263	0.088836	0.164209	0.891360	0.069126	0.082766	0.000000	0.204424	0.382973	-0.024739	0.067684
605	0.646592	-0.153233	0.551495	0.644217	-0.021722	0.000000	0.247050	0.558002	0.585050	0.305336	0.352074	0.260233	1.243762	0.550053	0.562277	0.453686	0.475951	0.741316	0.004461	0.151683
606	0.299548	0.090101	0.640037	0.280523	0.387684	0.665810	0.382730	0.344719	0.000000	0.020067	0.074251	0.473328	1.354500	0.041931	0.130236	0.379292	0.575170	0.482728	0.478393	0.498897
607	0.859069	0.593194	1.082860	0.804869	0.597722	1.244328	0.796681	0.398895	0.860897	0.000000	0.362088	0.934033	1.076733	0.674724	0.807577	0.898073	0.800305	0.657947	0.664990	0.624359
608	0.937090	0.430549	2.065488	1.151324	0.627718	1.744468	0.951544	0.000000	0.612260	0.616905	0.507811	1.474824	2.325500	0.671447	0.537134	0.928707	0.714361	0.102948	0.576047	0.635937
609	0.655948	0.000000	1.860853	1.426889	0.146990	1.018375	1.235975	0.566864	1.511385	0.649938	0.638661	1.517715	1.976803	1.414500	1.671024	1.166924	1.202400	0.502848	-0.030149	0.226498
610	-0.365996	-0.390403	-0.130991	-0.278960	-0.299029	0.515206	-0.299714	0.007161	0.118335	-0.378771	-0.145510	-0.361896	-0.434040	-0.007349	0.113717	-0.199936	0.000000	0.101265	-0.142261	-0.309434
611	1.987912	1.470235	2.392947	2.405177	1.559488	2.238034	1.862805	1.636524	2.286381	1.381053	1.567528	1.928922	2.806631	2.096265	2.126232	1.018129	0.000000	1.724983	1.578134	1.752778
612	0.000000	-0.012792	-0.201851	0.228420	0.102289	0.350710	0.196571	0.281675	0.646240	0.176489	0.235358	-0.190291	0.759404	0.376491	0.608985	-0.237653	-0.140736	0.471097	-0.020194	0.018706
613	1.723062	0.970426	2.247393	1.886193	0.840154	2.497760	1.827264	-0.021830	2.173827	0.206208	0.622509	2.237561	2.449174	1.740923	2.172295	2.148347	1.423835	0.000000	0.857022	1.085701
614	0.341130	0.487863	0.714689	-0.097987	0.532604	0.836864	0.511128	0.370894	0.493533	0.292967	0.358988	0.753306	0.000000	0.207468	0.571976	0.523656	0.601048	0.358894	0.684681	0.495787
615	3.277704	2.617551	3.593860	3.544065	1.734175	3.655562	3.105056	2.766545	3.703071	2.820299	2.721384	3.588854	3.587679	3.501168	3.542547	3.388992	3.239937	2.634634	0.000000	1.861962
616	0.752442	0.320547	-0.208634	0.446747	0.537688	0.958285	0.329758	0.815511	0.662723	0.687932	0.710959	0.000000	-0.558526	0.545901	0.857974	0.492705	0.974363	0.890022	0.434295	0.658802
617	0.000000	0.161545	0.300664	0.071715	0.200316	0.531267	0.087837	0.143456	-0.056746	0.046270	0.101685	0.258670	-0.094663	0.058200	0.149191	0.071771	0.159901	0.138846	0.179655	0.175241
618	0.064373	0.085501	0.159249	-0.083173	0.017170	0.434815	0.146196	0.332798	0.104573	0.152567	0.097307	0.210183	1.933838	0.047029	0.256105	0.000000	0.311464	0.463859	-0.108058	0.082487
619	3.025841	2.594152	3.399198	3.291589	1.951587	3.540291	2.941972	2.104297	3.649066	2.725777	2.518978	3.267220	3.334066	3.160203	3.526205	3.131730	2.933903	2.282011	0.000000	1.933861
620	0.903163	0.592088	1.792668	2.015196	0.477907	1.287369	0.953520	0.712009	1.877163	0.410955	0.674274	1.022707	2.585503	1.464309	1.799546	0.000000	0.212831	1.063448	0.404513	0.400062
621	0.371898	0.282508	0.117927	0.429044	0.480508	0.318053	0.218628	0.714806	0.306005	0.574804	0.434438	0.000000	0.790429	0.274767	0.396866	0.234270	0.474514	0.671687	0.421226	0.479630
622	0.861329	0.669077	1.629688	1.274018	0.711144	1.482622	0.418756	0.800069	0.000000	0.443584	0.489974	0.912342	2.411656	0.608424	-0.100376	1.068936	1.010820	0.860821	0.612181	0.483546
623	1.067751	0.858180	0.666515	0.880404	1.181082	1.133052	1.058515	1.402394	1.059314	1.129528	1.138704	0.772038	1.307832	1.039462	1.010841	0.000000	-0.075109	1.263005	1.019810	1.216800
624	1.614989	1.227417	1.538409	1.127002	0.788118	2.230220	1.598073	0.709626	2.047498	0.000000	0.761034	1.899910	1.671236	1.488926	2.064825	1.869861	1.501167	1.096614	0.775260	0.794692
625	0.253184	0.355196	0.072774	0.000000	0.317454	0.482599	0.308667	0.664883	0.471040	0.600073	0.535384	0.337297	0.991126	0.311806	0.593053	0.250843	0.427812	0.599927	-0.014911	0.188096
626	0.155768	-0.050305	-0.160148	-0.292048	-0.753684	0.588462	-0.466461	0.374369	0.553823	0.491226	0.199253	0.176678	2.198930	0.000000	0.556097	0.023804	0.010632	0.401971	-1.186161	-1.105257
627	1.515772	1.340698	2.846189	2.422978	0.651524	2.500175	1.669104	0.000000	2.098254	0.544210	0.798014	2.293611	3.343182	1.793631	2.048162	2.277942	1.971406	0.715161	0.335982	0.618415
628	2.021863	1.468518	2.351252	1.842846	1.375133	2.695555	1.834272	1.351774	1.894928	1.234860	1.091643	1.869911	3.545490	1.630980	1.770693	2.071109	1.869960	1.660117	0.000000	1.190336
629	0.712755	0.188146	0.758141	0.569360	0.257733	0.753079	0.369875	0.788073	0.487840	0.423782	0.389661	0.000000	2.724057	0.462386	0.531513	0.461483	0.621423	0.805683	0.343861	0.222107
630	0.403410	-0.096254	-0.267418	-0.419889	0.407694	0.578963	0.081898	0.329035	0.175690	0.289552	0.161009	0.000000	2.361580	-0.123763	0.316568	-0.070139	-0.165889	0.254110	0.301339	0.334694
631	1.069353	0.633196	1.252583	0.934669	0.825341	1.580017	0.972225	0.427469	0.749520	0.362337	0.000000	1.269332	2.207834	0.550977	0.797067	0.847067	0.594392	0.698759	0.377067	0.512239
632	1.923109	1.504275	1.908522	2.473207	1.827498	1.856115	1.578071	2.091671	1.381165	2.031098	1.856898	1.002100	2.560437	1.759645	1.045112	0.772230	0.000000	1.912459	2.062055	1.850943
633	2.537007	2.493145	2.999884	3.042500	1.593028	2.935294	2.620109	2.796050	3.122228	2.973409	2.577447	2.957962	2.666834	2.974973	2.949426	2.751332	2.793873	2.719748	0.000000	1.749013
634	0.324182	0.798857	1.144872	0.930436	0.741759	0.507435	0.569891	0.164034	-0.220696	0.105271	0.000000	0.779834	0.763318	-0.133133	0.008466	0.391855	0.543751	0.699655	0.719336	0.900306
635	0.546722	0.710526	0.569518	0.000000	1.237045	1.063244	1.019307	0.750736	0.756429	0.677882	0.577585	1.022595	2.473641	0.219274	0.931687	0.788690	0.760167	0.884641	1.006440	1.219996
636	3.148336	2.663844	3.710699	3.531846	1.908572	3.630808	3.000215	2.476212	3.556382	2.391452	2.545389	3.488360	3.528910	3.365882	3.365952	3.322478	3.148602	2.622594	0.000000	1.893286
637	-0.264586	-0.068487	0.000000	-0.032638	-0.188134	0.664954	-0.041402	-0.160958	-0.420163	0.023666	-0.342981	0.111561	2.213734	-0.487006	-0.327593	-0.265316	0.024762	0.010622	-0.826173	-0.362961
638	0.260358	0.488163	0.741411	0.528102	0.582694	0.624488	0.497716	0.379290	0.073117	0.286796	0.270590	0.459211	2.035440	0.289438	0.000000	0.453339	0.602636	0.547530	0.587369	0.589397
639	0.343339	-0.011894	0.651124	0.000000	-0.033456	0.922056	0.239150	-0.680671	0.426735	-0.369523	-0.302275	0.559838	2.028397	0.011083	0.375770	0.450911	0.294099	-0.458069	-0.581399	-0.128324
640	1.823834	1.213544	2.694472	2.305923	1.220106	2.524294	2.109301	0.000000	2.011236	0.284539	0.554867	2.342439	3.061504	1.827821	1.865308	2.214519	1.379394	0.538912	1.348208	1.549042
641	-0.548211	-0.113467	0.137514	-0.488917	0.027108	0.023962	-0.203584	-0.185113	-0.473148	-0.088197	-0.303009	0.000000	1.849051	-0.383357	-0.480833	-0.272101	0.068118	-0.126535	-0.261049	-0.157615
642	-0.124721	0.160948	0.185071	0.062999	0.322438	0.269002	0.019760	0.066281	-0.557023	0.051702	0.024111	0.000000	0.352871	-0.131456	-0.371963	0.016542	0.144381	0.093002	0.310034	0.350897
643	1.642577	0.998943	2.258895	1.946144	0.486780	2.499486	0.814141	1.199326	1.214785	1.060245	1.234725	1.853800	3.033939	1.479090	1.315467	1.707896	1.686476	1.212474	0.413065	0.000000
644	-0.072659	-0.103766	1.481943	0.823692	-0.401618	0.973463	0.073169	-0.526927	-0.931751	-0.812546	-0.879112	0.684358	2.229555	-0.172677	-1.037863	0.131571	0.000000	-0.001293	-1.006718	-0.495573
645	0.024555	0.169057	0.232027	0.195201	0.254797	0.188946	0.080259	0.341984	-0.113374	0.189269	0.119574	0.114278	1.095823	0.010933	-0.029709	0.000000	0.264050	0.379405	0.207746	0.230842
646	0.348885	0.025263	0.647836	0.065839	0.155165	1.159072	0.038291	-0.252848	0.005296	0.000000	0.072537	0.526392	2.292718	-0.084712	-0.007681	0.418638	0.017755	-0.121130	-0.055451	-0.069640
647	2.452679	1.987772	3.049657	2.933099	1.467892	3.093937	2.938774	0.000000	3.039884	0.403460	1.337520	3.114993	3.347858	2.835000	3.033993	3.196550	2.682655	0.903445	2.108914	2.318282
648	0.709220	0.465042	1.360116	1.048106	-0.419294	1.498195	0.000000	0.341599	0.548985	0.139431	-0.051578	0.532041	3.639205	0.369031	0.231085	0.522537	0.674866	0.817911	-0.793571	-0.410913
649	0.134256	0.184050	0.566654	0.381768	0.123222	0.429722	0.007069	0.279785	-0.296795	0.108298	0.026601	0.133007	2.462872	-0.052641	-0.373518	0.000000	0.179384	0.402004	0.023535	0.102148
650	0.754033	0.680214	1.514641	1.065855	0.887569	1.866437	1.076168	0.657802	0.563641	0.000000	0.202143	1.268832	3.515865	0.511000	0.611295	1.090182	1.245270	0.979425	0.644948	0.884316
651	1.735127	1.307586	2.236633	2.154130	1.486496	2.166373	2.151251	0.000000	2.184017	0.695275	0.814089	2.087637	2.687509	2.045951	2.124447	2.221420	2.071641	0.862790	1.477012	1.768982
652	-0.198254	0.178254	0.916320	0.000000	0.187474	0.660098	0.301712	-0.455926	-0.165000	-0.113242	-0.147240	0.649995	2.486362	-0.122302	-0.178805	0.199301	0.248399	-0.252180	0.327658	0.303727
653	-0.029340	0.020393	0.305029	0.000000	0.149430	0.626663	0.111383	0.046158	0.001575	-0.025365	-0.026970	0.225393	2.175636	-0.113934	-0.002013	0.136291	0.234713	0.256929	-0.017060	0.128580
654	0.203491	0.230948	0.032158	-0.043241	-0.046378	0.824635	0.188753	0.264701	1.014615	0.386272	0.277773	0.278109	2.415343	0.427843	0.981910	0.000000	0.507281	0.470042	-0.630349	-0.271954
655	0.338036	0.593497	1.601609	0.294779	0.517095	1.277665	0.685243	0.445654	0.454821	0.784716	0.106501	0.829711	2.466178	0.000000	0.286680	0.653275	0.822783	0.176002	0.506916	0.420019
656	-0.147032	0.084655	0.333702	0.022630	0.028710	0.427742	-0.035100	-0.156775	-0.280953	-0.180361	-0.154268	0.000000	1.773569	-0.157412	-0.440481	0.037777	0.175669	0.016391	-0.021291	0.043373
657	0.166156	0.224529	0.556888	0.228603	0.340075	0.758985	0.325923	0.135899	0.197894	0.075318	0.146550	0.337294	1.774571	0.000000	0.121036	0.341842	0.439635	0.368804	0.197942	0.350074
658	-0.106093	0.303170	0.427914	0.164076	0.092567	0.477058	0.169251	0.220772	0.220915	0.048109	0.124745	0.305318	1.519686	0.000000	-0.074700	0.262864	0.550110	0.530654	-0.077154	0.082371
659	-0.099615	-0.001797	0.116222	0.000000	0.117123	0.205359	-0.019822	-0.203116	-0.272278	-0.200971	-0.123123	-0.080214	1.155596	-0.162039	-0.383170	-0.021199	0.024333	-0.014123	0.085800	0.121668
660	0.077881	0.253567	0.513234	0.323671	0.236550	0.418331	0.209687	0.179598	0.000000	0.077749	0.138643	0.310015	1.192003	0.096005	-0.053620	0.265206	0.389387	0.329863	0.179038	0.217955
661	-0.078845	-0.055532	0.055990	-0.068692	-0.134084	0.166386	-0.027831	-0.181877	0.043321	-0.164038	-0.114630	0.000000	1.094048	-0.061908	-0.023278	0.061297	0.141300	0.020873	-0.303007	-0.138217
662	0.101549	-0.006855	0.254622	0.000000	0.004970	0.340950	0.068754	-0.236235	0.050647	-0.269281	-0.156999	0.152399	0.910164	-0.036594	-0.035134	0.160085	0.135555	0.018722	-0.087898	0.002981
663	0.076324	0.130910	0.405596	0.239486	0.162692	0.366504	0.203815	0.088128	0.119360	0.048393	0.114487	0.200086	1.027463	0.000000	0.031532	0.177741	0.311815	0.244414	0.123181	0.209508
664	-0.004866	-0.091133	0.178312	0.000000	-0.000009	0.220166	0.070041	-0.146923	0.072107	-0.099327	-0.017924	0.112376	0.902715	-0.002071	0.027314	0.082155	0.138152	0.012599	-0.086026	-0.017659
665	0.280111	0.114496	0.399079	0.261571	0.259767	0.414010	0.225594	0.093709	0.197155	0.000000	0.162267	0.294461	0.909888	0.143726	0.078010	0.259632	0.316752	0.237933	0.178563	0.225737
666	0.102798	0.038457	0.150567	0.061639	0.312055	0.220637	0.089161	0.040269	-0.025778	0.000000	0.142627	0.015053	0.590186	-0.046130	-0.096048	0.020138	0.090238	0.133022	0.289225	0.299241
667	-0.053481	-0.039988	0.144462	0.000000	0.201235	0.076014	0.146653	0.121634	0.126094	0.091400	0.095043	0.053588	0.737146	-0.042458	0.097121	-0.036273	0.111650	0.151752	0.135813	0.223741
668	0.308388	0.072868	0.447685	0.373325	0.239743	0.489842	0.317044	0.091189	0.332522	0.000000	0.157755	0.363377	0.848638	0.237119	0.268073	0.285193	0.346351	0.229720	0.140433	0.256438
669	-0.056539	-0.306314	0.000000	0.061458	-0.216795	0.031077	0.029992	-0.153058	0.217345	-0.260002	-0.143462	0.070810	0.442570	-0.013065	0.199660	0.051732	0.134543	-0.022194	-0.327220	-0.155697
670	-0.211119	-0.298100	-0.087136	-0.027690	-0.314507	-0.268399	-0.119177	-0.214911	0.000000	-0.234560	-0.197941	-0.157435	0.170695	-0.150455	-0.007440	-0.189133	-0.126385	-0.167005	-0.414651	-0.268246
671	0.452012	0.062039	0.227424	0.367606	0.443582	0.478254	0.532500	0.349169	0.637745	0.301886	0.382224	0.366977	0.580248	0.420600	0.645209	0.366280	0.395417	0.440635	0.000000	0.610427
672	0.000000	-0.158737	0.067237	0.014179	-0.064457	0.144472	0.062833	-0.126885	0.214933	-0.140797	-0.071858	-0.007630	0.437863	-0.044628	0.192273	0.032669	0.039059	0.026552	-0.204025	-0.013811
673	0.010453	-0.151848	-0.007222	-0.015381	-0.077900	0.001827	-0.014179	0.041089	0.264167	0.063443	0.023326	-0.006139	0.609140	0.040832	0.206843	0.000000	0.151566	0.099881	-0.221876	-0.114549
674	0.194505	-0.060879	0.286035	0.172633	0.098645	0.235236	0.292899	0.054468	0.481250	0.000000	0.129664	0.303302	0.486236	0.192204	0.446613	0.224996	0.296968	0.098492	0.058193	0.181769
675	0.501586	0.100981	0.507292	0.504166	0.475788	0.642951	0.620433	0.361079	0.687599	0.305803	0.371544	0.535149	0.643324	0.464902	0.658730	0.534515	0.500075	0.510309	0.000000	0.615518
676	-0.070506	-0.157268	0.053105	0.004351	-0.102404	-0.156000	0.011027	0.055719	0.172401	0.103908	0.029706	0.000000	0.537380	-0.006052	0.169323	-0.032502	0.112534	0.064358	-0.204229	-0.071374
677	0.586316	0.217816	0.556118	0.566364	0.435772	0.587920	0.623394	0.583609	0.740003	0.456249	0.467649	0.622749	0.748453	0.565408	0.699690	0.598902	0.699816	0.708318	0.000000	0.577860
678	0.392252	-0.065070	0.329472	0.387784	0.000000	0.442749	0.470990	0.135461	0.669984	-0.039174	0.181908	0.378447	0.572793	0.450568	0.658767	0.431693	0.498639	0.371277	-0.037224	0.280288
679	0.103463	-0.129979	0.083521	0.144788	0.030833	0.042974	0.131474	0.087917	0.315218	0.132593	0.141102	0.000000	0.555512	0.148950	0.277731	0.090604	0.204969	0.176942	-0.152701	0.044826
680	0.280936	-0.155717	0.351526	0.288916	0.049619	0.271422	0.329365	0.000000	0.678536	0.016264	0.154814	0.346960	0.349594	0.319495	0.651509	0.344844	0.426271	0.259897	-0.149429	0.135350
681	-0.176158	-0.388493	0.079933	0.076698	-0.358671	-0.067700	-0.071934	-0.090506	0.212920	-0.213334	-0.161965	-0.037398	0.253569	-0.013010	0.158751	-0.057114	0.000000	-0.006816	-0.555547	-0.306141
682	-0.045041	-0.300843	0.121147	0.092794	-0.267156	-0.112900	0.023200	-0.084726	0.187693	-0.112598	-0.042062	0.000000	0.313721	0.083396	0.172596	0.037654	0.126331	0.035285	-0.388347	-0.185833
683	0.847154	0.403438	1.076576	1.043570	0.541767	0.931387	0.984050	0.727219	1.179245	0.601772	0.742136	1.126933	0.920039	1.038463	1.151805	1.041882	1.025826	0.874385	0.000000	0.716116
684	0.282876	-0.013169	0.579865	0.374644	0.118557	0.453083	0.469461	0.158480	0.665465	0.000000	0.219123	0.534056	0.577016	0.385288	0.628982	0.418475	0.450381	0.271797	-0.021434	0.190113
685	0.462898	0.140600	0.517109	0.517639	0.398049	0.477009	0.526744	0.579463	0.535354	0.475908	0.478073	0.511096	0.829956	0.486691	0.506184	0.516209	0.569672	0.686460	0.000000	0.520963
686	0.333815	0.022701	0.602018	0.577441	0.005212	0.484117	0.421448	0.234131	0.635025	0.076918	0.213851	0.513662	0.525038	0.400943	0.577900	0.511422	0.519217	0.447335	-0.090658	0.000000
687	0.338013	-0.051218	0.976430	0.650648	0.007298	0.701045	0.673338	0.000000	0.996366	-0.046258	0.140446	0.860689	1.066526	0.604148	0.934879	0.681996	0.626766	0.257417	-0.159715	0.144622
688	-0.413705	-0.583876	0.322149	0.067970	-0.690207	-0.099685	-0.160534	-0.657091	0.000000	-0.686465	-0.503536	0.059070	0.290611	-0.100942	-0.038158	-0.091031	-0.156106	-0.441563	-0.874508	-0.632671
689	0.507425	0.071176	1.101028	0.883522	0.072032	0.866165	0.701167	0.000000	0.957558	0.074962	0.305955	0.910247	1.161647	0.754126	0.885398	0.831484	0.739218	0.365426	-0.073047	0.188855
690	0.338033	0.060392	1.081206	0.883487	0.000000	0.638769	0.920218	-0.010808	1.061240	-0.062508	0.196684	1.046716	1.023943	0.874647	1.039718	0.752577	0.622166	0.151410	0.071163	0.393103
691	0.240738	0.001027	0.990066	0.688611	-0.048148	0.527786	0.624022	0.000000	0.932840	-0.042318	0.124812	0.851605	1.139922	0.610571	0.871427	0.609093	0.612558	0.308505	-0.170597	0.095375
692	0.197604	-0.041501	0.733894	0.607644	-0.044211	0.406802	0.438411	-0.038152	0.716302	-0.019794	0.000000	0.601523	0.870472	0.527693	0.649488	0.468177	0.499956	0.246216	-0.224774	0.081601
693	0.599469	0.208759	1.251389	0.959402	0.160691	0.808471	0.863408	0.000000	1.073661	0.075572	0.354120	1.109699	1.307421	0.894841	1.033591	0.918147	0.830752	0.377954	0.113225	0.312548
694	0.311057	-0.040668	1.131606	0.835432	-0.033612	0.672878	0.701820	-0.087552	0.878863	-0.238793	-0.017885	0.948722	1.160147	0.689237	0.814976	0.649870	0.525019	0.000000	-0.128497	0.149724
695	-0.280655	-0.509298	0.543420	0.263786	-0.404201	0.000000	0.116079	-0.631839	0.353007	-0.650768	-0.421366	0.292888	0.782048	0.122099	0.300659	0.057851	0.023533	-0.385672	-0.538349	-0.219277
696	-0.121602	-0.487878	0.689941	0.416041	-0.538019	0.000000	0.162123	-0.545239	0.470555	-0.609076	-0.374147	0.442623	0.824081	0.260933	0.436845	0.222085	0.159090	-0.267932	-0.573201	-0.256369
697	0.685750	0.247661	1.359799	0.994163	0.269906	1.043337	0.889696	0.073209	1.104391	0.000000	0.385397	1.224295	1.250275	0.963955	1.040697	0.965955	0.839203	0.325799	0.137126	0.369249
698	0.328466	-0.057960	0.919847	0.672718	0.015330	0.738640	0.533646	-0.131202	0.746860	-0.175695	0.082093	0.785622	1.085338	0.590521	0.676219	0.632118	0.541725	0.000000	-0.091246	0.127516
699	-0.208132	-0.417941	0.691243	0.398704	-0.428011	0.000000	0.136956	-0.416889	0.476932	-0.520586	-0.307223	0.466682	1.116901	0.235840	0.399946	0.195351	0.137797	-0.233843	-0.479727	-0.205775
700	0.578636	0.254069	1.234852	0.973569	0.387960	0.840302	0.973520	0.252493	1.106064	0.000000	0.404939	1.149048	1.357444	0.903466	1.068395	0.835445	0.715162	0.451574	0.319841	0.555562
701	-0.541423	-0.782401	0.409948	0.161972	-1.016425	-0.173929	-0.218887	-0.916143	0.185883	-1.010882	-0.720758	0.126772	0.484399	-0.030118	0.000000	-0.124270	-0.200898	-0.648832	-1.077597	-0.886560
702	0.483883	0.090928	1.280953	1.025578	0.099261	0.885971	0.774139	0.000000	1.047647	0.019015	0.308927	1.084504	1.657025	0.887166	0.992228	0.875401	0.782469	0.337111	0.054689	0.233972
703	0.275703	-0.016719	1.295582	0.972271	-0.177430	0.523114	0.768871	-0.099517	1.052474	-0.274484	-0.001835	1.142615	1.420741	0.829258	0.990978	0.760050	0.605224	0.000000	-0.160381	0.016735
704	0.264770	-0.007542	0.860063	0.638903	0.000000	0.597640	0.644108	0.079603	0.724869	-0.086443	0.161670	0.739184	1.102183	0.604788	0.690641	0.600497	0.577743	0.316857	0.030879	0.262952
705	0.000000	-0.128004	0.709002	0.408100	-0.143108	0.575819	0.236935	-0.241908	0.495310	-0.305813	-0.072052	0.499152	1.201019	0.277509	0.456468	0.352582	0.230915	0.013757	-0.250040	-0.076540
706	0.413873	0.090842	1.481889	1.295290	-0.146799	0.848882	0.865665	-0.139110	1.345544	-0.312324	0.018696	1.270813	1.647297	1.076984	1.287864	0.954686	0.706821	0.000000	-0.151747	0.044575
707	0.560672	0.238170	1.362230	1.126178	0.086144	0.933833	0.846336	0.096526	1.201651	0.000000	0.356980	1.190656	1.595377	1.017096	1.103936	0.930280	0.772547	0.320493	0.001945	0.163095
708	-0.231447	-0.330475	0.301251	0.106350	-0.351093	0.032601	-0.029429	-0.133387	0.218670	-0.283865	-0.216637	0.087309	0.964827	0.054030	0.156621	0.000000	0.125377	-0.016626	-0.445574	-0.319398
709	0.192931	-0.160732	0.769498	0.597295	-0.215004	0.543489	0.350294	0.000000	0.739961	-0.149247	0.054852	0.693196	1.335426	0.537935	0.657426	0.505683	0.552247	0.295561	-0.349602	-0.165959
710	0.250613	-0.124904	1.110323	0.861175	-0.445246	0.735203	0.507968	-0.188154	1.052386	-0.405983	-0.115308	1.010863	1.220807	0.808079	0.954817	0.721812	0.637041	0.000000	-0.676516	-0.374785
711	-0.252023	-0.517908	0.291025	0.122233	-0.643603	0.005285	-0.204755	-0.425814	0.113955	-0.564435	-0.384969	0.000000	1.088972	0.036114	0.081003	-0.088887	-0.044912	-0.227219	-0.832913	-0.607016
712	-0.184413	-0.386251	0.119771	0.063772	-0.260602	0.076848	-0.080915	-0.128611	0.152056	-0.319719	-0.222046	-0.001494	0.836688	-0.033503	0.000000	-0.091062	0.017621	0.036059	-0.438002	-0.256457
713	0.076752	-0.378829	0.532304	0.438054	-0.309130	0.425995	0.227684	-0.197598	0.564692	-0.494863	-0.278787	0.418554	0.656362	0.338625	0.508303	0.233907	0.305910	0.000000	-0.604414	-0.233217
714	-0.145312	-0.416894	0.392919	0.231812	-0.443717	0.116494	-0.045407	-0.291764	0.179011	-0.366872	-0.271619	0.117189	0.520026	0.075635	0.000000	-0.048486	-0.029767	-0.174269	-0.565175	-0.371839
715	-0.001943	-0.258258	0.080064	0.114811	-0.083415	0.010575	-0.005667	0.136121	0.244985	0.188807	0.137238	-0.046248	0.503155	0.000000	0.172051	-0.048116	0.058849	0.114448	-0.158772	-0.046142
716	0.103714	-0.339027	0.032093	0.129671	-0.057632	0.000000	0.018242	0.038383	0.339369	0.029743	0.075794	0.014627	0.131652	0.117831	0.326652	0.048935	0.133648	0.149666	-0.181956	0.071170
717	0.292322	-0.083422	0.108823	0.255042	0.060849	0.144863	0.228180	0.258464	0.446609	0.230686	0.270523	0.198688	0.169637	0.268818	0.384726	0.265771	0.310819	0.255771	-0.013326	0.000000
718	0.007928	-0.303739	-0.014481	0.068502	-0.133588	-0.068441	0.009463	-0.015011	0.305724	-0.026715	0.011972	-0.068588	0.353191	0.132706	0.252938	0.000000	0.114362	-0.002197	-0.197274	-0.059872
719	-0.086508	-0.411604	-0.077409	-0.105124	-0.149316	-0.022941	-0.014361	-0.163184	0.239189	-0.122631	-0.052597	-0.074085	0.000000	-0.018615	0.200163	-0.049693	0.003436	-0.115679	-0.244984	-0.082564
720	0.138109	-0.270912	0.056405	0.152907	0.093073	0.126905	0.185631	-0.004501	0.382855	0.000000	0.188587	0.077081	0.041673	0.235097	0.321554	0.125780	0.128726	-0.038616	0.017882	0.123882
721	0.043849	-0.223334	0.001113	0.044702	-0.032354	0.053507	0.004795	-0.022545	0.220909	0.061466	0.075712	-0.045027	0.205387	0.070713	0.194987	0.000000	0.088690	-0.009810	-0.103802	-0.010213
722	0.228184	-0.264733	-0.123923	0.043663	0.000000	0.165940	0.209410	0.136791	0.357569	0.129122	0.258490	0.029243	-0.118877	0.219675	0.355153	0.140151	0.196701	0.186035	0.030185	0.210961
723	-0.034067	-0.411105	0.031974	0.077867	-0.367498	0.045534	-0.058109	-0.200471	0.206373	-0.086408	-0.029715	-0.017885	-0.068897	0.000000	0.102242	0.018820	-0.000835	-0.165975	-0.433888	-0.343279
724	-0.052592	-0.471755	-0.012507	0.080474	-0.283881	0.033815	-0.082539	-0.225660	0.162207	-0.213708	-0.090710	-0.079227	-0.004827	0.035470	0.114876	-0.013702	0.000000	-0.130055	-0.362084	-0.244750
725	0.125627	-0.178146	0.110485	0.272754	0.074247	0.211064	0.000000	0.173953	0.379429	0.185956	0.235129	0.120373	0.247498	0.220177	0.266584	0.112737	0.192034	0.171809	-0.091435	0.085559
726	0.115018	-0.321962	0.027822	0.209350	-0.067075	0.103024	0.069665	-0.011504	0.280618	0.000000	0.148235	0.050174	-0.105259	0.179885	0.238889	0.096978	0.081633	-0.053364	-0.113806	-0.023804
727	0.028255	-0.305634	0.105917	0.142739	-0.064314	0.054377	0.086714	-0.054753	0.181602	-0.026190	0.056428	0.070075	0.000000	0.090119	0.123124	0.066848	0.040778	-0.013077	-0.061891	0.035680
728	-0.102769	-0.413128	0.062191	0.165555	-0.335032	-0.067279	-0.050885	-0.129760	0.201093	-0.152775	-0.051883	0.004951	-0.115862	0.106980	0.130692	0.031640	0.000000	-0.122838	-0.380950	-0.265020
729	0.368247	0.048020	0.258911	0.384134	0.217513	0.333785	0.323674	0.282953	0.488435	0.295538	0.403049	0.297782	0.000000	0.396516	0.462797	0.378804	0.368961	0.331153	0.186730	0.288176
730	-0.130736	-0.376951	-0.220482	0.038082	-0.315394	-0.275575	-0.134762	-0.135748	0.108251	-0.129548	-0.033506	-0.209425	-0.229255	0.008391	0.000000	-0.130364	-0.123143	-0.134004	-0.305765	-0.238736
731	0.036948	-0.495658	-0.096918	0.052252	-0.160084	0.000000	-0.029494	-0.162648	0.224126	-0.098552	0.030103	-0.103169	-0.046495	0.095960	0.238013	0.035125	0.046471	-0.087422	-0.182344	0.000840
732	0.200334	-0.196064	-0.092715	0.045540	0.066781	0.156705	0.147501	0.096895	0.337326	0.137843	0.189818	0.052248	0.000000	0.165477	0.358558	0.142970	0.119461	0.105579	0.011511	0.106547
733	0.287324	-0.002085	0.000000	0.260672	0.285460	0.227175	0.339290	0.368746	0.526472	0.331892	0.411462	0.233579	0.333498	0.341008	0.550791	0.273740	0.289501	0.328824	0.302782	0.380515
734	-0.264350	-0.589611	-0.474799	-0.182191	-0.495132	-0.403492	-0.195735	-0.345530	0.072360	-0.341100	-0.254665	-0.314373	-0.516906	-0.109232	0.000000	-0.264734	-0.287354	-0.298390	-0.564270	-0.370176
735	0.203394	-0.136138	0.013026	0.126097	0.050312	0.147331	0.195750	0.149732	0.358317	0.186031	0.225208	0.129577	0.000000	0.222237	0.339014	0.184245	0.129080	0.117023	-0.018373	0.102623
736	0.123952	-0.172565	-0.163760	0.000000	0.131946	-0.110509	0.248703	0.128819	0.452205	0.173513	0.260853	0.068847	-0.019260	0.236123	0.486757	0.102730	0.054299	0.042532	0.097513	0.185286
737	0.090005	-0.344977	-0.129901	0.055422	-0.054985	0.000000	0.085211	-0.107279	0.305878	0.023181	0.113571	-0.028987	0.318477	0.151132	0.322746	0.074612	0.023981	-0.041848	-0.143013	0.050172
738	0.030103	-0.380131	-0.239877	-0.043408	-0.277385	-0.114480	-0.085983	0.000000	0.214670	-0.018273	-0.000697	-0.119888	-0.080675	0.009564	0.192636	-0.026801	-0.031344	0.079619	-0.331564	-0.226599
739	0.191900	-0.081807	-0.034868	0.000000	0.333744	-0.018211	0.314098	0.137623	0.434146	0.185993	0.283943	0.136380	0.290756	0.224192	0.481070	0.198170	0.147632	0.116954	0.279049	0.343138
740	0.239513	-0.149151	0.040918	0.000000	0.153917	-0.092789	0.238226	0.081639	0.340405	0.026859	0.164706	0.166349	0.014518	0.215333	0.333962	0.212463	0.103669	0.104240	0.099362	0.164190
741	0.112440	-0.156731	-0.060752	0.000000	0.230040	-0.033427	0.259746	0.145929	0.413338	0.160094	0.218709	0.106229	0.180948	0.181366	0.435605	0.117377	0.108902	0.087864	0.221906	0.286855
742	0.056554	-0.243041	-0.089538	0.008315	0.091470	0.000000	0.094605	0.023715	0.383574	0.090379	0.146132	-0.004873	0.241919	0.125088	0.382403	0.057736	0.093895	0.080087	-0.009154	0.185133
743	0.028625	-0.317568	-0.013214	-0.012079	-0.054250	0.000000	0.021281	-0.093919	0.219932	0.023513	0.091316	-0.010789	0.072538	0.066336	0.217271	-0.001788	-0.003367	-0.083805	-0.169916	0.022415
744	0.039257	-0.252513	-0.089555	0.000000	0.174011	-0.097709	0.142905	0.145200	0.242861	0.115895	0.183152	-0.024352	-0.089044	0.069641	0.274665	0.002725	0.077193	0.115469	0.132505	0.236821
745	-0.119763	-0.263586	-0.298598	-0.099881	-0.118237	-0.182387	-0.082204	-0.067712	0.091661	-0.069998	-0.029220	-0.234105	-0.022061	-0.072400	0.000000	-0.213655	-0.144531	-0.051218	-0.220845	-0.054349
746	0.159284	-0.148709	0.000000	0.181836	0.204731	0.059591	0.211878	0.251288	0.359147	0.208203	0.270845	0.144333	0.080314	0.193761	0.374994	0.155196	0.207932	0.226741	0.117408	0.284740
747	-0.134574	-0.355751	-0.261093	-0.108289	-0.173879	-0.219317	-0.113120	-0.191872	0.069455	-0.158209	-0.083710	-0.260953	-0.072847	-0.130383	0.000000	-0.229874	-0.184745	-0.164157	-0.272259	-0.129713
748	0.120230	-0.176220	0.000000	0.128615	0.148196	0.222136	0.193622	0.195153	0.350883	0.160939	0.208889	0.143767	0.208958	0.137766	0.358137	0.148071	0.189499	0.154645	0.039586	0.219857
749	-0.053457	-0.383121	-0.015855	0.068709	-0.173684	0.009438	-0.026576	-0.144268	0.127120	-0.123012	0.000225	-0.098052	-0.097215	0.016154	0.000000	-0.049128	-0.050937	-0.088601	-0.307075	-0.100775
750	0.010296	-0.260242	0.200056	0.209640	-0.063376	0.125230	0.038065	-0.051832	0.213770	-0.024174	-0.011083	0.030285	0.316021	0.081269	0.144339	0.000000	0.054440	-0.075010	-0.153165	0.019866
751	0.161443	-0.298232	0.083023	0.080657	0.054406	0.263847	0.178691	0.000000	0.306270	0.010831	0.152068	0.051862	0.155874	0.091499	0.304843	0.115446	0.156517	0.145973	0.003565	0.146127
752	-0.208889	-0.324273	-0.256207	-0.110515	-0.070070	-0.193768	-0.044312	-0.046658	0.076390	-0.089838	-0.015731	-0.247553	-0.038513	-0.111014	0.000000	-0.195122	-0.065286	-0.035543	-0.191696	0.001333
753	0.098259	-0.313556	-0.039967	0.020597	0.129065	0.110080	0.095925	0.070879	0.233315	0.000000	0.167633	-0.031866	0.170576	0.048044	0.223095	0.009698	0.038771	0.058436	0.067947	0.169024
754	-0.074920	-0.346102	-0.135472	-0.087973	0.076086	-0.151820	-0.016442	0.016383	0.042800	-0.116336	-0.017961	-0.201622	-0.075770	-0.161826	0.074621	-0.153950	-0.016867	0.000000	0.017689	0.163688
755	-0.061676	-0.271987	0.204530	0.055087	-0.174684	0.142093	0.011996	-0.120019	0.127718	-0.127959	-0.102965	0.000000	0.425352	-0.009957	0.089074	-0.028853	0.042194	-0.095639	-0.312773	-0.144579
756	-0.193134	-0.627921	-0.252678	-0.163674	-0.261022	0.000000	-0.208445	-0.230980	-0.029951	-0.210988	-0.174356	-0.330589	0.456077	-0.172669	-0.049877	-0.350792	-0.275950	-0.135314	-0.497607	-0.191444
757	-0.080966	-0.359582	0.508204	0.403723	-0.472669	0.132071	-0.050819	-0.360301	0.003481	-0.405706	-0.267970	0.221764	0.078559	0.156576	-0.050039	0.000000	0.020647	-0.221028	-0.599975	-0.324640
758	0.328530	0.001084	0.759124	0.607034	0.213277	0.461743	0.503610	0.168671	0.508492	0.000000	0.285952	0.611852	0.515944	0.499752	0.490766	0.433241	0.414882	0.318342	-0.020891	0.265861
759	0.000000	-0.204032	0.306479	0.142964	-0.014367	0.256853	0.074994	0.026153	0.089365	-0.022537	0.012057	0.099235	0.888252	-0.010297	0.062077	0.087139	0.089226	0.078905	-0.159750	0.005097
760	-0.117071	-0.218292	0.039633	0.013221	-0.007733	0.030345	-0.068992	0.054359	-0.192444	0.000000	0.011372	-0.089703	0.342190	-0.183411	-0.211698	-0.186377	-0.069617	0.066686	-0.094992	0.019644
761	0.430398	0.148958	0.852186	0.732622	0.221675	0.582848	0.682727	0.000000	0.787643	0.043746	0.323178	0.805975	0.796383	0.676206	0.764978	0.665075	0.703993	0.346195	0.148531	0.390154
762	0.914154	0.427772	1.514874	1.279554	0.498946	1.241215	1.177113	0.677589	1.181440	0.487904	0.666100	1.399667	1.776313	1.183620	1.105919	1.216158	1.153355	0.823563	0.000000	0.628277
763	-0.245193	-0.384953	0.000000	-0.028592	-0.228743	0.104113	-0.051876	-0.060266	-0.027041	-0.254992	-0.202456	-0.040870	1.114621	-0.133768	-0.072854	-0.051982	0.082127	0.019208	-0.289338	-0.180595
764	-0.817528	-1.001985	0.000000	-0.061363	-1.211360	-0.495288	-0.465600	-1.078447	-0.264754	-1.206432	-0.986397	-0.150179	0.436013	-0.367072	-0.303104	-0.429475	-0.492568	-0.821888	-1.256552	-1.043965
765	0.685243	0.298001	1.292730	1.152405	0.344328	1.065632	1.065828	0.039534	1.332081	0.000000	0.435732	1.278670	1.417342	1.151419	1.276632	0.987409	0.763036	0.266178	0.259882	0.492296
766	-0.029254	-0.343830	0.686030	0.354899	-0.337622	0.430905	0.210435	-0.461831	0.229617	-0.506521	-0.280490	0.353473	1.071160	0.185292	0.000000	0.266188	0.170130	-0.249135	-0.470895	-0.315049
767	-0.033748	-0.125547	0.029372	0.150673	0.117869	0.115222	0.042904	0.327740	0.030905	0.114662	0.093711	-0.073374	1.198979	0.019749	-0.094118	0.000000	0.194353	0.381750	0.024238	0.147451
768	0.430873	0.105318	0.897035	0.732957	0.201399	0.707645	0.636334	0.188783	0.753794	0.000000	0.294776	0.793402	1.300383	0.647808	0.634941	0.608168	0.589829	0.377448	0.162161	0.332649
769	0.191778	0.000000	1.009784	0.806480	-0.033634	0.434107	0.728038	0.127221	0.999040	-0.047984	0.089371	0.964106	1.263328	0.741383	0.942503	0.624425	0.677530	0.252303	-0.055991	0.231705
770	0.257870	-0.022691	0.364104	0.139798	0.252399	0.651236	0.345893	0.114209	0.352457	0.000000	0.177901	0.309634	1.297940	0.193870	0.260246	0.273209	0.280018	0.248258	0.108241	0.207395
771	0.146699	-0.187130	0.150743	0.060099	0.000000	0.451997	0.296978	0.305283	0.208949	0.102991	0.178495	0.211066	1.064050	0.171099	0.183932	0.246860	0.435842	0.502181	0.036489	0.216561
772	-0.417719	-0.494914	0.471931	0.247213	-0.629275	-0.121420	0.051578	-0.771113	0.303789	-0.812159	-0.546517	0.260301	0.706172	0.133138	0.240759	0.000000	-0.088192	-0.526995	-0.634925	-0.425273
773	0.507171	0.210322	1.229501	0.889806	0.004162	0.918755	0.830271	0.325651	1.029665	0.030140	0.289939	1.136555	1.458392	0.797372	0.938844	0.946979	0.932453	0.551802	-0.047956	0.000000
774	-0.106395	-0.250941	0.242842	0.280706	0.116138	0.256824	0.000000	0.051434	0.088186	-0.116048	-0.017692	0.095266	1.025137	0.047149	-0.058572	0.071465	0.179249	0.136330	-0.032781	0.141556
775	-0.160554	-0.358757	0.546473	0.345888	-0.275386	0.313061	0.112011	-0.325526	0.158267	-0.402026	-0.277815	0.291284	0.977614	0.045525	0.000000	0.159189	0.113453	-0.173809	-0.337398	-0.173926
776	0.617887	0.244782	1.411554	1.176309	0.228440	1.071629	1.026006	0.085086	1.255023	0.000000	0.349576	1.328097	1.830133	1.075773	1.158323	0.950451	0.726955	0.264536	0.238205	0.410929
777	0.099974	-0.207255	0.863759	0.472546	-0.229699	0.703840	0.272374	-0.309089	0.243964	-0.395284	-0.176200	0.471706	1.387134	0.227423	0.000000	0.370650	0.225353	-0.126701	-0.335937	-0.228902
778	-0.188593	-0.404720	0.000000	-0.020672	-0.160742	0.181671	-0.054148	-0.094051	0.016759	-0.248561	-0.211336	-0.002542	1.060536	-0.141384	-0.027544	0.025328	0.045499	0.002602	-0.290060	-0.145714
779	0.247740	0.068955	1.060696	0.733946	0.053369	0.805516	0.639735	0.180119	0.885434	0.000000	0.193833	0.951889	1.577626	0.650597	0.780425	0.652648	0.626567	0.294514	0.042624	0.193851
780	0.406914	0.184111	1.357844	0.952054	0.155327	0.858871	0.844067	0.166766	1.071793	0.000000	0.240692	1.167159	1.586023	0.779030	0.970467	0.852148	0.770807	0.331672	0.062146	0.251980
781	0.035327	-0.084834	0.151287	-0.004004	0.189730	0.300155	0.188076	0.149062	0.104727	0.000000	0.124882	0.062281	1.107855	0.018871	0.044268	0.084903	0.167482	0.219049	0.136255	0.165136
782	-0.010283	-0.173065	0.454465	0.187451	-0.074500	0.430060	0.070275	0.000000	0.050165	-0.100016	-0.061762	0.192143	1.293422	-0.036221	-0.028918	0.189574	0.257030	0.348600	-0.127402	-0.007868
783	0.242754	0.056831	1.508781	1.152550	-0.060754	0.747179	0.861534	-0.171741	1.094657	-0.326806	-0.034014	1.201797	1.499029	0.834996	1.033817	0.846418	0.653193	0.000000	-0.023342	0.202987
784	-0.442151	-0.451676	0.766793	0.305853	-0.666069	0.053140	-0.037507	-0.613948	0.007497	-0.793256	-0.566660	0.258274	1.036886	-0.093264	-0.095878	0.061912	0.000000	-0.363504	-0.760127	-0.597225
785	0.096397	-0.132049	0.593440	0.395232	-0.007859	0.317122	0.199433	-0.057760	0.212832	-0.110649	0.025290	0.310971	1.161559	0.193523	0.000000	0.341986	0.300255	0.143132	-0.172401	-0.028860
786	0.399073	0.070882	1.210436	0.912343	0.035797	0.893740	0.724907	0.000000	0.939628	0.006420	0.167106	0.989803	1.755457	0.713765	0.827222	0.814383	0.711820	0.372663	-0.080068	0.159299
787	0.136861	-0.053973	1.267796	0.989756	-0.195410	0.526344	0.714877	-0.112898	0.956205	-0.366824	-0.096660	1.029171	1.443331	0.728650	0.895619	0.676890	0.576330	0.000000	-0.231112	0.046103
788	-0.125538	-0.229805	0.535322	0.000000	-0.157622	0.272011	0.228174	-0.291754	0.260964	-0.354684	-0.220647	0.382355	1.193858	0.049261	0.210930	0.131127	0.163940	-0.128088	-0.263034	-0.132331
789	0.151186	-0.148583	0.357004	0.173633	0.065818	0.472404	0.221401	0.203289	0.356632	0.000000	0.087184	0.329207	1.167712	0.175986	0.260767	0.263471	0.345121	0.311426	-0.119654	0.071898
790	0.442879	0.128459	1.158085	0.977778	0.114185	0.982789	0.825175	0.127004	1.206626	0.000000	0.272303	1.075876	1.611678	0.898894	1.121700	0.815327	0.722105	0.282029	-0.148800	0.225346
791	-0.276473	-0.490114	0.624856	0.268525	-0.399527	0.000000	0.065509	-0.358314	0.162319	-0.547523	-0.400926	0.227814	1.068850	0.003491	0.033312	0.053797	0.165852	-0.178452	-0.552245	-0.260819
792	0.055615	-0.176323	0.272354	0.151250	0.026656	0.250228	0.150394	-0.092891	0.144734	-0.099878	0.010987	0.158690	0.568610	0.082293	0.000000	0.124924	0.125680	-0.007230	-0.077662	0.041047
793	-0.149203	-0.544424	0.134306	0.045280	-0.520310	0.115954	-0.098795	-0.441741	0.158387	-0.486756	-0.367712	0.064377	0.587000	-0.035657	0.000000	0.008907	0.014569	-0.243023	-0.821714	-0.497367
794	-0.269211	-0.585809	0.500769	0.275007	-0.404723	0.000000	0.158420	-0.454488	0.378391	-0.545273	-0.491849	0.273219	1.142615	0.091907	0.326632	0.028862	0.046626	-0.322377	-0.665959	-0.228542
795	0.887099	0.386485	1.236668	0.986695	0.459914	1.192189	1.022469	0.584885	0.942098	0.450037	0.545072	1.214139	1.581221	0.944802	0.893515	1.042717	0.954806	0.669091	0.000000	0.581019
796	-0.179959	-0.362894	0.043139	0.000000	-0.037748	-0.074203	0.008595	-0.055913	0.052598	-0.188486	-0.137788	-0.051514	0.352111	-0.062891	0.021084	0.003207	0.074849	-0.038179	-0.216396	-0.022477
797	0.000000	-0.197184	0.630654	0.426618	-0.238447	0.464597	0.266531	-0.153330	0.396948	-0.266344	-0.148534	0.476764	0.989057	0.259687	0.361736	0.385104	0.263133	0.021711	-0.522367	-0.129944
798	0.548888	0.303100	1.363037	1.175353	0.351663	0.978635	1.174804	0.157176	1.334201	0.000000	0.392654	1.351784	1.699791	1.116803	1.306512	0.941196	0.786998	0.275775	0.261091	0.575341
799	-0.038387	-0.165518	0.619808	0.173069	-0.106540	0.560200	0.187782	-0.339166	0.000000	-0.391876	-0.217675	0.332123	1.231839	-0.013596	-0.073299	0.230655	0.145141	-0.186562	-0.295831	-0.143337
800	0.421136	0.141942	0.663955	0.632296	0.092866	0.598312	0.493698	0.407422	0.515952	0.330942	0.362985	0.617604	1.368807	0.489082	0.404797	0.633095	0.598444	0.552904	0.006024	0.000000
801	0.779712	0.400576	1.959256	1.841273	0.394764	1.334950	1.477655	0.406713	1.662597	0.188619	0.548442	1.848744	2.144091	1.580501	1.603754	1.435757	1.188900	0.566221	0.000000	0.706372
802	1.064441	0.672762	2.170814	1.773537	0.465642	1.522864	1.508227	0.775893	1.600726	0.366466	0.670230	1.899289	2.394979	1.514138	1.490510	1.597567	1.458349	0.994750	0.000000	0.632341
803	-0.018692	-0.110458	0.139943	-0.086261	-0.017825	0.148211	0.081715	0.106233	0.167951	-0.043589	-0.027582	0.000000	1.424909	-0.062357	0.075676	0.060170	0.137827	0.205009	-0.268665	-0.097047
804	0.221797	0.076514	0.958326	0.504320	0.171802	0.869149	0.595467	0.274101	0.543790	0.000000	0.129932	0.691916	1.865280	0.305270	0.463609	0.527518	0.500391	0.372757	-0.029647	0.220059
805	0.440755	0.386302	1.532269	1.083754	0.218811	0.992275	1.043910	0.235980	1.350189	0.000000	0.299301	1.287871	1.799754	0.953346	1.263677	0.955864	0.837609	0.297613	0.153100	0.371239
806	0.060073	0.065034	0.701906	0.216888	0.073721	0.616792	0.262175	0.050407	0.231523	0.004671	0.119872	0.325824	1.521898	0.000000	0.128160	0.301295	0.321320	0.193516	-0.085532	-0.014100
807	-0.078967	0.066139	0.233372	0.062364	0.139823	0.201073	0.070498	0.289748	-0.181222	0.068753	0.073738	0.079062	1.415089	-0.183551	-0.283561	0.142950	0.275770	0.398367	0.160158	0.000000
808	0.779128	0.332182	1.649049	1.438230	0.400719	1.313099	1.024232	0.176475	1.058425	0.080173	0.430277	1.391152	2.063882	1.116683	1.003986	1.244182	1.030654	0.507008	0.000000	0.574689
809	-0.559063	-0.534322	0.649434	0.221408	-1.035469	-0.202083	-0.218378	-0.757438	0.220544	-1.005792	-0.752604	0.293883	1.050305	-0.015875	0.120824	0.000000	-0.079625	-0.507690	-1.211345	-1.006481
810	0.144314	0.179635	0.390870	0.189121	0.359221	0.504168	0.325763	0.219332	0.197356	0.210078	0.268408	0.236715	1.591609	0.000000	0.171540	0.262875	0.302299	0.346462	0.246338	0.321665
811	-0.231011	-0.299933	0.442179	0.000000	-0.145169	0.380666	0.040404	-0.085659	0.003815	-0.300172	-0.236627	0.191607	1.298272	-0.165896	-0.064378	0.141292	0.202499	0.002766	-0.302523	-0.182648
812	0.257941	0.095872	0.868908	0.597709	0.179168	0.664208	0.592580	0.112389	0.709620	0.000000	0.197488	0.752447	1.421847	0.501992	0.624518	0.518674	0.474651	0.164929	0.135274	0.294309
813	-0.241374	-0.304893	0.528200	0.134703	-0.595414	0.202924	-0.054341	-0.369960	0.000000	-0.480037	-0.359435	0.266862	1.167287	-0.053070	-0.079436	0.094773	0.083559	-0.171644	-0.698931	-0.602346
814	0.007649	0.066177	0.110395	0.110034	0.268016	0.307740	0.165267	0.227519	0.154294	0.174161	0.214389	0.000000	1.435916	0.126172	0.048641	0.133247	0.274001	0.330425	0.132961	0.252051
815	-0.174272	-0.263981	0.323109	0.116538	-0.376345	0.243173	-0.230210	-0.163982	-0.168344	-0.283603	-0.241277	-0.013266	1.301474	-0.102948	-0.343316	0.000000	0.118500	0.076087	-0.647830	-0.475335
816	0.000000	-0.184454	1.200464	0.916689	-0.414824	0.607595	0.555405	-0.477794	0.858664	-0.582376	-0.283614	0.913421	1.574852	0.633571	0.778419	0.545373	0.271100	-0.209609	-0.487857	-0.213815
817	-0.105084	-0.320334	0.240301	-0.000280	-0.168953	0.301339	0.035918	-0.125182	0.004206	-0.342356	-0.283271	0.084938	1.031992	-0.150068	-0.092870	0.016802	0.008306	0.000000	-0.400664	-0.192851
818	-0.148915	0.009082	0.001358	-0.058743	0.182798	0.160061	0.022886	0.276005	-0.014250	0.135056	0.057751	-0.009985	1.568984	-0.050385	-0.079875	0.000000	0.234623	0.346788	0.096653	0.125748
819	0.098446	-0.096670	0.633132	0.406506	-0.045088	0.599098	0.349302	0.051754	0.428471	0.000000	0.093787	0.572773	1.630975	0.331653	0.307025	0.305925	0.330919	0.104644	-0.090898	-0.012735
820	0.291501	0.035717	1.235223	1.013299	-0.003795	0.747077	0.703794	0.207166	0.853477	0.000000	0.207441	1.050097	1.628883	0.779534	0.726793	0.685135	0.652223	0.314725	-0.054788	0.081925
821	-0.176454	-0.324211	0.288221	0.029314	-0.144166	0.282164	-0.038326	-0.292196	-0.108074	-0.314079	-0.238287	0.000000	1.286035	-0.097628	-0.229482	0.039856	0.010155	-0.163686	-0.333726	-0.209982
822	0.000000	-0.095382	0.290995	0.093496	0.143031	0.621992	0.198165	0.119971	0.092970	0.013738	0.010334	0.215670	1.529631	0.006046	0.008174	0.198853	0.231235	0.318642	0.015436	0.136608
823	-0.306177	-0.433381	0.687056	0.394414	-0.559934	0.172306	0.160438	-0.595622	0.343045	-0.619510	-0.464266	0.470188	1.085732	0.208310	0.239959	0.126483	0.000000	-0.389599	-0.638672	-0.440841
824	0.000000	-0.205373	0.809705	0.545680	-0.121683	0.454899	0.221460	-0.149996	0.215092	-0.252736	-0.144760	0.416284	1.427512	0.192193	0.108178	0.301890	0.232588	0.065802	-0.228658	-0.089910
825	-0.240472	-0.229334	-0.052252	-0.115106	-0.001191	-0.031253	-0.129615	0.000000	-0.336107	-0.046871	-0.080435	-0.206216	0.956148	-0.316314	-0.382571	-0.173033	-0.039940	0.151588	0.062966	0.052624
826	0.000000	-0.041578	0.475135	0.260251	0.170742	0.465010	0.252406	0.104836	0.106114	0.043548	0.053056	0.320238	1.398708	0.092083	0.062923	0.203729	0.246183	0.242658	0.101462	0.194279
827	0.060375	-0.138610	0.548249	0.427009	0.077159	0.195198	0.487249	0.008773	0.524696	-0.105331	0.043214	0.495696	1.031435	0.356631	0.509909	0.315845	0.323310	0.000000	0.046396	0.209469
828	0.000000	-0.097239	0.414685	0.203878	0.134604	0.353847	0.153132	0.032255	0.009096	-0.069544	-0.041525	0.169846	1.341880	-0.017381	-0.045151	0.159268	0.153447	0.123345	0.106872	0.153759
829	-0.053083	-0.109277	0.100012	0.000000	0.191203	0.247670	0.190253	0.017770	0.163594	0.084822	0.106579	0.087922	1.013570	0.070711	0.115528	0.070095	0.123718	0.068574	0.138520	0.197896
830	-0.213948	-0.367925	0.408104	0.251271	-0.190683	0.000000	0.092932	-0.026245	0.263309	-0.175283	-0.174203	0.221939	1.305569	0.118425	0.173115	0.096198	0.216548	0.044865	-0.294319	-0.069848
831	-0.299765	-0.464308	0.641517	0.372679	-0.597949	0.110423	0.066780	-0.353404	0.205775	-0.486150	-0.420733	0.311758	1.037338	0.113774	0.093126	0.061634	0.000000	-0.284816	-0.658661	-0.494693
832	-0.311557	-0.242486	0.000000	-0.027145	-0.094811	0.041295	-0.103585	-0.176781	-0.219898	-0.217766	-0.173318	-0.050024	0.889430	-0.198463	-0.271646	-0.135257	-0.087716	-0.139665	-0.103187	-0.080294
833	0.151776	0.052950	0.618696	0.452255	0.002285	0.545079	0.250691	0.071874	0.195207	0.101385	0.142416	0.397139	1.182329	0.273560	0.000000	0.326570	0.329837	0.212874	-0.141939	-0.019014
834	0.069134	-0.180821	0.771295	0.703329	-0.081485	0.338656	0.560906	-0.019570	0.788373	-0.253670	-0.066520	0.707292	1.392483	0.554759	0.720468	0.467417	0.372342	0.000000	-0.124080	0.071664
835	0.196812	-0.047778	0.792006	0.483878	0.010455	0.559682	0.388287	0.000000	0.305203	-0.060929	0.052603	0.493386	1.398857	0.248233	0.222810	0.378488	0.364093	0.279340	-0.095645	0.054146
836	-0.162750	-0.038963	0.201873	0.000000	0.288538	0.082455	0.185373	0.121595	-0.002176	0.147695	0.102430	0.135442	1.215144	-0.021219	-0.036905	0.042869	0.144882	0.129742	0.245075	0.265761
837	-0.087201	-0.250271	0.485178	0.289586	-0.184918	0.293047	0.145890	-0.077358	0.176026	-0.173693	-0.178710	0.333032	1.133653	0.094888	0.081313	0.157444	0.194063	0.000000	-0.328949	-0.155496
838	0.106449	-0.246086	0.983758	0.820858	-0.272254	0.509601	0.590106	-0.056802	0.906360	-0.281221	-0.118851	0.850633	1.355144	0.620513	0.828280	0.543133	0.453527	0.000000	-0.440845	-0.128174
839	-0.101518	-0.231244	0.362890	0.139510	-0.123207	0.315956	0.176855	-0.238236	0.169942	-0.227073	-0.137565	0.191260	1.301925	0.000000	0.049668	0.111623	0.083260	-0.084932	-0.308406	-0.119336
840	-0.427328	-0.583381	-0.124468	-0.293158	-0.291676	0.000000	-0.343703	-0.418262	-0.384870	-0.351449	-0.355255	-0.293293	0.898539	-0.381704	-0.481896	-0.267914	-0.203134	-0.229127	-0.524968	-0.308723
841	0.000000	-0.233457	1.044892	0.793037	-0.288896	0.619328	0.519838	-0.411464	0.726260	-0.434719	-0.177411	0.832022	1.394827	0.582871	0.640666	0.569592	0.354847	-0.233611	-0.359859	-0.115673
842	0.172139	0.000000	1.026732	0.777796	-0.093373	0.582874	0.651933	0.171467	0.955315	0.057104	0.033668	0.925657	1.758247	0.669371	0.860970	0.590404	0.617501	0.212272	-0.224009	0.058966
843	0.021095	-0.080462	0.109284	0.087728	0.193119	0.290325	0.198608	0.047457	0.167249	0.037126	0.097091	0.070608	1.065181	0.090644	0.000000	0.139332	0.140112	0.148541	0.089065	0.192255
844	0.000000	-0.331670	0.377733	0.166699	-0.140566	0.458045	0.029598	-0.079488	0.078882	-0.082980	-0.073149	0.188806	1.123888	0.029763	-0.036685	0.199914	0.110204	0.068262	-0.327559	-0.160384
845	0.280248	-0.002630	0.801074	0.570990	0.115079	0.659419	0.620811	0.000000	0.827889	-0.002838	0.163161	0.767573	1.185003	0.559030	0.761055	0.591169	0.606504	0.259933	-0.069595	0.220661
846	-0.164065	-0.334364	0.291757	0.062813	-0.180451	0.151524	0.092225	-0.168008	0.190555	-0.225245	-0.185457	0.155460	0.980462	0.033576	0.000000	0.046615	0.080177	-0.076342	-0.361025	-0.191613
847	-0.147254	-0.283310	0.039646	0.066299	0.143470	0.066505	0.000000	0.139621	0.147494	0.109015	0.043035	-0.002532	0.870504	0.027252	-0.001770	-0.055644	0.040862	0.076318	0.001301	0.137292
848	0.342923	-0.112292	0.904747	0.702629	0.044311	0.850129	0.610469	0.000000	0.744360	0.010813	0.134533	0.784584	1.241058	0.584631	0.623963	0.577270	0.524453	0.247697	-0.114754	0.161774
849	-0.445177	-0.822148	-0.010763	-0.140942	-0.808775	-0.207209	-0.326596	-0.557108	-0.070420	-0.657895	-0.605713	-0.131238	0.000000	-0.264668	-0.159701	-0.254169	-0.261001	-0.463182	-0.925567	-0.696805
850	-0.071690	-0.318092	0.016439	0.100438	-0.141353	0.011757	0.003872	-0.053356	0.160697	-0.105696	-0.036775	-0.068505	0.317093	0.042284	0.000000	-0.002239	-0.007103	-0.037799	-0.259849	-0.112613
851	-0.031466	-0.400295	0.254199	0.214419	-0.197164	0.293028	0.048677	-0.187197	0.194083	-0.218732	-0.143226	0.123439	0.651338	0.096943	0.000000	0.122394	0.063369	-0.076274	-0.401287	-0.200694
852	0.339337	-0.205937	0.689052	0.519759	0.003786	0.562943	0.535043	0.000000	0.818915	0.006070	0.159691	0.651243	0.909390	0.547464	0.751039	0.518259	0.456920	0.174817	-0.116941	0.102911
853	-0.097843	-0.546348	0.380204	0.244968	-0.544102	0.174945	0.006551	-0.410356	0.200033	-0.512953	-0.377967	0.165510	0.619403	0.079638	0.000000	0.070979	-0.002475	-0.285400	-0.740384	-0.512680
854	-0.098284	-0.383841	0.010630	0.074945	-0.184341	0.056371	-0.010967	-0.058775	0.189075	-0.016673	-0.009734	-0.048994	0.610642	0.000000	0.117049	-0.013674	0.013229	-0.064823	-0.333007	-0.163763
855	-0.230751	-0.712697	0.022814	-0.076492	-0.526043	0.000000	-0.321866	-0.381180	0.011338	-0.412555	-0.394349	-0.155150	0.454866	-0.197923	-0.027262	-0.143903	-0.134715	-0.279161	-0.788999	-0.467900
856	0.459106	-0.013989	0.790757	0.696520	0.022956	0.750244	0.571777	0.117723	0.864494	0.000000	0.195636	0.721590	0.942427	0.623185	0.834103	0.532353	0.421405	0.153578	-0.082511	0.138848
857	-0.051895	-0.361366	0.126250	0.000000	-0.173623	0.125847	-0.030534	-0.196597	0.055947	-0.223206	-0.162258	-0.030422	0.488099	-0.057472	0.020249	-0.035916	-0.072009	-0.129429	-0.343705	-0.189126
858	-0.035543	-0.247161	0.114221	0.184979	-0.119327	0.098196	-0.033748	0.073951	0.157203	0.040163	0.053061	-0.039721	0.612370	0.049286	0.000000	0.047769	0.108012	0.122664	-0.310694	-0.137293
859	0.320853	-0.136915	0.635566	0.438349	0.020219	0.599626	0.359286	0.000000	0.540954	-0.018256	0.139023	0.492512	0.867746	0.350877	0.473870	0.441029	0.454371	0.256734	-0.162776	0.075986
860	0.302908	-0.109167	0.562607	0.450553	-0.064808	0.405109	0.217688	0.113835	0.436056	0.000000	0.151002	0.339006	0.570904	0.286527	0.319919	0.281143	0.206103	0.170152	-0.122840	0.002789
861	0.213976	-0.117208	0.293348	0.255877	0.096679	0.192924	0.281798	0.152549	0.410752	0.000000	0.146753	0.236886	0.441018	0.202150	0.392531	0.198265	0.263995	0.201021	0.033665	0.189020
