	A	C	D	E	F	G	H	I	K	L	M	N	P	Q	R	S	T	V	W	Y
1	0.350950	-0.190656	0.278980	0.284053	0.046455	0.416522	0.223453	-0.137512	0.270730	-0.096674	0.000000	0.236411	0.204290	0.337675	0.243641	0.351152	0.319887	0.103878	-0.117781	0.078381
2	0.011724	-0.467860	0.115620	0.000000	-0.067192	0.037128	0.038134	-0.055626	0.100555	-0.133925	-0.070487	0.078531	0.061990	0.015203	0.098776	0.113690	0.108294	0.004796	-0.198497	-0.045363
3	0.032833	-0.399542	0.281127	0.263993	0.001699	0.146880	0.000000	-0.068294	0.165061	-0.009946	0.018116	0.189666	0.201080	0.142892	0.079087	0.094146	0.129913	-0.055460	-0.126730	-0.024231
4	-0.130596	-0.532753	-0.093934	-0.087453	0.015727	-0.296775	-0.234044	0.000000	-0.068078	-0.165233	-0.098695	-0.144039	-0.212884	-0.200889	-0.001049	-0.165535	0.060086	0.122528	0.103209	0.094751
5	-0.022468	-0.409977	0.238361	0.135142	-0.066222	0.127735	0.128437	-0.182340	0.197905	-0.114047	-0.048502	0.092762	0.107768	0.000000	0.147387	0.038638	0.027716	-0.116944	-0.094715	-0.010595
6	-0.161165	-0.653093	-0.021432	-0.137391	-0.181145	0.000000	-0.155766	-0.409522	-0.064924	-0.333959	-0.226580	-0.143218	0.022176	-0.152633	-0.084057	-0.093371	-0.075142	-0.281869	-0.294932	-0.143489
7	0.000000	-0.452250	0.097813	0.038652	-0.093156	0.101768	0.026005	-0.253722	0.131878	-0.244391	-0.132591	0.010037	-0.012054	-0.010421	0.144520	0.057907	0.014408	-0.149301	-0.119494	-0.026526
8	0.359662	-0.261706	0.347571	0.359411	0.274057	0.421730	0.422721	0.096886	0.309472	0.080155	0.166121	0.335267	0.258951	0.322981	0.278114	0.356595	0.279796	0.173959	0.000000	0.419840
9	-0.040784	-0.437858	0.129801	0.072950	-0.045422	0.007253	0.068729	-0.221880	0.000000	-0.170155	-0.084996	0.000835	0.223020	0.014929	0.000169	0.045074	-0.002688	-0.165623	-0.101326	-0.054056
10	-0.015110	-0.397481	0.144216	0.125595	-0.017044	0.106559	0.063318	0.009575	0.159263	-0.001102	0.037120	0.033716	0.265801	0.078460	0.112011	0.047684	0.000000	0.044373	-0.095272	-0.009279
11	0.071138	-0.408447	0.021478	0.053066	0.129212	-0.037871	0.109546	0.000000	0.154733	0.003239	0.096227	-0.023140	0.139082	0.034025	0.137945	0.054349	0.123582	0.154643	0.148459	0.193539
12	-0.014064	-0.411000	0.102744	0.056887	-0.024501	0.092192	0.073890	-0.116440	0.109084	-0.102763	-0.061119	0.020332	0.340472	0.038123	0.063067	0.000000	0.018404	-0.113450	-0.060701	0.004314
13	-0.046958	-0.462637	0.136129	0.009408	-0.126259	-0.014410	0.087383	-0.249160	0.149836	-0.222620	-0.144735	0.000000	0.216204	0.064600	0.133978	0.025408	0.030739	-0.215641	-0.153841	-0.067327
14	-0.023113	-0.548068	0.206095	0.087752	-0.188185	0.000000	0.020616	-0.287519	0.127347	-0.248596	-0.142220	0.080103	0.307862	0.065501	0.077317	0.102492	0.106101	-0.170187	-0.245008	-0.087030
15	0.072982	-0.471071	-0.059408	-0.045735	0.000000	-0.055281	0.231133	0.019551	0.158623	-0.018185	0.083799	-0.002022	0.091928	0.097023	0.163331	0.056204	0.135084	0.020168	0.193348	0.255856
16	0.030819	-0.437843	0.088130	0.009542	0.166670	0.000000	0.138189	-0.060202	0.193912	0.051922	0.142325	0.028176	0.252636	0.094017	0.191570	0.071686	0.148568	0.004049	0.139942	0.224767
17	0.064112	-0.428774	0.008061	-0.015602	0.000000	0.080252	0.249637	-0.005610	0.195915	0.042541	0.104595	0.074255	0.103169	0.110419	0.194079	0.039484	0.064517	-0.040039	0.168924	0.237201
18	-0.117991	-0.418023	-0.073239	-0.069972	-0.087650	-0.050162	0.005609	-0.190189	0.000000	-0.120989	-0.057742	-0.074958	0.070833	-0.039913	0.021138	-0.101358	-0.130166	-0.217237	-0.074107	-0.062636
19	-0.014523	-0.489217	0.000000	0.028209	-0.118769	0.058991	0.081068	-0.199054	0.176514	-0.184392	-0.084933	0.070862	0.056295	0.054881	0.197022	0.081532	0.066917	-0.169247	-0.152884	-0.098501
20	0.000000	-0.334640	-0.121265	-0.082025	-0.050482	0.113142	0.003936	-0.192298	0.155514	-0.115506	-0.021025	-0.067778	0.117692	-0.010053	0.180841	0.016484	-0.022997	-0.122979	-0.075193	-0.019734
21	0.046778	-0.195269	-0.049886	0.067026	0.113812	0.004213	0.122593	0.117424	0.163004	0.083547	0.067891	-0.016375	-0.040673	0.036578	0.197166	-0.014841	0.071246	0.000000	0.168458	0.180189
22	-0.053637	-0.411241	-0.302492	-0.216265	0.000000	-0.049817	0.091364	-0.107223	-0.024968	-0.087275	0.006709	-0.180969	-0.198241	-0.083389	0.018608	-0.153226	-0.097696	-0.111112	0.219208	0.244639
23	0.050609	-0.299693	0.000000	0.081841	0.071920	0.056063	0.181936	-0.036493	0.280494	-0.035778	0.066501	0.112111	0.137098	0.129219	0.299377	0.133674	0.174938	-0.004233	0.040137	0.113378
24	0.011146	-0.388670	0.090748	0.057650	0.030339	0.000000	0.096622	-0.160315	0.236526	-0.052322	0.038555	0.026368	0.306912	0.090107	0.220781	0.022761	0.032657	-0.099263	-0.028851	0.113795
25	0.015829	-0.273901	0.091248	0.085812	0.011285	-0.036298	0.081726	-0.012736	0.119809	0.006367	0.030324	0.018445	0.260704	0.063868	0.120469	0.000000	0.092794	-0.071293	0.050461	0.054547
26	0.046227	-0.249848	-0.022365	0.006126	0.152725	-0.058315	0.099824	-0.066621	0.116472	-0.008024	0.071395	-0.037714	-0.027568	0.047956	0.139942	0.000000	0.088428	-0.051428	0.148895	0.188103
27	0.321701	0.000000	0.546494	0.517305	0.287128	0.361903	0.521714	0.261070	0.603342	0.344949	0.310904	0.494961	0.514024	0.489833	0.576860	0.363785	0.433544	0.231939	0.353325	0.450216
28	0.076117	-0.276227	0.059884	0.064482	0.071912	0.092111	0.136595	0.000000	0.181033	0.033142	0.083295	0.035219	0.053152	0.025648	0.169353	0.015121	0.133419	0.148965	0.070329	0.155887
29	0.084216	-0.118889	-0.006449	0.040568	0.181791	0.104435	0.172196	0.194558	0.281726	0.171444	0.182781	0.036609	0.002693	0.115643	0.281689	0.000000	0.110367	0.155550	0.154462	0.260701
30	-0.021090	-0.380453	0.077218	-0.032531	-0.011084	0.032270	0.073585	-0.125601	0.051279	-0.078752	-0.007171	-0.007183	0.000000	-0.021886	0.036952	-0.001433	0.019998	-0.059490	-0.061055	0.028485
31	-0.102818	-0.275157	-0.018713	0.019220	0.016161	-0.070292	-0.003394	0.032509	0.069045	0.043814	0.061643	-0.098132	0.185344	-0.005330	0.043914	-0.067915	0.000000	0.048403	-0.048599	0.018669
32	0.111552	-0.247845	-0.002217	0.026949	0.070601	0.035245	0.054621	0.000000	0.182684	0.011484	0.091564	-0.073144	0.040009	0.010876	0.165002	0.060395	0.167753	0.171957	0.076411	0.096795
33	-0.021876	-0.308716	0.009072	-0.025038	-0.066550	0.002514	0.010805	0.063340	0.115864	-0.080304	-0.090595	-0.040294	0.086352	-0.096735	0.079482	-0.009949	0.084647	0.000000	-0.089968	0.000770
34	0.015091	-0.353565	0.134595	0.067229	-0.053907	0.086984	0.133056	-0.080337	0.212583	-0.003475	0.042749	0.067361	0.129991	0.000000	0.162746	0.069067	0.111444	-0.010461	-0.101926	-0.013669
35	0.016217	-0.323697	0.197620	0.118811	-0.060206	0.057735	0.126483	-0.043335	0.186483	0.000444	0.036050	0.067481	0.124317	0.000000	0.139991	0.094829	0.180385	0.002462	-0.089490	-0.014720
36	-0.012281	-0.456833	-0.158962	-0.157523	0.000000	-0.057215	0.121317	-0.082099	0.081843	-0.062906	0.021310	-0.071037	-0.116467	-0.037976	0.087078	-0.004949	0.056918	-0.056013	0.133535	0.239130
37	-0.059116	-0.364460	0.083801	-0.061369	0.015510	0.000000	-0.016568	-0.166503	0.076404	-0.052660	-0.016338	-0.028435	-0.023008	-0.071088	0.065110	0.017028	0.082368	-0.093194	-0.090132	0.067026
38	-0.042436	-0.333640	-0.037306	-0.057964	0.028899	-0.043975	0.082876	-0.022359	0.063593	-0.030095	-0.030079	-0.049283	-0.171546	-0.118727	0.016970	-0.021592	-0.010849	-0.041604	0.109309	0.000000
39	0.043225	-0.292172	0.124594	0.093349	0.075891	0.138767	0.164925	0.036160	0.247447	0.094053	0.106528	0.047694	0.046388	0.000000	0.198910	0.091264	0.129698	0.067267	0.038889	0.113665
40	-0.094033	-0.376243	-0.036955	0.051602	-0.044399	-0.058244	0.008782	-0.174746	0.107780	-0.115998	-0.058686	-0.116592	-0.134799	-0.026163	0.000000	-0.058406	-0.045555	-0.129701	-0.099865	-0.010788
41	-0.168086	-0.385740	-0.102742	0.016970	-0.010847	-0.165141	0.024993	-0.123866	0.099655	-0.019868	-0.034242	-0.110351	0.049321	-0.059212	0.000000	-0.127028	-0.108450	-0.148836	-0.020644	0.023574
42	0.000000	-0.264135	-0.039080	0.047133	0.102537	0.080846	0.086416	-0.070733	0.133068	0.016524	0.072733	-0.043481	-0.083222	0.020390	0.185105	0.043537	0.021580	-0.063505	0.144702	0.167794
43	0.095042	-0.159078	-0.081656	0.119892	0.290126	-0.069574	0.195522	0.273966	0.248472	0.212976	0.283743	-0.021270	0.184709	0.159797	0.305551	0.000000	0.096037	0.237159	0.351755	0.401735
44	-0.035075	-0.210710	0.000000	0.109675	0.115320	0.130674	0.191951	-0.074324	0.160268	0.015369	0.075032	0.093674	0.238674	0.094254	0.170452	0.056597	0.114786	-0.083139	0.136928	0.171045
45	-0.010769	-0.153936	0.000000	0.176917	0.100893	0.048152	0.178731	-0.023534	0.179053	0.050756	0.093041	0.062455	0.115585	0.106896	0.171152	0.031819	0.082064	-0.065049	0.154667	0.180753
46	-0.002196	-0.177988	0.158634	0.109646	0.238149	0.000000	0.164718	-0.020161	0.182008	0.144419	0.169568	0.046074	0.271782	0.087447	0.151410	0.034194	0.135572	-0.023502	0.197293	0.274833
47	-0.129497	-0.144176	-0.204387	-0.110551	0.103877	-0.065813	0.021756	-0.054604	0.000000	0.049780	0.076223	-0.149735	-0.094977	-0.088046	0.046913	-0.139372	-0.099358	-0.109249	0.079023	0.108249
48	-0.116515	-0.360924	-0.250189	-0.172662	0.148278	-0.170587	-0.017493	-0.089840	-0.074710	0.000000	0.091523	-0.222000	-0.237837	-0.141117	-0.077074	-0.227439	-0.184095	-0.135400	0.195489	0.172392
49	0.030581	-0.100102	-0.097569	-0.019382	0.300401	0.133053	0.130280	0.122438	0.108633	0.188655	0.223016	-0.071274	0.064452	0.061972	0.109067	-0.026923	0.000000	0.135488	0.195388	0.279651
50	0.128183	-0.004659	0.000000	0.088907	0.489531	0.238087	0.387324	0.270802	0.349435	0.340218	0.344500	0.229353	0.205383	0.212884	0.425645	0.215368	0.315325	0.203490	0.462413	0.516986
51	0.184170	-0.054846	0.132677	0.146408	0.466842	0.215489	0.326134	0.209738	0.234521	0.310845	0.329666	0.135396	0.000000	0.207711	0.263523	0.171696	0.201868	0.205006	0.478775	0.490164
52	0.184922	0.121668	0.068901	0.199490	0.622364	0.123341	0.301977	0.510059	0.246123	0.516949	0.481476	0.032374	0.170308	0.205147	0.282232	0.000000	0.141245	0.427742	0.623353	0.668333
53	-0.095508	-0.164947	-0.096616	-0.045158	0.207539	-0.142425	0.074341	-0.024730	0.000000	0.034929	0.116550	-0.111857	-0.156385	-0.000242	0.063661	-0.081540	-0.031120	-0.067703	0.247051	0.244994
54	-0.044650	-0.127701	0.167425	0.180169	0.105922	0.137723	0.033482	0.121216	0.109126	0.170830	0.180980	-0.014887	-0.069315	0.111851	0.073719	-0.028977	0.000000	0.111692	0.067609	0.118867
55	0.018760	-0.266052	0.081080	0.103327	0.132498	0.098650	0.062271	0.013445	0.072513	0.007335	0.043112	0.020041	0.093526	0.086593	0.077464	0.000000	0.050699	0.000040	0.098195	0.105065
56	0.148440	-0.274158	0.622149	0.608568	0.223302	0.228742	0.145909	0.240192	0.094907	0.166437	0.111883	0.000000	0.226977	0.286622	0.084191	0.097113	0.113800	0.185204	0.243801	0.181963
57	0.866141	0.188331	1.371450	0.821945	0.689930	1.622633	0.752207	0.273688	0.702258	0.728283	0.601155	0.916865	2.214228	0.549114	0.692133	0.528219	0.000000	0.121418	0.818302	0.645604
58	2.186398	1.485661	3.553832	3.513986	2.299729	3.113942	3.226374	0.000000	3.230582	1.152786	1.459443	3.242162	3.193615	3.101703	3.303298	2.800924	2.301848	0.516805	2.814823	2.840142
59	0.590416	-0.175915	1.163237	0.728028	-0.359503	1.440741	0.122225	-0.534346	0.152017	-0.389526	-0.045550	0.426707	1.612105	0.404833	0.000000	0.281678	-0.371100	-0.313590	-0.381064	-0.488592
60	1.699609	1.169356	3.639748	3.491467	2.184976	3.402510	3.464363	0.868276	3.617547	1.693626	2.210727	3.553757	3.294621	3.497423	3.520973	3.010942	2.431993	0.000000	2.839040	2.720995
61	1.064858	0.176781	0.954729	0.863977	0.000000	1.657950	0.604196	0.394541	0.735574	0.342984	0.525114	0.752420	2.368226	0.811217	0.744752	0.763832	0.689773	0.756399	0.076524	0.183964
62	2.246298	0.858145	2.457976	2.496090	-0.115284	2.454558	1.660193	0.986964	2.530245	0.000000	0.721220	2.376714	2.470436	2.391570	2.488195	2.357636	1.919266	1.561186	0.330587	0.464041
63	1.348608	1.070307	1.871994	1.891802	1.184183	1.769356	1.280033	1.449630	1.928365	1.284721	1.444616	1.689680	0.000000	1.788884	2.027075	1.881075	2.048928	1.556141	1.318347	1.067316
64	0.994325	0.172410	0.029654	0.707811	0.050066	0.049663	0.240205	1.640934	1.171115	1.022843	0.868299	0.000000	1.487968	0.857710	1.142712	0.702223	0.949052	1.770840	0.378364	0.290019
65	0.163992	-0.328530	0.280252	0.242983	0.074498	-0.993296	-0.033258	0.857834	0.000000	0.254798	-0.004066	-0.087783	1.566050	-0.028562	0.065993	0.246538	0.607063	0.823209	0.309992	0.104041
66	0.453765	-0.235751	-0.129560	-0.512529	0.123320	0.845087	0.145282	0.123904	0.834811	0.316690	0.133937	0.393827	1.966939	0.000000	0.845379	0.163106	0.199827	0.278090	-0.203636	0.085602
67	0.270772	-0.569612	1.221107	-0.035650	-0.871170	0.982696	-0.062703	-0.492615	0.198133	-0.234882	-0.353568	0.648712	1.401688	-0.051764	0.000000	0.054780	-0.199700	-0.501028	-0.894243	-0.940791
68	0.599386	-0.229328	1.277308	0.425428	0.270537	1.920769	0.929104	-0.343845	1.537916	0.343877	0.276702	1.523335	2.284451	0.943751	1.364361	0.812377	0.000000	-0.509990	0.192014	0.209536
69	1.405093	0.322893	1.246736	0.949386	0.640106	2.281184	1.086299	-0.085215	1.175058	0.493313	0.610030	1.226766	2.582702	1.029758	1.094900	0.996177	0.361295	0.000000	0.427936	0.569592
70	1.705780	1.016174	3.068267	1.960309	1.468974	3.078499	2.468519	0.136178	2.354424	0.713481	1.066133	2.952279	3.146561	2.142080	2.323748	2.578773	2.126405	0.000000	1.929110	1.878498
71	-0.138210	-0.463260	0.252563	-0.252612	-0.389386	0.569124	-0.172521	-0.289330	-0.230564	-0.246522	-0.202334	0.000000	0.383145	-0.147856	-0.230788	-0.183753	-0.358955	-0.412609	-0.384505	-0.365455
72	1.892327	1.356349	3.014759	2.786431	1.252630	2.919523	2.376365	-0.011731	2.783776	0.702539	1.216682	2.894288	2.895642	2.701329	2.708753	2.459179	1.798813	0.000000	1.482291	1.332531
73	0.396178	0.173589	0.788024	0.279635	0.320559	0.886245	0.224089	0.372287	0.131491	0.552865	0.434752	0.507321	1.966630	0.200585	0.000000	0.297508	0.281549	0.257472	0.489186	0.286883
74	-0.335023	-0.057160	-0.092335	-0.340868	0.220626	0.136608	-0.040812	0.064025	-0.233641	0.004151	0.059943	0.000000	-0.533200	-0.150203	-0.024684	-0.054842	0.217535	-0.057357	0.303148	0.277417
75	1.452866	0.963503	0.980293	1.266502	1.365438	0.000000	1.117895	2.189789	1.368628	1.712388	1.575440	0.895786	2.184942	1.313727	1.571555	1.265714	1.465238	2.094046	1.715631	1.504379
76	1.496525	0.956812	1.005577	0.996849	1.212064	1.830361	1.666382	1.234580	1.825288	0.910823	0.000000	1.734512	2.973862	0.816655	2.045635	1.596240	1.542273	1.391778	1.298550	1.405752
77	0.840601	0.824839	1.120927	1.352334	1.231099	1.086636	0.882833	1.037032	0.076308	0.614034	0.716342	0.592288	1.734887	0.554901	0.102023	0.000000	-0.270607	0.977087	1.426057	1.366437
78	3.021359	2.519680	3.590947	3.486053	2.467062	3.670287	3.761804	1.149228	3.592180	0.000000	1.560167	3.776841	3.716158	3.468592	3.742940	3.645458	3.399583	1.603805	3.202759	3.398351
79	0.406052	0.250785	1.371171	0.564930	-0.212112	1.156495	0.000000	0.145100	-0.112130	-0.327861	-0.076909	0.914391	2.372878	0.285417	-0.371732	0.663874	0.882111	0.653284	-0.103169	-0.435338
80	0.383427	0.472038	0.000000	-0.078765	0.748604	0.982300	0.506003	0.670024	0.573008	0.388793	0.291442	0.604735	2.484998	0.095169	0.744448	0.639433	0.703913	0.798408	0.754526	0.758450
81	-0.325313	0.000000	2.454441	2.197066	0.950034	1.651587	2.192598	-0.090386	2.178226	-0.366254	0.178331	2.284075	2.227968	1.937100	2.105891	1.192213	0.806751	-0.485700	1.623237	1.494598
82	2.691817	1.975976	2.942618	2.996279	1.792124	2.867092	2.984820	1.443384	2.814252	0.000000	1.413455	2.979273	3.240958	2.889834	2.942247	2.967214	2.873628	1.955445	2.544759	2.681958
83	0.160736	0.308635	0.669520	0.373215	0.677340	1.068523	0.543995	-0.019797	0.140440	0.111679	0.000000	0.601537	2.500458	0.316046	0.105981	0.335897	0.487847	0.375397	0.363693	0.489053
84	0.131351	0.144341	0.253825	0.088212	0.181340	0.442724	0.138906	0.073742	0.000000	0.039735	0.196997	0.191171	0.154106	0.196987	0.141206	0.276166	0.276231	0.105317	0.157377	0.124051
85	0.000000	-0.064398	1.342304	0.245842	0.565513	1.566416	0.753115	-0.573841	1.170003	-0.415019	-0.050627	1.564262	1.300231	0.575875	1.362767	0.973749	0.472501	-0.672812	0.741718	0.657207
86	2.229111	1.373775	2.868505	3.053254	0.261958	2.729224	2.524750	1.445376	2.899687	0.000000	0.739566	2.717776	3.033790	2.632591	2.854819	2.695918	2.580898	2.010205	1.065631	1.552588
87	0.280709	0.224975	0.789141	0.414481	0.433525	1.095452	0.379214	0.184606	0.000000	0.068798	0.122898	0.595347	2.388839	0.207570	0.078213	0.478450	0.528801	0.424810	0.478876	0.438450
88	-0.266586	-0.238381	-0.098214	-0.242060	0.360314	0.340058	0.121669	-0.102438	-0.358699	-0.174516	-0.152120	0.008863	1.238619	-0.150311	-0.298825	-0.160882	0.020842	0.000000	0.373343	0.383433
89	0.226229	-0.028920	1.346139	0.636552	-0.309869	1.128359	-0.024868	0.308077	0.294723	-0.395874	-0.305232	0.411711	1.935370	0.177470	0.000000	0.621451	0.839687	0.378244	-0.239115	-0.317662
90	1.455431	0.943979	2.220061	2.129737	1.138921	0.000000	1.091745	2.443481	0.923539	1.473619	1.285266	1.294477	2.870258	1.333440	0.988450	1.313520	1.898883	2.438246	1.752816	1.363989
91	1.708147	0.762949	2.423874	2.133045	0.439810	2.409089	1.371377	-0.380935	2.035807	0.000000	0.693863	2.122703	2.235124	1.968688	2.075922	2.215936	1.928038	0.127680	0.726225	0.618807
92	0.080736	-0.249219	0.102942	-0.002714	-0.069270	0.800382	-0.173474	-0.082218	0.010616	-0.163666	0.041862	0.096504	0.417524	0.000000	0.013963	0.025156	0.196444	0.110294	-0.161841	-0.099025
93	0.930079	0.902789	2.114423	1.167848	1.163599	1.820894	1.126915	0.676630	0.744143	0.928945	0.778306	1.784428	0.000000	0.852597	0.764514	1.309316	1.494669	0.889795	0.859442	1.167200
94	0.395836	0.245460	0.295000	0.000000	0.203880	0.829114	0.332663	0.608879	0.641850	0.514550	0.453416	0.601957	1.436440	0.413509	0.643605	0.593816	0.777891	0.757702	-0.085401	0.153498
95	0.432618	0.000000	0.584763	0.430273	-0.381258	0.987879	-0.052652	0.129669	1.143875	-0.226683	-0.250147	0.419324	1.543221	0.054339	1.169865	0.558298	0.464332	0.309834	-0.561539	-0.312387
96	0.952831	0.000000	2.715958	2.513147	0.866126	2.240550	2.074705	0.823108	2.814518	0.351345	0.619908	2.314375	2.753294	2.222897	2.637471	1.613998	0.824479	-0.075062	1.637055	1.290054
97	0.000000	-0.040428	0.634842	0.199392	0.285759	0.763727	0.458636	-0.105816	0.380184	0.013347	0.029401	0.472147	2.019351	0.121849	0.305177	0.298541	0.381179	-0.160652	0.378267	0.344401
98	1.268404	1.119829	3.405138	3.444460	1.347875	2.843462	3.178679	0.794738	3.514916	1.420293	1.835426	3.248004	1.465098	3.437582	3.445546	2.579182	1.986374	0.000000	2.235009	1.910380
99	2.204853	1.323530	2.914105	2.388167	0.000000	2.500491	1.184603	1.795507	2.392115	1.619550	1.708201	2.195319	3.324276	2.280989	2.098257	1.859756	1.935263	1.844579	0.170906	-0.185364
100	1.635950	1.114216	3.448148	2.591703	1.378097	2.843823	1.504149	0.510232	0.461881	0.028722	0.785693	2.263771	3.342145	1.473065	0.000000	1.856246	1.608222	0.779655	1.182458	1.378313
101	1.529807	0.647156	2.071114	1.781384	0.766008	2.260256	1.232378	-0.098465	1.112651	0.000000	0.692370	1.574463	2.420177	1.337644	1.189948	1.581346	1.185655	0.141796	0.820093	0.850882
102	0.710527	0.016807	-0.024116	0.467761	-0.140781	1.043883	0.140354	0.039345	0.675310	0.000000	0.277336	0.212608	1.262782	0.463506	0.758872	0.436246	0.419506	0.203385	0.098955	-0.114057
103	-0.091366	0.046064	0.395635	0.322476	0.433931	0.125573	0.000000	0.246586	-0.097161	0.233073	0.223978	0.229737	-0.311064	0.125439	-0.058329	-0.002697	0.139281	0.154936	0.371684	0.347769
104	0.190649	-0.157251	-0.145096	0.000000	0.261726	-0.170226	0.123595	0.352760	0.419748	0.288218	0.403316	0.015144	0.372113	0.235105	0.512941	0.154429	0.114660	0.394515	0.118460	0.188858
105	0.051172	-0.206555	-0.011939	0.092340	0.321375	0.112037	0.000000	0.286047	0.355979	0.335928	0.278260	0.034728	0.509266	0.099766	0.356325	-0.030099	0.064188	0.183172	0.164231	0.313614
106	-0.216434	-0.116953	-0.349293	-0.226956	0.348148	-0.297874	-0.015749	0.224953	0.000000	0.212933	0.166830	-0.186810	-0.579821	-0.142868	0.145466	-0.178066	-0.070686	0.095564	0.347166	0.403896
107	0.675206	0.031292	0.313691	0.398327	0.603453	0.000000	0.484712	0.762785	0.755174	0.603846	0.604137	0.346463	1.029863	0.578502	0.768690	0.594474	0.578186	0.805005	0.482471	0.619099
108	0.150393	-0.263703	0.279271	0.173761	0.041854	0.324187	0.043152	0.014057	0.000000	-0.011773	-0.060038	0.250634	0.699123	-0.003727	0.064936	0.202556	0.173651	0.073356	-0.007392	0.078308
109	0.986063	0.536557	2.551089	1.718867	0.703344	1.676800	0.983334	0.749437	0.000000	0.193366	0.269469	1.554967	1.694761	0.631180	0.070871	1.118612	0.975670	0.742829	0.711835	0.686569
110	0.000000	-0.729962	0.370011	-0.616515	-0.481623	0.785487	-0.201917	-1.120293	-0.077590	-0.767630	-0.745909	0.377657	1.432351	-0.536462	-0.008452	0.118360	-0.438234	-1.084204	-0.417072	-0.385680
111	0.568232	0.444766	1.923666	0.720753	0.272637	1.234325	0.579217	0.366301	0.034236	-0.021620	0.225607	1.183089	0.352336	0.350533	0.000000	1.025735	1.177045	0.465118	0.536343	0.302473
112	2.720077	1.884201	2.831307	2.610335	1.903083	3.075850	2.767386	0.783802	2.939993	0.000000	1.378856	2.968400	3.089868	2.827038	3.048717	3.007122	2.764645	1.399650	2.552725	2.339032
113	0.551116	0.816665	0.000000	0.419732	1.378002	0.788773	0.538576	1.442727	0.965282	0.880175	1.091851	0.685904	0.886161	0.756105	1.247924	0.562760	1.069583	1.428547	1.404212	1.410275
114	1.523529	1.124534	1.732996	1.640990	1.107631	1.948459	1.657502	1.283181	1.495839	1.010052	0.977599	1.735456	1.141005	1.577774	1.569242	1.693362	1.717939	1.520244	0.000000	0.947386
115	0.483720	0.293638	0.254272	0.414793	0.483381	0.471253	0.364264	1.294955	0.542798	0.754755	0.528695	0.000000	2.347601	0.340729	0.686887	0.461172	0.735873	1.339905	0.547009	0.587875
116	0.587928	0.736081	1.555623	0.918777	0.861711	1.789657	0.793212	0.696931	1.044930	1.093671	0.642183	1.403715	3.272660	0.695014	1.013807	0.689430	0.000000	0.540637	0.965229	0.851980
117	0.449587	0.843875	0.000000	0.310578	1.067186	1.180436	0.805046	0.695858	0.875623	0.450493	0.793964	0.523571	0.020795	0.649743	1.111762	0.590718	1.027695	0.765269	1.032977	1.107372
118	0.000000	0.899745	2.749750	2.752670	2.068480	1.919159	2.577694	0.968736	2.582437	1.471462	1.586370	2.620443	1.611757	2.464169	2.720187	1.129563	1.132786	0.462564	2.222257	2.264260
119	0.000000	0.525209	1.146134	0.543248	0.237164	0.462525	0.279393	0.367609	0.168988	0.567675	0.329642	0.606431	1.674982	0.278995	0.233470	0.093316	0.345926	0.336341	0.005592	0.071031
120	0.279431	0.309485	0.642025	0.465434	0.605213	0.559804	0.641423	0.440965	0.438740	0.328685	0.229402	0.567966	2.415968	0.381629	0.574345	0.000000	0.302483	0.482586	0.658705	0.650956
121	2.104594	1.344218	3.039516	2.690391	1.339197	2.818822	2.342656	1.442996	2.576552	0.000000	1.156060	2.706012	2.851119	2.471009	2.586033	2.671468	2.389203	1.508937	1.919000	1.566144
122	1.015248	1.076585	1.648570	1.052642	1.160699	1.843737	1.387479	0.000000	1.070168	0.622141	0.942924	1.503539	2.083676	1.214319	1.147224	1.386994	1.259410	0.105076	1.344367	1.164438
123	1.581436	1.070616	1.359021	1.504210	1.330089	0.000000	1.304959	2.229175	1.826230	1.681343	1.627939	1.185681	2.291775	1.620479	1.955499	1.506022	1.664243	2.214712	1.511868	1.399269
124	-0.174697	-0.355296	0.676121	0.000000	0.178885	0.752273	0.139929	0.461529	0.269241	0.110189	-0.173221	0.725201	2.182456	-0.021407	0.541984	0.092182	0.410532	0.307466	0.199139	0.101499
125	1.057965	0.366958	0.152804	0.000000	1.021406	1.727204	0.919834	0.245418	1.394391	0.753255	0.900455	0.857803	1.580781	0.705361	1.453983	0.638137	0.056228	0.234021	0.680706	0.997624
126	2.981306	2.014691	3.385653	3.298287	1.866876	3.524090	3.404010	0.694103	3.323765	0.000000	1.535465	3.511296	3.254446	3.337266	3.461181	3.491702	3.066307	1.211701	3.046132	2.870477
127	0.657576	0.054090	1.494504	0.232585	-0.283270	1.502767	0.009507	-0.287397	0.545969	0.173937	0.155870	1.006720	2.329978	0.000000	0.303890	0.443440	0.382622	-0.343979	-0.662619	-0.528571
128	2.574285	2.025512	2.860760	3.152417	2.632959	3.148058	3.320432	0.264197	3.135293	1.500373	2.294893	3.094596	2.686643	3.145578	3.290643	3.142347	2.634443	0.000000	3.012473	3.268031
129	0.218824	-0.154233	0.000000	-0.482143	0.484459	0.711399	0.387688	-0.307942	0.369244	0.044834	-0.032242	0.462410	2.104056	-0.081238	0.286832	0.370146	0.181621	-0.444052	0.481999	0.462344
130	0.904978	0.389378	1.258127	1.182585	0.000000	1.401654	0.830204	-0.049337	1.016503	0.121037	0.492115	1.064686	0.635432	1.055141	1.040104	1.106832	0.810877	0.166612	0.294840	0.156590
131	0.769355	0.063558	1.060037	1.143397	0.389723	1.253978	0.335353	0.233451	0.977355	0.000000	0.555464	0.761036	1.049134	0.967485	0.962071	0.976366	1.027771	0.379321	0.253983	0.217222
132	0.205224	0.075769	0.000000	0.098935	0.574268	0.344464	0.294239	0.384535	0.288453	0.432637	0.484592	0.229009	-0.207209	0.217344	0.390050	0.225381	0.330576	0.326849	0.428086	0.564213
133	-0.109060	-0.150497	-0.176906	0.099287	0.149112	-0.560454	0.000000	0.361642	0.286055	0.217668	0.237450	-0.095343	0.322920	0.104699	0.338067	-0.075491	0.127595	0.378801	0.085894	0.236269
134	0.633068	0.254479	0.941685	1.102097	0.452981	0.938840	0.923987	-0.060727	1.289220	0.246507	0.456579	0.872816	0.846289	0.999080	1.294001	0.826011	0.706424	0.000000	0.594034	0.628005
135	0.348322	-0.014346	0.564862	0.472630	0.321752	0.471527	0.468903	0.036382	0.434729	0.142428	0.260378	0.436438	0.000000	0.399761	0.451442	0.356699	0.321387	0.163529	0.339483	0.446081
136	0.492329	-0.106038	0.855297	0.771297	0.175669	0.711763	0.462710	-0.177877	0.400760	0.000000	0.213593	0.627644	0.618774	0.481960	0.272939	0.519418	0.339729	-0.028724	0.127822	0.251334
137	0.178517	-0.108726	0.311470	0.101672	0.509519	0.423934	0.159598	0.149536	0.100940	0.308701	0.246402	0.177124	0.656606	-0.004092	0.097576	0.019556	0.000000	0.107640	0.512604	0.468197
138	-0.155779	-0.103754	0.129429	-0.176027	0.323419	0.421577	-0.020837	0.004116	-0.103414	-0.047612	0.026396	0.061587	-0.349202	-0.194003	0.004614	-0.064827	0.000000	0.012116	0.250463	0.261462
139	0.810537	0.350526	1.564231	1.747222	1.157655	0.798916	0.000000	1.484316	0.438785	0.660503	0.845859	0.746955	-0.485343	1.073677	0.196491	0.955563	1.407816	1.609717	1.395785	1.046474
140	0.539658	0.335894	0.157803	0.428121	0.753432	0.914653	0.256341	0.414968	0.267705	0.524119	0.467043	0.000000	0.943339	0.178733	0.294790	0.446771	0.532841	0.462480	0.713876	0.709461
141	2.514040	1.303182	2.847226	2.568918	0.000000	3.073998	1.829778	1.534016	2.574707	1.121692	1.326434	2.352190	2.607315	2.346494	2.440714	2.485879	1.910142	1.655822	0.695472	0.261389
142	0.000000	-0.394638	0.083973	-0.797663	-0.008632	0.688213	-0.042699	-0.687271	0.118447	-0.280567	-0.275292	0.262593	1.483883	-0.351617	0.144384	0.064208	-0.255571	-0.721097	0.095735	-0.060598
143	0.826635	0.622943	1.575635	0.743466	0.300178	1.329463	0.372033	0.649897	0.210614	0.687989	0.732534	0.849893	0.414434	0.587150	0.000000	0.854725	0.917300	0.673478	0.346558	0.080759
144	-0.070058	-0.551533	0.624934	-0.433760	0.040110	1.010158	-0.018953	-0.632560	0.000000	-0.090055	-0.296409	0.614783	1.802867	-0.244910	0.011140	0.145064	-0.555302	-0.946673	0.248668	-0.102826
145	0.822750	0.334012	0.963512	0.822343	0.675981	1.391390	0.658165	0.402061	0.744232	0.547602	0.679862	0.774938	1.256759	0.645835	0.693583	0.536669	0.000000	0.435018	0.955392	0.833839
146	1.160050	0.313629	0.694561	0.481812	0.000000	1.644740	1.005458	1.061989	1.914116	0.835139	0.800216	0.799641	1.617496	1.292884	1.719813	0.974297	1.182931	1.299426	0.452093	0.209143
147	0.284024	-0.075131	0.230171	0.128897	0.334753	0.536484	0.283716	0.125373	0.296949	0.000000	0.232179	0.297688	0.183726	0.239577	0.386878	0.161636	0.172420	0.223110	0.426528	0.394115
148	-0.174372	-0.420701	0.039249	-0.203655	-0.411241	0.194082	-0.159169	-0.425853	0.000000	-0.398477	-0.321642	0.017107	0.431886	-0.174594	0.036374	-0.155745	-0.266396	-0.337969	-0.421988	-0.335515
149	0.193260	-0.165098	0.232497	0.031350	0.516459	0.542417	0.233274	0.102428	0.018345	0.000000	0.169173	0.246748	-0.471065	-0.017292	-0.044597	0.166690	0.149742	0.054256	0.652511	0.567544
150	0.000000	0.106250	0.126766	-0.056693	0.921524	0.659040	0.857606	0.555362	1.271217	0.583712	0.346125	0.657089	1.399058	0.419573	1.099596	-0.049073	0.077201	0.469364	0.753136	0.897439
151	1.833625	0.781947	2.051666	1.663156	0.000000	2.171817	1.089876	1.094728	1.607713	1.085313	1.198765	1.710338	2.187697	1.585018	1.368908	1.636992	1.427244	1.313063	0.332334	0.193093
152	0.844902	0.000000	0.895633	1.403866	1.200585	1.378206	1.758110	0.980923	1.783917	1.222175	1.238964	1.396945	1.322724	1.751779	1.841575	1.056501	1.211731	0.837333	1.053975	1.398806
153	0.457948	0.294200	0.000000	-0.086627	1.154554	0.752054	0.769651	1.422118	0.936373	1.145006	0.664747	0.652209	1.883310	0.145471	1.151537	0.561239	1.094115	1.366464	0.969172	1.160090
154	2.057208	1.025500	2.761014	1.960633	1.660974	2.813715	2.145862	0.000000	2.323604	0.834512	1.334105	2.210147	3.181042	2.122829	2.305815	2.276448	1.999705	0.357813	1.906256	1.843569
155	0.612790	0.000000	1.030617	1.141905	1.257023	1.301920	1.653049	0.902315	1.775906	1.130617	1.104408	1.501878	1.281254	1.545805	1.889641	0.793826	0.830654	0.782619	0.954943	1.399431
156	0.397410	-0.285939	1.351060	1.112300	-0.057506	0.438762	-0.153266	0.581157	-0.549671	-0.051526	-0.183845	0.253109	1.765574	0.000000	-0.629913	0.278714	0.538459	0.708853	-0.027111	-0.076919
157	0.540941	0.158812	0.906289	0.384086	0.674704	0.943182	0.523455	0.586418	0.000000	0.335440	0.290915	0.715651	2.470767	0.196754	0.129153	0.559962	0.457694	0.605119	0.770349	0.670178
158	0.067209	-0.023885	0.466288	0.050830	0.000000	0.430621	0.409921	0.101422	0.130800	0.015078	0.167190	0.444575	-1.043503	0.138526	0.000415	0.258267	0.214655	0.080824	0.413319	0.337271
159	2.391007	1.535258	2.645003	2.813775	1.740173	2.706334	2.941284	1.108864	2.907655	0.000000	1.104256	2.930737	2.589074	2.773407	2.977250	2.757859	2.397166	1.401943	2.408532	2.539076
160	0.373180	0.044994	0.585170	0.086592	0.111333	0.907501	0.227198	0.418885	0.157431	0.000000	0.256258	0.601538	1.041208	0.154749	0.142230	0.445505	0.476588	0.418552	0.260457	0.128794
161	0.196070	-0.245707	-0.044121	-0.469436	0.013781	0.605397	-0.111300	0.049888	0.065748	0.171397	0.127925	0.000000	1.320147	-0.162684	0.072184	-0.006411	-0.023721	0.009371	0.171990	0.096882
162	2.253976	1.918622	2.793298	2.711542	2.110859	0.000000	2.602766	2.606256	2.642622	2.472586	2.546231	2.668551	2.331106	2.791561	2.768192	2.656870	2.823949	2.613631	2.102110	2.342300
163	1.977591	0.443276	2.496207	1.739730	0.000000	2.672753	0.949596	1.240327	1.342896	0.916288	0.961136	1.729412	3.077455	1.498352	1.342116	1.714071	1.753952	1.358490	-0.119034	0.078837
164	0.112242	-0.580952	1.269933	-0.535560	-0.387373	1.229121	0.107935	-0.671345	0.309286	-0.461006	-0.474935	1.002045	1.591632	-0.182501	0.000000	0.572765	0.321971	-0.731481	-0.450672	-0.454066
165	1.240638	0.000000	-0.412548	1.049274	1.507618	1.620491	1.694819	1.311033	1.879919	1.548337	1.498741	0.857053	1.610508	1.842678	1.881599	1.040242	1.631125	1.089064	1.631133	1.870834
166	0.163704	-0.323516	0.244732	-0.275593	0.159970	0.787059	0.343343	0.092699	0.339357	-0.214102	-0.085594	0.505711	1.206889	0.000000	0.315036	0.316302	0.111195	0.049088	0.149244	0.252697
167	0.125218	-0.130315	0.279136	0.126775	0.273561	0.708821	0.216028	-0.026437	0.017914	-0.033326	0.137960	0.154072	1.827653	0.218196	0.076393	0.191910	0.000000	0.094129	0.377316	0.281612
168	0.804010	0.000000	0.355066	0.677644	1.268424	0.998865	1.107125	0.814400	1.453991	0.722887	0.904245	0.802953	1.206797	1.107538	1.559351	0.502992	0.245041	0.772164	1.321853	1.365541
169	1.230440	0.360834	0.836165	0.862762	0.950770	0.000000	0.978412	1.850525	1.474808	0.969788	0.857147	0.961155	2.339306	1.058157	1.669528	1.121725	1.432976	1.999175	0.956953	1.102065
170	1.407305	0.502116	2.015302	1.815312	-0.274021	1.885551	1.080242	0.628391	1.231954	0.028837	0.325064	1.823236	2.394469	1.248660	1.090429	1.622353	1.133156	0.845359	0.415690	0.000000
171	-0.005117	-0.509694	0.887046	0.460575	0.836802	0.728248	0.448154	-0.411506	0.000000	0.199401	-0.119350	-0.076906	1.182262	-0.230298	-0.107783	-0.432182	-0.596981	-0.835894	0.907216	0.993222
172	1.664321	1.062063	3.014277	2.737855	0.000000	2.459162	1.528905	0.882567	2.536147	1.332924	1.432414	2.508794	2.414157	2.364242	2.613946	1.960947	1.604721	0.526339	1.022703	0.726585
173	0.688008	0.971631	1.432747	1.345534	1.413009	0.927506	0.000000	1.852332	1.215015	1.328872	1.407586	1.390828	0.925987	1.135657	1.075325	1.304054	1.884909	1.956052	1.330045	1.386772
174	0.496447	0.436256	0.847486	0.000000	0.541982	1.075411	0.691758	0.281437	0.760231	0.338156	0.465223	1.092088	0.765752	0.543543	0.832940	0.829002	0.821480	0.273149	0.667917	0.509629
175	0.047530	0.110045	-0.030546	-0.089824	0.318129	0.350712	0.000000	0.279914	0.238144	0.346626	0.316844	0.293155	0.818916	0.177773	0.237541	0.017054	0.176343	0.316917	0.152832	0.247685
176	0.397566	0.000000	0.384436	0.582076	1.327499	0.984938	1.177720	1.048536	1.277263	1.204263	1.131197	0.895297	0.739769	1.023874	1.475603	0.537560	0.821636	0.888199	1.086346	1.417317
177	-0.337062	-0.424502	1.054009	0.202536	-0.521139	0.404401	-0.023998	-0.317979	-0.451431	-0.377809	-0.608977	0.574344	1.412238	-0.107082	-0.433020	0.000000	0.267140	-0.214819	-0.619576	-0.369055
178	-0.415931	-0.216392	-0.274448	-0.389449	-0.171467	-0.127700	-0.184239	0.175632	0.047911	0.034976	0.010445	-0.021777	-0.009984	-0.052899	0.214289	-0.283183	0.000000	0.098331	-0.304839	-0.230317
179	0.399850	0.124626	1.064613	0.677944	0.150837	0.910718	0.233046	0.756863	0.000000	0.083494	0.134986	0.540524	2.333039	0.274468	0.068109	0.530518	0.869178	0.759589	0.277274	0.146884
180	0.978066	1.093498	2.785940	2.250194	1.412629	2.091379	1.602378	0.597329	0.900734	1.264217	0.928141	2.155181	2.604699	1.454893	0.775913	1.630690	1.320268	0.000000	1.528710	1.499723
181	1.608014	1.404774	1.727769	1.667511	1.698112	1.581131	1.640847	1.800007	1.539156	1.832317	1.753719	1.639538	0.000000	1.559835	1.618783	1.414471	1.614294	1.848762	1.639128	1.757167
182	-0.020337	-0.147465	0.186446	0.093346	0.358041	0.008549	0.132762	0.113556	0.039483	0.234644	0.252554	-0.005957	-0.610701	0.085227	0.070914	-0.090563	0.000000	0.028710	0.296824	0.331321
183	0.435628	-0.155321	0.645118	0.499778	-0.277956	0.660819	-0.052448	-0.457032	0.565654	-0.144537	0.000000	0.217955	0.214565	0.432229	0.512304	0.502751	0.396049	-0.290765	-0.355826	-0.421564
184	0.266402	0.000000	0.464226	0.478169	1.265170	0.852445	1.286718	1.176767	1.395033	1.130951	0.917227	0.925427	1.015374	0.925025	1.602263	0.483124	0.929113	0.896288	1.235919	1.464907
185	0.532226	0.035953	0.457510	0.537168	0.168364	0.682213	0.619098	0.015142	0.950664	0.161238	0.283789	0.672110	0.663423	0.627681	0.909183	0.758427	0.685760	0.000000	0.185697	0.268174
186	0.869885	0.448425	0.000000	0.578003	0.626154	1.019723	0.738085	0.748893	1.063251	0.660733	0.733556	0.564793	0.894375	0.829472	1.110320	0.889458	1.089670	0.864521	0.677833	0.735764
187	1.327951	0.731219	1.369630	1.264968	0.649928	1.642683	1.302310	0.845093	1.687809	0.818579	0.892102	1.630107	1.435936	1.432087	1.591036	1.454732	1.333689	1.027578	0.000000	0.685516
188	-0.018497	0.080312	0.161211	0.126906	0.321722	-0.157305	0.447139	0.604596	0.275670	0.458833	0.220297	0.436788	0.821787	0.187407	0.258702	0.000000	0.286063	0.564803	0.320832	0.394958
189	-0.246200	-0.412283	0.163798	-0.185621	-0.034568	-0.097013	-0.042654	-0.418168	-0.204240	-0.310926	-0.234556	0.000000	0.480857	-0.225369	-0.197818	-0.081343	-0.059562	-0.368296	-0.056559	0.010213
190	0.564963	0.110734	1.064858	0.863843	0.227557	1.003246	0.672446	0.000000	1.063658	0.123174	0.397938	0.982931	0.788346	0.786095	1.027189	0.846314	0.737120	0.277679	-0.051881	0.159535
191	0.034144	-0.259386	0.287419	0.072335	-0.095902	0.218963	0.078217	-0.108501	0.175820	-0.185211	-0.069302	0.237424	-0.098404	0.029793	0.000000	0.187360	0.178398	0.014042	-0.324176	-0.132742
192	-0.039848	-0.299371	0.209682	-0.000712	0.181469	0.115955	0.206993	-0.068022	0.092248	0.043549	0.109097	0.228560	0.187010	0.000000	0.073369	0.115521	0.209153	0.021839	0.136257	0.212341
193	0.112639	-0.346639	0.609065	0.415886	-0.102862	0.161459	0.136199	0.151271	0.345578	0.000000	0.164756	0.422646	0.497563	0.315254	0.317444	0.250494	0.376482	0.160419	-0.105116	-0.141790
194	0.410114	-0.093670	0.876646	0.583376	0.359772	0.651613	0.569714	0.123978	0.526977	0.000000	0.243581	0.572064	0.769681	0.429360	0.402864	0.477670	0.506820	0.258723	0.243633	0.387249
195	0.121056	-0.181493	0.178988	0.029582	0.477061	0.204919	0.273860	0.128240	0.133140	0.000000	0.166411	0.056660	0.329107	0.013703	0.147078	-0.037150	0.142620	0.201846	0.473459	0.538128
196	0.198475	-0.295777	0.171117	0.207288	0.000000	0.360643	0.263000	0.176027	0.246432	0.157315	0.276265	0.132555	0.131964	0.231058	0.239049	0.154811	0.233213	0.200973	0.127662	0.209779
197	0.287169	-0.111852	0.382630	0.337564	0.214010	0.384291	0.309021	0.321104	0.341709	0.301862	0.321498	0.375039	0.000000	0.329437	0.314391	0.315138	0.406510	0.382380	0.099659	0.275582
198	0.044781	-0.319998	0.098949	0.083097	0.010406	0.084028	0.108810	0.061381	0.242384	0.061045	0.125297	0.000000	0.221046	0.122209	0.215888	0.050183	0.103962	0.085164	-0.061880	0.106293
199	0.015894	-0.217211	0.108041	0.184943	0.114105	0.029986	0.061272	0.104933	0.095353	0.070937	0.092688	-0.020509	0.089514	0.085836	0.057281	0.000000	0.139214	0.131447	0.004833	0.171163
200	-0.177205	-0.359721	0.086188	0.064359	-0.040927	-0.050188	0.018740	0.001919	0.071491	-0.020647	-0.012586	-0.023255	0.084285	-0.011186	0.026809	-0.079083	0.000000	-0.011102	-0.076962	0.024262
201	-0.256245	-0.513576	-0.289191	-0.218236	-0.136622	-0.251715	-0.149073	0.000000	-0.050549	-0.043451	-0.089392	-0.286620	-0.294938	-0.257876	-0.088960	-0.270120	-0.077951	0.055606	-0.163965	-0.016730
202	-0.014464	-0.319790	0.009450	0.025375	0.177234	0.000000	0.104495	0.020171	0.143310	0.115962	0.155750	-0.018057	0.119053	0.047993	0.168536	-0.021674	0.066475	0.041841	0.135945	0.291623
203	-0.044280	-0.306472	0.000000	0.122151	0.041986	-0.097060	0.174768	0.072751	0.267650	0.048207	0.072277	0.073353	-0.009605	0.105047	0.297829	0.026032	0.111674	0.020815	0.102201	0.174549
204	-0.021024	-0.206936	0.043797	0.106948	0.135689	-0.104624	0.128077	0.065814	0.195588	0.089685	0.083884	-0.004681	0.160679	0.096385	0.191366	0.000000	0.115892	0.005632	0.161902	0.240301
205	-0.048000	-0.337583	0.053489	0.029093	0.044625	0.000000	0.084395	-0.049535	0.145980	0.017447	0.039810	-0.023383	0.141942	0.018717	0.154867	-0.022282	0.069281	-0.012857	0.042942	0.180500
206	-0.025876	-0.274918	0.004231	0.100146	-0.067181	0.054300	0.098835	0.066157	0.207168	-0.031793	-0.028133	0.004135	-0.095362	0.049348	0.214768	-0.000247	0.109115	0.000000	-0.103185	0.053678
207	0.258135	-0.095079	0.226466	0.231839	0.334245	0.283274	0.367010	0.126394	0.390073	0.201191	0.304138	0.229451	0.000000	0.288057	0.400640	0.268850	0.281182	0.210663	0.290149	0.422770
208	0.000000	-0.298265	0.066372	0.036060	-0.030818	0.219543	0.074542	-0.149023	0.125759	-0.062524	0.011067	-0.005751	0.164480	0.014021	0.122270	0.043722	0.013072	-0.070915	-0.044696	0.053248
209	0.078224	-0.243432	0.120418	0.185872	0.106554	0.223146	0.200152	0.004038	0.249404	0.000000	0.147957	0.101156	0.030883	0.171188	0.205386	0.058384	0.083206	-0.006206	0.130108	0.198806
210	0.307437	-0.106519	0.310423	0.288317	0.361122	0.389636	0.386602	0.071264	0.342969	0.166285	0.314980	0.272551	0.000000	0.320526	0.337993	0.326044	0.318964	0.182453	0.307797	0.429361
211	0.011570	-0.305115	0.075294	0.079144	0.004812	0.094549	0.041393	-0.162641	0.077946	-0.023611	0.024848	0.003604	-0.110852	0.062189	0.055401	0.000000	-0.003671	-0.140796	-0.041956	0.057250
212	0.038740	-0.335952	0.018908	0.086884	0.216304	-0.017290	0.126795	-0.039095	0.090315	0.000000	0.146649	-0.009663	-0.158693	0.075832	0.058292	-0.002643	0.016064	-0.068815	0.274433	0.292189
213	-0.107728	-0.390820	0.119569	0.059726	-0.103242	0.025456	0.008515	-0.026184	0.078846	-0.005090	-0.024865	0.023681	-0.093647	-0.014639	0.069300	-0.018348	0.000000	-0.063621	-0.126608	-0.027006
214	-0.003793	-0.352061	-0.053197	0.026550	0.114714	0.105728	0.063555	-0.114672	0.129468	0.049341	0.000000	-0.089082	-0.340650	0.046006	0.057095	-0.019790	0.016822	-0.073573	0.054294	0.174538
215	-0.055767	-0.337449	0.085314	0.109914	0.009544	0.025333	0.078321	-0.091788	0.120988	-0.032836	0.029944	-0.010619	0.055361	0.020966	0.000000	0.019804	0.026346	-0.068127	-0.051614	0.070242
216	0.052732	-0.307288	0.156359	0.182651	0.035980	0.120515	0.087081	-0.038721	0.148237	0.075238	0.083821	0.036196	-0.039953	0.096719	0.000000	0.094217	0.088732	-0.032895	-0.002777	0.056301
217	0.006173	-0.405764	-0.072273	0.021208	0.093221	0.036729	-0.029428	-0.020086	0.004100	0.069520	0.000000	-0.134124	-0.214911	-0.031233	-0.051648	-0.034253	0.025332	0.025566	0.096584	0.153514
218	0.008554	-0.299977	0.206684	0.219017	-0.060322	0.043577	0.045256	-0.072508	0.123710	-0.004608	0.020176	0.061056	0.118672	0.073654	0.000000	0.060992	0.066065	-0.069369	-0.037931	0.000656
219	-0.071497	-0.412026	0.037416	0.000000	0.083015	-0.046153	0.059480	-0.162920	0.040249	-0.060417	-0.018390	-0.035783	-0.075403	-0.020230	0.045992	-0.022905	0.015444	-0.133189	0.067946	0.138176
220	0.052442	-0.205640	0.029790	0.086859	0.192981	0.070023	0.129979	0.081267	0.127600	0.176107	0.148503	0.014845	0.045013	0.058054	0.141818	0.000000	0.027736	0.019945	0.188890	0.257388
221	0.088395	-0.240875	0.087094	0.197220	0.075038	0.088347	0.174685	0.068464	0.235150	0.058828	0.072460	0.098446	-0.124126	0.118648	0.229844	0.066862	0.102219	0.000000	0.080808	0.186372
222	0.001053	-0.293197	-0.019077	0.025008	0.094272	-0.005575	0.064817	-0.031429	0.100926	0.050929	0.058557	-0.021692	0.102847	0.034728	0.093340	0.000000	0.056269	-0.039852	0.021985	0.122935
223	-0.048549	-0.349101	0.003623	0.075152	-0.069823	-0.054408	0.025335	-0.125315	0.092849	-0.055343	-0.009814	-0.059370	0.007462	0.010205	0.000000	-0.044665	-0.031369	-0.081478	-0.068785	-0.000985
224	0.022140	-0.382261	-0.133612	-0.000700	0.052548	0.095902	0.006440	-0.024666	0.066855	0.029710	0.000000	-0.172180	-0.230939	0.005041	0.004667	-0.003035	0.060796	0.074069	-0.000406	0.101676
225	0.019724	-0.331055	-0.020477	-0.031948	0.020966	0.076683	0.034496	-0.073380	0.055712	-0.027367	0.035403	-0.030272	0.000000	-0.024819	0.059389	0.020845	0.025641	0.015635	0.011684	0.064814
226	0.056789	-0.283441	-0.017989	0.062930	0.085047	-0.007342	0.110903	0.059852	0.136879	0.023981	0.046221	-0.011370	-0.062910	0.017439	0.138779	0.008988	0.044869	0.000000	0.123395	0.181164
227	0.016494	-0.294041	0.002697	0.051226	0.055907	-0.057886	0.060469	-0.122468	0.058870	-0.021463	0.048928	-0.051913	0.117932	0.040080	0.055341	0.000000	0.027573	-0.091879	0.073663	0.107567
228	-0.005942	-0.380118	0.057226	0.079806	-0.089821	0.011884	0.011601	-0.111128	0.132489	-0.044399	-0.000126	-0.017850	0.092009	0.067095	0.097545	0.000000	0.047939	-0.113303	-0.095284	-0.034062
229	-0.049280	-0.441971	0.101391	0.129855	-0.152648	0.035412	0.032709	-0.095740	0.180919	0.000997	0.032562	-0.019079	0.075166	0.000000	0.087125	-0.014239	0.036118	-0.066073	-0.171481	-0.099990
230	0.127997	-0.316377	0.090142	0.231649	0.048448	0.274488	0.000000	0.114119	0.318786	0.155783	0.226063	0.117161	0.153197	0.221680	0.234987	0.136945	0.258706	0.186687	-0.029109	0.124591
231	-0.052630	-0.404545	0.002290	0.091006	-0.134090	0.005380	-0.040100	-0.188833	0.135334	-0.120427	-0.030173	-0.100492	-0.095792	0.029944	0.000000	-0.014917	0.021878	-0.085559	-0.164410	-0.055264
232	-0.058258	-0.449095	-0.039457	0.012832	-0.098523	0.072688	0.108676	-0.126368	0.108216	-0.071313	-0.039488	-0.064324	0.158103	-0.045009	0.078921	-0.032132	-0.002935	-0.074395	0.080787	0.000000
233	0.123190	-0.087895	-0.098502	0.076575	0.218636	0.033398	0.117626	0.319335	0.284009	0.313275	0.331739	-0.077200	-0.118379	0.108182	0.288969	0.000000	0.143232	0.305852	0.282397	0.338927
234	-0.094946	-0.444944	0.130382	0.017835	-0.218778	0.073517	-0.029797	-0.135818	0.117913	-0.103411	-0.064004	-0.017259	0.307519	0.007063	0.080394	-0.015823	0.000000	-0.126594	-0.219646	-0.198239
235	0.090235	-0.236305	0.216717	0.195736	0.100780	0.168249	0.221044	-0.023680	0.216586	0.075124	0.149514	0.101828	0.000000	0.148381	0.195715	0.086648	0.125441	0.044074	0.164215	0.201066
236	-0.094538	-0.366167	-0.019170	0.137390	0.002928	-0.006291	0.000000	-0.087797	0.161091	0.005267	0.058231	0.001587	-0.006884	0.116226	0.111281	-0.097288	-0.012297	-0.080271	-0.044695	0.069586
237	0.000000	-0.290108	0.079173	0.088562	0.084059	0.109153	0.136464	-0.152676	0.226287	-0.093985	-0.002311	0.027889	-0.001658	0.069209	0.251049	0.069612	0.068272	-0.089048	0.111996	0.185066
238	0.064043	-0.378510	-0.085133	0.004311	0.000000	0.107504	0.242552	-0.025358	0.218855	0.014604	0.111761	0.004050	-0.042551	0.126471	0.212517	0.011772	0.048991	0.002677	0.181464	0.282497
239	-0.068971	-0.294545	-0.025947	-0.004687	0.010201	0.029086	0.026851	-0.019815	0.194896	0.028099	0.064110	-0.062284	0.120193	0.055752	0.172832	-0.041300	0.000000	-0.009319	-0.009128	0.045425
240	-0.018742	-0.407699	-0.119372	-0.086322	0.000000	0.045219	0.161350	-0.077124	0.121027	-0.044874	0.052764	-0.078622	-0.063996	0.029066	0.111623	-0.090358	-0.025255	-0.041466	0.175204	0.278505
241	0.015956	-0.317723	0.113076	0.069876	-0.036695	0.096620	0.083230	-0.155130	0.138142	-0.064093	0.020574	0.000000	0.097539	0.076408	0.157687	-0.008203	0.030687	-0.074686	-0.042867	0.061964
242	0.018446	-0.214722	0.146758	0.149820	0.026286	0.161056	0.117906	-0.097131	0.232712	-0.057804	0.044980	0.051266	0.100684	0.134741	0.215148	-0.022299	0.000000	-0.000265	0.037541	0.106703
243	0.137018	-0.103431	0.163047	0.220591	0.172646	0.132230	0.154815	0.119836	0.216451	0.124668	0.158482	0.036418	0.287425	0.156961	0.214969	0.000000	0.093436	0.133242	0.212998	0.237928
244	0.103101	-0.187500	0.149303	0.119965	0.144136	0.086978	0.165956	0.018700	0.194943	0.051490	0.111488	0.055326	0.312625	0.119852	0.202863	0.000000	0.036703	0.030572	0.193591	0.207612
245	-0.043268	-0.402926	0.114987	0.025134	-0.026030	0.002550	0.111938	-0.209568	0.099989	-0.151406	-0.065718	0.028545	0.000000	0.015938	0.091835	-0.050241	-0.047977	-0.137102	0.016779	0.081739
246	0.037147	-0.212779	0.076372	0.093534	0.124464	0.044424	0.136610	0.002002	0.167222	0.040470	0.073711	0.043169	0.262501	0.112214	0.173544	0.000000	0.087552	0.006797	0.120496	0.182531
247	0.138655	-0.146895	0.068071	0.117750	0.238238	0.001820	0.144679	0.166440	0.177645	0.154477	0.172190	-0.014400	0.129831	0.134592	0.162924	0.000000	0.088272	0.150110	0.268792	0.282210
248	-0.001445	-0.343530	0.105403	0.000000	0.091715	-0.012040	0.197795	-0.052404	0.264891	0.007172	0.030835	0.091585	0.207368	0.089666	0.228783	-0.023891	-0.015205	-0.051740	0.113523	0.186539
249	0.086988	-0.338014	0.112599	0.129042	0.079772	0.000000	0.117055	-0.192889	0.208164	-0.085628	0.049976	-0.001165	0.231487	0.121629	0.223432	0.019765	0.033404	-0.066269	0.096962	0.218513
250	0.101999	-0.195450	0.159917	0.134673	0.065577	-0.016350	0.091135	0.114572	0.202858	0.117833	0.133082	0.037718	0.191021	0.134536	0.175443	0.000000	0.091575	0.076915	0.076712	0.119686
251	0.129385	-0.265527	0.287846	0.213829	0.204737	0.122530	0.197721	0.018502	0.187407	0.000000	0.162287	0.166940	0.102056	0.147573	0.150061	0.042126	0.026405	0.029609	0.250046	0.269587
252	0.061651	-0.202847	0.266041	0.153806	-0.021210	0.130000	0.023082	-0.000162	0.040455	0.020075	0.060890	0.045527	0.219806	0.074641	-0.002057	0.000000	0.027564	-0.034725	-0.000258	0.006133
253	0.015173	-0.358068	0.197355	0.133633	-0.055394	0.112512	0.072395	-0.076565	0.082074	0.041607	0.074988	0.036402	0.020102	0.000000	0.018073	-0.028745	-0.037340	-0.073163	-0.054307	-0.016048
254	0.133794	-0.208904	0.532027	0.381129	-0.135877	0.268458	0.111995	-0.060844	0.203061	-0.034617	0.077264	0.252279	0.105329	0.265433	0.000000	0.191909	0.178352	0.023545	-0.140341	-0.079195
255	0.111684	-0.160488	0.054369	0.034993	0.125085	0.142128	0.072743	0.213940	0.170372	0.177466	0.159088	0.086543	0.213142	0.000000	0.106359	0.081744	0.180979	0.224076	0.108312	0.162183
256	0.228777	-0.103792	0.373217	0.336238	-0.075390	0.391301	0.084287	-0.016805	0.212291	-0.005071	0.118824	0.209332	0.262018	0.278628	0.000000	0.225213	0.154373	0.065178	-0.075768	-0.042030
257	0.086810	-0.243108	0.277898	0.207603	-0.012271	0.228481	0.057106	-0.027958	0.096134	-0.034449	-0.051271	0.130406	0.429521	0.125426	0.055428	0.000000	0.023135	-0.002889	0.009230	0.030702
258	-0.236400	-0.359604	0.126824	-0.042692	-0.307036	0.099367	-0.198432	-0.197373	0.002371	-0.197777	-0.249448	0.002950	0.018996	-0.092512	-0.087679	-0.087159	0.000000	-0.103230	-0.389716	-0.373673
259	0.236374	0.088440	0.010056	0.157791	0.397536	0.067058	0.180162	0.573566	0.266786	0.503948	0.486427	0.032330	-0.132801	0.202307	0.290881	0.000000	0.188046	0.557436	0.484109	0.506755
260	-0.088530	-0.206210	0.285076	0.133137	0.070076	0.431381	0.104973	-0.107514	0.157901	0.024279	0.073240	0.136276	0.104111	0.166115	0.110192	0.021765	0.000000	-0.100563	-0.029178	0.004344
261	0.029059	-0.220560	0.157725	0.060043	-0.192104	-0.007035	-0.013261	-0.022839	0.089343	-0.067864	-0.047344	0.101403	0.000000	0.035026	-0.034883	0.081774	0.129102	0.097132	-0.215576	-0.082292
262	0.035561	-0.272620	0.131205	0.136480	-0.165310	0.222785	-0.007468	-0.092079	0.104881	-0.041606	0.034040	0.000000	0.123276	0.156282	0.115410	0.022552	0.039344	-0.042003	-0.141961	-0.122276
263	0.328659	0.080724	0.268546	0.307924	0.215281	0.369275	0.404125	0.069749	0.464901	0.166009	0.273048	0.294004	0.180835	0.374705	0.487450	0.259399	0.291609	0.000000	0.288062	0.352071
264	0.053066	-0.249268	0.061327	0.177491	0.081931	0.302357	0.000000	0.017571	0.249105	0.229388	0.227871	0.107856	0.065123	0.173116	0.181378	-0.002366	0.074144	0.004650	-0.031324	0.102876
265	0.146192	-0.186009	0.124582	0.134281	0.073220	0.396137	0.112677	-0.117570	0.268506	-0.002245	0.000000	0.079867	0.088396	0.164232	0.227669	0.143173	0.184720	-0.017635	0.050595	0.151761
266	0.189931	-0.004313	0.421156	0.364728	0.175804	0.344446	0.255510	0.069533	0.230492	0.131524	0.188168	0.286857	0.241431	0.208335	0.234646	0.242227	0.303127	0.000000	0.288219	0.252251
267	0.115144	-0.123878	0.064286	0.134369	0.151837	0.266994	0.219648	-0.010217	0.243883	0.110958	0.142179	0.143147	0.083666	0.172097	0.268187	0.000000	0.056224	-0.033714	0.197294	0.266269
268	-0.028071	-0.117119	0.155889	0.113500	0.037949	0.081684	-0.034487	0.013463	0.206085	0.080834	0.112287	0.005316	-0.014027	0.037328	0.216427	-0.011284	0.000000	0.043026	0.118563	0.041012
269	-0.003992	-0.105156	0.135444	0.132017	0.007195	0.030840	0.105603	0.053033	0.188573	0.069564	0.102723	0.103890	0.178511	0.084121	0.169083	0.001667	0.000000	0.060927	0.008555	0.118917
270	0.063573	-0.080037	0.139016	0.024911	0.274699	0.235189	0.201701	-0.040562	0.115814	0.000000	0.123649	0.149516	-0.018491	0.039118	0.122633	0.059319	0.046165	-0.071391	0.340954	0.314687
271	0.149505	-0.087220	0.181543	0.065158	0.148447	0.280644	0.196863	0.011759	0.165846	0.057563	0.142812	0.193821	0.000000	0.103899	0.201081	0.140535	0.173200	0.134514	0.167105	0.257033
272	0.096638	-0.081907	0.045165	0.071471	0.198929	0.175004	0.185017	0.045439	0.178085	0.048360	0.091488	0.096313	0.047006	0.065141	0.190400	0.061729	0.093957	0.000000	0.243998	0.314942
273	0.207606	-0.123224	0.000000	0.205843	0.228710	0.245612	0.313934	0.143452	0.362900	0.208821	0.296346	0.153232	0.097645	0.272694	0.382970	0.034734	0.077392	0.185048	0.203763	0.288133
274	-0.026978	-0.123634	0.040031	0.033967	0.122570	0.182086	0.035400	0.009383	0.060450	0.027450	0.054895	0.019647	0.050428	0.020950	0.067817	0.000000	0.088161	0.046301	0.057146	0.153928
275	0.080385	0.169265	0.395240	0.299894	0.447063	0.232985	0.332626	0.247015	0.079551	0.222381	0.249162	0.276949	0.691470	0.142556	0.000000	0.141187	0.230430	0.287550	0.403992	0.494310
276	0.040086	-0.181460	0.092622	0.025627	0.208326	0.322187	0.138451	-0.007257	0.046116	0.018703	0.000000	0.106430	0.641645	0.039538	0.009283	0.037982	0.130061	0.164134	0.193876	0.256128
277	0.260175	0.007513	0.476812	0.288617	0.264594	0.552649	0.350722	0.000000	0.313813	0.122505	0.191363	0.461568	0.880725	0.257484	0.279831	0.401330	0.403997	0.223369	0.265613	0.313061
278	0.101030	-0.006669	0.289158	0.000000	0.326288	0.485753	0.358933	0.024695	0.363480	0.060518	0.180562	0.352780	0.936164	0.215125	0.382028	0.234730	0.254213	0.160759	0.204474	0.342656
279	-0.221548	-0.231695	0.000000	-0.125522	0.057693	0.181526	0.090930	-0.169501	0.004893	-0.210175	-0.112764	0.085847	0.834069	-0.063375	0.042616	0.024178	0.106745	-0.044361	0.043229	0.086837
280	0.000000	-0.187082	0.395230	0.189591	-0.020262	0.430264	0.094453	-0.158200	0.184869	-0.227313	-0.110822	0.222616	0.758123	0.088378	0.127899	0.219186	0.224506	0.057133	-0.112059	0.021685
281	0.098140	-0.130163	0.451560	0.263433	0.196615	0.422934	0.236351	0.000000	0.227717	0.007426	0.084311	0.262526	0.829993	0.145999	0.146463	0.225702	0.311536	0.236916	0.195715	0.247116
282	0.312005	0.221542	0.867091	0.725087	0.444467	0.546009	0.416206	0.321410	0.195452	0.254647	0.363562	0.454575	0.949729	0.430210	0.000000	0.452202	0.545943	0.516735	0.499043	0.486384
283	0.015427	-0.097705	0.237937	0.181246	0.168801	0.197129	0.082177	0.068541	0.033015	0.050152	0.077880	0.088864	0.547083	0.083753	0.032518	0.000000	0.146488	0.152392	0.182027	0.216033
284	-0.068146	-0.385906	0.290974	0.305786	-0.028633	0.094181	0.000000	-0.172047	0.068542	-0.131615	-0.053857	0.136380	0.291457	0.117886	-0.008939	-0.036494	0.026625	-0.104367	-0.066390	0.018975
285	0.164796	-0.061730	0.072206	0.237494	0.227795	0.097100	0.121919	0.346951	0.214527	0.207183	0.236110	-0.013927	0.219795	0.154847	0.239575	0.000000	0.152482	0.381863	0.247931	0.332432
286	-0.107584	-0.432749	0.103793	0.000000	-0.026698	-0.138004	0.067811	-0.237916	0.077100	-0.155003	-0.039626	-0.018693	-0.085735	0.011792	0.075372	-0.076959	-0.045738	-0.174923	0.050264	0.062985
287	0.056459	-0.177699	0.126416	0.198512	0.113233	0.005912	0.159936	0.075202	0.254605	0.048116	0.097398	0.054390	0.340003	0.181299	0.269697	0.000000	0.100120	0.070275	0.160601	0.220449
288	0.000000	-0.333680	0.089675	0.108748	-0.088352	0.013741	0.098643	-0.249772	0.173041	-0.196317	-0.082644	0.009025	0.284602	0.067733	0.195859	0.027078	-0.016955	-0.144998	-0.017843	0.024218
289	0.159079	-0.057116	0.045140	0.200258	0.104019	0.052490	0.157589	0.205960	0.292503	0.137599	0.179927	0.003009	0.410047	0.199460	0.276879	0.000000	0.086919	0.206809	0.129258	0.197878
290	-0.099359	-0.523408	0.024496	-0.016266	-0.190880	-0.059708	-0.003051	-0.365721	0.005938	-0.302395	-0.177912	-0.106852	0.000000	-0.038332	-0.016898	-0.097207	-0.121836	-0.249352	-0.178602	-0.093851
291	0.092652	-0.236430	0.050557	0.158694	0.093686	0.114527	0.141411	-0.136101	0.206561	-0.050957	0.042980	-0.013936	0.447717	0.185721	0.208153	0.000000	0.000518	-0.092187	0.075672	0.137835
292	0.000000	-0.423569	0.158486	0.113779	-0.127194	0.055390	0.130840	-0.249956	0.276939	-0.274097	-0.139168	0.031200	0.238287	0.103618	0.265848	0.029558	-0.032129	-0.158523	-0.061070	0.021558
293	0.181798	-0.221131	0.302520	0.311348	0.070880	0.136223	0.272165	0.061113	0.374901	0.000000	0.120159	0.209871	0.449811	0.254008	0.310280	0.100824	0.094919	0.082800	0.128076	0.168274
294	0.109520	-0.161502	0.032138	0.134588	0.203961	0.007783	0.177094	0.064836	0.275443	0.036249	0.110311	-0.019696	0.318332	0.159431	0.265861	0.000000	0.081161	0.112035	0.201881	0.267640
295	0.102866	-0.199655	0.126014	0.208825	0.079355	0.043465	0.186546	-0.044967	0.289976	-0.027351	0.043490	0.036438	0.497672	0.197599	0.277025	0.000000	0.036637	0.008890	0.097846	0.166048
296	0.130668	-0.181352	0.056847	0.205507	0.131597	0.000844	0.168325	0.201079	0.273628	0.144977	0.176062	-0.010336	0.197282	0.189367	0.251463	0.000000	0.091548	0.223473	0.133127	0.227611
297	-0.216767	-0.595481	-0.049351	-0.077718	-0.263596	-0.210745	-0.065062	-0.320862	-0.010597	-0.280260	-0.232263	-0.143107	0.000000	-0.110102	-0.043419	-0.191220	-0.189244	-0.282656	-0.230362	-0.156877
298	0.020715	-0.287361	0.121681	0.171027	-0.036965	0.013025	0.166548	-0.188469	0.239718	-0.090036	0.003927	0.000000	0.292878	0.183425	0.227763	0.008156	0.013140	-0.165105	-0.026181	0.073110
299	-0.012785	-0.299439	0.092889	0.085383	-0.111921	-0.012429	0.141425	-0.287660	0.274920	-0.235897	-0.135198	0.000000	0.187741	0.136264	0.262894	-0.014890	-0.012157	-0.192300	-0.084176	0.027217
300	0.244806	-0.152847	0.237997	0.294750	0.150876	0.245992	0.333645	0.092511	0.369998	0.000000	0.163702	0.197329	0.506511	0.277451	0.320675	0.135838	0.113620	0.145964	0.185175	0.247200
301	0.107725	-0.117061	0.020035	0.111692	0.164193	0.039651	0.153542	0.128643	0.232788	0.084956	0.151649	-0.037057	0.244314	0.147109	0.216076	0.000000	0.079926	0.141399	0.179883	0.226022
302	-0.185126	-0.524261	-0.095933	-0.125297	-0.168925	-0.134536	-0.025866	-0.282385	-0.001392	-0.210940	-0.146800	-0.162815	0.000000	-0.117018	-0.012118	-0.187384	-0.167732	-0.233725	-0.125831	-0.078467
303	-0.087928	-0.295156	0.002472	0.092538	0.039432	-0.028778	0.117452	-0.054753	0.258975	-0.032852	0.035075	-0.020006	0.136822	0.116338	0.238113	-0.039235	0.000000	-0.034160	0.028377	0.111217
304	0.093338	-0.235529	0.044646	0.099860	0.110529	0.000000	0.167555	-0.099283	0.313018	0.021161	0.107882	0.027320	0.018284	0.167919	0.295468	0.086523	0.119092	-0.021425	0.115124	0.213962
305	0.346084	-0.133778	0.358201	0.439910	0.196257	0.391927	0.485291	0.216304	0.484073	0.160148	0.213229	0.378596	0.403752	0.425360	0.470416	0.378358	0.379438	0.221807	0.000000	0.398311
306	0.136208	-0.051974	-0.074238	0.072781	0.239433	0.022977	0.145079	0.212438	0.232194	0.121625	0.199468	-0.032451	0.087852	0.119067	0.253698	0.000000	0.087229	0.190197	0.261542	0.315166
307	-0.059369	-0.400055	-0.005213	0.021935	-0.270387	0.019924	0.032824	-0.203067	0.206580	-0.108570	-0.045019	-0.055437	0.010515	0.000000	0.148036	-0.047289	-0.057685	-0.151812	-0.249357	-0.185954
308	-0.092106	-0.428130	-0.189220	-0.164106	-0.011065	-0.035319	0.008533	-0.191583	0.104289	-0.110730	-0.061260	-0.114229	0.000000	-0.084859	0.113141	-0.112618	-0.104956	-0.155113	-0.024075	0.048667
309	-0.153319	-0.429821	-0.182521	-0.043733	-0.304937	-0.268779	-0.086033	-0.245899	0.000000	-0.213786	-0.175229	-0.177783	-0.040480	-0.075224	0.014472	-0.167653	-0.204483	-0.254390	-0.262689	-0.218829
310	0.059375	-0.165881	-0.224572	0.051165	0.238505	0.040332	0.159024	0.259966	0.350141	0.205499	0.281338	-0.093040	0.262225	0.152250	0.389528	-0.014021	0.000000	0.249205	0.179976	0.277396
311	0.132664	-0.343581	-0.015927	0.023545	0.031343	0.002358	0.154386	-0.136095	0.253774	-0.107612	0.042026	0.054085	0.000000	0.130229	0.267895	0.121579	0.095527	0.014345	-0.025430	0.095720
312	0.219646	-0.210995	0.190070	0.230942	0.049790	0.250938	0.312133	0.057420	0.366573	0.034623	0.080425	0.250364	0.288829	0.263344	0.355835	0.255884	0.202861	0.000000	0.030609	0.157724
313	0.055125	-0.280062	-0.085564	-0.049770	0.092764	0.112677	0.198936	-0.134421	0.252260	-0.082261	0.033796	0.054994	0.000000	0.105575	0.284375	0.076746	0.047500	-0.062470	0.116103	0.204275
314	0.000000	-0.319016	-0.103220	-0.033151	-0.028026	0.084763	0.069834	-0.112417	0.225289	-0.106503	0.001867	-0.036266	-0.063365	0.026584	0.266444	0.057378	0.018630	-0.051582	-0.020914	0.061294
315	-0.037954	-0.357310	-0.112218	0.049126	-0.017774	-0.062617	0.081997	-0.049991	0.203737	0.062429	0.104038	-0.054512	0.004221	0.000000	0.186881	-0.020232	-0.010348	-0.028397	-0.072056	0.030467
316	-0.148746	-0.510812	-0.320018	-0.114083	-0.344977	-0.251743	-0.191240	-0.259826	0.067130	-0.303277	-0.203101	-0.265536	-0.132723	-0.126760	0.000000	-0.149263	-0.155189	-0.181769	-0.341251	-0.263150
317	0.074469	-0.294717	-0.041333	0.000000	0.080466	0.104101	0.128596	0.003143	0.297038	0.044064	0.109428	0.056859	-0.000804	0.091873	0.276596	0.081778	0.077480	0.030595	-0.027236	0.105113
318	-0.101104	-0.421086	-0.298207	-0.096218	-0.229591	-0.125657	-0.141317	-0.161978	0.032587	-0.198296	-0.111190	-0.238253	-0.219633	-0.098266	0.000000	-0.157517	-0.112021	-0.082352	-0.316557	-0.172570
319	0.000000	-0.360070	-0.087190	0.007956	-0.069182	0.116977	0.027144	-0.072494	0.161721	-0.062442	-0.005477	-0.071977	0.044096	-0.001724	0.198362	0.036294	0.041097	-0.005070	-0.072143	0.014973
320	0.115847	-0.250295	-0.017015	0.041779	0.154039	0.140910	0.187868	-0.002939	0.211392	0.040882	0.131608	0.049546	0.000000	0.094754	0.250441	0.109796	0.120165	0.075402	0.164380	0.224762
321	-0.131207	-0.331188	-0.334545	-0.160174	0.051441	-0.202368	-0.030606	0.102579	-0.004692	0.001128	-0.026794	-0.234755	-0.140557	-0.172831	0.038663	-0.193151	-0.055790	0.000000	0.125763	0.153443
322	0.050325	-0.245693	-0.224956	-0.093728	0.195575	-0.087143	0.100484	-0.015546	0.155070	0.020524	0.069224	-0.103165	-0.135708	0.035544	0.200843	0.000000	0.047580	0.019565	0.118921	0.237502
323	0.048477	-0.332625	-0.054138	-0.019020	0.152387	0.000000	0.117685	-0.124791	0.167179	-0.044856	0.064385	-0.039741	0.183196	0.045774	0.213597	0.062209	0.060685	-0.043322	0.161728	0.247972
324	-0.066272	-0.303111	-0.203031	-0.050481	0.047951	-0.157729	0.019289	0.094723	0.157124	0.059518	0.065372	-0.113354	-0.263744	0.010928	0.197987	-0.027897	0.000000	0.082540	-0.022317	0.078396
325	0.043845	-0.206784	-0.042467	0.007821	0.176493	0.109384	0.189363	-0.034084	0.208733	0.069194	0.131407	0.016263	0.087790	0.000000	0.201036	0.068005	0.070436	0.007907	0.185649	0.224651
326	0.118779	-0.244140	-0.038186	0.000000	0.167124	0.085945	0.161021	0.044836	0.240132	0.042277	0.098140	0.081009	-0.024008	0.075026	0.260191	0.133827	0.154242	0.114687	0.101456	0.211393
327	-0.202989	-0.385547	-0.365168	-0.191829	-0.089496	-0.180533	-0.089349	-0.202873	0.000000	-0.158699	-0.099401	-0.252616	-0.338393	-0.136701	0.013090	-0.157925	-0.159555	-0.199735	-0.137238	-0.057828
328	0.156296	-0.105080	0.013564	0.111546	0.252881	0.073832	0.190097	0.112974	0.304460	0.153143	0.192850	0.000000	0.101277	0.168307	0.318820	0.153444	0.202851	0.141574	0.163941	0.281995
329	-0.190853	-0.343884	-0.285499	-0.143000	-0.069968	-0.177551	-0.081068	-0.149969	0.000000	-0.111586	-0.045497	-0.231955	-0.218746	-0.132232	0.037193	-0.114674	-0.088099	-0.110997	-0.152846	-0.064660
330	-0.085311	-0.461572	-0.317492	-0.134088	0.044487	-0.121371	-0.091003	0.000000	0.002502	0.052775	0.055238	-0.267331	-0.247758	-0.177716	0.007412	-0.147769	-0.027821	0.141860	-0.038018	0.077106
331	-0.077306	-0.227378	-0.143408	-0.053173	0.101263	0.013581	0.029225	-0.018716	0.056999	0.011799	0.058129	-0.136373	-0.113915	-0.085305	0.000000	-0.063018	0.024059	0.067229	0.011204	0.122151
332	0.076012	-0.174646	0.030511	0.046025	0.366763	0.125287	0.230792	0.150393	0.198624	0.216473	0.209761	0.050877	0.000000	0.057434	0.197744	0.106093	0.128263	0.197333	0.288344	0.408054
333	-0.170259	-0.329688	-0.347176	-0.189675	0.203349	-0.113645	-0.012080	-0.015416	0.042914	0.016101	0.024881	-0.298703	-0.292218	-0.191522	0.000000	-0.168685	-0.100617	0.030642	0.129964	0.242058
334	-0.049744	-0.311765	-0.218314	-0.162257	0.233970	0.000000	-0.018548	-0.002767	0.062630	0.101707	0.104368	-0.203569	-0.144554	-0.082919	0.084209	-0.094418	-0.004044	0.046068	0.176819	0.290472
335	0.066378	-0.148299	-0.057590	0.050938	0.380974	0.168019	0.223150	0.187743	0.178967	0.316597	0.318467	-0.040096	-0.142532	0.000000	0.197678	0.018224	0.103100	0.168998	0.394795	0.434150
336	-0.109423	-0.365111	-0.259857	-0.107396	0.069329	-0.027073	-0.029258	-0.028498	0.037422	-0.022006	0.053783	-0.241735	-0.241206	-0.108226	0.000000	-0.141064	-0.045602	0.003330	0.009791	0.117851
337	0.736930	0.299443	0.000000	0.462193	0.935588	0.657182	0.748999	0.655166	0.796119	0.674878	0.788597	0.413999	0.496578	0.622991	0.918769	0.554735	0.675806	0.761334	0.915568	0.963034
338	0.144409	-0.190803	-0.374960	-0.066105	0.424533	0.186668	0.151425	0.112897	0.248926	0.101044	0.145588	-0.172027	0.043204	0.087605	0.370499	0.000000	0.118987	0.181452	0.395091	0.435632
339	0.115669	-0.131213	-0.543852	-0.583462	-0.243517	0.506303	0.162735	0.058312	0.606319	-0.009943	-0.011103	0.195747	0.509353	-0.017336	0.713203	0.000000	0.146844	0.369840	-0.766459	-0.192621
340	-0.040954	-0.060289	0.009987	-0.016309	0.175736	0.270956	0.095266	0.254107	0.001939	0.250401	0.168336	0.191497	0.147000	0.015715	0.121110	0.105298	0.336294	0.348897	0.072634	0.000000
341	-0.007646	-0.210701	0.098543	-0.035027	0.038227	0.493596	0.221590	0.177619	0.177389	-0.115445	-0.143875	0.210975	0.835398	-0.026532	0.268117	0.374100	0.548260	0.327279	0.187515	0.000000
342	1.920410	1.127266	1.571183	1.901012	0.634991	2.198791	1.556083	1.136855	2.618257	1.697699	1.717040	1.801461	2.175095	2.239655	2.637824	1.739076	1.506311	1.241986	0.000000	0.442458
343	1.254071	0.792992	1.279045	0.000000	1.331878	1.595359	1.316728	1.293263	1.539075	1.046686	1.203585	1.392511	2.620185	0.999483	1.629097	1.354173	1.589277	1.290812	1.318560	1.081592
344	2.872945	2.081458	3.454441	3.402642	1.493043	3.216565	2.874547	0.000000	3.007006	1.078974	1.694882	3.348507	3.098342	3.197274	3.167421	3.255015	2.777547	1.041570	2.346686	2.148457
345	0.476843	0.459747	-0.409386	0.000000	1.198765	0.936240	0.481303	1.169590	0.928279	0.933676	1.076169	0.337244	-0.322849	0.688591	1.194853	0.362501	0.892279	1.023211	1.203999	1.185970
346	0.000000	0.196784	1.320025	0.779035	0.219868	0.782446	0.539695	0.318554	0.151239	0.571512	0.311069	1.005778	-0.850053	0.562104	0.221060	0.431694	0.745773	0.380473	-0.545209	0.163000
347	0.204488	0.268941	0.103965	0.233124	1.010317	0.168996	0.402216	1.143662	0.339888	1.084917	0.834928	0.194709	1.407412	0.505153	0.539401	0.000000	0.517829	0.995872	0.870903	0.914530
348	0.813218	0.558411	0.344456	0.000000	1.443667	1.605612	1.039429	1.433533	1.008299	0.944308	0.822186	1.108785	3.278620	0.536929	1.278436	0.852787	1.307416	1.555629	1.330066	1.466799
349	2.799122	1.265220	3.323033	3.285546	1.160854	3.459290	3.180943	0.085555	3.366706	-0.504869	0.843851	3.325491	3.089681	3.228055	3.326642	3.397295	2.648164	0.000000	2.122620	2.163745
350	0.671655	0.199164	0.865807	0.177701	0.512713	1.526057	0.582076	-0.179134	0.318685	0.188178	0.000000	0.875001	2.523966	0.126775	0.439044	0.459221	0.045115	-0.196005	0.708247	0.657944
351	1.911973	0.778736	2.628123	2.203667	0.391504	2.438816	1.783060	0.661387	2.013177	0.000000	0.530750	2.308121	2.128388	1.963085	2.153672	2.137822	1.653753	0.855551	0.811294	0.583702
352	-0.011476	-0.497715	0.078483	0.021109	-0.095742	-0.183758	-0.097553	-0.174910	-0.051684	-0.789023	-0.620310	0.157731	1.864607	-0.267181	0.096757	0.000000	-0.187533	0.061872	0.290233	-0.019307
353	0.151037	-0.328513	0.221568	-0.552751	0.226804	0.508317	0.229131	-0.098310	0.187217	0.154124	0.042003	0.519070	1.596535	-0.065468	0.303724	0.253911	0.000000	-0.252976	0.291050	0.176915
354	0.374881	-0.232901	1.637328	0.283226	-0.758806	1.053758	-0.182764	-0.465273	0.011684	-0.797173	-0.235490	0.926873	0.357732	0.265676	0.000000	0.775737	0.696564	-0.329170	-0.207007	-0.721094
355	2.194278	1.277141	2.550854	2.195864	1.439858	2.572245	2.318539	0.000000	2.336754	0.164954	1.055330	2.683894	2.462388	2.304562	2.490192	2.556017	2.080954	0.858316	1.815697	1.772399
356	1.147297	0.972711	2.091181	1.803345	1.441098	0.000000	1.723085	2.161968	1.656634	1.640722	1.587743	1.709311	2.790000	1.724170	1.758689	1.338262	2.054226	2.009684	1.637969	1.575802
357	0.414013	-0.014715	-0.206702	-0.258269	0.670566	0.813536	0.439007	0.527228	0.748483	0.755994	0.497247	0.370292	1.878148	0.287200	0.764803	0.000000	-0.058362	0.263828	0.637113	0.678198
358	2.573848	1.890358	1.885263	2.046248	2.566492	0.000000	2.418042	3.063113	2.700448	2.745756	2.697754	2.180909	2.511568	2.664261	2.786821	2.268067	2.488404	3.125630	2.604326	2.653983
359	0.081134	0.009891	0.152519	-0.027432	0.354950	0.161854	0.316365	0.429184	0.502588	0.479692	0.373140	0.303116	0.273086	0.298171	0.446514	0.000000	0.000493	0.269656	0.470267	0.376627
360	1.062871	0.682675	1.442623	0.959680	0.000000	1.323558	1.154135	0.556317	1.759210	0.695434	0.775974	1.747474	2.013781	1.385295	1.731878	1.436852	1.355083	0.958108	0.523361	0.414342
361	1.491604	1.654895	2.901745	2.580765	1.639497	0.000000	2.335590	2.360859	2.666082	2.331094	2.174363	2.884918	2.863309	2.634946	2.952946	2.178878	2.562650	2.094568	2.063030	1.930559
362	0.975780	0.347048	-0.748084	-0.081845	1.259155	1.655354	0.857662	0.546340	1.338315	1.031239	1.024213	0.362620	1.827567	0.905704	1.296098	0.419723	0.000000	0.464152	1.066090	1.119302
363	1.522713	0.960907	2.314016	1.994186	1.722336	2.321170	2.199527	0.103840	1.512097	0.337614	1.055878	2.235037	2.497125	1.736263	1.830287	1.790234	1.355820	0.000000	1.874408	1.990105
364	3.289967	2.285338	4.386059	3.936661	0.608725	3.639421	2.038429	2.710235	3.271556	2.417672	2.433392	3.615727	4.244544	3.425151	2.751688	3.496055	3.413329	2.706439	1.329199	0.000000
365	0.654149	0.726319	2.502436	1.301413	0.650961	1.858555	0.811027	0.506060	0.000000	0.016861	0.425441	1.645866	2.987261	0.586679	0.187392	1.169720	1.323342	0.762214	0.782047	0.617763
366	0.753947	1.573949	2.834840	2.561316	1.845075	0.000000	2.548489	1.922166	2.515643	1.893328	2.029478	2.614563	3.124385	2.630540	2.526917	2.212614	2.455677	1.651466	1.945184	2.070699
367	1.308516	0.379730	1.661809	1.071638	0.247743	1.768207	0.124884	0.362564	0.000000	0.609727	0.693110	0.675049	2.811044	0.588902	-0.117429	0.739687	0.541134	0.625017	0.228747	-0.152248
368	2.134124	1.200169	2.814223	2.732555	0.536249	2.602393	1.522864	1.421293	2.414783	1.074754	1.553003	2.293650	2.055490	2.335520	2.216564	2.333089	2.320011	1.560496	0.000000	0.198542
369	0.584577	0.026593	0.655412	0.733739	0.911605	0.306176	0.000000	1.434287	0.203535	1.051144	0.624673	0.087496	1.104145	0.263738	0.111418	0.731354	1.287234	1.525007	0.959533	1.025529
370	1.378152	0.926855	1.615581	1.436841	1.550720	0.000000	1.599777	2.023435	1.428633	1.895703	1.459839	1.471388	2.271707	1.479776	1.592217	1.262612	1.409202	1.786420	1.729444	1.730197
371	0.439526	-0.284543	0.000000	-0.054584	0.077641	1.179448	0.279711	-0.155098	0.390408	-0.357066	-0.260205	0.004367	0.403608	0.097643	0.509323	0.449168	0.150434	0.038071	-0.217703	-0.009263
372	2.088754	1.318976	3.720043	3.696025	2.625899	3.482907	3.365061	1.027391	3.140297	1.877280	2.270848	3.207109	3.228925	3.394263	3.086023	3.049450	2.446865	0.000000	3.123080	2.823834
373	0.000000	-0.192013	1.879815	1.500413	-0.052205	1.226325	1.086190	0.009800	1.427226	-0.487512	-0.029905	1.491670	2.588456	1.229512	1.463301	1.218540	1.374023	0.144839	0.531504	0.367811
374	2.256937	1.578225	3.549577	3.373753	1.734336	3.199607	3.204565	0.300813	3.356882	1.497576	2.006101	3.345325	2.892889	3.321566	3.285726	3.314309	2.595350	0.000000	2.319596	2.275024
375	1.397526	0.436193	3.137661	2.332214	0.377160	2.365788	1.515187	0.291455	0.000000	-0.106122	0.195922	2.203905	2.811502	1.350821	0.708018	1.669119	1.251992	0.588853	0.694295	0.642043
376	2.324733	1.272850	3.687738	2.379901	1.519968	3.282274	2.533976	0.000000	1.877041	0.637897	0.982877	3.062566	3.870542	2.019692	2.016303	2.684572	2.133857	0.485323	2.042496	1.897217
377	2.205454	1.464796	3.313590	3.372495	0.665617	2.658220	2.487054	0.931784	2.911002	0.000000	0.722268	3.063456	2.770958	2.954686	2.852300	2.905011	2.539819	1.666168	1.951893	1.695468
378	0.230019	-0.131299	0.059483	0.352835	0.204947	0.196220	-0.362909	0.426643	0.000000	0.079349	0.302746	-0.464159	0.655652	0.137718	0.193169	0.088627	0.238834	0.552182	0.200507	0.054797
379	0.875087	0.415745	1.324097	1.313610	0.502044	1.335778	1.147953	-0.204693	1.155343	0.074526	0.298905	1.045797	1.546106	0.925696	1.330167	1.076848	1.063508	0.000000	0.096303	0.734417
380	-0.179300	-0.049649	-0.235403	-0.092861	0.202580	0.127565	-0.095639	0.149801	-0.380468	0.055813	0.069549	-0.184972	-0.270172	-0.218963	-0.141755	-0.264018	-0.120510	0.000000	0.296148	0.314479
381	0.234108	0.094768	0.000000	0.266950	0.495878	0.650125	0.328234	0.592178	0.378247	0.571761	0.513105	0.025064	1.478034	0.287061	0.555370	0.171096	0.366403	0.582489	0.596514	0.523956
382	0.218648	0.407028	1.426234	1.430082	0.385101	1.131709	1.229037	0.495243	1.550202	0.557576	0.580150	1.446228	0.000000	1.427057	1.714780	0.997742	1.070040	0.403428	0.372535	0.500963
383	1.015254	0.866035	0.682253	1.147876	1.153204	0.919112	1.194209	1.382670	1.173081	0.967965	1.133468	0.543461	1.760667	1.148258	1.222101	0.134638	0.000000	1.320653	1.281919	1.362793
384	0.255405	0.271896	0.288815	0.114460	0.477553	0.820592	0.585536	0.180898	0.502723	0.188701	0.405740	0.616832	0.000000	0.438793	0.719773	0.587005	0.631597	0.304596	0.565601	0.619750
385	0.543987	0.552813	0.271925	0.000000	0.774815	0.848402	0.785956	0.738622	0.785198	0.539504	0.651421	0.774717	1.367819	0.547580	0.993182	0.724870	0.797787	0.751683	0.636239	0.765062
386	0.798162	0.567483	0.892097	0.660156	0.696675	1.630641	0.932700	0.176976	1.082811	0.159892	-0.075078	1.160992	2.681378	0.000000	1.307269	1.254288	0.868245	0.283149	0.711414	0.868668
387	1.355297	0.358984	1.809123	0.725580	0.000000	2.207450	1.284853	0.172060	1.356577	-0.349174	-0.192319	1.703888	3.191679	1.047184	1.296957	1.705119	1.290631	0.665332	0.234888	0.305979
388	0.070250	0.182479	0.435305	-0.023998	0.630083	0.835777	0.582545	0.391060	0.185968	0.168990	0.193059	0.506453	2.868893	0.000000	0.192146	0.478283	0.534646	0.596572	0.545664	0.637417
389	0.000000	0.843337	1.468274	0.715321	0.950227	1.524889	1.303667	0.524544	1.819320	0.388188	0.520534	1.747871	2.996821	1.039514	1.819481	0.861585	0.866897	0.714205	0.640445	0.888570
390	2.772839	1.788424	3.210549	3.026904	0.000000	3.052704	2.752699	1.983030	2.904492	1.835157	2.012661	3.168709	3.489569	2.971772	2.845084	3.051064	2.906809	2.216429	1.265177	1.408176
391	0.660510	-0.038810	1.533750	0.973263	-0.212039	1.400379	0.625906	0.057406	0.151164	-0.417687	-0.477934	0.878591	2.701586	0.441072	0.000000	0.982234	0.920023	0.455182	-0.168811	-0.005068
392	0.074283	0.021405	-0.571390	-0.424929	0.526004	0.512994	0.399429	0.533278	0.393892	0.394331	0.225494	0.000000	2.293816	0.110885	0.424808	0.214528	0.393130	0.585086	0.490044	0.595629
393	-0.337598	-0.588832	0.627955	0.000000	-1.424475	0.404907	-0.204252	-1.283869	0.482253	-1.745514	-0.976610	0.506169	0.900185	0.053118	0.456847	0.400100	-0.405000	-0.953140	-1.248282	-1.061629
394	1.251876	0.531658	2.590899	2.308147	0.970388	2.149100	2.375068	0.120712	2.289768	-0.073940	0.400661	2.297027	2.735418	1.975053	2.314318	2.158248	1.488720	0.000000	1.236574	1.628502
395	0.000000	0.031664	0.288719	0.182540	0.319578	0.791191	0.383017	0.322299	0.184146	0.096106	0.101654	0.270382	3.037030	0.261269	0.087769	0.323669	0.554721	0.594497	0.372298	0.409424
396	0.639738	0.419212	1.331747	0.727235	0.439012	1.440219	0.929891	-0.016863	0.666351	0.257760	0.221667	0.997684	2.875045	0.569328	0.575250	0.979823	0.742957	0.000000	0.260644	0.537716
397	1.427605	1.015032	2.581854	2.089933	0.078713	2.104287	1.205484	0.944687	1.174915	0.000000	0.227720	1.923079	2.755095	1.229413	0.851771	1.812828	1.971820	1.620326	-0.062931	0.537530
398	0.920349	0.936799	3.184529	1.957968	1.496863	2.062000	1.341572	0.889220	0.290516	1.265061	0.791792	2.147339	3.840014	0.922284	0.000000	1.152766	1.522401	0.896604	1.350880	1.314718
399	0.225314	0.210584	0.771837	0.386388	0.918966	0.277365	0.506083	0.168325	0.000000	0.263794	0.135345	0.476212	2.356089	0.042137	0.134322	0.267303	0.295389	0.288241	1.024491	0.860958
400	0.117417	-0.082609	1.409006	1.103070	0.793886	1.216357	1.213939	-0.596813	1.583419	-0.667682	-0.052454	1.064489	1.737429	0.973083	1.643303	0.485186	0.000000	-0.589418	1.367517	1.273237
401	0.718364	-0.056341	0.062151	0.508975	0.023181	0.882190	0.051239	0.228057	0.264839	0.393596	0.491986	-0.108369	1.596112	0.480170	0.000000	0.374423	0.494594	0.447677	-0.039817	-0.038519
402	1.519772	1.402810	1.213307	1.896325	1.549580	1.404314	0.000000	2.603091	1.841830	1.959149	1.999624	1.337470	2.427813	1.727637	1.875099	1.559056	2.329597	2.616037	1.871711	1.598969
403	-0.124531	-0.013523	0.294959	-0.090165	0.278993	0.558565	0.102485	0.217013	0.024805	0.121647	0.140492	0.375231	-1.168463	-0.012398	0.212160	0.189991	0.306056	0.000000	0.264566	0.358683
404	0.640270	0.204867	2.151489	1.401901	-0.384640	1.400450	-0.014815	1.354702	1.638129	1.136261	0.877489	0.000000	1.933828	1.011668	1.335676	0.907470	1.394338	1.154007	-0.105631	-0.621207
405	2.256256	1.197625	3.328458	3.206754	1.916698	3.245085	2.907085	0.000000	3.145401	0.403094	1.380281	2.811928	3.192730	2.860834	3.169325	2.687533	1.929398	0.379446	2.862805	2.733969
406	1.811948	1.179406	2.551892	2.050490	1.795331	2.630978	2.358107	-0.075175	1.873075	0.000000	0.624785	2.183308	2.659175	1.507091	1.794729	1.990000	0.961400	0.230580	1.949882	2.227197
407	0.143191	0.042694	0.016397	-0.340316	0.532230	0.632909	0.291103	0.132920	-0.060530	0.000000	0.113746	0.337455	0.372111	-0.278843	-0.022817	0.269086	0.015055	0.232059	0.668188	0.595642
408	2.596708	1.493705	3.187533	3.047525	0.000000	3.001223	2.267713	1.616084	2.611634	1.335210	1.785329	2.815103	1.821350	2.874299	2.706136	2.786619	2.459866	1.723078	1.631566	1.632122
409	1.552002	0.592782	2.636595	2.166659	0.065650	2.669865	0.828196	-0.468241	1.073558	-0.613284	0.000000	1.943293	2.380224	1.578399	1.270194	2.019243	1.853671	0.649858	0.583717	0.105706
410	1.635458	1.429905	2.439519	2.395252	1.476568	0.000000	2.088073	2.013769	2.227587	1.873247	1.983660	2.214287	1.901479	2.388066	2.291191	2.196687	2.315586	2.062367	1.469369	1.629846
411	2.195981	1.441270	3.128151	2.823373	0.232974	3.054442	1.842578	1.686277	2.714780	2.221344	2.061811	2.779714	2.709247	2.709396	2.556592	2.534417	2.308138	1.520278	0.587474	0.000000
412	1.698105	0.601227	2.519313	2.399294	1.165732	1.932309	1.600471	-0.512785	1.830571	0.180036	0.000000	1.770209	2.173304	1.612601	1.815484	1.587795	1.032038	0.100799	1.609794	1.663918
413	1.347593	0.562164	1.762047	0.687089	1.568943	1.644434	1.695279	0.680787	1.546775	0.958640	0.946075	1.599834	1.910751	0.860656	1.497727	0.833208	0.000000	0.321175	1.846612	1.878227
414	0.561932	0.580809	0.688876	0.671998	1.088563	0.260476	0.608539	1.090546	0.000000	0.939559	0.770494	0.577871	1.544067	0.333799	0.194807	0.347551	0.568043	0.998113	1.049535	1.077785
415	0.466684	0.045623	0.000000	0.249023	0.336340	-0.264259	0.253807	0.566636	0.508979	0.513046	0.548123	0.136892	0.115818	0.407259	0.602605	0.382964	0.376401	0.544320	0.671703	0.492767
416	-0.345590	-0.506696	1.057948	0.564552	-0.465122	0.182256	-0.474922	-0.228019	-0.859779	0.088243	-0.367886	0.000000	1.277031	-0.368606	-1.020102	-0.316114	-0.163900	-0.447458	-0.294515	-0.403817
417	1.878105	0.800620	2.776420	2.698879	0.308419	2.411076	1.773018	0.504928	2.224926	0.000000	0.779021	2.364755	1.480657	2.299586	2.273633	2.328405	2.002791	0.960425	0.475012	0.497275
418	0.000000	0.504935	2.988767	2.335308	1.151746	0.534849	2.134417	0.990283	1.828543	1.138532	0.857288	2.466233	3.016064	1.673842	1.777163	1.478974	1.749713	0.595707	0.913936	1.110625
419	2.909581	2.092505	3.249521	2.918176	1.537960	3.291120	2.951892	0.000000	2.834582	0.453683	1.448848	3.164094	2.889254	2.909893	3.013097	3.207657	2.854531	1.213212	2.267563	2.226430
420	1.801203	1.473417	2.879488	2.950840	1.982135	2.539879	3.068796	-0.433385	2.764462	0.282944	1.318042	3.003357	2.587954	2.922853	2.828977	2.977402	2.593686	0.000000	2.741270	2.865966
421	0.535929	0.038786	1.545500	0.629992	-0.116879	1.083728	0.683203	0.325248	0.834440	0.285839	0.000368	0.992222	2.054349	0.293334	0.909375	0.633853	0.000000	0.052753	0.355446	0.096197
422	0.470325	0.866131	0.675529	-0.340546	1.861745	0.968613	1.145752	1.213679	1.032445	1.118695	0.887280	1.163171	1.494215	0.000000	1.168565	0.783859	1.050879	1.155515	1.770017	1.828728
423	2.727813	2.045777	3.355678	3.222945	1.296040	3.241382	2.593522	2.284702	2.944242	2.087507	2.075995	3.182390	3.398152	3.059455	2.875630	2.751628	2.851598	2.541286	0.000000	1.157279
424	0.848870	0.000000	1.233807	1.173959	0.750963	1.356160	1.236219	-0.989245	1.483725	-0.239789	0.344361	1.218134	1.515183	1.318177	1.453928	1.102400	0.652332	-0.963200	1.249793	1.156717
425	0.951933	0.930466	0.443004	0.000000	1.740919	1.178104	1.074120	1.415823	1.303223	1.416156	1.418543	0.930162	0.276454	0.771199	1.521890	0.838203	0.979809	1.284139	1.796506	1.661291
426	2.104980	1.467381	2.094730	2.220334	2.028149	0.000000	2.181915	2.761676	2.651060	2.332014	2.274056	2.226798	2.365942	2.445404	2.765689	2.149912	2.456566	2.676440	1.995535	2.227033
427	0.090103	-0.239865	0.077820	0.115049	0.492878	-0.431337	0.093857	0.823843	0.378105	0.619716	0.226885	0.089541	1.008588	0.131400	0.526851	0.000000	0.319733	0.782710	0.422335	0.434961
428	1.047367	1.059126	0.545657	1.185511	2.436470	1.353523	1.818612	2.240788	1.885342	2.014932	1.981286	0.946618	0.971768	1.464326	1.849843	0.000000	0.371549	2.109786	2.312629	2.569056
429	3.217677	2.182544	3.767970	3.660005	1.577654	3.518313	3.631150	1.432315	3.501703	0.000000	1.639286	3.785324	3.238652	3.685261	3.616119	3.737063	3.532998	2.060577	2.775287	2.883857
430	1.201428	0.776485	1.531415	1.287305	0.416533	1.657705	0.606648	1.564864	1.197918	1.166704	1.085425	1.429796	2.967380	0.983744	0.922685	1.406114	1.734416	1.953840	0.449416	0.000000
431	0.073088	-0.458472	-0.052696	-0.065424	-0.794844	0.684407	-0.639781	-0.147063	0.000000	-0.128319	-0.053339	-0.288992	2.065695	0.001577	0.025692	0.024665	-0.077468	0.074225	-1.157363	-1.191377
432	-0.275219	0.156233	1.778033	0.739082	0.320266	1.323705	0.000000	0.379628	0.710454	-0.315640	-0.053952	1.073115	2.167975	0.452184	0.641418	0.673402	1.158907	0.591906	0.266315	-0.158883
433	3.162403	1.842782	4.266942	3.906359	2.063882	3.936595	3.529050	0.067138	2.572005	0.000000	1.274532	3.743124	3.327782	3.451228	2.609800	3.463389	2.685005	0.591185	2.884863	2.941015
434	1.131998	0.514343	1.926795	1.746927	-0.203193	1.352725	0.000000	0.679047	0.818251	0.671729	0.588990	0.931685	2.474725	0.974490	0.481058	0.913632	0.798940	0.711856	0.291204	-0.084218
435	1.103898	0.318435	1.070573	0.477168	0.472197	1.494969	0.605883	-0.072841	0.738403	0.290836	0.499696	1.076287	2.155914	0.601197	0.893864	1.088389	0.807306	0.000000	0.618438	0.482198
436	0.251890	-0.437052	-0.025865	-0.085667	-0.213047	0.861574	-0.102363	-0.075622	0.086937	-0.244108	-0.032649	-0.290501	1.468512	0.000000	0.102665	0.113784	-0.075421	0.146894	-0.225800	-0.385147
437	-0.104380	-0.446852	0.147589	0.000000	-0.222777	-0.386653	-0.662055	0.358398	-0.684982	-0.107689	-0.281936	-0.509938	1.384599	-0.550149	-0.511087	-0.103211	0.284509	0.399920	0.089639	-0.243103
438	0.154523	-0.278643	0.722084	0.495670	-0.194187	0.717350	-0.059259	-0.182966	-0.092914	-0.074138	-0.048967	0.435181	1.817143	0.170832	-0.013870	0.266065	0.000000	-0.271926	-0.242448	-0.258558
439	0.465488	0.387219	0.656501	0.756026	0.435615	0.699273	0.259538	0.616913	0.000000	0.597616	0.571329	0.304320	0.573946	0.372302	0.147869	0.412835	0.530291	0.624728	0.498721	0.461559
440	2.628309	1.627096	3.054467	2.976318	0.000000	2.921646	2.395699	1.734430	2.953280	0.985843	1.384023	2.875034	2.453490	2.868915	2.894984	3.046456	2.881982	2.274756	0.987307	0.492918
441	-0.058280	-0.053201	-0.306314	-0.145842	0.410951	0.023600	0.106095	0.236014	0.145443	0.043654	0.249676	-0.126201	0.186777	0.000000	0.270194	-0.606273	-0.651894	0.121513	0.494554	0.515648
442	1.527324	0.663038	1.796771	1.719031	0.350093	2.110054	1.553087	-0.295729	1.680561	-0.802141	0.000000	1.634453	1.382398	1.600530	1.765161	1.740771	1.061178	0.306214	0.819358	0.974513
443	0.248171	0.158788	0.192736	0.240503	0.000000	0.464637	0.217115	0.199515	0.080086	0.171272	0.243448	0.252060	0.311288	0.222953	0.086631	0.272837	0.253329	0.289848	-0.255513	0.138486
444	0.637677	0.355105	0.560180	0.016029	0.840294	1.657185	0.808640	0.250916	1.195575	0.363705	0.356279	1.044273	2.392376	0.000000	1.248523	0.859969	0.218100	0.292105	0.691906	0.892796
445	1.177115	0.725026	2.877566	2.342955	0.924545	2.574169	1.738196	-0.081622	0.748986	0.000000	0.376467	2.137638	3.017724	1.356702	0.810181	1.745896	1.238093	0.117877	0.592751	1.038434
446	1.772897	1.307129	3.092977	2.978715	1.394137	2.661930	2.613271	0.000000	2.832820	0.254154	0.919124	2.676482	3.445608	2.565044	2.733137	2.554829	1.995625	0.606678	1.659530	1.715186
447	0.215394	-0.153390	0.000000	0.067796	0.173532	0.706606	0.214332	0.311891	0.310301	-0.068282	-0.039581	-0.066578	2.863439	0.066578	0.386519	0.252356	0.321813	0.539064	0.115712	0.096964
448	2.102906	1.867530	3.401385	3.314332	1.309768	3.036003	2.683517	0.000000	2.951093	0.586548	1.120812	3.015235	3.532064	2.818798	2.970757	2.850022	2.451332	1.093768	1.783956	1.990455
449	0.000000	1.096008	3.170283	3.049681	1.986295	1.863787	2.951765	1.386246	2.738596	1.411683	1.571828	2.917207	3.025829	2.812578	2.650397	1.595371	2.169273	1.481637	2.122762	2.297493
450	1.004698	0.869339	2.825520	2.062731	0.481452	1.610085	1.056099	0.345067	0.543936	-0.256215	0.275568	1.679547	3.386105	1.034753	0.000000	1.326629	1.121829	0.833907	0.444688	0.354014
451	0.683295	1.233326	1.253461	1.119606	1.778232	1.295159	1.198460	1.915724	0.770796	1.352990	0.853263	1.251851	3.051448	0.000000	0.958392	1.075970	1.637473	2.131389	1.632524	1.867259
452	-0.484779	-0.353142	1.301694	1.138789	-0.174917	0.561940	0.822289	-1.757831	1.182614	-0.801452	-0.832406	1.015857	1.615636	1.031861	0.952217	0.523165	0.000000	-1.035712	-0.114423	0.262181
453	0.000000	0.634881	2.827783	2.826760	2.122217	1.617528	2.706676	0.287461	2.535472	0.965229	1.171877	2.535064	2.782880	2.399590	2.426075	1.385034	0.599511	0.265059	2.540621	2.675383
454	0.356574	0.561947	1.161334	0.159189	0.729168	1.658601	0.841441	0.163578	0.596651	-0.037417	-0.252456	1.296677	3.178787	0.000000	0.365350	0.892367	0.777380	0.486371	0.818089	0.588856
455	1.309296	2.477149	2.640274	2.836231	2.662673	0.000000	2.717772	2.705907	2.543999	2.483895	2.637944	2.547561	2.963563	2.726370	2.781223	2.407434	2.787596	2.840537	2.883038	3.021492
456	1.344449	0.786745	2.493970	2.664043	1.434938	2.205876	2.640713	0.873015	2.730071	-0.491350	0.000000	2.489686	2.863370	2.614481	2.806404	2.479903	2.561100	1.245783	2.388785	2.566693
457	-1.151331	-0.607225	0.000000	-0.535614	-0.721459	0.091329	-0.443665	-0.293260	-0.196280	-1.008918	-0.963157	0.011618	2.783238	-0.736761	-0.118314	-0.485807	0.121862	-0.076096	-0.926294	-0.818583
458	1.922314	1.796787	2.193070	2.457610	0.511363	2.796446	1.349506	2.262990	2.677994	2.277485	2.184206	2.133339	3.238392	2.540130	2.445046	2.222250	2.572999	2.273069	0.600963	0.000000
459	2.902992	1.695381	3.265440	3.287419	2.048907	3.416158	3.134193	2.002426	2.976644	0.000000	1.490079	3.157211	2.851228	3.054022	3.034219	3.303900	3.340034	2.748213	2.674331	2.796838
460	0.629533	1.437569	2.551000	2.041099	0.692572	1.682541	0.000000	1.447117	1.375263	1.619598	1.417542	1.824708	3.021821	1.311380	1.180581	1.252393	1.773211	1.465777	0.969310	0.757751
461	0.000000	0.210375	0.757120	0.409658	0.856125	0.485452	0.362206	0.645298	-0.191422	0.322020	0.120504	0.079529	2.873916	-0.181799	-0.222509	-0.030895	0.361724	0.787274	0.854597	0.950322
462	0.704225	0.501126	2.510077	1.523060	1.148649	1.818486	0.898870	0.055323	0.000000	-0.309167	0.002146	1.183576	2.917790	0.559753	0.328794	1.173953	1.306242	0.670390	1.113125	1.133533
463	0.809855	0.126435	0.657835	0.992277	0.700875	-0.704986	0.404360	1.823132	0.491527	1.126055	0.852829	0.000000	2.399439	0.682621	0.635191	0.785493	1.507851	1.796266	1.176016	0.914780
464	2.145937	1.309502	3.060047	2.660419	0.966214	3.045116	2.182214	0.000000	2.644703	0.934158	1.130897	2.790655	3.129775	2.429995	2.622275	2.703849	2.161812	0.550371	1.092085	1.175317
465	2.149895	1.292871	2.971709	2.424229	2.105897	3.016128	2.479808	0.000000	2.128066	0.588410	1.069192	2.495212	2.264705	1.994002	2.267026	2.397919	1.857406	0.527822	2.409842	2.414524
466	1.144493	1.550172	1.439414	2.063514	1.793852	1.431054	0.000000	2.272640	2.075534	1.953946	2.078816	1.230765	1.497937	1.700257	1.991565	1.446828	1.931682	2.232486	1.988296	1.742802
467	0.442808	0.655084	1.601954	0.742922	0.695262	0.605730	0.679705	1.689409	0.432889	0.969118	0.411045	0.934951	2.468045	-0.037551	0.000000	0.846904	1.050314	1.669316	0.917703	0.811168
468	1.776531	1.248082	0.000000	1.153050	1.625584	1.479075	1.621112	1.828969	2.176428	1.754644	1.754021	1.235544	1.830098	1.742271	2.192723	1.556460	1.676203	1.943223	1.777382	1.664422
469	2.253728	1.142177	2.486890	2.407369	0.394263	2.671009	2.404928	0.240603	2.525092	-0.960368	0.000000	2.463831	1.817837	2.477708	2.508931	2.583846	1.814496	0.839021	1.900896	1.982754
470	0.721402	0.831228	2.317823	1.605506	1.402012	1.177604	0.832467	1.615825	0.000000	1.255537	1.012538	1.534234	2.397450	0.769149	0.777198	0.966608	1.383152	1.524445	1.524508	1.287227
471	0.077730	0.478552	1.253004	1.643259	1.782317	0.957423	1.711764	1.004902	1.788675	0.605523	1.089817	1.071643	-0.497315	1.404217	1.795764	0.000000	0.135159	0.691031	2.138482	2.239712
472	-0.007788	-0.057711	-0.351796	-0.806916	0.021878	-0.301747	-0.205391	0.631947	0.349105	0.465363	0.167757	0.000000	0.239429	-0.233365	0.302817	0.039803	0.171888	0.564063	-0.007561	0.008502
473	1.318926	0.979856	1.772028	1.651177	1.503251	1.967959	1.326236	1.174759	1.708206	1.393566	1.415233	0.000000	2.277052	1.428141	1.413607	1.289708	1.719540	1.200341	1.597476	1.749769
474	2.451333	1.937118	3.339383	3.236900	1.979447	2.804710	2.964938	0.000000	2.847781	1.008628	1.457659	3.088965	3.091494	2.922966	3.045090	2.986998	2.643171	1.012587	2.505026	2.624951
475	1.979327	0.575489	2.231304	1.833337	0.000000	2.105783	1.538488	0.307884	1.814610	0.010411	0.395797	1.960696	2.532182	1.673491	1.936396	1.845552	1.496338	0.726434	0.650635	0.573880
476	3.025302	2.030827	3.259694	3.312045	2.285212	3.024650	3.293609	0.643954	2.969028	0.000000	1.496386	3.234251	2.946247	3.115828	3.165873	3.220872	2.926349	1.486767	2.930442	3.150705
477	0.559533	0.398673	-0.492102	-0.082642	0.754611	0.539957	0.000000	0.887600	1.214107	0.814637	0.535908	0.235670	2.204296	0.271975	1.199835	0.306666	0.484478	0.543623	0.900308	0.715930
478	0.223155	0.138484	-0.072127	0.000000	0.718206	0.046770	0.280541	0.794720	0.046263	0.572347	0.515703	-0.072331	1.205402	0.069313	0.280208	0.114695	0.476496	0.797134	0.818886	0.803145
479	1.001631	0.496596	0.645022	1.012606	0.887938	0.000000	0.423497	1.295716	0.711842	0.974920	0.982477	0.114555	1.379000	0.779618	0.868461	0.791290	1.119090	1.438619	1.090026	0.919170
480	1.253077	0.209539	0.842054	1.505284	0.226218	0.402206	0.526316	1.265141	1.143658	0.000000	0.301318	0.227849	2.114375	0.820526	1.379844	0.970679	1.373893	1.634414	0.512418	0.341011
481	0.512618	0.126799	0.843970	0.426407	0.820679	1.094890	0.461750	-0.376883	-0.124376	-0.175104	0.069254	0.197323	2.180442	0.058692	-0.199926	0.394010	0.000000	-0.414290	1.034767	0.859003
482	1.175414	1.125007	3.197964	3.250185	2.447108	2.519597	3.176500	0.869729	2.933489	1.510311	1.963449	3.000968	1.065162	3.019697	3.047729	1.890287	1.371798	0.000000	2.974674	2.847813
483	1.355213	1.175801	3.238765	2.463756	1.607908	2.665376	1.444612	0.716605	0.000000	0.752380	0.973233	2.146115	3.049585	1.330787	-0.225359	1.835972	1.617702	0.679524	1.882578	1.463759
484	2.733199	2.498434	3.633059	3.477588	2.372015	3.368863	3.275842	0.000000	3.324497	0.933697	1.812975	3.644409	3.525682	3.157597	3.321126	3.584520	3.173364	1.332534	2.519312	2.747184
485	0.005643	0.655689	1.238228	1.212149	1.518791	0.000000	1.242450	0.644686	1.273649	0.812703	0.782844	1.189659	1.826746	0.870436	1.237264	0.350468	0.271372	0.757061	1.451701	1.576694
486	0.899384	0.480199	0.000000	1.117472	1.298114	0.959008	1.319327	1.122850	1.590678	1.341913	1.148202	1.000807	1.502231	1.190998	1.886843	0.997437	1.133371	0.913496	1.143379	1.503109
487	2.202161	1.699129	2.638152	2.655231	0.000000	2.369451	1.948092	1.327951	2.650760	1.323219	1.516543	2.422945	2.501837	2.576698	2.554178	2.369334	1.943573	1.660236	1.158850	0.771656
488	0.888761	0.848993	1.774316	1.417390	0.657478	0.000000	0.689616	1.191875	1.791267	0.880407	1.149504	1.020365	2.036832	1.383243	1.735430	1.229907	1.411778	0.890368	1.035049	0.703215
489	0.854662	0.469787	1.884883	1.019638	0.441968	1.072685	1.311101	0.117198	1.369176	0.000000	0.083357	1.526786	1.975456	0.805371	1.553777	0.927914	0.884570	0.530380	0.184558	0.790662
490	0.000000	0.571393	1.034892	0.533624	0.439526	0.129246	0.494415	1.043862	1.132023	0.610648	0.623689	1.086697	0.834620	0.669548	1.173504	0.750724	0.523249	0.760659	0.450117	0.457680
491	-0.184017	0.075572	-0.038754	-0.068453	0.165272	0.479518	0.306080	0.159452	0.232460	0.212960	0.175850	0.105844	1.809315	0.167662	0.140108	0.011985	0.000000	0.096718	0.135469	0.031546
492	0.494238	0.154429	1.592231	1.277017	0.214751	1.346149	1.354769	-0.233851	1.426652	-0.728801	-0.222735	1.267684	1.377792	0.976870	1.517454	1.170333	1.109626	0.000000	0.178456	0.639588
493	-0.136242	0.077053	1.042431	0.327555	-0.225712	0.841815	0.223291	-0.050159	0.000000	-0.314551	-0.221074	0.874658	2.032001	0.058730	0.188484	0.516586	0.851216	0.131745	-0.177142	-0.248356
494	-0.121444	-0.278424	0.164119	-0.041891	0.113361	0.331507	0.029586	-0.140922	-0.255285	-0.319265	-0.210628	0.095871	1.562430	-0.100369	-0.273937	0.000000	0.186780	0.160904	0.086568	0.109557
495	0.088953	-0.290343	0.764013	0.393387	-0.213669	0.511861	0.055859	-0.844589	-0.005095	-0.491967	-0.255176	0.345766	1.255154	0.031814	0.000000	0.105241	-0.048049	-0.610071	-0.191219	-0.151382
496	1.989489	1.423611	2.432741	2.611525	1.340018	2.542127	2.391116	1.732050	2.828914	1.784629	1.627272	2.413943	2.869552	2.418895	2.800050	2.187163	2.246582	2.042945	0.000000	1.511195
497	-0.076187	-0.165517	0.053982	0.038079	0.361773	0.231880	0.261143	0.246546	0.217554	-0.008184	-0.041561	-0.004116	0.949917	0.031755	0.299978	0.000000	0.270570	0.380851	0.348166	0.371191
498	0.733180	0.191843	0.803973	0.722154	0.832306	0.000000	0.668699	0.757610	0.598605	0.670366	0.728165	0.546408	0.966779	0.607748	0.679929	0.616143	0.662423	0.702640	0.970416	0.915160
499	0.023353	-0.164563	0.202809	0.186493	0.298469	0.098334	0.116739	0.127362	0.005783	0.163476	0.169752	0.086906	-0.304344	0.080385	0.078314	0.000000	0.112405	0.024170	0.264516	0.303509
500	-0.010297	-0.326495	0.045400	0.027751	0.119422	-0.046364	0.142324	-0.035943	0.195856	-0.019429	0.102704	0.009151	0.385265	0.000000	0.236523	0.018170	0.027718	-0.071616	0.112038	0.169984
501	0.006000	-0.177856	0.324204	0.243915	0.171741	0.110740	0.237122	-0.247074	0.045547	-0.080365	0.033683	0.185167	0.102704	0.000000	0.039200	0.028115	-0.012784	-0.218537	0.151152	0.227445
502	0.364669	0.119984	0.388228	0.352216	0.489903	0.421075	0.469039	0.137012	0.422688	0.211804	0.340164	0.403373	0.004225	0.311816	0.499684	0.337103	0.263354	0.000000	0.515890	0.554061
503	-0.089978	-0.330659	0.110599	0.000000	0.142692	-0.101575	0.103936	-0.197015	-0.049861	-0.049100	0.020657	0.021101	-0.000690	-0.113465	0.057286	-0.098183	-0.090753	-0.232110	0.171989	0.174347
504	0.016600	-0.266552	0.106175	0.085891	0.140962	0.128329	0.138570	-0.278699	0.075185	-0.023052	0.123156	0.070249	0.004081	0.000000	0.094554	0.018023	-0.066235	-0.219037	0.100056	0.123740
505	0.364206	-0.038434	0.636958	0.562600	0.533055	0.521896	0.442821	0.119001	0.535094	0.343680	0.457686	0.395021	0.000000	0.398196	0.593037	0.449207	0.495499	0.142309	0.611203	0.508654
506	0.001261	-0.207050	0.166244	0.043298	0.215827	0.139564	0.211448	0.000106	0.308028	0.255997	0.239234	0.211345	0.226931	0.185159	0.301916	0.077326	0.000000	-0.110313	0.137160	0.178408
507	1.065437	0.575701	0.556213	0.433169	1.274404	0.000000	1.087417	1.399429	1.362030	1.488098	1.376749	0.890938	1.299980	1.019315	1.333348	1.009283	1.121064	1.313328	1.202542	1.279499
508	0.746080	0.544744	0.024181	0.789682	1.320163	0.901226	1.156816	0.874446	1.536482	0.935471	0.991199	0.256666	1.805453	0.935750	1.484451	0.000000	0.193750	0.967292	1.330791	1.262395
509	1.058571	0.759212	2.197063	1.835685	0.291208	2.320560	1.244778	0.032432	1.873147	0.581577	0.873435	1.926260	1.508553	1.846527	1.766523	1.585981	1.044208	0.000000	-0.038734	-0.199757
510	1.406619	0.771106	2.397553	1.400568	0.408266	2.280692	0.882622	0.259864	1.197969	0.000000	0.793682	1.553486	1.712301	1.445556	0.546459	1.845144	1.187383	0.704292	0.759607	0.277032
511	2.397380	1.796294	3.075246	2.106561	0.970367	2.763561	1.628718	2.295460	2.500994	2.372085	2.150466	2.468490	3.096361	2.129701	2.157928	2.359393	2.274486	2.020518	0.000000	0.344146
512	1.082295	0.479069	1.802798	1.749609	0.841572	2.050249	0.843724	0.668356	0.706883	-0.152589	0.000000	1.160504	2.734151	0.922592	0.930886	1.364435	1.174690	1.125704	0.856997	0.635105
513	0.000000	0.953176	0.174778	0.974978	1.934520	0.949389	0.468575	2.046825	1.815846	1.847368	1.796414	1.528487	-0.080256	1.482953	2.099140	0.215052	1.181111	1.943769	1.408283	1.576437
514	2.461022	1.843364	3.148019	2.895032	2.083338	2.894329	2.527440	2.517393	2.932982	2.618286	2.503321	2.828953	0.000000	2.887040	2.814600	2.784353	3.006607	2.585315	2.149574	2.213558
515	0.941117	0.868246	0.775251	0.000000	1.269542	0.980353	1.080226	1.456604	1.721893	1.438766	1.335969	1.352343	1.293435	1.079400	1.813487	1.282507	1.265401	1.308823	1.007345	1.188454
516	0.800517	0.815047	1.937849	1.500976	2.170109	2.134352	2.185600	0.933463	2.303682	1.648102	1.530510	2.203027	2.416186	1.590955	2.335092	1.322624	1.153664	0.000000	2.312939	2.185589
517	1.826173	1.185343	3.051883	2.630900	1.468004	2.870720	2.427666	0.000000	2.207344	-0.064107	0.612566	2.694454	3.132204	2.150686	2.218306	2.405847	1.933061	0.752010	1.381626	1.693357
518	0.175231	0.110687	0.567055	0.204846	0.934517	0.904463	0.721484	0.374268	0.379637	0.186667	0.167210	0.060195	2.367655	0.184989	0.000000	0.140593	0.168665	0.427699	0.834023	0.923250
519	0.195871	-0.206876	0.268392	0.386951	0.501032	-0.295238	0.019599	0.964228	0.089756	0.500758	0.000000	-0.250378	1.042259	-0.170048	-0.005128	0.208417	0.757657	1.099205	0.478413	0.504958
520	0.096595	-0.307454	-0.163112	-0.298679	0.267344	0.364682	0.194757	-0.012922	0.238927	0.125490	0.166135	-0.042617	1.110202	0.000000	0.253838	0.055401	-0.043979	-0.059036	0.224810	0.139650
521	0.697867	0.075206	0.000000	0.338452	0.829879	0.610396	0.599366	0.660256	0.755678	0.677460	0.807444	0.395470	0.594545	0.633888	0.876901	0.327262	0.316670	0.612626	0.757872	0.781924
522	-0.183718	-0.050585	-0.018486	-0.090505	0.271447	0.180457	0.050859	0.122665	-0.192029	0.169626	0.186219	0.000000	-0.421536	0.004537	0.016239	-0.144503	-0.006557	0.007108	0.336553	0.340070
523	0.610126	0.362607	-0.086449	0.058881	0.783224	0.804566	0.554608	0.975454	0.684529	0.894208	0.756805	0.000000	1.277960	0.391020	0.790009	0.442792	0.716832	0.943159	0.897968	0.875941
524	1.159319	1.197816	2.058367	1.763814	1.648117	1.658510	1.677815	1.727378	1.670754	1.836123	1.743803	1.762015	0.000000	1.773055	1.757537	1.556151	1.834371	1.492569	1.780659	1.614758
525	1.384013	0.709306	1.318694	1.222547	0.000000	1.450750	0.401775	1.151563	1.515320	1.276689	1.308240	1.159240	1.441981	1.327981	1.466449	1.397216	1.420469	1.132997	-0.184065	-0.052821
526	1.898927	1.150862	0.115890	1.353680	2.661247	1.094878	1.751045	2.804410	2.133492	2.572443	2.247018	0.289064	2.337182	1.638617	2.088094	0.000000	0.088644	2.586102	2.735589	2.547014
527	-0.091667	0.189529	0.923223	0.285625	0.000000	0.885679	0.236163	-0.144583	0.282695	-0.055066	0.142343	0.807576	-0.278085	0.287599	0.368792	0.475386	0.412947	-0.024931	0.062307	-0.158654
528	0.314370	0.482647	1.361742	-0.025057	0.467005	0.947067	-0.151784	0.768267	1.047033	0.566470	0.535371	0.684608	1.598731	0.000000	0.920834	0.856037	0.912814	0.602462	0.421633	-0.014888
529	0.413706	1.414112	2.051021	2.198234	2.933960	1.640424	2.441908	2.417268	2.517400	2.749014	2.204528	1.972628	3.046334	2.174626	2.399546	0.000000	0.686205	1.941345	2.904456	2.794296
530	2.401814	1.922620	0.000000	2.062778	3.035669	2.864275	2.757611	2.525987	3.018820	2.968190	2.767577	1.994086	3.156542	2.834104	2.846025	2.199310	2.127192	2.256209	2.785217	3.065089
531	2.181693	1.853997	3.462390	3.349220	2.973735	3.406318	3.213087	0.429585	3.046475	1.786821	2.061303	2.910629	3.782411	2.971120	2.944257	2.624715	1.685288	0.000000	3.163772	3.274737
532	3.412700	2.610177	3.681876	3.374629	0.975367	3.457999	2.266924	3.140785	3.461794	3.132229	2.969483	3.163308	4.015466	3.414130	2.951302	3.075051	3.097070	3.194803	0.588187	0.000000
533	-0.122499	1.431855	2.893610	2.401182	2.448990	1.044592	1.896190	2.349689	1.999908	2.461608	1.506330	1.852501	2.380538	1.231009	2.064821	0.000000	1.600784	2.328421	2.527625	2.543010
534	2.606299	1.748117	3.808939	3.542516	-0.776140	3.269055	2.748538	1.539900	3.353699	1.070365	1.321136	3.408282	3.319093	3.254200	3.077344	3.363657	2.869187	1.854054	1.022253	0.000000
535	2.712848	2.864704	3.980592	3.792405	2.961028	0.000000	3.522356	3.088671	3.511873	3.141473	3.170439	3.725558	3.449102	3.720033	3.656296	3.309923	3.558099	3.083078	3.166975	3.253211
536	2.133381	1.423091	3.349282	2.427932	2.515332	2.745486	2.598100	0.000000	2.699408	0.669712	0.791377	2.578796	3.359379	2.056528	2.902550	2.642893	2.665894	0.565790	2.965704	2.821399
537	2.187082	1.780921	3.011638	3.129246	2.195595	3.060011	2.932886	-0.251006	2.818119	1.122444	1.562930	2.830393	3.270321	2.787784	2.815818	2.657880	1.667881	0.000000	2.525662	2.682866
538	2.543745	1.623518	3.543253	3.461419	1.081085	3.276320	3.289382	1.203133	3.785186	0.000000	0.925348	3.557440	3.686631	3.425104	3.955776	3.374323	3.114154	1.722963	2.130830	2.280547
539	2.640219	2.147454	3.521946	3.269164	0.291851	3.146644	2.086125	1.715734	3.287403	1.523247	1.848194	3.030520	3.637759	3.041604	3.022217	3.049607	2.751961	1.978409	1.139841	0.000000
540	0.511611	0.862306	0.984832	0.000000	1.939896	1.061928	1.253237	0.994991	1.964097	1.473994	0.956567	1.083094	1.643466	0.165799	2.077067	0.533729	0.693287	0.434108	1.926005	1.829015
541	3.104113	2.184153	4.347663	4.222453	1.931189	3.916463	3.866222	0.551972	3.804462	0.000000	0.662578	3.995630	4.489936	3.738251	3.991462	3.637423	3.227027	1.497516	2.782671	3.085325
542	0.961979	0.494641	2.571037	2.430336	-0.537419	1.441266	2.124998	0.571280	2.804242	-0.151157	0.000000	2.252147	2.574740	2.439440	2.736778	2.020925	1.657752	0.687981	1.207847	0.909158
543	2.318015	1.819568	2.839535	2.833701	3.037095	2.286233	2.640936	2.696726	2.707394	2.782498	2.629971	2.073794	2.584037	2.566853	2.518226	1.236644	0.000000	2.275357	3.233820	3.231161
544	1.867572	1.344306	2.022382	2.306325	2.064725	0.000000	1.404638	3.153687	1.299613	2.333964	1.752252	1.314685	2.903160	1.471943	1.219493	1.525974	2.180546	3.141872	2.020072	2.171387
545	0.605096	0.340079	0.892649	0.000000	1.025474	1.072952	0.639881	0.529137	0.233097	0.376147	0.269493	0.916224	2.833741	0.062040	0.342671	0.569486	0.474800	0.478334	1.219663	0.900274
546	0.617535	0.660679	1.710495	0.712616	0.770634	1.206621	0.738994	0.638763	0.208327	0.000000	0.328194	1.081792	0.827846	0.257483	0.178377	0.712486	0.615060	0.690759	1.226207	0.867574
547	2.470153	2.052697	3.596910	3.392720	2.493543	3.062216	3.034065	2.702246	2.902168	2.589549	2.741583	3.206172	0.000000	3.131993	2.898995	3.122635	3.457773	2.638582	2.701472	2.773560
548	2.836741	1.816738	2.874861	2.964562	0.304287	2.894836	1.944167	3.097433	3.095918	2.701040	2.446561	2.622160	2.723181	2.849992	2.608129	2.953305	3.088938	3.271168	0.192382	0.000000
549	0.124399	0.351285	0.324982	0.296708	0.834849	0.176117	0.413826	1.049294	0.299685	0.985764	0.713334	0.383123	0.600070	0.341810	0.389025	0.000000	0.491023	0.980270	0.681190	0.736140
550	0.214005	-0.115028	0.187668	0.248587	0.325066	0.095640	0.000000	0.770700	0.338772	0.622949	0.496036	0.148252	0.616941	0.209362	0.352051	0.077534	0.165387	0.721710	0.074339	0.325898
551	1.476911	0.180423	1.682235	1.142709	0.699068	2.166602	1.294902	0.000000	1.653867	0.467143	0.526510	1.467864	1.913062	1.108865	1.723798	1.541329	1.310513	0.509072	0.171248	0.650754
552	0.029788	-0.155208	0.120912	0.032503	0.259122	0.395074	0.030921	0.323759	-0.091068	0.185508	0.190236	0.000000	-0.150638	0.003158	0.035229	-0.004765	0.137931	0.327988	0.284545	0.310472
553	0.909749	0.220556	-0.020360	0.783415	0.997900	0.886804	0.704601	1.166860	0.906009	1.174677	1.191082	0.000000	1.681052	0.893268	0.862087	0.047452	0.317519	1.086897	1.079890	1.109845
554	0.226700	-0.130549	0.932966	0.423152	0.130503	1.049087	0.361871	-0.692241	0.069865	-0.514113	-0.264707	0.673971	-0.305459	0.196763	0.000000	0.538257	0.115204	-0.411272	0.047132	0.155792
555	0.287449	-0.045738	0.000000	0.080573	0.441141	0.593442	0.346315	0.480459	0.089474	0.255765	0.252351	0.200726	1.113185	0.034523	0.159854	0.404199	0.454923	0.502950	0.253262	0.478507
556	0.071941	-0.417079	0.182979	0.026886	0.237273	1.077322	0.455247	-0.088615	0.246950	-0.343983	-0.111568	0.542370	2.101725	0.000000	0.313540	0.558932	0.356130	-0.023069	0.066321	0.228195
557	2.209236	1.501634	3.199273	2.478256	1.092999	3.151009	2.389082	0.000000	2.151383	0.862619	1.211680	2.858157	3.313238	2.107526	2.001727	2.819253	2.160083	0.508676	1.268133	1.146024
558	1.012690	0.969166	2.505110	1.602291	1.359609	2.226784	1.692616	0.000000	0.639586	0.527883	0.840357	1.824664	2.700454	1.263387	0.371131	1.573403	1.436326	0.611950	1.393545	1.394378
559	0.394199	-0.217268	0.261755	-0.122454	0.000000	1.075395	0.413487	0.269235	0.285455	0.203780	0.253233	0.352314	2.316362	0.290444	0.136105	0.382984	0.371944	0.513168	-0.154179	0.095827
560	0.640092	0.252790	0.705693	0.987219	0.740720	1.592930	0.915132	0.818004	1.078610	-0.021455	0.000000	0.858632	2.582868	0.839464	1.150274	1.068730	1.434521	1.404734	0.565779	0.627261
561	2.085503	1.325009	3.031750	2.382303	1.654817	2.905843	2.163130	-0.039303	2.034225	0.214807	1.126861	1.908243	2.708255	2.132263	1.769318	2.439803	1.933253	0.000000	1.787387	1.876184
562	0.540501	0.479251	1.548185	0.787084	0.868627	0.000000	1.241844	0.643376	1.113232	0.866727	0.822103	1.414390	1.794040	1.063228	1.160023	0.726510	0.954766	0.621390	0.643540	0.864724
563	0.145629	-0.272934	1.109054	0.578610	0.101180	0.677266	0.130057	0.609717	0.207085	0.199197	0.099789	0.084167	2.336608	0.336884	0.000000	0.100555	0.223221	0.648327	0.103452	0.061598
564	1.797854	1.226492	1.007973	1.174263	2.133680	0.000000	1.640550	2.811306	2.164431	2.472587	2.106238	1.130624	2.279351	1.670959	2.253278	1.832342	2.320421	2.815245	2.020663	2.021677
565	0.420550	-0.125680	0.451791	0.067933	0.103528	0.804566	0.330405	0.054911	0.366802	0.119107	0.129667	0.553053	1.627950	0.210485	0.368638	0.597669	0.546020	0.222208	0.196951	0.000000
566	0.000000	-0.444297	0.859208	0.508620	-0.867466	0.869968	0.186081	-1.037164	0.730460	-1.652900	-0.978951	0.734780	1.127712	0.429593	0.685455	0.699424	0.611271	-0.232940	-0.875214	-0.974044
567	0.013095	0.286005	0.411563	-0.146644	-0.068519	0.313860	0.146891	0.445746	0.152976	0.361801	0.099373	0.416211	1.305072	-0.072125	0.137794	0.000000	0.153745	0.502128	0.053433	-0.024952
568	1.632166	1.583389	2.604058	2.381576	1.796581	2.533674	2.423285	0.556720	2.284389	0.951743	1.576958	2.414153	0.000000	2.349131	2.559995	2.472497	2.431897	0.618083	2.293514	2.325814
569	1.872118	1.191522	0.000000	1.548458	1.762305	2.107824	1.725832	1.622512	2.007119	1.632627	1.828339	0.918532	1.476637	1.863348	2.153120	1.718814	1.917294	1.741244	1.800561	1.872006
570	1.958731	0.859797	2.054004	2.119330	0.615053	2.251803	1.819571	0.693741	2.381449	0.000000	0.745251	2.178472	1.804774	2.075496	2.367605	2.039493	1.534210	1.192718	1.087975	1.067703
571	0.525305	1.046125	1.188967	1.329249	1.662570	0.870111	1.319046	1.560082	1.522102	1.508166	1.388901	1.214626	1.971366	1.367572	1.488613	0.000000	0.783867	1.478538	1.589832	1.533290
572	0.628762	0.744921	1.281813	1.129956	1.001425	0.965300	0.812311	0.699708	0.000000	0.353780	0.465034	0.766328	1.930016	0.511435	0.164239	0.779803	0.794433	0.818840	1.292642	1.086610
573	0.897201	0.582662	2.117575	2.264284	0.708791	2.041058	1.852989	-0.273319	2.037685	0.000000	0.410552	2.096780	1.952365	1.879986	2.189938	1.635108	1.056611	-0.142708	1.689741	1.479002
574	0.200205	0.079594	0.365103	0.850913	0.176175	0.399820	0.041155	0.998062	0.055902	0.203987	0.304780	0.259168	0.533856	0.244283	0.262264	0.413004	1.066603	1.218324	0.550886	0.000000
575	0.045207	0.072950	0.402368	0.206505	0.384625	0.450240	0.217700	0.243430	0.000000	0.227304	0.298393	0.394469	-0.441968	0.174196	0.137084	0.247599	0.342333	0.269451	0.421969	0.461594
576	0.640451	0.250104	0.026788	0.361089	0.660882	0.498080	0.337106	1.286250	0.682863	0.911678	0.839563	0.000000	1.296555	0.563035	0.738338	0.462327	0.604572	1.396752	0.562028	0.690204
577	0.076156	0.000000	1.663366	1.827353	0.915347	1.371184	1.704158	0.265744	1.997371	0.427427	0.642103	1.510090	1.635182	1.640076	1.993299	0.533813	-0.269130	-0.458809	1.285717	1.339171
578	1.969437	1.395886	1.927955	2.364356	1.902527	2.231823	1.842625	2.198752	2.369587	1.994610	2.221186	2.132084	0.000000	2.392557	2.511077	1.955212	2.233239	2.212583	2.032183	1.997719
579	-0.162507	-0.165613	0.027557	-0.221673	-0.126497	0.208167	-0.105032	-0.097186	0.000000	-0.468211	-0.154340	0.099537	-0.027331	-0.083915	0.156751	0.051187	0.142910	0.090928	0.023615	0.060517
580	0.000000	0.051273	-0.092860	0.031176	0.321359	0.274386	0.348789	0.466044	0.474686	0.312280	0.252096	0.279467	0.384678	0.182580	0.440290	0.217250	0.173596	0.599233	-0.109843	0.384808
581	1.129581	0.657584	2.768483	2.716655	0.056757	2.458228	2.374824	0.554631	2.794485	-0.494100	0.000000	2.802026	2.497446	2.571872	2.716636	2.478652	2.170428	0.749805	0.475567	1.068702
582	-0.092059	0.239041	0.979952	0.134569	0.746852	0.380757	0.495509	0.021152	0.000000	0.056465	-0.111990	0.838798	1.920813	-0.330207	0.049798	0.372010	0.373847	0.196669	0.653042	0.663352
583	0.128958	0.096525	0.083796	0.245741	0.737602	0.705593	0.452590	0.268991	0.112750	0.297130	0.108726	0.046057	2.195888	-0.032630	0.000000	0.282775	0.319860	0.420844	0.477094	0.646048
584	2.800906	1.993252	3.258729	3.288434	2.286465	3.303696	3.325369	0.805656	2.973423	0.000000	1.402398	3.143452	3.148612	3.039074	3.120469	3.176031	2.503182	1.599243	2.795659	2.983235
585	1.436446	1.429337	2.754694	2.713704	2.201162	2.489712	2.633645	-0.077141	2.456539	1.488041	1.617791	2.484315	2.756769	2.338459	2.425374	2.236324	1.653218	0.000000	2.565252	2.722884
586	0.000000	0.131707	0.117812	0.013267	0.501096	0.872534	0.373178	0.167510	0.451434	0.290027	0.114774	0.471242	2.516711	0.285358	0.370658	0.432379	0.822610	0.627715	0.203342	0.343174
587	-0.463929	-0.466662	0.000000	0.205977	-0.063384	0.498383	-0.310621	-0.278661	-0.893984	-0.632995	-0.464043	-0.471483	1.867097	-0.392002	-0.861878	-0.376766	-0.138237	0.140043	-0.445110	-0.242115
588	0.476968	0.000000	2.728097	2.683449	1.639139	1.898014	2.610310	0.789986	2.525662	-0.099582	0.261236	2.317899	2.331680	2.316056	2.522869	1.168954	0.651223	0.558085	2.578705	2.448481
589	1.870626	0.330098	3.209532	2.903123	1.227136	2.554339	2.655696	0.539099	2.522874	-0.497136	-0.110469	2.677999	2.851752	2.205697	2.575400	2.272880	1.329695	0.000000	2.186662	2.268168
590	0.336429	0.904797	0.984441	0.715898	1.800326	0.924082	0.577513	1.341830	0.000000	1.167755	0.813058	0.618413	2.234133	0.184694	0.020302	0.381303	0.827414	1.084486	1.991881	1.783951
591	-0.028496	0.092852	-0.299425	-0.095551	-0.422493	0.579618	-0.430330	-0.003006	0.000000	-0.425416	-0.097733	-0.034822	-0.620732	-0.132784	0.137685	0.045634	-0.037562	0.315121	-0.473102	-0.451785
592	0.176984	0.039668	-0.122641	0.176138	0.576040	0.771316	0.231979	-0.034708	-0.032834	-0.055037	0.181843	-0.176757	1.101701	0.053197	0.085930	-0.086770	-0.049455	0.000000	0.780358	0.694380
593	-0.780698	-0.015200	0.286188	-0.214830	0.298399	0.095690	0.264105	0.256798	0.000000	-0.075420	-0.083927	0.469661	-1.402934	-0.070952	0.148226	-0.009132	0.462297	0.237213	0.308463	0.362916
594	0.208634	0.330947	0.192265	0.000000	0.889330	0.421172	0.455626	0.807909	0.559600	0.697985	0.664356	0.436801	1.226466	0.414327	0.802353	0.071573	0.442214	0.885753	0.731853	0.808185
595	0.139360	-0.166310	0.284296	0.000000	0.320166	0.818562	0.244576	0.618774	0.119870	-0.430001	-0.216852	0.394671	2.029319	-0.132434	0.344090	0.301460	0.275429	0.822986	0.434435	0.349189
596	2.397688	2.214490	3.989976	3.540403	2.646495	2.855156	2.445217	2.038979	1.382528	1.494584	1.637531	2.706014	2.999527	2.492395	0.000000	2.602170	2.652976	2.402992	2.754616	2.726462
597	1.768268	1.119369	3.030233	2.642572	1.322293	2.031593	1.571666	1.700301	1.306737	1.113287	1.243992	1.802394	0.000000	1.943007	1.198316	1.802824	2.298511	2.027688	1.242841	1.189059
598	0.790993	0.612072	1.018941	0.890695	0.706320	0.975929	0.714317	0.861327	0.650779	0.000000	0.373429	0.896468	1.592380	0.613532	0.659463	0.880169	0.862349	1.152715	1.026576	0.849397
599	3.040189	2.130055	4.083526	3.931517	0.000000	3.679413	3.094258	2.475870	3.632136	1.743725	1.701730	3.522211	3.157795	3.580203	3.683313	3.129007	3.172786	2.848660	0.594028	1.698347
600	0.193468	0.126243	0.535261	0.204623	0.088956	0.345231	-0.367276	0.281923	-0.174435	0.181236	0.190373	0.171936	0.000000	-0.054373	-0.434556	-0.174225	-0.226405	0.397254	0.201122	-0.057294
601	0.868581	0.768976	1.438848	0.803432	0.792499	1.566349	0.478146	0.416769	0.309792	0.589589	0.419341	0.933798	2.243104	0.000000	0.213605	1.074622	1.025128	0.766198	0.585266	0.557043
602	2.919794	2.402215	3.841965	3.685213	2.648713	3.728541	3.615197	0.000000	3.418509	0.990181	1.815183	3.672611	3.950505	3.472976	3.335956	3.700604	3.294791	1.150502	2.940172	3.117256
603	1.692952	1.248123	2.812193	2.318324	1.632421	2.598797	1.956449	0.277659	1.080337	0.000000	0.795850	1.854953	3.340160	1.546828	0.964320	1.738132	1.447247	0.725629	1.679001	1.742771
604	-0.787766	0.248986	1.086719	0.606813	0.710859	0.577194	0.583687	0.461847	0.499052	0.558325	0.341219	0.640076	2.037461	0.419673	0.434162	0.000000	0.520743	0.346386	0.668150	0.631216
605	-0.093701	0.109597	0.461459	0.118808	0.645312	1.038995	0.308012	0.039996	-0.271994	0.169941	-0.033332	0.121669	2.472063	-0.120228	-0.482712	0.000000	-0.103023	0.208055	0.303124	0.292715
606	2.371884	1.558452	3.134041	2.912123	0.970388	2.999329	2.794008	0.000000	2.827784	-0.590021	0.470234	2.993618	2.871336	2.722062	2.846935	2.823353	2.476224	1.069819	1.646135	1.858094
607	0.636134	0.187143	0.179765	0.000000	0.543121	1.298010	0.682768	0.181473	0.818061	0.102014	0.199625	0.460691	2.807452	0.520709	0.622347	0.681712	0.525209	0.431500	0.480038	0.577469
608	-0.011495	-0.098571	-0.217260	-0.636756	0.321187	0.710380	0.347343	0.167043	0.631372	0.000000	0.007500	0.314608	1.804970	0.070620	0.498936	0.072110	0.202776	0.338343	0.083581	0.278966
609	1.753658	1.348582	3.077104	2.559201	1.591931	3.302344	2.650806	0.546387	3.004063	0.000000	0.953730	2.910724	3.501141	2.491139	2.862787	2.598516	1.773957	1.067671	1.766953	1.945761
610	0.092836	0.312926	1.280968	0.409662	0.004537	0.829784	0.394702	-0.328498	0.252407	-0.315231	-0.295913	0.905266	1.946648	0.000000	0.105043	0.512448	0.652639	0.191929	0.265678	0.195244
611	-0.213777	-0.293921	-0.002693	-0.251408	0.173182	0.154882	0.000000	-0.015919	0.056067	-0.154036	-0.188279	0.117191	1.321362	-0.150659	-0.017389	-0.090599	0.098556	0.067075	0.105519	0.094690
612	0.003921	-0.035812	0.146758	-0.098223	0.351880	0.455001	0.234382	0.242194	0.237988	0.059323	0.028417	0.154411	1.408702	-0.012258	0.241125	0.000000	0.277642	0.365807	0.298965	0.340641
613	1.324154	0.807806	2.047504	1.702595	0.387238	1.980459	1.233189	0.415635	1.933803	0.000000	0.391153	1.777653	2.068326	1.524102	1.825856	1.682199	1.470003	0.853652	0.381930	0.392599
614	0.628861	0.298025	0.624731	0.607008	0.604307	0.595504	0.629726	0.653725	0.713389	0.581654	0.682227	0.624480	0.000000	0.657058	0.729464	0.608485	0.741026	0.753872	0.549069	0.649582
615	0.056419	-0.119032	0.237219	0.212974	0.086583	0.188670	0.039015	0.014645	0.000000	0.031254	0.095573	0.145062	-0.052694	0.038743	0.027761	0.039736	0.053256	0.074518	0.055127	0.104421
616	0.143377	-0.324134	-0.069375	-0.065547	0.224541	0.281070	0.176070	0.000000	0.371671	0.044934	0.194665	0.082110	-0.025774	0.133715	0.351989	0.084808	0.172573	0.215155	0.124714	0.272231
617	0.071124	-0.174307	0.096936	0.021438	0.105588	0.157410	0.074212	-0.017108	0.143494	0.028984	0.085097	0.000000	-0.086864	0.055420	0.165713	0.028628	0.107500	0.013965	0.098021	0.172695
618	0.056381	-0.246231	-0.029457	0.076384	0.079059	0.041577	0.014597	0.024123	0.130216	0.029991	0.134787	-0.046219	-0.080134	0.082445	0.000000	0.028690	0.056570	0.088082	0.037502	0.095047
619	0.022341	-0.091362	0.216977	0.198700	0.249628	0.278264	0.158055	0.188562	0.169107	0.245841	0.197136	0.147923	0.030446	0.129340	0.185819	0.000000	0.086547	0.104742	0.230934	0.275732
620	0.000000	-0.176782	0.280906	0.165327	0.015262	0.241904	0.101296	-0.125777	0.036388	-0.071237	-0.006828	0.147442	-0.054313	0.066510	0.076257	0.076416	0.125750	-0.095499	0.105089	0.094912
621	0.213886	0.073800	-0.050010	0.109757	0.481927	0.232711	0.208369	0.414512	0.211329	0.320248	0.394042	0.044630	-0.131891	0.173860	0.260816	0.000000	0.088074	0.383862	0.602062	0.600472
622	0.120265	0.003091	0.148472	0.000000	0.295560	0.354847	0.258967	0.040516	0.317898	0.091522	0.206660	0.250741	0.097845	0.225305	0.356424	0.191080	0.209930	0.034215	0.320433	0.319910
623	0.142011	0.014780	0.102400	0.100378	0.189384	0.251813	0.234234	0.122204	0.247173	0.163979	0.239117	0.180975	0.000000	0.184411	0.279423	0.103709	0.142065	0.131670	0.283417	0.304979
624	0.009715	-0.142278	-0.056517	0.050898	0.197606	0.228515	0.099472	0.086709	0.249847	0.200302	0.196405	0.014538	0.221539	0.162963	0.248633	0.000000	0.100069	-0.031722	0.203148	0.216958
625	0.308024	-0.106357	0.213433	0.275216	0.479597	0.397653	0.401488	-0.030277	0.367118	0.000000	0.331925	0.257501	-0.059689	0.356565	0.354573	0.228252	0.158889	0.039885	0.548818	0.543880
626	-0.103209	-0.293978	-0.059403	0.038930	0.221171	0.093504	0.000000	0.031200	0.196282	0.080443	0.155088	-0.047567	0.185604	0.074106	0.151549	-0.152990	-0.036465	-0.004112	0.157515	0.241276
627	-0.198352	-0.369295	-0.188000	-0.089970	-0.024651	-0.073073	-0.055267	-0.118800	0.070723	-0.088185	-0.005780	-0.168929	-0.146767	-0.053118	0.000000	-0.193358	-0.133876	-0.115569	-0.058713	0.017305
628	0.000000	-0.249524	0.028583	-0.033058	0.095934	0.226111	0.061372	-0.024387	0.145991	0.012184	0.060398	0.031098	0.109435	-0.007709	0.177661	0.022697	0.048828	0.054167	0.130178	0.153651
629	0.000000	-0.275506	0.089345	0.002476	0.113345	0.181916	0.121989	-0.061934	0.187881	0.001684	0.088177	0.045409	0.097892	0.037575	0.228611	0.050301	0.053929	-0.043875	0.156831	0.180347
630	-0.148449	-0.282288	0.040783	0.060560	0.207785	-0.222025	0.000000	0.048221	0.045109	0.082066	0.115622	-0.037801	0.058570	0.000716	0.008785	-0.185860	-0.078830	-0.045561	0.291553	0.247194
631	-0.081782	-0.180305	0.061948	0.072810	0.159201	0.073046	0.064586	0.018779	0.104628	0.023988	0.110451	-0.000002	-0.103191	0.043267	0.121664	-0.059797	0.000000	0.020398	0.138406	0.159485
632	0.071904	-0.187430	0.062987	0.000000	0.274057	0.117467	0.257495	0.055389	0.295993	0.097954	0.189280	0.103019	0.285705	0.138298	0.321606	0.037668	0.058483	0.051562	0.298708	0.319654
633	-0.059625	-0.320393	0.000000	0.061190	-0.043682	-0.022790	0.081714	-0.108337	0.127248	-0.082722	0.021941	0.069801	0.407907	0.032403	0.155079	0.035872	0.049496	-0.084531	0.003004	0.001883
634	0.095103	-0.204698	-0.045540	0.036348	0.208530	0.130299	0.209236	0.000000	0.305857	0.075811	0.185740	0.064245	0.057864	0.105099	0.313958	0.068318	0.161195	0.151993	0.230174	0.292081
635	0.003314	-0.251299	0.025090	-0.054046	-0.009967	0.087994	0.094450	-0.210428	0.150815	-0.126151	-0.030922	0.000000	0.127003	0.038934	0.159580	0.003393	0.014084	-0.161658	-0.049274	0.035965
636	0.000000	-0.295803	0.029749	-0.000037	0.010603	0.173712	0.105144	-0.218250	0.183327	-0.170056	-0.039420	0.032264	0.322521	0.029757	0.190021	0.049703	-0.001579	-0.140880	0.016653	0.058016
637	0.348563	0.000000	0.385176	0.426527	0.329935	0.408880	0.500041	0.191081	0.586185	0.306019	0.317698	0.445645	0.437179	0.472944	0.592795	0.383648	0.433222	0.202227	0.354680	0.454880
638	-0.011516	-0.265101	0.041808	-0.007956	0.185453	0.066837	0.159515	-0.011440	0.190278	-0.012297	0.121094	0.023440	0.136795	0.085197	0.188130	0.021678	0.000000	0.003328	0.132518	0.204836
639	0.208128	-0.227223	0.142547	0.052308	0.263315	0.160043	0.288972	-0.006731	0.324513	0.000000	0.204887	0.181424	0.243500	0.176039	0.323801	0.145990	0.120137	0.024074	0.305832	0.299295
640	-0.085525	-0.377377	0.051151	0.014224	0.034674	0.039958	0.076644	-0.121158	0.155307	-0.064986	0.018053	0.016217	0.028773	0.043810	0.157643	-0.007514	0.000000	-0.081447	-0.026703	0.069653
641	-0.085686	-0.381919	0.060421	0.042075	-0.084015	-0.017954	0.017280	-0.097042	0.159070	-0.110472	-0.044940	0.004332	0.190124	0.037086	0.137712	-0.030523	0.000000	-0.053097	-0.094561	-0.042414
642	0.021875	-0.212949	0.083299	0.093418	0.084224	0.021289	0.146808	0.061419	0.255133	0.038202	0.071128	0.055306	0.010367	0.090986	0.257958	0.000000	0.059595	0.022306	0.090500	0.175312
643	-0.122232	-0.602307	0.014470	-0.080669	-0.155059	-0.110152	0.020826	-0.247401	0.070312	-0.216888	-0.137896	-0.046264	0.000000	-0.066059	0.053928	-0.067265	-0.119176	-0.262236	-0.116673	-0.076854
644	-0.157494	-0.462048	-0.014713	0.037476	-0.306355	-0.190963	-0.041642	-0.236818	0.103715	-0.230224	-0.132207	-0.082839	-0.048153	-0.006284	0.000000	-0.128543	-0.123484	-0.237077	-0.249574	-0.213544
645	0.211278	-0.319920	0.188144	0.183110	0.103724	0.251689	0.243717	0.035432	0.352553	0.000000	0.172235	0.194882	0.120151	0.219790	0.340304	0.147345	0.112655	0.022226	0.126209	0.144439
646	-0.210028	-0.652776	-0.002684	-0.215428	-0.255584	-0.047966	-0.042386	-0.453149	-0.024317	-0.366144	-0.281369	-0.061632	0.000000	-0.173322	-0.062590	-0.141015	-0.200979	-0.445608	-0.226092	-0.207584
647	0.059123	-0.351425	0.110204	0.063238	-0.136173	0.081903	0.045408	0.109207	0.200594	0.007253	0.023755	0.060533	0.198855	0.008831	0.203849	0.024102	0.090414	0.000000	-0.106767	-0.058485
648	0.249066	-0.260159	0.163058	0.084782	0.000000	0.257311	0.347638	0.080696	0.333751	0.001909	0.188025	0.257938	0.111537	0.235443	0.351633	0.238222	0.267124	0.111356	0.174830	0.241443
