	A	C	D	E	F	G	H	I	K	L	M	N	P	Q	R	S	T	V	W	Y
1	0.255912	-0.231429	0.158996	0.259892	0.088084	0.238103	0.206582	-0.106484	0.321967	-0.058650	0.000000	0.102275	0.235375	0.324582	0.324046	0.238290	0.234637	0.076250	-0.020664	0.132437
2	0.011884	-0.415525	-0.033486	0.185684	-0.152096	-0.277407	-0.073719	0.183037	0.271412	0.003435	-0.016941	-0.077067	0.163391	0.145697	0.286253	0.000000	0.108712	0.142916	-0.118910	-0.039147
3	0.171281	-0.234870	0.353091	0.367264	0.222263	0.049262	0.279127	0.259920	0.384896	0.139299	0.134933	0.183769	0.525745	0.330426	0.421004	0.000000	0.235162	0.211834	0.297278	0.321453
4	0.384876	0.132607	0.609032	0.509234	0.620794	0.251305	0.514141	0.564511	0.553665	0.566233	0.512995	0.386766	0.572909	0.485878	0.602322	0.000000	0.414239	0.484622	0.666262	0.659545
5	0.051015	-0.318220	0.084211	0.096856	0.058229	0.001922	0.099108	0.155684	0.241484	0.000000	0.030696	-0.005158	0.265637	0.052700	0.208333	-0.055478	-0.004190	0.095982	0.153599	0.147066
6	-0.028030	-0.500672	0.123728	0.170290	-0.109143	0.000000	0.001909	-0.117590	0.154007	-0.078834	-0.047430	-0.026540	0.111216	0.055401	0.154659	0.003549	0.056752	-0.046380	-0.175717	0.007635
7	-0.032566	-0.355793	0.042867	0.124220	-0.120665	0.027508	-0.031062	-0.194567	0.000000	-0.187556	-0.089051	-0.090940	0.052602	-0.019220	0.036850	-0.070561	-0.083570	-0.117329	-0.183997	-0.084211
8	-0.177394	-0.569121	-0.101868	0.000000	-0.159042	-0.156659	-0.082427	-0.092245	0.010673	-0.136392	-0.149019	-0.157168	-0.110828	-0.070374	0.018987	-0.158675	-0.080176	-0.073903	-0.213282	-0.083880
9	-0.085893	-0.365522	-0.135187	0.080367	-0.137623	-0.177244	-0.067897	-0.257996	0.000000	-0.218667	-0.110607	-0.193557	-0.075275	-0.036067	0.059916	-0.165070	-0.183080	-0.189616	-0.147877	-0.077178
10	-0.011505	-0.420599	0.000000	0.170417	-0.190178	0.044394	0.007078	-0.130640	0.099664	-0.189801	-0.151090	0.051051	0.177103	0.078222	0.151597	0.054467	0.073342	-0.082027	-0.252483	-0.123989
11	0.034046	-0.277627	0.075522	0.188440	-0.081277	0.027779	0.015360	-0.056072	0.132462	-0.020462	-0.020411	0.006631	0.021321	0.097303	0.176331	0.000000	0.088566	-0.008828	-0.170820	-0.020521
12	0.041293	-0.266626	-0.038489	0.099799	-0.078699	0.003407	-0.039581	-0.064563	0.000000	-0.084651	0.008200	-0.120080	-0.024915	0.012757	0.032091	-0.055758	-0.041706	0.005970	-0.152236	-0.060362
13	-0.188535	-0.605182	-0.034946	0.000000	-0.271889	-0.090897	-0.110800	-0.160995	0.003358	-0.223846	-0.234967	-0.133902	0.005519	-0.080188	-0.015877	-0.156262	-0.105851	-0.143502	-0.351174	-0.190947
14	0.064515	-0.220591	-0.140869	0.118218	-0.068644	-0.036492	-0.053942	-0.127186	0.000000	-0.105488	0.009674	-0.167409	-0.067919	0.016437	0.098565	-0.107061	-0.129722	-0.042242	-0.072714	-0.035791
15	0.167778	-0.263631	0.000000	0.235778	-0.049104	0.224956	0.090390	0.095147	0.255334	0.071120	0.106650	0.092529	0.146530	0.197862	0.278487	0.188412	0.222049	0.122883	-0.075928	0.025685
16	0.029021	-0.237861	-0.035561	0.091775	0.067595	-0.015946	0.081081	0.051270	0.142888	0.070361	0.064901	-0.003934	0.000000	0.044747	0.180120	-0.020145	0.043360	0.073091	0.109671	0.157733
17	-0.075183	-0.350498	-0.248707	-0.018316	0.021435	-0.140664	-0.063466	-0.024018	0.000000	-0.045034	0.008557	-0.228550	-0.127036	-0.072887	0.079910	-0.173946	-0.112855	-0.003241	-0.016147	0.059497
18	-0.093860	-0.436783	-0.029152	0.106312	-0.159876	-0.077046	-0.048963	0.074314	0.029522	-0.069503	-0.145607	-0.106835	0.001112	-0.067812	-0.000104	-0.087588	-0.001575	0.000000	-0.171892	-0.064125
19	0.188626	-0.105352	0.072356	0.179597	0.241909	0.125124	0.244340	0.051011	0.184186	0.042742	0.123908	0.076220	0.000000	0.107137	0.262284	0.077581	0.040065	0.133913	0.360341	0.350405
20	0.078372	-0.173145	-0.069774	0.059677	0.176708	0.040299	0.116849	0.229891	0.230830	0.147928	0.138954	-0.020769	0.072053	0.085660	0.272191	0.000000	0.122660	0.179765	0.204087	0.275244
21	0.000000	-0.337299	0.060058	0.142814	0.038450	-0.018880	0.048823	0.082457	0.197919	0.025189	0.020618	-0.016876	0.167568	0.023057	0.241278	0.013459	0.019459	0.058127	0.062558	0.124866
22	-0.027552	-0.222051	-0.015644	0.079060	0.028303	-0.044613	0.045405	-0.082369	0.000000	-0.111859	-0.028678	-0.059119	0.150274	-0.044795	0.059922	-0.055149	-0.089437	-0.066342	0.049333	0.101382
23	-0.043926	-0.356802	-0.140874	0.000000	0.076299	-0.081424	0.067385	0.076589	0.206676	0.019843	0.013238	-0.074022	0.135959	0.000632	0.204514	-0.011288	0.030357	0.044462	0.064814	0.139280
24	-0.071789	-0.186161	-0.307970	-0.060791	-0.051167	-0.207444	-0.118552	-0.142355	0.032916	-0.163440	-0.078668	-0.269291	-0.066445	-0.124895	0.000000	-0.234831	-0.209769	-0.073811	-0.047474	-0.000159
25	-0.018234	-0.412247	-0.140038	0.000000	-0.036139	-0.155917	0.015178	-0.005222	0.146476	-0.047587	-0.040946	-0.055390	-0.087190	0.024666	0.160045	-0.005149	0.011351	0.001114	-0.108734	0.023608
26	-0.060649	-0.320213	-0.217647	0.035468	-0.095537	-0.321523	-0.073662	-0.199167	0.000000	-0.187116	-0.079771	-0.234954	0.039852	-0.058169	0.065172	-0.161014	-0.218944	-0.165906	-0.077347	-0.045098
27	-0.018724	-0.445964	-0.168347	0.000000	-0.079254	-0.050369	-0.032802	-0.068883	0.126631	-0.110783	-0.075221	-0.164602	0.092257	-0.011252	0.120626	-0.061733	-0.033396	-0.034386	-0.129633	-0.011246
28	0.000000	-0.358921	-0.089315	0.091432	-0.106509	-0.050370	0.015939	-0.163293	0.237179	-0.129024	-0.070471	-0.051372	-0.169635	0.032186	0.279004	-0.009099	-0.079811	-0.103428	-0.117237	0.010147
29	-0.069112	-0.327137	-0.238645	-0.004736	-0.062916	-0.168416	-0.069089	-0.215191	0.000000	-0.185641	-0.073351	-0.200833	-0.220599	-0.059641	0.068703	-0.164706	-0.205413	-0.157369	-0.078811	-0.021343
30	0.000000	-0.353359	-0.000620	0.067326	-0.038407	0.074954	0.018354	-0.101398	0.153586	-0.092312	-0.063599	-0.051746	0.216271	0.021322	0.153132	0.031941	-0.031988	-0.082874	-0.019868	0.027657
31	0.082012	-0.185527	-0.113880	0.037096	0.149919	-0.155364	0.057486	0.220875	0.241439	0.179712	0.140224	-0.078421	0.100561	0.088996	0.250298	0.000000	0.084729	0.133821	0.204632	0.184426
32	0.153875	-0.299004	0.159033	0.241757	0.165037	0.000000	0.152496	0.018309	0.288394	0.009879	0.107641	0.093541	0.269841	0.196899	0.353736	0.050193	0.151215	0.075771	0.194827	0.269782
33	0.114122	-0.266975	0.227571	0.256260	0.148243	0.000000	0.185199	0.153636	0.336495	0.167641	0.158649	0.119540	0.250729	0.181299	0.342158	0.114374	0.177829	0.121770	0.167198	0.265814
34	0.074184	-0.283478	-0.118461	0.026425	0.000000	0.018108	0.236495	0.162244	0.265544	0.071588	0.125919	0.001676	-0.005352	0.124541	0.287525	-0.008986	0.084706	0.117442	0.232160	0.287551
35	0.011634	-0.390256	0.115651	0.095044	-0.012010	0.000000	0.058498	0.016858	0.230650	-0.002816	-0.000816	0.024539	0.258686	0.095728	0.230608	0.111196	0.184083	0.065331	-0.058496	0.091157
36	-0.086573	-0.360635	-0.222724	-0.035072	-0.057435	-0.249780	-0.130391	-0.092469	0.000000	-0.142789	-0.104885	-0.254183	-0.131230	-0.112293	0.052094	-0.204671	-0.205182	-0.094577	-0.083350	-0.013888
37	-0.006057	-0.462161	-0.201568	0.000000	-0.020182	-0.206550	-0.013398	0.078122	0.159156	0.015884	-0.003086	-0.160147	0.191809	0.021910	0.189562	-0.062848	0.003187	0.082482	-0.043189	0.050090
38	0.119335	-0.242075	0.024410	0.155947	0.016807	-0.015628	0.023960	0.159074	0.194083	0.118868	0.054801	0.032159	0.067135	0.110916	0.243235	0.000000	0.076559	0.143081	-0.022188	0.066488
39	0.021509	-0.279076	-0.138656	0.042662	-0.086140	-0.116929	-0.093922	-0.114189	0.000000	-0.131719	-0.046547	-0.165632	-0.140449	-0.007626	0.039798	-0.117693	-0.150443	-0.054548	-0.138079	-0.070143
40	-0.131177	-0.525381	-0.130238	0.000000	-0.102175	-0.204643	-0.031342	-0.042416	0.089704	-0.078490	-0.116635	-0.120968	0.059708	-0.025336	0.068753	-0.140500	-0.096390	-0.066378	-0.147244	-0.030260
41	0.050447	-0.181954	-0.100738	0.134269	0.015884	-0.149773	-0.017811	-0.096936	0.000000	-0.084960	0.018770	-0.138985	-0.020903	0.009640	0.074970	-0.113379	-0.136046	-0.026454	0.018581	0.064063
42	-0.128385	-0.514910	-0.106412	0.000000	-0.213965	-0.150089	-0.170951	-0.093047	-0.125300	-0.170700	-0.188809	-0.122997	-0.021541	-0.089269	-0.074728	-0.142654	-0.090648	-0.043463	-0.321718	-0.162348
43	-0.026774	-0.366218	-0.104400	0.024892	-0.032707	-0.084188	-0.022360	-0.038487	0.124417	-0.038385	-0.066927	-0.059989	0.000000	-0.034502	0.155432	-0.088630	-0.077531	0.019681	-0.054060	0.054794
44	-0.100801	-0.349006	-0.228257	0.014401	-0.007108	-0.258597	-0.084716	-0.020184	0.000000	-0.044298	-0.027322	-0.243408	-0.119203	-0.058427	0.056767	-0.241900	-0.166494	-0.018395	0.010253	0.031916
45	-0.165671	-0.323364	0.051492	0.083347	-0.017831	-0.083377	-0.014593	0.041085	0.104683	-0.018403	-0.073060	-0.021163	0.142318	0.006328	0.086101	-0.055984	0.000000	0.051649	-0.049329	0.033382
46	-0.247402	-0.436875	-0.431174	-0.156522	-0.140912	-0.354551	-0.127968	-0.162757	0.000000	-0.242479	-0.195826	-0.350256	-0.128885	-0.178617	0.067145	-0.300766	-0.272172	-0.166708	-0.074461	-0.004917
47	-0.030573	-0.395766	0.040614	0.127845	-0.067985	0.000000	-0.029753	-0.000668	0.127193	-0.019174	-0.011261	-0.042206	0.217128	0.061568	0.141598	0.021256	0.111916	0.040534	-0.072759	0.049086
48	-0.086982	-0.316973	-0.177699	0.025770	-0.020010	-0.142082	-0.030949	-0.076129	0.000000	-0.117954	-0.071389	-0.172843	0.059410	-0.054432	0.061331	-0.154923	-0.141689	-0.081493	-0.009722	0.023074
49	0.213141	-0.186714	0.000000	0.283532	0.199597	0.151763	0.224153	0.231090	0.390492	0.164858	0.208564	0.146379	0.408476	0.267924	0.419281	0.244437	0.323213	0.258783	0.190192	0.279916
50	0.000000	-0.259002	0.063106	0.183649	-0.048462	0.044185	0.064766	0.009774	0.232111	-0.013853	-0.014022	0.069010	0.091237	0.104105	0.282441	0.027643	0.054292	0.026524	-0.022921	0.045455
51	-0.094251	-0.300892	-0.176249	0.034620	0.031583	-0.066872	0.001613	-0.040196	0.000000	-0.085011	-0.029849	-0.125002	0.047456	-0.026274	0.074370	-0.147989	-0.118041	-0.032572	-0.019177	0.092413
52	0.055235	-0.372546	0.000000	0.273310	-0.070294	0.030795	0.111641	0.053870	0.250973	-0.046227	-0.003523	0.079908	0.431616	0.185102	0.243426	0.111275	0.157737	0.082766	-0.062056	0.042263
53	-0.009462	-0.348153	-0.032395	0.122872	-0.042852	0.000000	0.033942	-0.078197	0.231554	-0.054678	-0.007706	-0.012984	0.225996	0.082662	0.252718	-0.025625	0.031016	-0.013429	-0.057925	0.098490
54	-0.188360	-0.370826	-0.135447	0.049068	-0.078472	-0.175621	-0.040261	-0.000280	0.000000	-0.054388	-0.069033	-0.160794	0.011194	-0.065665	0.017975	-0.156787	-0.082804	-0.045431	-0.126566	-0.012731
55	-0.174645	-0.351762	-0.177759	0.030582	-0.071891	-0.198234	-0.054628	-0.055028	0.000000	-0.114806	-0.111268	-0.206707	0.066054	-0.084866	0.029762	-0.154677	-0.092793	-0.048330	-0.100861	-0.001033
56	0.049366	-0.300639	0.000000	0.218363	0.021667	0.062702	0.172198	0.015985	0.340000	-0.034662	0.013977	0.132679	0.204925	0.174345	0.365223	0.104105	0.133416	0.039424	0.046915	0.142336
57	0.059107	-0.100174	-0.057049	0.170221	0.219358	0.006855	0.180310	0.134050	0.312718	0.122699	0.118496	0.010288	0.189727	0.164216	0.385196	0.000000	0.135963	0.109119	0.212736	0.312557
58	0.061316	-0.068303	0.061804	0.183564	0.268346	0.107972	0.193986	0.152445	0.261980	0.135569	0.133175	0.036795	0.311530	0.140976	0.302341	0.000000	0.107968	0.121394	0.280998	0.348372
59	0.000000	-0.278400	0.062759	0.110190	-0.007204	0.123567	0.087902	-0.120191	0.210610	-0.142707	-0.065602	-0.015645	0.005992	0.035910	0.230147	0.011561	-0.012967	-0.045586	-0.020631	0.104057
60	0.000000	-0.215652	-0.080997	-0.008670	0.065339	0.119310	0.078304	-0.038474	0.234225	-0.032033	0.033214	-0.061659	0.021157	-0.009233	0.292058	-0.027257	-0.013391	0.010347	0.051665	0.168433
61	-0.022332	-0.165939	0.076048	0.098144	0.049179	0.063609	0.146024	0.015179	0.219326	0.071177	0.095763	0.006021	-0.051171	0.000000	0.218314	0.000623	0.062698	0.040663	0.091445	0.160124
62	0.069710	-0.103752	0.071767	0.090486	0.259320	0.083042	0.210647	0.158125	0.218926	0.169169	0.190136	0.077287	0.000000	0.114540	0.267834	0.082260	0.126863	0.131231	0.318068	0.347124
63	-0.068623	-0.304433	-0.024727	-0.030586	0.032111	0.000000	-0.094277	-0.158163	-0.057496	-0.074997	-0.006820	-0.120497	-0.101251	-0.090987	-0.028368	-0.065191	-0.056506	-0.102049	0.016295	0.113728
64	-0.014156	-0.262733	-0.312130	-0.164788	0.195592	-0.040697	0.014939	0.092422	0.094236	0.036690	0.036824	-0.202457	-0.260046	-0.121285	0.157670	-0.106525	0.020853	0.000000	0.139762	0.246329
65	0.000000	-0.205144	-0.084428	-0.018615	0.077092	0.133633	0.025731	-0.074712	0.055522	0.018830	0.032588	-0.084970	-0.081672	-0.051250	0.086111	-0.027725	-0.049093	-0.079081	0.143558	0.166169
66	-0.002512	-0.264198	-0.198751	-0.166607	0.000000	-0.033916	0.181696	0.025564	0.242020	-0.030615	0.039712	-0.027279	-0.235093	-0.016316	0.302272	0.031923	0.159366	-0.009322	0.253967	0.331973
67	0.059311	-0.130437	-0.034373	0.082235	0.257683	0.027396	0.131071	0.175474	0.167951	0.285354	0.217995	0.008528	0.028905	0.096800	0.208112	0.000000	0.103830	0.095115	0.262897	0.295083
68	0.139667	-0.153435	-0.039280	0.092625	0.066736	0.149906	0.151919	0.033918	0.266842	-0.002745	0.037592	0.004343	0.000562	0.056001	0.320709	0.023428	0.082533	0.000000	0.158772	0.235832
69	0.120629	-0.184505	0.000000	0.184334	0.207728	0.153008	0.277162	0.127235	0.342649	0.157841	0.196848	0.181412	0.273332	0.201593	0.396514	0.149323	0.231855	0.103912	0.183277	0.295372
70	0.158537	-0.131043	-0.156936	-0.022044	0.169625	0.047213	0.148521	0.001671	0.298750	0.138921	0.134276	0.000000	0.042005	0.131755	0.307766	0.057571	0.102080	0.003973	0.101012	0.194957
71	-0.027618	-0.224572	-0.117003	0.051729	0.080621	-0.014526	0.059593	0.165119	0.240595	0.158742	0.123227	-0.084887	0.158108	0.073133	0.208845	-0.084974	0.000000	0.126624	0.013067	0.127390
72	0.042274	-0.379475	-0.133855	-0.017451	-0.051116	-0.043606	-0.047536	0.000000	0.050261	0.032206	0.017393	-0.075842	-0.342955	-0.083717	0.015685	-0.081373	0.023887	0.147266	-0.107280	0.048947
73	-0.157726	-0.341859	-0.266075	-0.134308	0.062223	-0.128285	-0.023156	-0.113559	0.000000	-0.037723	0.016537	-0.196601	-0.300782	-0.131403	0.058591	-0.161305	-0.123505	-0.159723	0.023256	0.105891
74	-0.069124	-0.305594	-0.218298	-0.094195	0.028594	-0.091301	-0.009775	0.018605	0.119983	0.086778	0.069935	-0.141374	-0.085150	-0.066754	0.000000	-0.059110	0.009630	0.005811	-0.071048	0.046289
75	0.076348	-0.205907	-0.145969	-0.038141	0.195451	0.059562	0.121674	0.155313	0.248028	0.228021	0.208498	-0.016135	0.000000	0.062279	0.236568	0.001569	0.037193	0.125422	0.173329	0.249161
76	0.041961	-0.108585	-0.026536	0.046564	0.270247	0.005770	0.214416	0.224732	0.288329	0.257640	0.271185	0.000000	-0.012416	0.148819	0.342340	0.050543	0.142953	0.130537	0.321105	0.383520
77	0.215906	0.059987	-0.201089	0.053491	0.564856	0.093718	0.366832	0.458070	0.458569	0.514121	0.497847	0.056792	0.000000	0.239216	0.503398	0.077137	0.179855	0.440255	0.593001	0.629174
78	0.000000	-0.224253	-0.231005	-0.056341	0.232729	0.024303	0.101996	0.226455	0.185787	0.206496	0.233011	-0.102855	-0.210638	0.025167	0.241114	-0.011490	0.052572	0.183556	0.249251	0.311725
79	0.264668	0.056587	0.070510	0.190472	0.603091	0.156032	0.399506	0.523568	0.420413	0.485352	0.498194	0.153033	0.000000	0.273751	0.455922	0.232365	0.354547	0.513738	0.637497	0.697149
80	0.175397	-0.190839	-0.234191	0.003387	0.426175	0.000000	0.197250	0.343077	0.370410	0.395324	0.420610	-0.053230	-0.131027	0.167234	0.396283	0.059629	0.161474	0.329728	0.421846	0.511704
81	-0.005136	-0.237113	-0.187424	0.014217	0.229001	-0.039142	0.044709	0.233410	0.172921	0.160705	0.199263	-0.114796	-0.295971	0.064164	0.179749	-0.091014	0.000000	0.256550	0.163584	0.266178
82	-0.060298	-0.339051	-0.328074	-0.079280	-0.038622	-0.196288	-0.173027	0.096541	0.122175	0.053029	0.086769	-0.293449	-0.430418	-0.076105	0.000000	-0.151541	-0.072340	0.097110	-0.088320	-0.004399
83	-0.201014	-0.428095	-0.299227	-0.144299	-0.064443	-0.267417	-0.177517	0.061561	0.000000	0.058422	0.036713	-0.244716	-0.326329	-0.161724	0.017840	-0.232117	-0.187552	-0.019745	-0.072142	-0.019096
84	-0.191640	-0.329895	-0.416152	-0.230916	0.026587	-0.263313	-0.157914	0.140168	0.000000	0.113952	0.048243	-0.228848	-0.403947	-0.150712	0.046464	-0.140214	-0.024285	0.084706	0.033286	0.041559
85	-0.289765	-0.104456	0.319059	0.399252	-0.241736	0.402602	0.209452	-0.032481	0.708928	0.018132	-0.135427	0.498810	0.370962	0.327687	0.698496	0.000000	0.100032	-0.056925	-0.963140	-0.509301
86	0.673158	0.273623	0.180530	0.512146	0.801335	0.527107	0.596774	0.775880	0.703186	0.607076	0.684282	0.265285	0.935334	0.613119	0.671884	0.000000	-0.044869	0.784619	0.796847	0.883391
87	-0.235689	-0.438714	-0.149599	-0.315412	-0.293533	0.211577	-0.148480	-0.532191	0.018459	-0.600250	-0.463468	0.000000	-0.110359	-0.166835	0.097947	0.013010	0.019401	-0.244526	-0.432884	-0.286073
88	0.000000	-0.170663	0.061986	-0.099051	0.067037	0.470137	0.155228	0.078271	0.256437	-0.023823	0.062040	0.237754	0.714170	0.127587	0.281811	0.200956	0.217636	0.184655	-0.085214	0.107636
89	0.499259	0.191273	0.118293	0.000000	0.423546	1.104615	0.745542	0.598064	0.994372	0.537247	0.441116	0.786669	2.233003	0.482363	1.070711	0.753950	0.730363	0.740509	-0.085109	0.372825
90	1.729052	1.339881	2.048531	2.115000	1.307632	2.641519	2.308109	-0.125150	2.441613	0.442702	0.999568	2.383013	2.560674	1.954126	2.443199	2.184389	1.237810	0.000000	1.605738	1.869642
91	0.646294	0.092029	0.792162	0.226524	0.421736	1.458959	0.669685	0.000000	0.845164	-0.094704	-0.008609	0.678710	2.379529	0.345560	0.791096	0.883594	0.744458	0.460418	0.325014	0.451034
92	-0.166236	-0.074362	0.140729	-0.110516	0.054583	0.497097	0.174184	-0.000486	0.000000	-0.103612	-0.060072	0.140802	1.771301	0.000821	-0.025298	0.044268	0.107804	0.173011	0.026614	0.020227
93	0.375957	0.044703	0.653097	0.000000	0.645922	1.609845	0.810202	-0.145978	0.929556	-0.033044	-0.031157	1.179601	2.731824	0.499206	0.971793	0.860657	0.361793	0.070462	0.563780	0.606429
94	2.430330	1.572723	3.042681	2.891198	0.637751	2.868933	2.595308	0.277233	2.875573	0.000000	0.865067	2.992213	3.113149	2.797952	2.831035	2.923687	2.599255	1.141278	1.528125	1.498648
95	0.275445	-0.004090	0.276662	0.160076	0.239925	0.933267	0.143917	-0.096858	0.051265	-0.182702	-0.063801	0.000000	2.544429	0.072353	-0.003677	0.309947	0.213906	0.151598	0.257050	0.252563
96	0.407226	0.562963	0.893214	0.754866	0.717183	1.187899	0.486750	0.437033	0.000000	0.272390	0.403234	0.511346	2.403464	0.357453	-0.074263	0.600545	0.643220	0.670403	0.729544	0.696606
97	-0.931429	0.000000	1.984616	1.721077	0.848113	0.930239	1.196579	0.584507	1.386830	0.564907	0.586444	1.521016	1.707244	1.289594	1.349032	0.198995	0.450251	0.272776	1.121694	0.987310
98	0.312762	0.390384	1.658286	1.215703	0.107183	1.162030	0.435079	-0.032820	0.011049	-0.253477	0.054862	0.950491	2.121881	0.585124	0.000000	0.781321	1.186336	0.417479	0.311227	0.189145
99	-0.011560	0.055771	0.246111	0.000000	0.369643	0.707105	0.318259	0.159726	0.106012	-0.001349	0.062105	0.255749	1.781891	0.129422	0.127092	0.244543	0.424654	0.324324	0.456700	0.423304
100	0.115169	0.011760	0.239060	0.000000	0.446713	0.516717	0.316478	0.528967	0.366259	0.165760	0.054048	0.084164	1.698298	0.070834	0.373311	0.032077	0.106962	0.589116	0.451605	0.483194
101	0.472325	0.242042	0.590755	0.638730	0.568571	0.059186	0.183118	1.267675	0.164841	0.671471	0.366361	0.000000	1.701745	0.186388	0.254395	0.352834	0.897921	1.299970	0.812784	0.697354
102	0.312026	0.247956	0.929950	0.690121	1.168980	0.991377	0.879947	0.830226	0.530274	0.446304	0.532398	0.704254	1.580557	0.534685	0.575802	0.000000	0.451689	0.853546	1.095414	1.175483
103	0.162689	-0.051211	0.442733	0.376602	0.350079	0.469840	0.133456	0.116360	-0.081402	0.141071	0.000000	0.128111	-0.085052	0.100499	-0.103377	-0.009432	-0.226948	0.048367	0.406572	0.342710
104	0.587217	0.118429	1.651796	0.885540	0.403532	1.209054	0.457245	0.050310	0.130769	0.503528	0.411355	1.025249	2.173969	0.469075	0.000000	0.400998	0.118129	-0.079842	0.321546	0.381148
105	2.447072	1.670043	3.719885	3.462978	1.251762	3.361799	3.038419	1.101283	3.139795	0.000000	1.098146	3.554541	3.305804	3.128347	3.199158	3.308722	2.978374	1.312338	1.862870	1.827382
106	1.754454	0.571355	0.000000	1.482453	1.154372	1.951642	1.356479	1.279651	1.550609	1.449126	1.369757	0.512080	1.941090	1.464676	1.523055	1.365975	1.497655	1.479117	1.253564	1.266971
107	2.368237	1.538938	2.929511	2.874704	1.627498	2.444536	2.676411	1.216142	2.575221	0.000000	1.299175	2.805043	2.646438	2.683398	2.605423	2.767186	2.683275	1.746634	2.164992	2.244988
108	1.019586	1.163206	1.672140	1.400408	2.500016	0.831335	1.806688	2.341074	1.523390	2.408657	1.804183	1.453947	2.466229	1.235833	1.391003	0.000000	0.985435	2.192738	2.389016	2.519175
109	-0.172904	-0.345733	0.157106	-0.019121	-0.322197	-0.656549	-0.421890	0.810542	0.000000	0.311297	-0.003038	-0.278255	1.226983	-0.239723	-0.072337	-0.047315	0.344973	0.769438	-0.100563	-0.330625
110	0.788060	0.392263	1.690011	1.217609	0.903069	1.232744	0.795321	1.174538	0.152619	0.192336	0.208305	1.006686	2.122701	0.320847	0.000000	1.008701	1.268874	1.336471	1.027117	0.932512
111	0.076458	-0.123030	-0.236538	-0.145419	0.070358	-0.195420	-0.045218	0.611653	0.299187	0.114151	-0.046273	-0.144379	1.520044	-0.091418	0.400681	0.000000	0.292352	0.671324	0.181039	0.002393
112	1.321137	0.625437	1.710258	1.535177	0.760385	1.515754	1.543690	0.000000	1.561315	-0.454247	0.554860	1.723428	1.346654	1.516621	1.623154	1.623337	1.478355	0.637482	0.986580	1.045237
113	0.005518	-0.116628	0.403064	0.070025	0.180308	0.230931	0.000000	0.112241	-0.073554	0.136294	0.049079	0.265455	0.388989	0.010768	-0.203444	-0.105065	-0.089362	0.032116	0.201139	0.150819
114	0.161382	-0.083305	0.464405	-0.135344	0.018296	0.864385	0.074366	0.000000	0.158759	0.337831	0.183190	0.407450	1.798931	0.030132	0.068548	0.091988	0.003892	0.099052	-0.244195	-0.158929
115	2.800211	2.048199	3.338793	3.093040	1.561390	3.098514	3.217611	1.438946	3.026420	0.000000	1.427234	3.383609	3.025321	3.048045	3.196229	3.219469	3.006810	1.765056	2.208988	2.401485
116	2.361246	1.868678	2.556922	2.846991	2.513633	2.613958	2.403095	2.908728	2.800020	2.858828	2.819836	2.535107	0.000000	2.764178	2.968093	2.546324	3.079297	2.843014	2.477753	2.517448
117	-0.105247	-0.041156	0.103523	-0.038240	0.467892	0.275475	0.192555	0.257054	0.232634	0.378469	0.314202	0.227624	-0.211606	0.287609	0.317181	0.000000	0.274912	0.075443	0.378771	0.446897
118	-0.066447	0.168655	0.679754	0.169773	0.927664	0.655407	0.607452	0.524224	0.574490	0.612714	0.471543	0.461676	1.259090	0.323926	0.676184	0.000000	0.432282	0.485471	0.875795	0.882554
119	1.568964	1.354452	2.339592	2.267424	1.523654	2.206617	2.323596	0.000000	2.357146	0.813147	1.250721	2.381199	2.406973	2.259839	2.370916	2.106226	2.048110	0.578578	1.717373	1.894516
120	-0.465548	0.123055	0.818307	0.322050	0.873422	-0.028014	0.605450	0.827770	0.000000	0.775026	0.310008	0.643873	0.977728	0.141660	0.263597	-0.095554	0.544116	0.562885	0.924805	0.864077
121	0.366525	0.131263	-0.263080	0.000000	0.015172	0.372262	0.153943	0.633009	0.936793	0.506526	0.343819	0.135252	1.552598	0.439897	1.018547	0.267856	0.421012	0.673211	0.032153	-0.075767
122	1.601709	0.851875	1.790118	1.802397	1.540261	1.633803	1.831948	1.387657	1.874529	0.000000	1.117200	1.792331	1.667284	1.758517	1.986516	1.748183	1.838607	1.524837	1.544696	1.681490
123	0.623806	0.294162	0.903434	0.682333	0.580789	0.902482	0.599798	0.171757	0.513643	0.460719	0.456653	0.673262	1.034271	0.550622	0.565534	0.389345	0.000000	0.159500	0.620835	0.592734
124	0.566207	0.853123	1.067569	0.645025	0.597485	0.311165	0.194416	1.008082	0.771457	0.912918	0.714317	0.470394	1.350813	0.000000	0.983749	0.757483	0.830995	1.088867	0.876510	0.726458
125	2.139732	1.681610	3.076694	2.888666	2.263986	2.880858	3.074437	0.870431	2.827412	0.000000	1.433121	3.028642	3.027741	2.799697	2.875171	2.814713	2.355992	1.014295	2.773525	2.905838
126	0.690505	0.344619	1.521104	0.535780	0.837128	1.455305	0.675192	0.227153	0.511569	0.640993	0.395004	0.927893	2.160570	0.346885	0.406139	0.613107	0.000000	0.005199	0.793405	0.725237
127	0.708618	0.424107	0.879084	0.000000	0.948760	1.285605	0.731602	0.684420	1.029255	0.959649	0.760196	1.142001	2.924348	0.534456	1.041129	0.728694	0.794198	0.554781	0.515616	0.659984
128	2.585176	1.800281	4.347548	4.114369	1.298278	3.840922	3.902021	1.275305	4.044032	0.000000	1.325662	4.179926	3.875511	3.977317	4.015081	3.953526	3.229797	1.218311	2.897378	2.876473
129	1.473549	0.559869	1.209287	1.503987	0.371950	1.893335	0.608732	0.579962	0.965118	0.695134	0.995240	0.668628	2.419669	1.250557	0.880395	1.111293	1.068855	1.001049	0.224878	0.000000
130	2.019736	1.297121	3.126695	3.101006	2.197887	2.233879	3.090168	1.292922	3.085695	0.000000	1.323602	3.058606	2.844672	2.944265	3.150406	2.717731	2.386828	1.300420	2.810689	2.817946
131	0.237384	0.036552	-0.193687	0.038634	0.346814	-0.005017	-0.124439	0.763634	-0.084657	0.903652	0.432388	-0.211772	1.239399	-0.161394	-0.357184	-0.267170	-0.099096	0.764314	0.264140	0.000000
132	-0.069688	-0.220767	0.048580	0.041637	-0.175994	-0.160612	-0.247149	0.499055	0.269307	0.203930	0.050960	-0.057765	1.321627	0.002373	0.288217	0.000000	0.504630	0.510807	-0.136471	-0.196984
133	1.191644	0.895259	1.474931	1.564247	1.523495	1.538143	1.395797	1.424837	1.581992	1.366547	1.418300	0.000000	1.440225	1.338384	1.389525	1.061794	1.611225	1.485773	1.735781	1.881965
134	0.242422	-0.043800	0.506053	0.215626	0.168577	0.464844	0.162196	0.227378	0.000000	-0.010404	0.090393	0.217790	1.384408	0.113839	0.116488	0.110780	0.337044	0.363597	0.334528	0.117167
135	2.364724	1.327265	2.721817	2.505517	1.571934	2.701608	2.532164	1.479527	2.452455	0.000000	1.353458	2.664560	2.117764	2.498965	2.481890	2.593490	2.567558	1.839651	2.011853	2.012562
136	0.126078	0.088562	0.434229	0.029539	0.466150	0.484100	0.279456	-0.013970	0.051081	0.249014	0.196860	0.336119	0.813619	0.000000	0.016431	-0.037979	-0.133614	-0.016443	0.593844	0.423869
137	0.274693	0.104113	0.230039	0.083028	0.200693	0.459338	0.264708	0.485818	0.533224	0.625252	0.333871	0.295767	1.864586	0.267061	0.403783	0.000000	-0.006417	0.457429	0.215789	0.176177
138	2.612629	2.004972	3.473184	3.473577	2.144375	3.174332	3.598791	1.592245	3.345466	0.000000	1.563991	3.530617	3.058036	3.358140	3.415896	3.285756	2.809130	1.780367	2.949152	3.064515
139	2.466479	2.194091	2.675818	2.992412	2.727439	2.641307	2.692030	2.945930	2.906891	3.014285	3.011956	2.634427	0.000000	2.911160	3.148162	2.473804	2.971805	2.843492	2.770927	2.856978
140	0.000000	0.275951	-0.125941	-0.012963	0.639645	0.626684	0.384322	0.457166	0.482270	0.486428	0.535200	0.336291	-0.091246	0.455192	0.585796	0.289577	0.542430	0.413027	0.463259	0.628357
141	0.887132	1.242511	1.231844	0.000000	1.804023	1.557369	1.481414	1.983416	2.079311	2.010029	1.614256	1.495080	2.047547	1.050418	2.152887	1.278304	1.622795	1.566366	1.640936	1.805585
142	1.853901	1.609494	3.041441	3.179147	1.601443	3.036654	2.960388	-0.303702	3.260794	0.412395	1.059519	3.049021	3.294443	3.043843	3.295576	2.671886	2.012948	0.000000	2.202545	2.336683
143	1.925249	1.810556	2.477401	2.364091	2.201153	0.000000	2.384148	2.730289	2.665626	2.624122	2.449193	2.507961	2.353889	2.495298	2.799660	2.273406	2.458286	2.439741	2.057135	2.277071
144	-0.150662	0.000000	0.713737	0.479799	-0.011877	0.350877	0.157697	0.806573	0.635858	0.522319	0.170517	0.385529	2.032605	0.443735	0.806909	0.052458	0.689821	0.697608	0.154625	0.041921
145	1.889749	1.109753	2.252225	2.204295	1.780605	1.991875	2.289073	1.336740	2.134242	0.000000	1.284267	2.229621	1.901576	2.106461	2.287495	2.051199	2.053600	1.554581	1.992441	2.150398
146	1.021344	0.574704	1.293818	0.875561	0.956396	1.315023	0.843609	0.267190	0.658928	0.695585	0.664301	1.093234	1.435226	0.706849	0.774265	0.801026	0.307927	0.000000	1.051055	0.942653
147	0.357748	0.250062	0.776546	0.665925	0.937919	0.751020	0.570202	1.121660	0.687096	0.683061	0.615951	0.000000	2.232587	0.585025	0.748658	0.295645	0.755899	1.191960	0.805426	0.819072
148	2.437451	1.914413	3.177654	3.093079	2.624703	2.998804	3.379995	1.326085	2.963452	0.000000	1.643797	3.181141	3.092698	3.049547	3.013233	3.065292	2.570399	1.509839	3.283636	3.290403
149	0.443008	0.117309	1.074026	-0.268239	0.575391	1.110211	0.444853	-0.103863	0.450847	0.325051	0.000000	0.779748	1.946899	-0.088849	0.272979	0.410001	-0.016988	-0.173709	0.515355	0.448689
150	0.460621	-0.112135	1.364506	0.785487	0.076381	1.289414	0.251765	-0.316539	0.311064	0.171837	0.206543	0.685788	2.621780	0.574360	0.178662	0.456051	0.000000	-0.339136	-0.166918	-0.194645
151	3.034348	2.168594	4.347245	3.912581	1.576586	3.888996	3.776375	1.496334	3.688786	0.000000	1.203771	4.066330	3.775063	3.706207	3.696130	3.925843	3.632643	1.977188	2.526784	2.673412
152	0.000000	-0.981652	-0.628685	-0.133594	-0.783002	0.420263	-0.446091	-0.936856	-0.182232	-0.695172	-0.599245	-0.589460	1.178863	-0.193528	-0.315217	-0.186470	-0.140344	-0.626391	-0.822149	-0.671520
153	1.688815	0.958024	2.686655	2.535333	1.813971	2.057336	2.661801	1.225314	2.624569	0.000000	1.100695	2.638183	2.464832	2.446122	2.643959	2.249611	2.047913	1.167503	2.245842	2.271674
154	0.169397	0.196158	0.614951	0.451215	0.390404	0.155742	0.189015	0.887319	0.412114	0.920234	0.560796	0.240629	1.385104	0.201962	0.086984	0.000000	0.463872	0.831098	0.123877	0.287073
155	0.132906	-0.384566	-0.054073	0.000000	-0.646118	0.092317	-0.098851	0.571520	0.353625	0.359923	0.145176	0.000779	1.341944	0.130652	0.351505	0.092760	0.359890	0.508242	-0.227277	-0.246213
156	0.997083	0.774879	1.598474	1.532011	1.303456	1.401831	1.221282	1.221055	1.269661	1.234219	1.262256	0.000000	1.367826	1.184856	1.045458	0.935807	1.479104	1.278327	1.442861	1.601255
157	-0.082135	-0.178785	0.172328	-0.239658	-0.031245	0.400634	-0.049796	0.040584	-0.117473	-0.306531	-0.335636	-0.011650	1.260546	-0.313222	-0.021800	0.000000	0.311093	0.171283	0.060369	-0.019891
158	2.311120	1.287165	2.609719	2.475116	1.615309	2.509300	2.518841	1.148575	2.367569	0.000000	1.370578	2.607496	2.030675	2.515481	2.441895	2.457203	2.424906	1.580057	2.036722	2.111372
159	0.420687	0.206143	0.694217	0.232517	0.430158	0.818165	0.478583	0.124768	0.438770	0.299362	0.234798	0.632785	1.457942	0.325820	0.340039	0.279274	0.000000	0.102084	0.516243	0.358277
160	0.389340	0.075693	-0.076513	0.218066	0.221286	0.533676	0.229171	0.495531	0.419361	0.711743	0.375528	0.106753	1.883830	0.338434	0.287189	0.000000	0.034461	0.463315	0.045001	0.096538
161	2.533644	1.898993	3.763607	3.715734	1.472202	3.349627	3.637248	1.177720	3.591360	0.000000	1.161438	3.849445	3.348817	3.640140	3.660359	3.563383	3.194308	1.563310	2.761814	2.595781
162	1.982428	1.819326	2.000049	2.440909	2.392786	2.426169	2.147015	2.460207	2.643136	2.625211	2.621849	2.265721	0.000000	2.536897	2.861813	2.110166	2.550643	2.277696	2.414165	2.384359
163	-0.322272	0.002922	0.000000	-0.111659	0.244829	0.268766	0.030354	0.042572	-0.151295	-0.012195	0.036872	0.191687	-0.163114	-0.052341	0.013399	-0.015485	0.210227	0.036723	0.061319	0.248545
164	0.122243	0.632186	0.958243	0.099123	0.936974	0.769350	0.624565	1.299579	1.068057	1.260461	0.769914	0.875500	1.654088	0.548272	1.155692	0.000000	0.455494	1.003812	0.879154	0.979729
165	2.086971	1.765688	3.524699	3.548029	1.109555	3.090088	3.194164	0.411649	3.570996	0.000000	0.649787	3.418494	3.484082	3.280784	3.718698	3.044777	2.705103	1.067194	1.888239	2.330870
166	-1.405492	-0.663553	0.000000	-0.595681	-0.559359	-0.995124	-0.582573	-0.591228	-0.939546	-0.392484	-0.771000	-0.206492	0.446971	-0.811310	-0.849277	-0.934489	-0.473184	-0.764520	-0.608999	-0.633745
167	-0.139521	0.185942	0.774724	0.572210	0.387864	0.285894	0.264386	0.727620	0.077437	0.235269	0.106943	0.000000	1.508333	0.130793	0.188199	-0.001694	0.495910	0.703662	0.481134	0.455685
168	1.700222	0.971120	2.196432	2.178290	1.687808	1.822099	2.142582	1.392118	1.943583	0.000000	1.209808	2.127114	1.789927	1.972053	2.101087	1.848892	1.887493	1.561656	1.914279	2.045713
169	0.407356	0.148058	0.756905	0.690993	0.495127	0.575628	0.306017	0.051705	0.000000	0.233158	0.204439	0.386709	0.924862	0.245445	0.122270	0.257924	0.037773	0.108139	0.557326	0.469104
170	0.001481	-0.039211	0.863304	0.499146	0.378834	0.260420	0.089919	0.582612	0.000000	0.185150	0.111498	0.008891	1.494452	0.102501	0.070922	0.062612	0.278334	0.564135	0.417824	0.255432
171	2.410900	1.589229	2.744244	2.698210	2.237600	2.653647	2.893165	1.526184	2.618811	0.000000	1.544801	2.751448	2.566262	2.659111	2.721631	2.645406	2.490771	1.781795	2.589190	2.697351
172	0.355906	0.270251	1.144480	0.224852	0.688931	0.787206	0.400763	0.125268	0.160169	0.344257	0.209487	0.662245	1.873821	0.027710	0.000000	0.380867	0.263309	0.070431	0.651287	0.535446
173	0.771228	-0.160224	1.234089	0.818537	0.029158	1.638381	0.311113	-0.492769	0.387605	0.195124	0.000000	0.658941	2.679814	0.509068	0.163023	0.567361	0.003779	-0.426434	-0.307389	-0.074121
174	2.668670	1.823939	3.644843	3.343973	1.814477	3.395707	3.421529	1.468750	3.203291	0.000000	1.312407	3.551205	3.261690	3.252258	3.277667	3.421989	3.206634	1.684733	2.688530	2.741544
175	1.432522	0.348730	0.000000	1.039007	0.805122	1.417133	0.997137	0.890413	1.441264	0.977821	0.994248	0.583497	2.127029	1.259585	1.484083	1.135897	1.360324	1.182725	0.668050	0.764614
176	2.030115	1.168735	3.284266	3.066891	1.721084	2.599171	3.081637	0.864059	3.123592	0.000000	1.094582	3.182689	2.795679	2.942772	3.016247	2.779309	2.201807	0.969470	2.426277	2.401053
177	1.030427	0.967694	1.134547	1.326010	1.335260	1.104036	1.071762	1.439221	0.789224	1.626382	1.248702	0.754395	2.286506	0.976788	0.000000	0.618209	0.834519	1.513774	1.385854	1.334333
178	0.309895	-0.057915	0.660631	0.628578	-0.039751	0.288037	0.000000	0.742871	0.654059	0.571211	0.367425	0.480767	1.771995	0.498809	0.463108	0.479202	0.822655	0.699963	-0.030787	-0.118946
179	1.094949	0.766063	1.568765	1.615325	1.293045	1.406451	1.269054	1.378616	1.322333	1.310470	1.327121	0.000000	1.360120	1.259004	1.063096	0.985470	1.560169	1.435457	1.512850	1.654955
180	0.285837	0.072710	0.807840	0.340380	0.148203	0.806185	0.313084	0.330613	0.000000	-0.162845	-0.043047	0.353222	1.655315	0.098713	0.019810	0.414146	0.592757	0.483995	0.280966	0.199529
181	2.534809	1.440167	3.332937	3.020313	0.054742	3.165278	2.619232	1.428498	2.976902	0.000000	0.998508	3.163822	2.638795	2.942253	2.853670	3.063745	2.982749	2.094201	1.621040	1.349932
182	0.210497	-0.022595	0.629813	0.214194	0.260411	0.597180	0.245549	-0.053127	0.165573	0.093541	0.049105	0.425722	1.002378	0.185797	0.000000	0.043118	-0.115539	-0.082649	0.361939	0.215835
183	0.153194	-0.148529	0.304168	0.000000	0.088707	0.543276	0.039561	0.078382	0.163244	0.393646	0.201061	0.297942	1.423485	0.178055	0.116061	0.085154	0.076177	-0.003563	0.120967	-0.037012
184	2.476979	1.611439	3.466363	3.417526	1.665200	3.134101	3.192144	0.000000	3.156720	0.784941	1.314024	3.377563	2.637711	3.116053	3.250288	3.081156	2.478399	0.565105	1.920705	2.405507
185	2.060418	1.706904	2.711287	2.919690	1.988357	2.339072	2.148381	2.454440	2.457753	2.587416	2.551327	2.427789	0.000000	2.711069	2.570684	2.255828	2.571954	2.356836	2.012988	1.905400
186	-0.122665	0.127869	0.806221	0.502729	0.265883	0.250154	-0.003654	0.262035	-0.619660	0.167065	0.158549	0.297663	-0.346702	0.132776	-0.535421	0.000000	0.356862	0.213461	0.293089	0.207530
187	0.655514	1.211699	2.244679	2.130268	2.059148	1.592558	1.851484	1.157730	1.558343	2.265384	1.866478	1.588763	1.118682	1.696771	1.765657	1.002299	0.957532	0.000000	2.202559	2.025844
188	2.318823	1.949750	3.556306	3.636940	2.281051	3.190361	3.450578	-0.274027	3.604832	1.004310	1.686804	3.488486	3.776563	3.402436	3.637130	3.255062	2.584813	0.000000	2.973434	3.149962
189	2.615783	2.108170	3.434157	3.399962	0.755080	2.619568	2.040330	2.143015	2.883448	1.974535	2.093960	2.529275	2.761379	2.881182	2.623520	2.546927	2.250550	2.282336	0.760438	0.000000
190	0.725314	0.515845	1.316877	1.419935	0.723792	0.764191	0.583496	0.943034	0.088939	0.397854	0.501464	0.398527	2.424722	0.627130	0.000000	0.297133	0.446665	1.048617	1.022356	0.786406
191	1.749008	0.891412	2.061075	2.056824	1.670848	1.803475	1.996013	1.255739	1.932611	0.000000	1.153658	2.017547	1.800045	1.891135	2.069175	1.759900	1.769699	1.444589	1.730681	1.870767
192	0.080865	-0.387387	0.000000	0.069818	0.116612	0.316451	0.014913	-0.017369	0.008430	0.314382	0.178738	-0.018592	0.573752	0.082965	0.086525	-0.175766	-0.361099	-0.144047	0.171580	0.020356
193	0.907046	1.445809	1.760540	1.357877	2.170799	1.175599	1.510404	2.299101	2.037659	2.410322	1.685192	0.868811	2.276698	1.224355	2.086682	0.000000	0.486628	1.950651	2.043114	1.990602
194	2.079567	1.470232	2.573567	2.474187	2.258251	2.313611	2.724922	1.254000	2.429593	0.000000	1.418494	2.606242	2.356545	2.453041	2.550483	2.342161	2.233172	1.538604	2.572497	2.744263
195	0.314206	-0.105210	0.778737	0.058335	0.147876	0.962759	0.385717	-0.262631	0.516668	0.031485	-0.102944	0.628849	1.712371	0.130631	0.378001	0.319259	0.000000	-0.225802	0.042246	0.084439
196	-0.199653	-0.456109	0.802655	-0.008590	-0.248581	0.510578	-0.090556	-0.322974	0.011981	-0.049314	-0.118626	0.371651	2.078979	-0.105726	-0.041367	-0.011920	0.000000	-0.317434	-0.634721	-0.441379
197	2.611638	1.735224	3.396048	3.021319	1.659724	3.057153	3.095380	1.494800	2.918157	0.000000	1.428300	3.239959	2.905282	2.991085	2.949285	3.097228	2.866046	1.728137	2.257441	2.377484
198	0.815042	-0.162343	-0.708796	0.079016	0.115922	1.038234	0.271473	0.235769	0.776400	0.276269	0.338302	-0.138446	1.246978	0.412617	0.741377	0.562684	0.742663	0.580210	0.051811	0.000000
199	1.745604	0.863811	3.362356	3.005706	1.068475	2.511870	2.984115	0.610012	3.316403	0.000000	0.817458	3.257970	2.656171	2.958937	3.171620	2.723200	2.067624	0.542416	1.942335	1.820575
200	0.013626	0.288011	0.420023	0.299278	0.423019	0.108676	0.168118	0.523457	0.241697	0.597716	0.408859	0.239898	1.237274	0.161100	0.000000	0.062496	0.357416	0.629656	0.362037	0.334621
201	0.814981	0.349244	0.723818	0.960942	0.000000	0.708245	0.417195	1.385125	0.957555	1.237156	0.994110	0.523443	1.648608	0.880011	0.900795	0.668039	0.948780	1.330306	0.333544	0.144951
202	1.007849	0.683917	1.533058	1.485937	1.292242	1.360735	1.251497	1.285390	1.256086	1.278391	1.284144	0.000000	1.267385	1.200591	1.038815	0.954425	1.478330	1.313679	1.431955	1.612111
203	0.078687	-0.165812	0.269754	-0.283161	-0.315780	0.398003	-0.086895	0.005694	0.008031	-0.422876	-0.322397	0.185825	1.258023	-0.254468	0.000000	0.126939	0.310885	0.198357	-0.187362	-0.280147
204	1.874221	1.277326	2.628690	2.195890	1.359951	2.381726	2.212220	0.000000	2.072078	0.656630	1.241319	2.448214	2.136140	2.163749	2.022663	2.271558	2.110155	0.808483	1.592089	1.715593
205	0.319078	0.111498	0.690288	0.161801	0.481007	0.705373	0.427135	0.234990	0.340161	0.309251	0.226647	0.566733	1.237092	0.288230	0.253455	0.166356	0.000000	0.165593	0.567821	0.436406
206	0.278264	0.177537	0.970205	0.556571	0.403198	0.791129	0.154452	0.216375	-0.048187	0.451373	0.302554	0.342842	1.938788	0.213257	-0.130656	0.014292	0.000000	0.113780	0.471867	0.283554
207	2.026125	1.320760	3.147356	2.974656	1.237573	2.869693	2.932374	-0.119621	3.106151	0.144726	0.875071	3.149723	2.648227	2.850756	3.157858	2.481207	2.034435	0.000000	1.324142	2.150006
208	-0.620655	-0.414298	-0.453104	0.000000	0.315375	-0.833719	-0.546317	0.672807	-0.415050	0.545802	0.258448	-0.624345	-2.069340	-0.269413	-0.271086	-0.915221	-0.148415	0.471976	0.330771	0.308758
209	-0.156812	0.348359	0.512183	0.513109	0.692958	0.384603	0.355560	0.613903	0.000000	0.661618	0.587622	0.377911	-0.397882	0.488923	0.228901	-0.001673	0.375464	0.449413	0.713191	0.682317
210	-0.305938	0.336176	0.000000	0.128410	0.675657	0.346242	0.165428	1.335130	-0.181113	0.460176	0.281422	-0.003294	1.572032	-0.010925	-0.224952	0.144745	0.724203	1.282879	0.802498	0.793167
211	2.112350	1.841565	3.029046	2.946287	2.034861	2.733408	2.955362	0.000000	3.015817	1.224270	1.730223	2.962471	2.825268	2.939165	3.131218	2.639302	2.693602	0.705266	2.243831	2.552137
212	-0.396727	0.745863	1.671049	1.203681	0.893241	-0.229924	0.674541	1.104820	0.000000	1.210997	0.707494	1.219956	1.282404	0.593454	0.287661	0.032959	0.848255	0.902151	1.009924	0.912974
213	0.379359	0.526181	1.148730	1.116192	0.243428	0.579919	0.205755	0.912035	0.353775	0.370751	0.394732	0.000000	2.147889	0.536581	0.313593	0.327171	0.684277	1.103137	0.468759	0.218611
214	1.597577	0.735976	1.949836	1.948127	1.545669	1.539959	1.937952	1.454432	1.884494	0.000000	1.134983	1.904650	1.505667	1.832788	2.029361	1.683905	1.796512	1.595838	1.704604	1.882533
215	0.249877	-0.031902	0.848475	0.626643	0.239184	0.521066	0.217011	-0.028335	0.175531	0.254743	0.198516	0.364214	0.794419	0.368229	0.247527	0.000000	0.044587	0.020248	0.188394	0.110181
216	0.106625	0.332583	0.943130	0.667831	0.845387	0.333075	0.327443	0.955164	0.000000	0.407220	0.300368	0.002646	1.382106	0.038932	0.145954	0.013063	0.458025	0.938493	0.831306	0.811021
217	2.216206	1.638812	2.773678	2.634449	2.119644	2.583810	2.860859	1.115874	2.613127	0.000000	1.387675	2.764651	2.622130	2.594717	2.642081	2.645013	2.282211	1.371602	2.558668	2.662921
218	0.174495	-0.102784	0.864327	-0.054237	0.367576	0.629960	0.157627	-0.160653	-0.065690	0.158978	-0.159166	0.279896	1.355640	-0.319242	-0.148282	0.000000	-0.201262	-0.254921	0.249931	0.267757
219	0.606672	-0.065872	0.981920	0.506340	-0.003620	1.159183	0.069031	-0.405227	0.260093	0.029073	0.000000	0.441581	1.935859	0.313542	0.089273	0.500006	0.276929	-0.177173	-0.181491	-0.102396
220	2.602915	1.860606	3.658877	3.115043	0.926828	3.143661	3.134391	1.313092	3.169437	0.000000	1.001225	3.452292	3.184451	3.049082	3.176878	3.261261	3.145119	1.826694	1.484437	2.018075
221	0.382810	-0.234511	-0.561621	0.378670	-0.078555	0.602376	0.120091	0.174643	0.440383	0.080975	0.058279	-0.261357	1.538103	0.353401	0.448263	0.000000	0.509015	0.421529	-0.065872	-0.056976
222	1.304462	0.635391	2.163578	1.874611	0.695925	1.820182	2.031548	0.000000	2.106950	-0.412048	0.302982	2.110841	1.701274	1.817810	2.053504	1.887320	1.629091	0.452887	1.243507	1.415578
223	0.067782	0.468011	1.005803	0.607595	0.704820	0.160528	0.467856	0.937827	0.288189	0.805827	0.568103	0.675692	1.133703	0.262867	0.000000	0.247310	0.683786	0.899127	0.624934	0.657604
224	-0.035226	-0.247527	-0.181611	0.000000	-0.310837	0.018281	-0.218859	0.639170	0.550311	0.512851	0.223606	-0.063372	1.207771	0.168235	0.505799	0.088706	0.465896	0.557438	-0.333128	-0.391473
225	1.134760	0.795917	1.565804	1.661214	1.395120	1.369851	1.315393	1.491164	1.374082	1.426778	1.419168	0.000000	1.382035	1.319700	1.172783	0.956894	1.513989	1.519001	1.595713	1.729869
226	0.297780	0.135669	0.715306	0.317937	0.104782	0.579043	0.232052	0.226745	0.000000	-0.076736	-0.015211	0.322490	1.267131	-0.028822	0.069312	0.406963	0.542220	0.412170	0.218212	0.127327
227	1.730570	1.081933	2.388011	2.028227	1.194797	2.184289	2.083929	0.000000	1.953044	0.288240	0.961577	2.246669	1.763683	1.999951	1.943075	2.108097	1.921181	0.669675	1.522988	1.626539
228	0.835292	0.693674	1.638227	1.185252	0.886048	1.101470	0.640118	0.587612	0.000000	0.799477	0.660275	0.934947	1.427853	0.628792	-0.140581	0.554686	0.408620	0.594060	1.018153	0.811753
229	0.024063	0.012142	0.353292	-0.017608	0.230492	0.660135	0.097891	0.138870	0.122705	0.479065	0.248813	0.286399	1.943162	0.000000	0.025875	-0.142759	-0.064132	0.134634	0.100726	0.003097
230	2.465687	1.622918	2.854408	2.868325	1.754882	2.469617	2.899246	1.522635	2.616837	0.000000	1.444691	2.917724	2.305267	2.781696	2.796605	2.682274	2.589738	1.988932	2.321822	2.526320
231	2.782467	2.355170	3.150970	3.194516	2.690523	2.935876	3.021412	3.024821	3.271396	3.292883	3.175938	3.048372	0.000000	3.160666	3.355760	2.950570	3.255593	2.923579	2.704371	2.933501
232	0.000000	0.185661	-0.070000	0.106645	0.492714	0.679562	0.315140	0.514620	0.371602	0.514469	0.557262	0.311000	-0.258447	0.520455	0.447463	0.109763	0.382267	0.474006	0.040394	0.342074
233	0.763218	1.359025	1.627369	0.000000	1.798025	1.544244	1.474693	2.192481	2.095191	2.139504	1.586567	1.674720	2.377428	0.943239	2.185233	1.049537	1.561641	1.777981	1.778064	1.812139
234	2.193211	2.137490	2.867985	2.953359	1.749353	2.780742	2.847133	0.000000	3.038195	1.285681	1.701540	2.870861	3.101154	2.940975	3.154905	2.683991	2.562665	0.882738	2.263534	2.474154
235	2.329170	2.137447	2.826640	2.777134	2.183149	0.000000	2.569973	2.676176	2.817021	2.645532	2.542653	2.719422	2.550354	2.775075	2.917420	2.564887	2.648235	2.513334	2.176311	2.350011
236	-0.276814	-0.104968	0.275152	0.000000	-0.056127	-0.021216	-0.185888	0.484173	0.020483	-0.002496	-0.132678	-0.141415	1.725008	-0.130184	0.192127	-0.155577	0.485992	0.586990	0.217519	-0.002867
237	1.561864	0.853836	2.030190	2.056583	1.705964	1.617373	2.019393	1.309188	1.948982	0.000000	1.175484	2.007412	1.608811	1.891813	2.069949	1.671636	1.773553	1.451245	1.835152	1.995377
238	0.447501	0.000000	0.842764	0.495861	0.199227	0.586250	0.261148	-0.025033	0.064304	0.412349	0.314798	0.407880	1.050584	0.324333	0.195457	-0.218882	-0.335908	-0.185937	0.548792	0.361428
239	0.198755	0.378866	0.536274	0.359088	0.908191	0.408937	0.289384	1.008236	0.321137	0.762934	0.557296	0.000000	1.729361	0.207806	0.414582	0.028599	0.402236	1.055358	0.661072	0.698127
240	2.059708	1.514991	2.461766	2.388665	2.077013	2.235875	2.592626	1.287293	2.309193	0.000000	1.389644	2.481711	2.296359	2.353300	2.418728	2.308316	2.178618	1.585566	2.407640	2.535397
241	0.974737	0.458137	1.531472	0.825602	0.806902	1.647052	0.765879	0.000000	0.455497	0.573534	0.480306	0.987948	2.368646	0.492262	0.278433	0.829176	0.503088	0.194279	0.829258	0.756723
242	0.532503	-0.157608	0.965562	0.572745	-0.390027	1.345624	0.141102	-0.167485	0.596852	0.108423	0.120345	0.641531	2.401565	0.501925	0.422087	0.342458	0.000000	-0.293647	-0.459933	-0.563035
243	2.378569	1.718396	3.271254	2.991557	1.117622	2.830659	2.878766	1.460670	2.837466	0.000000	1.183609	3.088850	2.921377	2.844386	2.871272	2.898511	2.837866	1.924057	1.822846	2.058621
244	1.129549	0.418633	0.000000	0.753031	0.816081	1.162965	0.794714	0.868877	1.188804	0.861495	0.979723	0.430352	1.932796	0.939767	1.324357	0.790418	1.154109	1.143268	0.652201	0.798728
245	0.804082	0.292101	2.432788	2.325412	0.976901	1.438719	2.297186	0.373209	2.370999	-0.444437	0.380740	2.327624	2.178574	2.170215	2.290190	1.833239	1.403952	0.000000	1.611587	1.756317
246	0.000000	0.830329	1.241669	0.644843	1.320354	0.207108	0.820506	1.379369	0.431076	1.286471	0.746400	0.871023	1.628777	0.155898	0.021011	0.089858	0.792947	1.388852	1.101166	1.288902
247	0.431414	0.052735	0.662664	0.817119	-0.295633	0.541929	0.000000	0.931392	0.749777	0.713003	0.444002	0.447555	1.996729	0.658795	0.524293	0.439828	0.771845	0.853415	-0.381573	-0.305364
248	1.058576	0.777485	1.567032	1.597575	1.347304	1.343460	1.317125	1.378425	1.341332	1.345088	1.348373	0.000000	1.382611	1.264203	1.097636	0.963355	1.529162	1.394961	1.574357	1.698356
249	0.335870	0.184670	0.775986	0.168332	0.328874	0.745972	0.438529	0.457187	0.246776	0.092757	0.049776	0.526786	1.800970	0.000000	0.327063	0.459814	0.760220	0.610615	0.581297	0.327792
250	2.002340	1.154669	2.318319	2.159098	1.700711	2.156639	2.224574	1.385749	2.210568	0.000000	1.296127	2.378511	1.772333	2.198436	2.272173	2.094896	2.175189	1.704396	1.870453	2.039891
251	0.269314	0.065250	0.571190	0.000000	0.428486	0.683079	0.279935	-0.178335	-0.054822	-0.068302	-0.073278	0.475421	1.212689	-0.046992	-0.046151	0.107362	-0.198362	-0.159620	0.652335	0.382217
252	0.022310	0.173192	0.508163	0.322431	0.435757	0.368254	0.000000	0.426265	0.109745	0.568245	0.245917	0.354512	1.689131	-0.030361	-0.018767	-0.336346	-0.286659	0.356455	0.362490	0.267362
253	2.934669	1.954084	3.644287	3.613695	2.187927	3.460379	3.727692	1.014145	3.461438	0.000000	1.466077	3.769761	3.499069	3.507605	3.551650	3.544924	2.945874	1.369835	2.819933	3.156840
254	2.736642	2.307854	3.135184	3.193800	2.585889	2.953398	2.995229	2.839453	3.190492	3.136616	3.069515	3.008369	0.000000	3.115281	3.307431	2.889818	3.155218	2.782773	2.596633	2.841888
255	-0.620170	0.012171	-0.612908	-0.485628	0.385906	0.250318	-0.014491	0.187902	0.000000	0.128291	0.192510	-0.066640	-0.409085	0.073733	0.152675	-0.198725	0.140101	0.136606	0.225935	0.273607
256	0.182784	0.628215	0.860427	0.000000	0.885106	0.816261	0.514308	1.130439	1.000390	1.021060	0.740979	0.670329	1.741125	0.483833	1.047496	0.087381	0.123886	1.016940	0.808587	0.801477
257	2.140947	2.009078	2.712265	2.691856	1.696045	2.584329	2.696813	0.000000	2.843004	0.852609	1.521828	2.731043	2.988722	2.738065	2.896772	2.656082	2.667550	1.041108	2.111806	2.306587
258	2.485425	2.174551	2.640255	2.648061	2.232570	0.000000	2.492610	2.861926	2.885914	2.723716	2.596878	2.696846	2.687872	2.759149	2.912670	2.773819	2.869041	2.765522	2.185709	2.378987
259	0.525483	0.447299	1.105595	1.027256	0.529668	1.089749	0.491204	1.059655	0.543244	0.291006	0.495157	0.000000	2.272542	0.637055	0.607618	0.569931	1.150753	1.246945	0.681384	0.651071
260	0.665658	0.000000	1.117246	1.131684	0.746062	0.699396	1.112961	0.693621	1.103100	-0.568989	0.316620	1.141198	0.789078	1.030511	1.198999	0.817319	0.971429	0.827915	0.805740	1.118541
261	0.549009	0.133015	0.881446	0.723577	0.708924	0.980596	0.679209	0.371429	0.509851	0.781889	0.701793	0.607018	0.611658	0.558991	0.608513	0.131570	0.000000	0.259767	0.761821	0.728945
262	0.067536	0.391333	0.966698	0.680786	1.004117	0.204392	0.417045	1.037218	-0.026135	0.604804	0.421272	0.207624	1.738127	0.000000	-0.001475	-0.130047	0.336393	1.022300	0.996690	0.929425
263	1.040393	0.554426	1.477774	1.391472	1.217472	1.302308	1.657218	0.000000	1.444494	-0.863502	0.371149	1.489486	1.267034	1.356877	1.553319	1.291138	1.166132	0.510358	1.494268	1.698984
264	0.444133	0.208919	0.979738	0.295462	0.615330	0.959937	0.401783	-0.039267	0.010415	0.459173	0.175545	0.555303	1.781459	0.045720	-0.159466	0.233574	0.000000	-0.028067	0.581966	0.510840
265	0.287754	-0.242032	0.630041	0.299198	-0.534503	1.055303	-0.409600	-0.463597	0.052532	-0.020146	-0.076717	0.000000	2.581189	0.016629	-0.121061	-0.181294	-0.269883	-0.353280	-0.997919	-0.882323
266	2.419225	1.876060	3.723804	3.384107	0.979061	3.452205	3.288170	1.144236	3.335093	0.000000	1.017091	3.592578	3.398215	3.280807	3.316502	3.375258	3.149304	1.584472	1.558772	2.175940
267	0.743741	-0.237660	0.000000	0.274476	-0.008429	0.951136	0.416302	0.073108	0.750588	0.094584	0.287226	0.033375	1.704981	0.542941	0.793542	0.601425	0.823730	0.342688	-0.041945	0.058954
268	1.565576	0.964663	2.957524	2.846488	1.475020	2.098771	2.726876	1.089803	2.795178	0.000000	0.988402	2.839398	2.791836	2.661895	2.747652	2.337716	2.022786	0.992323	2.086900	2.180145
269	0.052818	0.392875	0.554142	0.143244	0.779038	0.327569	0.334701	0.702779	0.305979	0.845662	0.531796	0.340119	1.524018	0.000000	0.019674	-0.035945	0.279808	0.742407	0.659641	0.672740
270	0.712613	0.224439	0.843945	1.018471	-0.285054	0.754616	0.000000	1.157382	1.007089	0.939045	0.641728	0.571006	2.139798	0.857089	0.798272	0.685736	0.978069	1.073212	-0.204741	-0.274926
271	1.083100	0.772133	1.589937	1.597100	1.322726	1.431462	1.294827	1.340867	1.331212	1.284295	1.296321	0.000000	1.498732	1.262821	1.067086	0.989315	1.531492	1.404797	1.481133	1.645488
272	-0.046214	-0.174134	0.576990	0.000000	0.009334	0.587104	0.000759	-0.095179	-0.384405	-0.516511	-0.416927	-0.056998	1.433634	-0.307948	-0.407456	0.111729	0.328615	0.002771	0.213940	-0.002229
273	2.451647	1.735724	3.020644	2.816721	1.897432	2.836166	2.894499	1.205971	2.702121	0.000000	1.473384	3.019171	2.638241	2.822048	2.755185	2.816659	2.814606	1.891034	2.447054	2.524821
274	0.575384	0.324870	1.194338	0.661464	0.477874	1.007190	0.288315	-0.074263	-0.097704	0.000000	0.087775	0.599154	1.710569	0.238397	-0.142339	0.337439	-0.047435	-0.083402	0.603526	0.394186
275	0.257401	0.050705	0.000000	-0.120446	0.354754	0.434235	0.379832	0.500629	0.619345	0.718778	0.376535	0.466019	1.820745	0.216807	0.555717	-0.002939	0.007597	0.396732	0.200536	0.122055
276	2.626200	1.927583	3.174599	3.143326	1.955257	2.927961	3.252577	1.333404	2.942853	0.000000	1.407750	3.251502	2.963826	3.075467	3.093185	3.038122	2.788890	1.813219	2.593439	2.755327
277	2.696456	2.229440	3.009526	3.076488	2.506801	2.976110	2.978719	2.731765	3.220247	3.055005	2.996234	2.999237	0.000000	3.080485	3.328438	2.866800	3.097117	2.653776	2.491428	2.768114
278	0.294709	0.180052	0.000000	-0.131220	0.545881	1.141479	0.572004	0.525391	0.844584	0.598999	0.591120	0.784408	0.742126	0.713938	0.865412	0.600772	0.765986	0.427896	0.156465	0.360582
279	-0.320519	0.418904	0.331484	-0.443650	0.675927	0.490746	0.116755	1.357585	0.795041	1.046382	0.493835	0.449730	1.805651	0.045066	0.939677	-0.595616	0.000000	1.147936	0.540550	0.575108
280	2.298869	2.118712	3.239907	3.202573	1.578374	3.019705	2.996629	0.000000	3.335080	1.008387	1.473697	3.132780	3.538101	3.140884	3.354995	2.958837	2.803299	0.949775	2.194785	2.417442
281	2.605333	2.302085	2.863954	2.773430	2.332191	0.000000	2.687982	2.936012	3.009563	2.865047	2.719866	2.849732	2.739367	2.857630	3.071703	2.864172	2.953264	2.797264	2.289165	2.499507
282	0.087048	0.021030	0.679113	0.484623	0.087842	0.685578	0.209948	0.682633	0.190089	-0.267475	-0.143098	0.000000	2.285134	0.131808	0.396781	0.263664	0.863563	0.961832	0.183929	0.205911
283	1.591485	0.810385	1.996452	2.036560	1.694927	1.564201	1.988381	1.415616	1.904361	0.000000	1.162685	1.993652	1.623885	1.890126	2.043347	1.708069	1.839576	1.583394	1.864367	2.016834
284	0.482642	-0.054744	0.899160	0.537836	0.245236	0.815502	0.288317	-0.116755	0.239402	0.249219	0.249911	0.412974	1.166623	0.375243	0.250442	0.000000	-0.371454	-0.247871	0.412872	0.261178
285	-0.081320	0.488869	1.139736	0.820712	0.956947	0.481015	0.360933	1.072440	-0.030405	0.490467	0.353598	0.178153	1.888806	0.118610	0.082161	0.000000	0.557400	1.070629	0.983079	0.848438
286	2.017221	1.384907	2.274012	2.297720	2.233327	2.100168	2.554928	1.478238	2.220236	0.000000	1.471119	2.347804	2.069672	2.292608	2.368030	2.189387	2.170871	1.731274	2.531705	2.646669
287	0.308252	0.013388	1.028566	0.338210	0.543704	0.978323	0.331780	-0.310367	-0.183385	0.185520	0.019917	0.416028	1.928977	-0.034303	-0.308657	0.000000	-0.248046	-0.402871	0.648257	0.532993
288	1.096455	0.523675	2.311792	1.515589	-0.150261	1.773210	0.365708	0.333315	0.408041	0.293774	0.423319	1.154463	3.036972	0.883632	0.000000	0.905897	0.734583	0.502812	-0.158032	-0.351494
289	2.364902	1.875736	4.389988	4.092346	1.240649	3.667366	3.706804	0.848788	3.683041	0.000000	0.836433	4.040204	3.647720	3.698410	3.711181	3.702081	3.464056	1.496632	2.238199	2.534344
290	-0.138028	-0.673927	-0.588713	-0.486220	-0.353988	0.000000	-0.446607	-0.344451	-0.209580	-0.611039	-0.479609	-0.640462	0.947740	-0.469797	-0.113515	-0.071653	0.296730	-0.088239	-0.195409	-0.285243
291	1.800737	1.118075	3.106670	2.878026	1.584271	2.176262	2.770057	1.058950	2.678187	0.000000	1.004053	2.887815	2.625225	2.616016	2.666104	2.508146	2.159405	1.127840	2.070430	2.210122
292	-0.294110	0.107890	0.875791	0.331551	0.418581	-0.204757	0.326532	0.704091	0.195494	0.510204	0.256813	0.554972	1.550944	0.093248	0.000000	0.188764	0.610694	0.640503	0.373666	0.426451
293	1.248823	0.745799	1.182383	1.559482	0.225671	1.344820	0.569702	1.662449	1.348040	1.484218	1.204661	0.765591	2.488754	1.274358	1.183425	1.147959	1.425295	1.635534	0.324032	0.000000
294	1.013918	0.692357	1.614810	1.638109	1.248844	1.376019	1.242268	1.342687	1.309276	1.291528	1.292885	0.000000	1.481142	1.271186	1.057701	0.963365	1.524341	1.361034	1.422196	1.584452
295	0.792640	0.546900	1.501735	1.088926	0.660437	0.930674	0.540217	1.037544	0.204013	0.506781	0.520292	0.631690	2.027156	0.463896	0.000000	0.839721	1.153156	1.186752	0.835034	0.706516
296	2.225965	1.281792	2.751382	2.553164	1.564201	2.443348	2.536561	1.218968	2.361943	0.000000	1.287411	2.690277	2.184354	2.535201	2.425579	2.496416	2.526650	1.714152	2.050463	2.101200
297	0.247989	0.102591	1.038031	0.542476	0.269128	0.472058	0.172405	0.210493	-0.071220	0.282759	0.090104	0.419760	1.367549	0.109689	-0.155060	0.000000	-0.009951	0.107382	0.374941	0.252097
298	0.000000	-0.165629	0.313908	0.206937	-0.118276	0.312902	-0.159904	0.251755	-0.088702	0.520513	0.104043	-0.047844	2.095176	-0.127693	-0.209053	-0.322694	-0.288972	0.209779	-0.287364	-0.259447
299	1.042395	0.336913	1.628533	1.651991	0.660325	1.304862	1.661160	0.000000	1.519566	-0.812759	0.348104	1.669678	1.212519	1.551758	1.652689	1.450793	1.288238	0.270129	1.152255	1.242321
300	2.646312	2.316995	3.182873	3.268598	2.715868	2.669300	3.033068	3.101084	3.121622	3.414977	3.196724	3.029744	0.000000	3.095873	3.288283	2.751988	3.122254	2.915375	2.806516	2.960623
301	-0.457110	0.245264	0.508084	0.198914	0.468959	0.373039	0.311113	-0.031833	-0.059092	0.076854	0.139138	0.450609	0.134887	0.128042	0.000000	0.043037	0.297437	-0.062410	0.413323	0.495896
302	0.357942	0.935671	1.361251	0.747804	1.533408	0.785034	1.053047	1.969322	1.388528	1.644540	1.254709	0.912347	2.056019	0.868114	1.476724	0.000000	0.617690	1.681412	1.353372	1.563586
303	2.422257	1.858712	3.599705	3.619689	1.445946	3.358398	3.393484	0.534247	3.599184	0.000000	0.844980	3.544514	3.860075	3.435537	3.646085	3.343599	2.694824	1.018966	2.778817	2.879977
304	0.000000	0.924874	1.655797	0.794018	1.269566	0.437858	1.253558	1.328582	0.786687	1.353305	0.815491	1.505420	2.220539	0.611140	0.933062	0.719209	1.498545	1.275262	1.152532	1.247153
305	-0.046469	0.154243	0.535547	0.392028	-0.018696	0.312939	0.018534	0.572991	0.000000	0.012350	0.110094	-0.225036	1.820966	0.102706	0.121767	0.012467	0.549493	0.726148	0.177916	0.037538
306	0.344579	0.000000	1.412361	1.413361	1.235537	1.369937	1.778790	0.321373	1.379833	0.218465	0.766262	1.261201	1.352314	1.392386	1.486485	0.767367	0.454466	0.348426	1.448371	1.621312
307	0.656631	0.469366	0.800804	0.765949	0.769530	0.804890	0.595054	0.318841	0.512604	0.777011	0.686231	0.509219	1.239371	0.627831	0.565094	0.000000	-0.052596	0.168701	0.820475	0.665246
308	0.000000	0.466526	0.913168	0.443717	0.959065	0.450550	0.391966	1.201418	0.123088	0.586588	0.278242	0.238470	2.179908	-0.061408	0.221880	0.135340	0.464611	1.173364	0.949498	0.891177
309	2.109393	1.714520	2.970840	2.815665	1.987324	2.491116	2.773570	0.400174	2.532766	0.000000	1.094968	2.868285	2.832020	2.570247	2.524642	2.630271	2.264362	1.248079	2.406569	2.678035
310	0.365074	0.041377	0.694211	0.000000	0.183209	0.790177	0.089587	-0.175465	0.082987	0.115874	-0.031969	0.407757	2.066349	-0.025343	0.004790	0.197810	-0.140150	-0.257041	0.147441	0.039852
311	0.537858	0.142693	0.729249	0.000000	0.243690	1.004112	0.459030	0.132718	0.650677	0.460480	0.312715	0.694218	2.351409	0.273436	0.665864	0.239154	0.136988	0.050119	-0.086627	0.137775
312	2.597967	1.731558	3.197859	2.883639	1.107314	3.114854	2.939232	1.261944	2.963064	0.000000	1.183989	3.176178	2.962012	2.887683	2.936444	3.076794	2.862294	1.653374	1.648622	1.936675
313	0.862721	0.264856	0.336002	0.746709	0.275176	1.088176	0.343942	0.466812	0.798112	0.561610	0.565545	0.000000	2.159388	0.614940	0.796284	0.547033	0.845154	0.587689	0.111158	0.208377
314	2.109594	1.263638	3.363793	3.180568	1.358987	2.612741	2.967686	1.003131	3.140260	0.000000	0.757806	3.139054	2.996233	2.913007	3.100462	2.861080	2.372040	1.248008	2.114354	2.155117
315	0.427524	0.631103	0.867474	0.000000	1.014984	0.758150	0.820628	1.161068	1.006057	1.126352	0.698082	1.085463	2.275128	0.365939	0.880467	0.692140	0.842098	1.041412	0.995847	0.899309
316	0.239665	-0.017259	0.569849	0.796187	-0.475251	0.195572	-0.162647	1.023319	0.724030	0.794710	0.411997	0.000000	1.879880	0.587574	0.672415	0.237721	0.819605	0.871365	-0.316153	-0.569672
317	1.004725	0.717102	1.605579	1.560166	1.266249	1.353436	1.255430	1.365016	1.333539	1.242519	1.243041	0.000000	1.449765	1.247467	1.068321	0.935257	1.516178	1.419533	1.435216	1.591649
318	0.276381	0.013295	0.627099	0.406394	0.347224	0.679882	0.214973	0.540770	-0.066723	0.091231	-0.008517	0.000000	1.669653	0.009733	-0.024663	0.270029	0.566611	0.671733	0.416629	0.323430
319	2.211656	1.368674	3.009875	2.588218	1.128791	2.773892	2.532377	0.000000	2.610439	0.386949	1.103249	2.862255	2.509972	2.548146	2.589104	2.716680	2.418873	0.754858	1.726532	1.756685
320	0.241410	0.159309	0.929296	0.530149	1.080809	0.618599	0.958461	0.970843	0.626895	1.198332	0.691297	0.838944	1.471766	0.511582	0.616903	0.000000	0.338366	0.660278	1.206649	1.092730
321	-0.052199	-0.016352	0.085784	-0.049757	0.111967	0.443404	0.002133	0.298113	0.067169	0.456262	0.146188	0.129486	1.854298	-0.009925	0.001715	-0.129402	0.000000	0.270186	-0.209734	-0.051113
322	2.733719	1.862493	3.294761	3.195469	1.563354	3.040694	3.209181	0.879286	3.186863	0.000000	1.224283	3.392404	3.037712	3.127598	3.231963	3.194456	2.469524	1.100907	2.365190	2.493324
323	2.341673	1.890254	2.626108	2.713918	2.284176	2.641699	2.576113	2.750885	2.971634	2.883285	2.799367	2.658580	0.000000	2.813154	3.075086	2.544974	2.830399	2.636729	2.330053	2.422564
324	0.401076	0.346935	0.017638	0.000000	0.487635	0.758378	0.555665	0.565922	0.793879	0.647041	0.736951	0.532321	0.103099	0.659187	0.884109	0.556820	0.756609	0.512861	0.684440	0.492185
325	-0.097560	-0.175847	-0.386985	-0.044581	-0.045287	-1.084420	-0.278993	0.921321	0.106729	0.199254	0.078669	-0.576351	1.270632	-0.066927	0.251762	0.000000	0.389126	0.941840	0.043093	0.054300
326	1.875951	1.274335	2.207801	2.586012	1.334047	2.385098	2.536613	1.131493	2.874925	0.000000	1.143342	2.488229	2.652170	2.543919	2.985297	2.384625	1.831713	1.139232	2.379335	2.256250
327	2.423529	2.034654	3.001328	3.167693	1.318121	2.837860	3.016531	0.997327	3.286512	0.000000	1.235204	3.137456	2.568898	3.074708	3.349994	3.084215	2.634719	1.546012	2.267132	2.396513
328	-0.372817	0.535650	0.556065	-0.254577	0.855490	0.009382	0.567271	0.613805	0.443054	0.492847	0.461511	0.534056	0.446875	0.024869	0.577537	0.000000	0.415901	0.436426	0.932907	0.960530
329	0.381748	0.815456	1.324958	1.097094	1.223898	0.705410	0.907731	1.210058	0.778686	1.040115	0.768256	0.787085	2.194226	0.728192	0.893693	0.000000	0.755746	1.368656	1.195638	1.266059
330	1.869187	1.101890	2.296489	2.319448	1.602805	1.989999	2.198709	1.693980	2.127337	0.000000	1.229381	2.198367	1.928249	2.088898	2.315447	2.047632	2.139510	1.925419	2.027419	2.106221
331	0.691143	0.386297	0.773539	0.696052	0.723499	0.604312	0.509687	0.191447	0.213601	0.497356	0.449119	0.510355	0.446933	0.314455	0.365414	0.341632	0.101565	0.000000	0.826189	0.775026
332	0.373027	0.607568	1.440881	1.102123	0.815521	0.666930	0.459921	0.862241	0.000000	0.458799	0.479825	0.377541	1.839413	0.406581	0.074201	0.332216	0.578974	0.841640	0.866722	0.734139
333	2.067819	1.540973	2.390193	2.349831	1.950412	2.353822	2.605696	1.387288	2.328408	0.000000	1.397957	2.399150	2.241988	2.340780	2.383588	2.429227	2.312773	1.633777	2.402276	2.407634
334	0.254390	-0.141653	0.994664	0.504915	0.034547	0.403361	-0.304746	-0.155837	-0.572946	0.104770	-0.078579	0.000000	1.506405	-0.147707	-0.728814	-0.126668	-0.440492	-0.345077	0.005767	-0.085989
335	0.399681	-0.117801	0.802785	0.361176	0.044798	1.074137	0.063194	-0.427486	-0.063893	-0.008884	0.030258	0.260190	2.340534	0.159821	-0.089134	0.000000	-0.210510	-0.434063	-0.066083	-0.083837
336	1.833620	1.213481	3.573598	3.291099	1.160381	3.158479	3.199556	0.219419	3.171426	0.000000	0.993425	3.468282	3.047060	3.162753	3.096978	3.071479	2.300506	0.188718	2.186517	2.156669
337	0.835339	-0.002973	0.295968	1.101696	0.312186	1.226550	0.357856	0.026915	0.637969	0.554960	0.672939	-0.682723	2.118341	0.832925	0.635413	-0.262641	0.000000	0.210499	0.322166	0.253268
338	2.529702	1.517553	3.491673	3.289784	1.372004	2.880509	3.069607	0.989834	3.028917	0.000000	0.706725	3.285585	3.051323	2.954490	3.099211	3.084105	2.604719	1.502595	2.194389	2.247640
339	0.000000	0.678528	1.046731	0.839393	1.235901	0.509119	0.959462	1.268631	0.764206	1.195027	0.949220	0.838000	2.106671	0.768928	0.689203	0.250471	0.804111	1.163338	1.184950	1.219202
340	0.603802	0.257438	1.210187	1.149607	-0.267758	0.514550	-0.128192	0.919024	0.384183	0.648973	0.472732	0.260458	2.289868	0.622440	0.000000	0.544193	0.855866	0.824171	-0.227374	-0.455950
341	1.124459	0.739315	1.623866	1.613721	1.351001	1.398801	1.307700	1.331075	1.328226	1.327876	1.339249	0.000000	1.274609	1.289505	1.057162	0.993207	1.558061	1.393263	1.519197	1.673323
342	0.022821	0.000000	0.661431	0.249589	0.269951	0.419052	0.123890	0.521728	-0.199712	0.068143	-0.214067	0.001307	2.094861	-0.204683	-0.182283	0.189291	0.626345	0.520225	0.514194	0.337670
343	2.584007	1.721771	3.330012	3.220815	0.000000	2.966237	2.637165	2.115114	3.028688	0.887571	1.271278	3.183133	2.513203	2.956050	3.054933	3.176765	3.334671	2.661731	1.652192	1.590116
344	0.134435	-0.039910	0.398809	-0.083627	0.248780	0.475991	0.179079	0.070357	0.171890	0.374479	0.221428	0.340607	0.727262	0.000000	0.123427	-0.099942	-0.130252	-0.024260	0.312076	0.135571
345	-0.392939	-0.464809	-0.567267	-0.803813	-0.208456	0.143386	-0.381200	-0.155285	-0.258496	0.000000	-0.266060	-0.389741	1.460698	-0.525772	-0.309504	-0.622259	-0.605216	-0.320121	-0.023876	-0.265198
346	1.673975	1.301913	2.941277	2.815552	-0.233707	2.178439	2.000108	1.558955	2.563102	0.707025	0.826715	2.568518	1.869786	2.438535	2.535502	2.383841	2.285748	1.605570	-0.351694	0.000000
347	2.105315	2.026946	2.959909	3.095076	2.253484	2.772521	2.858495	2.399126	3.045561	2.516608	2.695754	2.927037	0.000000	3.027361	3.296461	2.736951	2.868173	2.197361	2.682625	2.589957
348	0.011299	0.203059	0.018734	-0.145806	0.453643	0.489047	0.329750	0.180227	0.237661	0.245769	0.285245	0.251113	-0.350195	0.103293	0.431728	0.037251	0.298167	0.000000	0.649222	0.506865
349	1.554620	1.415739	1.491870	1.702419	1.496362	0.000000	1.644729	1.998234	1.844378	1.820814	1.747930	1.592282	2.042735	1.793354	1.944267	1.518734	1.739973	2.007802	1.658084	1.699896
350	1.803736	1.598191	1.669265	1.689443	1.863377	0.000000	1.866032	2.440352	2.073868	2.026493	2.047041	1.918573	2.565429	2.011470	2.239406	1.996718	2.282781	2.460847	2.014334	2.036922
351	0.223130	0.929069	1.130975	0.918492	1.311460	1.125916	1.169150	1.478635	1.410052	1.669213	1.370125	1.274003	0.000000	1.143151	1.521356	0.563220	1.160436	1.211025	1.243442	1.351549
352	-0.232625	-0.017374	-0.449177	-0.676447	0.242551	0.055423	-0.029952	0.184390	0.242974	0.126073	0.001157	-0.014453	0.919699	-0.128839	0.344861	0.000000	0.213119	0.190851	0.046615	0.140958
353	-0.340550	0.433845	0.599287	0.623195	1.300201	0.578014	1.051711	0.837672	1.051444	0.975514	0.248512	0.576033	1.263278	0.000000	1.320070	-0.380670	0.704862	0.699915	0.898259	1.343033
354	2.138077	1.391739	2.904141	2.836157	0.000000	2.489770	2.264566	1.726547	2.940966	0.596370	1.255849	2.581203	2.640447	2.670429	2.831167	2.627943	2.323307	1.818083	0.982862	0.589363
355	0.004874	0.355514	0.450994	0.112395	0.600205	0.576013	0.549696	0.367259	0.374527	0.577174	0.442190	0.627757	1.385469	0.417176	0.521091	0.000000	0.251590	0.280747	0.739278	0.575914
356	1.061528	0.891601	1.413114	1.188788	1.287178	0.938107	0.754756	1.450995	0.822679	1.524173	1.175231	0.439056	1.847875	0.812247	0.758437	0.237220	0.000000	1.258925	1.368566	1.146520
357	1.562818	1.150230	2.567795	2.467079	1.577087	2.394649	2.356297	0.000000	2.201699	0.600539	1.184290	2.386973	2.230459	2.214617	2.240879	2.075754	1.433131	0.311858	1.997268	2.027188
358	0.090973	-0.112708	0.376027	-0.060612	0.075697	0.509705	-0.042325	-0.354615	-0.402818	-0.021047	-0.152181	0.029533	1.258849	-0.348693	-0.481523	-0.016771	-0.266201	-0.380559	0.267986	0.000000
359	0.315191	0.033850	0.603583	0.011625	0.103962	0.889270	0.182844	0.190550	0.574699	0.463025	0.249772	0.448848	2.741955	0.201760	0.500657	0.000000	0.114246	0.198453	-0.195337	-0.111452
360	1.800138	1.220229	3.328293	2.923570	0.507447	2.906949	2.683084	0.311355	2.937651	0.000000	0.809519	3.141553	2.708995	2.811053	2.844276	2.826447	2.177096	0.409861	1.282866	1.458215
361	1.119252	0.297481	0.523250	0.948991	0.443136	1.446521	0.465689	0.129429	0.944622	0.549257	0.668352	0.000000	2.871609	0.905928	0.908938	0.385373	0.435599	0.378871	0.286869	0.262378
362	1.781197	1.102919	2.689606	2.578126	0.981506	2.192985	2.462069	0.396275	2.479070	-0.381920	0.000000	2.469533	2.333718	2.290431	2.491373	2.325073	1.934037	0.912224	1.747307	2.022225
363	0.359826	0.667557	0.447178	0.000000	1.210533	0.560635	0.840879	1.333003	1.185154	1.343294	0.875446	0.819650	2.023686	0.428550	1.122954	0.347280	0.898330	1.235691	1.063936	1.142701
364	0.550411	0.478166	1.029526	1.185952	0.045192	0.415811	0.000000	1.148602	0.800403	0.870373	0.653009	0.488177	2.101959	0.747652	0.715521	0.436763	0.994537	1.034571	0.280469	0.005457
365	1.104528	0.756642	1.577842	1.533122	1.302070	1.396495	1.301639	1.250057	1.297927	1.186044	1.255773	0.000000	1.151604	1.235930	1.080310	0.969312	1.504448	1.374768	1.497400	1.672977
366	0.548386	0.364598	0.969669	0.632164	0.238022	0.689666	0.216240	0.489647	0.075268	0.122069	0.164110	0.353035	1.424769	0.021838	0.000000	0.498219	0.752718	0.720796	0.369444	0.240495
367	2.195813	1.612951	2.909327	2.471601	1.812101	2.622310	2.574250	0.000000	2.410836	0.676626	1.484240	2.791753	2.553971	2.491387	2.342600	2.667325	2.542323	0.821436	2.069964	2.264770
368	-0.102655	-0.040686	0.313228	0.094189	0.064800	0.125555	-0.050887	0.094731	-0.213361	0.183077	-0.083515	0.000000	0.824963	-0.156646	-0.285608	-0.373200	-0.298966	-0.008304	0.156859	0.069256
369	-0.067529	-0.219779	0.678231	-0.126218	-0.232195	0.556547	-0.026546	0.006999	0.000000	0.263241	0.013226	0.411671	1.832124	0.036820	-0.109018	-0.029843	-0.024978	-0.063880	-0.345479	-0.397519
370	1.877767	1.675916	3.113293	2.699823	1.358733	2.446497	2.588073	0.000000	2.640368	0.412122	0.758236	2.850983	2.211824	2.327519	2.709068	2.481190	2.018279	0.805787	1.878379	2.184612
371	2.259988	1.752804	2.415582	2.459456	2.325163	2.357430	2.483498	2.605696	2.662291	2.675587	2.599616	2.515274	0.000000	2.590243	2.776443	2.444317	2.743456	2.589951	2.508238	2.499114
372	0.284849	-0.095510	-0.512900	-0.193536	0.000000	0.620083	0.175963	0.361220	0.420635	0.308663	0.389326	-0.212473	0.046932	0.216230	0.430879	0.321472	0.294231	0.315434	0.128785	0.222575
373	0.947358	0.290968	0.370752	0.982856	0.910802	0.000000	0.654925	1.859048	1.014136	1.185174	1.160668	0.128225	1.803790	1.015959	1.047322	1.032866	1.580520	2.052538	0.916380	0.955003
374	0.965841	1.312788	2.053994	1.819551	1.213302	1.994183	1.606572	0.000000	1.807732	0.345595	0.964628	1.928590	2.447257	1.747677	1.889640	1.702392	2.038735	0.910828	1.410008	0.913568
375	1.690785	1.311435	2.363412	2.680218	0.000000	1.796059	1.765696	2.207138	2.579319	1.583716	1.775162	2.472912	2.448361	2.442319	2.663409	2.164145	1.945428	2.285131	0.698021	1.204798
376	0.206262	0.394252	0.439189	0.307239	0.848984	0.584017	0.628504	0.763340	0.623914	0.651228	0.559802	0.604771	1.280110	0.469212	0.700557	0.000000	0.461195	0.834820	0.755869	0.883612
377	0.026187	-0.339212	0.173094	-0.195557	-0.206592	0.341347	-0.049777	-0.088569	0.019825	-0.465043	-0.350985	0.036240	0.970598	-0.262795	0.000000	0.021158	0.049836	0.014722	-0.049307	-0.198698
378	0.000000	1.508548	2.948388	2.692733	2.272948	1.455148	2.668419	2.414278	2.702259	2.386980	2.069653	2.647019	2.770775	2.424069	2.736497	1.206778	2.186332	2.193647	2.228483	2.331675
379	0.240842	-0.079223	0.630738	0.472871	-0.147129	0.410634	0.040635	-0.060929	0.000000	-0.020386	0.136828	0.176860	0.633562	0.301584	0.092329	0.146902	0.067762	0.007158	-0.286612	-0.269553
380	0.241990	-0.152578	0.363351	0.391215	-0.074727	0.166662	-0.171150	0.383640	0.054373	0.226451	0.165182	-0.326210	0.783893	0.013260	0.067598	-0.032869	-0.031614	0.000000	-0.032804	-0.270982
381	2.074909	1.423203	2.252191	2.187263	1.898446	2.130739	2.395444	1.435806	2.216427	0.000000	1.246226	2.279872	2.303564	2.128575	2.229198	2.245908	2.060934	1.693748	2.174638	2.331965
382	0.216041	0.119078	1.056958	0.277231	0.384914	0.275311	0.231058	0.299990	0.085003	0.500080	0.132728	0.382035	1.585219	-0.040302	-0.108667	0.000000	0.061014	0.235708	0.296869	0.237907
383	0.599748	0.270435	1.349840	0.654062	-0.074129	1.143739	0.125254	-0.222579	0.000000	0.158126	0.178548	0.644109	2.177764	0.260825	0.025477	0.346112	0.201024	-0.121892	-0.121982	-0.176886
384	1.502412	0.928913	2.803481	2.356235	0.433487	2.338537	2.246578	0.444785	2.275243	0.000000	0.618336	2.581992	2.295433	2.213104	2.187302	2.283731	1.842931	0.494994	0.955181	1.228267
385	0.862960	0.182383	0.738014	0.993585	0.014337	1.233739	0.164208	-0.122926	0.795883	0.302709	0.496585	0.000000	2.285548	0.848163	0.758644	0.207485	0.349154	0.199387	-0.399154	-0.310200
386	1.165149	0.480053	1.626052	1.535754	0.818983	1.140909	1.606373	0.592809	1.605139	-0.759322	0.000000	1.551732	1.413737	1.414746	1.665761	1.431760	1.431988	0.932957	1.243951	1.442875
387	0.102536	0.308327	0.960115	0.620636	0.374642	0.499597	0.405580	0.368300	0.000000	0.492609	0.279437	0.579885	1.615880	0.223833	-0.109436	0.210944	0.362132	0.470056	0.403794	0.370965
388	-0.075374	-0.279737	0.000000	0.275113	-0.579950	-0.089746	-0.392983	0.459941	0.313557	0.260051	0.003940	-0.250513	1.618953	0.106680	0.292182	-0.106247	0.296894	0.386434	-0.503160	-0.679598
389	0.997717	0.761028	1.597839	1.542701	1.245066	1.375755	1.260330	1.226398	1.296275	1.224192	1.209533	0.000000	1.407722	1.196891	1.048602	0.913110	1.427230	1.250328	1.442916	1.600569
390	0.573631	0.680100	1.106224	0.660582	0.723931	0.957724	0.678549	0.750503	0.317588	0.243063	0.264051	0.614744	1.810175	0.000000	0.409277	0.742341	0.997437	0.923034	0.895822	0.789770
391	1.971753	1.024844	2.402113	2.198285	1.439581	2.091039	2.187698	1.160489	2.059963	0.000000	1.180700	2.328340	1.820125	2.158210	2.123331	2.113664	2.202931	1.519995	1.714628	1.856786
392	0.252564	0.149137	0.690710	0.347474	0.379206	0.562229	0.266700	0.174939	0.047222	0.267938	0.186330	0.444973	1.153874	0.187857	-0.035380	0.076210	0.000000	0.153795	0.375352	0.322797
393	0.069859	-0.062921	0.276919	-0.209166	0.298169	0.676014	0.261562	0.519075	0.327361	0.631640	0.280861	0.480402	1.863303	0.205977	0.224916	0.000000	0.310750	0.453553	0.110514	0.193130
394	1.824395	1.502079	3.237822	3.133153	1.139768	2.742759	3.029658	0.879502	3.100872	0.000000	1.068703	3.270782	2.484358	3.017153	3.196024	2.893932	2.358651	1.213112	2.056202	2.098233
395	2.020620	2.187573	2.534873	2.546452	2.953853	2.490808	2.725024	3.031924	2.865246	3.301493	3.056948	2.470021	0.000000	2.623349	3.018814	1.935105	2.422673	2.613861	2.994333	3.099641
396	-0.047532	-0.167928	-0.032311	-0.108049	0.172433	0.180748	0.133852	0.259828	0.034225	0.000000	0.156379	0.196056	-0.316467	0.105705	0.117646	0.073317	0.260564	0.221472	0.212807	0.232686
397	1.936216	1.262388	0.000000	1.705139	1.853771	1.670699	1.550738	2.689423	2.240319	2.466146	2.292305	1.010078	2.200476	2.111799	2.288944	1.587277	1.948917	2.627138	1.596899	1.815736
398	0.653025	0.496527	1.900286	2.002999	0.000000	1.841672	1.860626	0.090361	2.130040	0.849461	1.067712	1.995761	1.725531	2.071269	2.277745	1.023016	0.886638	-0.086669	1.018050	1.174012
399	0.849005	0.930305	1.434112	1.169207	1.169904	0.000000	0.974241	1.766785	1.073274	1.766559	1.505085	1.187111	1.056272	1.176824	1.261099	0.952981	1.466472	1.584149	1.051824	1.161708
400	-0.108426	-0.177372	0.189502	0.083127	-0.010307	-0.029866	-0.042298	0.311329	-0.021654	0.085104	-0.017141	-0.130456	0.943666	-0.094315	0.056031	-0.180203	0.000000	0.353995	0.048743	0.014558
401	0.453464	0.350525	2.572035	2.221417	0.229771	0.761845	1.745627	0.687783	1.907042	-0.556002	-0.271454	1.832152	2.164183	1.522952	1.995419	1.726583	1.680313	0.992389	0.000000	0.806949
402	0.472928	0.336364	0.718608	0.546282	0.588402	0.683085	0.424171	0.372030	0.272595	0.753632	0.668932	0.485749	1.113744	0.532442	0.246191	0.192418	0.000000	0.227063	0.579515	0.400615
403	0.762589	1.236981	1.469079	1.039623	1.628312	0.759320	0.916986	1.885913	1.200601	2.026121	1.369911	0.312838	1.573612	0.622683	1.211065	0.000000	0.351061	1.571991	1.526317	1.527526
404	0.879064	0.491013	1.828553	1.720417	0.840293	1.611885	1.705778	-0.509557	1.482301	-0.881020	0.000000	1.680562	1.445194	1.595692	1.536085	1.541014	1.043444	-0.158466	1.360050	1.504179
405	0.911388	0.567898	1.392259	0.650986	0.988785	1.365645	0.656170	0.205233	0.120234	0.773264	0.633721	0.771941	2.223773	0.303706	-0.024448	0.570525	0.322241	0.000000	1.110941	0.933547
406	0.782690	0.128240	1.049518	0.000000	0.013798	1.360584	0.324494	0.272061	0.942186	0.563658	0.404210	1.011470	2.552509	0.446338	0.849073	0.551385	0.432917	0.202431	-0.249931	-0.271575
407	1.708977	1.298638	3.394808	3.017892	1.006696	2.842725	2.906629	0.197716	2.919555	0.000000	0.782286	3.226553	2.864381	2.831003	2.881868	2.885545	2.319667	0.518273	1.719524	1.878441
408	1.492732	0.465995	0.503107	1.298513	0.598757	1.813574	0.635161	0.351295	1.364198	0.783169	0.991542	0.000000	2.841913	1.336128	1.314574	0.855779	1.013609	0.629020	0.354570	0.350270
409	1.885149	0.960045	2.760095	2.635163	1.288359	2.018539	2.490734	1.275404	2.551388	0.000000	0.819438	2.653235	2.523473	2.473058	2.562587	2.328666	2.163611	1.393090	1.900225	1.937801
410	0.000000	0.505363	0.688733	0.304988	1.012249	0.135497	0.691388	0.951207	0.595783	0.901757	0.584491	0.760131	1.620151	0.318284	0.516918	0.157444	0.667663	0.950400	0.894996	1.029228
411	-0.144299	-0.255145	0.146423	0.134003	-0.515803	-0.128851	-0.359219	0.253806	0.045607	0.077458	-0.080254	-0.267853	1.151581	-0.040345	-0.009197	-0.288195	0.000000	0.175879	-0.322247	-0.510288
412	1.046750	0.821024	1.584063	1.590073	1.323770	1.351784	1.279648	1.329993	1.326147	1.296249	1.291632	0.000000	1.451584	1.238036	1.063388	0.947559	1.475260	1.363521	1.519667	1.666189
413	0.366220	0.263728	0.876108	0.471849	0.278781	0.782562	0.371254	0.270249	0.023764	-0.197604	0.031531	0.374172	1.602151	0.000000	0.102150	0.493693	0.648316	0.438636	0.505401	0.325473
414	1.972047	1.036371	2.287154	2.146344	1.412483	2.076786	2.136820	1.366912	2.167798	0.000000	1.197533	2.300389	1.757746	2.163709	2.211771	2.076031	2.164048	1.689633	1.643548	1.827923
415	0.093413	0.096398	0.169575	-0.164534	0.473941	0.410904	0.211925	0.277620	0.088887	0.325876	0.152973	0.313734	0.869173	-0.005755	0.051526	-0.014598	0.000000	0.206145	0.463350	0.406426
416	-0.294169	-0.372279	-0.052532	-0.480704	-0.416182	0.278021	-0.225933	-0.049752	0.000000	0.100059	-0.215365	0.011950	1.505969	-0.206029	-0.112144	-0.396410	-0.291120	-0.089924	-0.687135	-0.653697
417	1.402661	0.696963	1.649850	1.674299	0.626548	1.546662	1.795763	0.000000	1.696070	-0.851609	0.331177	1.812276	1.447635	1.659956	1.812026	1.708640	1.492642	0.423049	1.166657	1.333766
418	2.079082	1.976455	2.093521	2.549599	2.552821	2.119273	2.302635	2.848271	2.757180	2.599052	2.613216	2.193755	0.000000	2.491562	2.957427	1.928197	2.523503	2.775846	2.560023	2.614564
419	0.872747	0.866316	0.503005	0.000000	1.237881	1.405069	1.101875	1.261153	1.472544	1.161276	1.185702	0.920015	1.278652	1.041531	1.506147	1.031961	1.254622	1.233844	1.004821	1.204438
420	-0.124160	-0.086571	0.000000	0.078985	0.584473	0.245515	0.227154	0.852342	0.525335	0.627755	0.564871	-0.028077	1.186339	0.384898	0.743015	-0.416926	0.001083	0.790804	0.381400	0.516955
421	1.515041	1.273820	2.786244	2.689787	1.531026	2.552939	2.640084	-0.095560	2.882000	1.091401	1.260254	2.777525	2.677962	2.647905	2.909148	2.171528	1.916338	0.000000	1.620881	1.967825
422	-0.469155	0.148129	0.495776	0.200849	0.368999	-0.367321	0.398142	0.664153	0.322153	0.670915	0.314762	0.542446	1.168440	0.310675	0.449377	0.000000	0.573479	0.476508	0.254589	0.316201
423	0.971710	0.842001	1.170426	1.166451	0.959651	0.000000	0.881553	1.520567	1.101595	1.182615	1.110610	0.824511	1.729449	1.064650	1.227432	1.055182	1.352979	1.584364	1.016207	1.024719
424	1.902245	1.174849	2.886924	2.598375	1.711605	2.265342	2.454849	1.122398	2.124355	0.000000	0.980541	2.511894	2.205638	2.192965	2.304134	2.234885	2.161650	1.438478	1.941083	2.169142
425	0.682760	0.425311	0.727606	0.602578	0.932266	0.922151	0.491051	0.252061	0.022400	0.663550	0.542179	0.491826	1.063896	0.256839	-0.116924	0.308112	-0.024938	0.000000	0.971761	0.845668
426	0.307407	0.270898	0.578415	0.632608	0.768216	0.587717	0.387398	1.070536	0.454322	0.693507	0.514580	0.019216	2.055452	0.382467	0.490089	0.000000	0.407830	1.164165	0.587936	0.661141
427	1.927107	1.483526	2.832249	2.648484	2.144883	2.544893	2.838870	1.136647	2.472055	0.000000	1.270224	2.733501	2.718744	2.485157	2.476821	2.498630	2.033120	1.262868	2.614891	2.656277
428	0.647671	0.504563	1.467617	0.000000	1.116207	1.302107	0.745616	0.223774	0.336014	0.658576	0.410599	1.065986	2.436543	0.036064	0.217936	0.646858	0.333435	0.112862	1.001019	0.929979
429	1.010259	0.535736	2.341012	1.479143	0.658757	1.861581	0.796957	0.145136	0.160105	0.556315	0.617505	1.369336	2.949734	0.841967	0.127748	0.744048	0.438817	0.000000	0.572687	0.489019
430	2.434817	1.779122	3.958635	3.457127	1.185370	3.300615	3.356691	1.431115	3.328136	0.000000	1.020296	3.708158	3.571379	3.264396	3.319850	3.393660	3.173874	1.766173	2.008768	2.270700
431	1.413185	0.567561	0.712872	1.246155	0.737108	1.714879	0.680856	0.000000	0.753956	0.602372	0.884267	0.461134	2.532584	1.044656	0.712305	0.848658	0.876324	0.438569	0.599387	0.512579
432	1.811472	1.017716	2.694816	2.570682	1.690593	1.975404	2.624112	1.225840	2.654500	0.000000	1.000908	2.632791	2.536298	2.441736	2.697443	2.223007	2.030217	1.261349	2.199753	2.259608
433	0.307916	0.344220	0.751949	0.739441	0.629348	0.229922	0.374450	0.863122	0.319519	0.951325	0.688238	0.313026	1.198795	0.452080	0.223545	0.000000	0.380079	0.823951	0.469447	0.546350
434	0.168918	-0.007416	0.612979	0.574792	-0.116276	0.092223	-0.168278	0.468323	-0.110950	0.315542	0.138325	0.000000	1.674510	0.127271	-0.151570	0.050666	0.399877	0.376454	0.040190	-0.139648
435	1.036317	0.707729	1.637937	1.611861	1.227970	1.366919	1.250630	1.184875	1.267660	1.177858	1.198139	0.000000	1.511561	1.233086	1.006409	0.950302	1.444786	1.238190	1.430035	1.574284
436	0.599275	0.489527	1.234520	0.764375	0.614466	1.174351	0.657503	0.428979	0.162299	0.000000	0.198624	0.821585	1.809653	0.164978	0.300000	0.715374	0.847030	0.569235	0.811966	0.702046
437	1.826466	0.927356	2.340146	2.194803	1.461974	1.961751	2.102489	1.354675	2.103864	0.000000	1.144415	2.293493	1.770267	2.094270	2.155945	1.955165	2.067990	1.591230	1.661850	1.833647
438	0.293583	0.134566	0.559097	0.200931	0.254180	0.540781	0.179341	0.038013	0.000000	0.284436	0.144597	0.388043	1.326834	0.103588	-0.043984	0.021664	-0.202413	-0.037172	0.332345	0.173211
439	-0.193705	-0.174457	0.206799	-0.400080	-0.099998	0.404336	-0.112496	0.026114	0.000000	0.148043	-0.028160	0.153749	1.831012	-0.168219	-0.025887	-0.302892	-0.329496	-0.060362	-0.282737	-0.247819
440	2.174360	1.362076	2.773061	2.792746	1.871973	2.248891	2.798674	1.486170	2.554705	0.000000	1.422110	2.816339	2.321695	2.682005	2.727039	2.530056	2.370162	1.690973	2.304963	2.457329
441	2.548368	2.250201	3.027471	3.062327	2.697271	2.686882	2.903320	2.917890	3.125100	3.160064	3.036085	2.903301	0.000000	2.991462	3.286598	2.693626	3.020987	2.797351	2.820596	2.920401
442	-0.118251	-0.013881	0.143149	0.163022	0.372258	0.514676	0.000000	0.341604	0.013349	0.271734	0.301117	0.108965	-0.057781	0.260564	0.014390	-0.008083	0.279287	0.310973	0.154663	0.285090
443	0.214251	0.872710	1.321112	0.706964	1.250420	0.000000	1.027848	1.768630	1.215811	1.541897	1.205146	0.830167	1.410746	0.814999	1.407394	0.514042	1.126478	1.458583	1.329337	1.388197
444	1.406127	1.065231	2.223296	2.284620	0.776167	2.074508	2.072969	-0.580917	2.279558	0.000000	0.735413	2.212899	2.125152	2.197629	2.342649	1.965141	1.655106	0.057287	1.400052	1.542388
445	1.695320	1.644230	2.555432	2.462264	1.797962	0.000000	2.146273	2.383882	2.055531	2.242247	2.060971	2.351191	2.196467	2.270342	2.213921	2.052790	2.346998	2.226250	1.810791	1.966980
446	0.004282	-0.145472	0.541166	0.282370	-0.298017	0.027588	-0.162906	0.515955	0.114776	0.163051	0.057583	0.000000	1.353004	0.133718	0.081892	0.130722	0.519701	0.635682	-0.465837	-0.769316
447	1.609033	0.781766	1.932112	1.943817	1.715503	1.720235	1.948990	1.269776	1.866315	0.000000	1.186025	1.953289	1.617430	1.837177	1.977434	1.675165	1.697800	1.433466	1.745070	1.955278
448	0.454822	0.013554	1.104395	0.749672	0.151404	0.948675	0.244670	-0.126770	-0.072814	-0.029226	0.158325	0.551653	1.349149	0.355432	0.000000	0.253715	-0.114610	-0.282834	0.285243	0.069292
449	0.473946	0.358058	1.043002	1.063745	0.693412	0.487395	0.189310	0.998337	0.000000	0.614479	0.645520	-0.044556	1.320127	0.443652	0.050571	0.182681	0.363824	1.085888	0.687748	0.518120
450	2.080853	1.511752	2.458340	2.432079	2.111798	2.345636	2.637324	1.327426	2.321173	0.000000	1.380591	2.490596	2.384345	2.358963	2.387053	2.381207	2.176504	1.545985	2.438964	2.523269
451	1.209993	1.021812	2.389298	1.731350	1.101230	1.836332	0.915861	0.598846	0.243335	0.902993	0.781014	1.364202	2.746084	0.893910	0.000000	1.110379	0.815438	0.623125	1.126112	1.004623
452	0.373613	-0.501135	0.658298	0.000000	-0.718448	1.089356	-0.276995	-0.740831	0.308613	-0.380972	-0.320403	0.491023	2.070247	0.047396	0.127878	0.243378	-0.296439	-0.792450	-1.167430	-0.960784
453	1.923746	1.131355	2.619413	2.285108	1.274095	2.194668	2.368587	1.356852	2.237779	0.000000	1.126455	2.547630	2.168507	2.258196	2.292596	2.246644	2.221163	1.551983	1.516878	1.769721
454	0.236382	-0.397339	0.000000	0.284601	-0.574052	0.385222	-0.345916	-0.481887	0.339786	-0.210233	-0.110232	-0.056215	1.407442	0.148592	0.290725	0.078914	0.144820	-0.313847	-0.956967	-0.704813
455	1.458530	0.645815	2.215078	2.164782	1.500304	1.580596	2.154941	1.200802	2.224926	0.000000	0.995391	2.194527	2.101429	2.075494	2.217840	1.710403	1.637833	1.126844	1.775593	1.865887
456	-0.541280	-0.126904	0.377840	0.000000	0.327925	-0.337685	-0.070693	0.300584	-0.290146	0.302806	-0.011944	0.045233	1.211554	-0.294273	-0.469558	-0.517639	0.022239	0.223152	0.192533	0.225219
457	-0.149125	-0.215072	0.040369	0.000000	-0.317039	-0.128975	-0.235337	0.230743	0.038778	0.039131	-0.118553	-0.272220	1.441859	-0.072373	0.001827	-0.248002	0.046165	0.177994	-0.180315	-0.301341
458	1.034474	0.823360	1.596182	1.587666	1.330775	1.335907	1.268541	1.297420	1.314322	1.282572	1.286656	0.000000	1.434031	1.235143	1.082888	0.945475	1.480391	1.332729	1.536927	1.671513
459	0.211970	0.327022	0.534300	0.269617	0.203601	0.471345	0.227350	0.262348	0.000000	-0.077922	-0.030001	0.279264	1.104688	-0.264080	0.115515	0.374771	0.549202	0.415317	0.312194	0.276007
460	1.913235	1.012753	2.207932	2.091346	1.539646	1.981339	2.103483	1.380564	2.120949	0.000000	1.196664	2.237118	1.670786	2.080189	2.205519	1.973872	2.082951	1.660820	1.728875	1.922719
461	0.511036	0.229849	0.611764	0.000000	0.523861	0.847403	0.572658	0.050063	0.606529	0.127049	0.158112	0.774172	1.593183	0.345164	0.576199	0.459077	0.268897	0.085371	0.664834	0.540688
462	0.121535	0.151698	0.455500	-0.041536	0.197849	0.623555	0.238348	0.523577	0.388743	0.654581	0.330032	0.585928	2.108716	0.282357	0.356084	0.000000	0.314323	0.425021	0.038237	0.084542
463	2.472022	1.664777	2.828043	2.855273	2.038034	2.567209	2.994132	1.403513	2.744439	0.000000	1.468330	2.983370	2.439282	2.843506	2.928399	2.750562	2.565724	1.804844	2.428499	2.657741
464	2.743499	2.285748	3.061760	3.143397	2.616354	2.886862	2.983002	2.949320	3.179195	3.124199	3.054084	2.988633	0.000000	3.071257	3.313875	2.894930	3.195516	2.872242	2.652583	2.910930
465	-0.180566	-0.215196	-0.393669	-0.848584	0.007916	0.378113	-0.019389	0.077672	0.317056	-0.022701	-0.010825	0.000000	0.025426	0.018551	0.345624	0.117189	0.235408	0.076963	-0.345432	-0.072373
466	0.503472	0.866838	0.828122	0.000000	0.977804	0.336193	0.924349	1.450035	1.343763	1.467795	1.134223	0.534781	1.273788	0.611176	1.384465	0.334611	0.823269	1.126161	0.882190	1.128932
467	2.300327	2.153238	3.153046	3.130692	1.679917	2.967288	2.990237	0.000000	3.202588	0.783010	1.448812	3.087410	3.249917	3.054677	3.253898	2.891755	2.702584	0.990427	2.261706	2.450266
468	0.000000	0.177167	0.932640	0.348600	0.357881	-0.542509	0.496998	0.913614	0.277191	0.799005	0.277125	0.867047	0.900755	0.172682	0.465761	0.303973	0.680414	0.734819	0.344235	0.390605
469	0.045398	-0.042850	0.298820	0.226700	0.050190	0.280654	-0.020836	0.660422	0.379610	0.012707	0.097126	-0.560522	0.987475	0.029379	0.362403	0.135276	0.708437	0.873226	0.277372	0.000000
470	1.414626	0.730348	1.814545	1.780264	1.503010	1.503415	1.783567	1.303799	1.769136	0.000000	1.069768	1.825482	1.460093	1.678021	1.872013	1.519130	1.623297	1.415524	1.563895	1.748926
471	0.517371	0.369977	1.080455	0.493391	0.361792	0.677439	0.285776	0.270804	0.000000	0.486439	0.458937	0.547159	1.152122	0.339849	0.015197	0.401946	0.137528	0.079199	0.451575	0.224038
472	-0.251044	0.172870	0.000000	-0.135299	0.703593	0.218726	0.101711	1.029136	0.282475	0.550007	0.239743	-0.162728	1.538688	-0.079085	0.436789	-0.215623	0.333618	1.038380	0.593743	0.505910
473	1.988518	1.345933	2.337886	2.353582	2.158361	2.191056	2.583695	1.464870	2.332705	0.000000	1.397335	2.423006	2.225821	2.332169	2.449848	2.205578	2.101189	1.631180	2.425983	2.569519
474	0.663558	0.434374	0.991287	0.240223	0.738174	1.143015	0.478012	0.199472	0.313746	0.679342	0.404874	0.678294	2.179210	0.000000	0.160895	0.482963	0.204820	0.196909	0.757582	0.646355
475	0.821212	0.234670	1.482809	1.055682	0.167805	1.372125	0.312684	0.017318	0.000000	0.384664	0.434068	0.796411	2.346241	0.624938	-0.129789	0.650408	0.489965	0.119070	-0.094707	-0.108382
476	2.156749	1.382400	3.054831	2.686567	1.460000	2.511941	2.726643	1.492601	2.603346	0.000000	1.166873	2.915552	2.620584	2.604783	2.654441	2.646227	2.602620	1.725906	1.840389	2.081880
477	0.775382	-0.056047	0.718441	0.812454	0.058181	1.045911	0.287796	-0.194573	0.310476	0.019733	0.216902	0.232152	1.849642	0.601389	0.149975	0.483631	0.469957	0.000000	-0.172455	-0.141323
478	1.686503	0.803992	2.531520	2.460449	1.746280	1.769032	2.422510	1.221607	2.365650	0.000000	1.102679	2.423251	2.205246	2.269772	2.401338	1.973335	1.810146	1.237663	2.067746	2.141362
479	-0.036114	-0.210281	0.381758	0.248606	-0.294139	0.061350	-0.210881	0.104347	-0.244715	0.046176	-0.019534	-0.041655	1.238894	-0.046910	-0.366841	-0.105001	0.000000	0.327080	-0.328555	-0.307969
480	0.095869	0.047116	0.582277	0.510731	-0.052856	-0.025003	-0.098922	0.493832	-0.040321	0.295596	0.161200	0.000000	1.497779	0.160255	-0.086146	0.040916	0.401707	0.465616	0.038204	-0.102055
481	1.083797	0.742102	1.614852	1.622197	1.272863	1.407649	1.255008	1.259699	1.287335	1.244532	1.273522	0.000000	1.506416	1.252625	1.028380	0.979156	1.470350	1.320415	1.445021	1.612131
482	0.224647	0.130145	0.670809	0.395077	0.167234	0.711567	0.306303	0.148407	0.043028	-0.384254	-0.123084	0.302007	1.498769	0.000000	0.111284	0.353297	0.544058	0.327726	0.385661	0.221606
483	1.877657	0.943368	2.262947	2.107788	1.467267	1.981696	2.066951	1.385367	2.030342	0.000000	1.193410	2.210789	1.621666	2.063153	2.095016	1.950277	2.052809	1.654972	1.676396	1.830684
484	0.344051	0.318878	1.079475	0.424151	0.678477	0.724164	0.429392	0.242277	-0.019088	0.423364	0.244427	0.646997	0.855472	0.181966	-0.076652	0.222084	0.000000	0.192544	0.822331	0.626335
485	-0.040553	-0.086295	0.242311	-0.345416	0.256332	0.515401	0.218183	0.295675	0.280915	0.565093	0.217873	0.355390	1.854994	-0.007184	0.211631	-0.147449	0.000000	0.161582	0.041630	0.119977
486	2.042631	1.305106	2.270139	2.312785	2.005788	2.099217	2.551213	1.313669	2.241847	0.000000	1.445189	2.452248	1.793845	2.360418	2.465127	2.195008	2.045962	1.541831	2.320970	2.475521
487	2.839465	2.281708	3.154938	3.249377	2.734053	2.977510	3.027829	2.921706	3.185623	3.158935	3.140784	3.034429	0.000000	3.137043	3.340951	2.977064	3.211332	2.901531	2.759652	2.967670
488	-0.121588	0.235227	0.425278	0.327947	0.318639	0.514447	0.160984	0.344687	0.044964	0.463388	0.498663	0.332572	-0.200223	0.390864	0.000000	-0.015403	0.286246	0.324956	0.099775	0.241404
489	-0.126751	0.252577	0.809517	-0.644177	0.588977	0.000000	0.369310	0.748411	0.767667	0.495351	0.350392	0.459262	0.941401	0.062565	0.909464	0.178642	0.542607	0.608047	0.607516	0.748090
490	2.391961	2.152827	3.176110	3.204725	1.779524	2.998817	3.045408	0.000000	3.080509	1.030343	1.627913	3.055004	3.288606	3.116063	3.122256	2.925896	2.749037	1.004773	2.394815	2.576233
491	2.093803	1.958278	2.838765	2.753608	2.115137	0.000000	2.423330	2.606169	2.432409	2.516020	2.432964	2.624122	2.572264	2.590434	2.583792	2.416852	2.664782	2.468537	2.100881	2.250762
492	0.066759	0.106476	0.405071	0.300176	0.291707	0.541285	0.000000	0.752971	0.286738	0.208008	0.177667	0.238607	1.534298	0.178910	0.306249	0.187590	0.630246	0.934997	0.311613	0.254593
493	1.488623	0.800794	1.855534	1.884709	1.698446	1.630383	1.911657	1.295360	1.865571	0.000000	1.178100	1.909300	1.442493	1.803341	1.996648	1.601542	1.698473	1.442482	1.754083	1.955865
494	0.373192	0.215537	1.045340	0.521113	0.547742	0.544127	0.150229	0.220741	-0.457923	0.419880	0.319100	0.449197	0.567364	0.201022	-0.472412	0.232232	0.000000	0.154627	0.719234	0.423102
495	-0.032294	0.240576	1.004632	0.524437	1.061596	0.498938	0.345664	0.963280	-0.227426	0.430771	0.307120	0.000000	1.953344	0.035544	-0.004311	-0.090264	0.406271	0.971170	0.964519	0.965694
496	2.386689	1.761314	2.787453	2.821009	2.585857	2.689446	3.065652	1.635595	2.693162	0.000000	1.680776	2.853104	2.614633	2.771184	2.824787	2.727679	2.437156	1.811481	3.051163	3.140146
497	0.902861	0.594978	1.758676	0.914297	1.121465	1.560287	0.763970	0.210187	0.024800	0.584639	0.528155	1.018174	2.047406	0.461905	-0.091860	0.529342	0.000000	0.259725	1.214791	1.016207
498	0.767132	0.154069	1.363821	0.695825	-0.070547	1.314305	0.000000	0.196042	0.445339	0.462730	0.400044	0.989980	2.308521	0.462052	0.279441	0.504121	0.409189	0.180563	-0.327943	-0.293916
499	2.581776	1.906069	3.955188	3.586623	1.307073	3.538855	3.511636	1.435571	3.476717	0.000000	1.075229	3.802519	3.491691	3.441728	3.536390	3.586202	3.404679	1.861574	2.085196	2.483566
500	0.004178	-0.483330	0.047475	0.142250	-0.554297	0.000000	-0.671933	-0.140376	-0.130098	-0.167014	-0.166929	-0.274660	1.507573	-0.120716	-0.243012	-0.199318	0.079813	-0.031179	-0.967613	-0.845579
501	1.729193	0.856537	2.565223	2.480919	1.737485	2.042593	2.479653	1.188436	2.380560	0.000000	1.136448	2.496508	2.317234	2.352611	2.443502	2.126341	1.986239	1.221614	2.036633	2.152206
502	0.226583	0.477289	0.790753	0.641828	0.976519	0.000000	0.585239	1.090523	0.504269	0.998912	0.734034	0.623126	1.752365	0.481240	0.400420	0.417930	0.913024	1.116192	0.903644	1.041732
503	-0.129205	-0.116818	0.284246	0.000000	0.015028	-0.170879	-0.242351	0.470811	-0.134527	0.299576	0.111935	-0.175082	1.086156	-0.156668	-0.136581	-0.219538	0.246204	0.343991	0.186309	-0.023514
504	1.111396	0.828758	1.655126	1.666748	1.357486	1.475415	1.327521	1.243012	1.333340	1.234214	1.286272	0.000000	1.371747	1.280847	1.116408	0.954598	1.444346	1.347856	1.534887	1.694742
505	0.403408	0.336879	0.878146	0.515263	0.656001	0.939737	0.440602	0.395529	-0.058662	0.000000	0.124287	0.339397	1.706769	0.031252	-0.013653	0.408283	0.563933	0.516888	0.829965	0.674850
506	2.174482	1.311109	2.465646	2.301658	1.615404	2.284063	2.372581	1.380749	2.289512	0.000000	1.319480	2.485644	1.893387	2.336352	2.385487	2.252044	2.323400	1.805356	1.961076	2.086849
507	0.536465	0.359774	1.048466	0.273840	0.517029	1.046266	0.372652	0.102168	0.240483	0.275147	0.226833	0.726496	1.850496	0.207950	0.181239	0.405980	0.000000	0.108987	0.633599	0.442417
508	0.035380	-0.101839	0.494377	0.034594	0.077643	0.559075	0.000000	0.266303	0.200374	0.602938	0.201816	0.451262	2.269846	0.092860	0.016876	-0.193450	-0.095494	0.172209	-0.204199	-0.186821
509	2.588422	2.000842	3.208031	3.234730	2.230253	3.124811	3.476140	1.535293	3.280852	0.000000	1.528457	3.425862	2.808459	3.207807	3.408215	3.126931	2.636157	1.859653	2.966233	3.097460
510	2.717489	2.165888	3.023928	3.111822	2.500436	2.919339	2.897863	2.741701	3.079217	3.017982	2.979459	2.938460	0.000000	3.048507	3.203119	2.875902	3.133476	2.681951	2.540610	2.701049
511	-0.124608	0.122895	-0.040296	0.000000	0.200788	0.436355	0.066322	0.317776	0.057009	0.255543	0.334522	0.108062	-0.260269	0.247004	0.029884	-0.031155	0.205653	0.323298	0.016274	0.104177
512	0.539937	1.011885	1.254879	0.000000	1.127788	1.154170	0.860836	1.671273	1.609348	1.517260	1.190138	1.236424	1.950875	0.760708	1.701904	0.595789	1.024047	1.518927	0.753462	1.055436
513	2.306256	2.347055	3.276517	3.327971	1.923067	3.103572	3.153646	0.000000	3.438340	1.239031	1.717376	3.260845	3.542086	3.259456	3.567491	2.946352	2.678981	0.925082	2.466755	2.715212
514	2.132586	2.104783	2.864057	2.666316	2.261878	0.000000	2.502228	2.686014	2.442868	2.608647	2.447584	2.670143	2.676713	2.535933	2.566249	2.439558	2.623669	2.531432	2.170600	2.401157
515	-0.480250	-0.245810	0.099988	-0.035966	-0.455895	-0.090062	-0.463934	0.016485	-0.332476	-0.603726	-0.561859	-0.306340	1.031152	-0.412087	-0.226062	-0.347594	0.000000	0.215359	-0.369912	-0.446869
516	1.830430	1.157907	2.401324	2.425001	2.002797	1.929321	2.359346	1.413108	2.176083	0.000000	1.343577	2.280356	1.810833	2.222081	2.376193	2.002605	2.090095	1.655666	2.392059	2.462378
517	-0.163238	-0.240499	0.627589	0.000000	-0.166409	0.288422	-0.380713	-0.509750	-0.690446	-0.432074	-0.410039	0.203907	0.834266	-0.374067	-0.452137	-0.352043	-0.601820	-0.541353	-0.033324	-0.307829
518	0.187118	0.439091	0.870490	0.676763	0.962197	0.671843	0.417130	1.140484	0.233094	0.641077	0.467233	0.000000	2.317549	0.351017	0.401315	0.042144	0.464244	1.194512	0.844935	0.793996
519	2.113414	1.622556	2.317891	2.323652	2.104166	2.333974	2.602169	1.580962	2.321231	0.000000	1.456313	2.438650	2.387665	2.296459	2.440107	2.304607	2.234446	1.871321	2.482345	2.598289
520	0.689237	0.326717	1.237534	0.000000	0.715524	1.283748	0.452737	0.048587	0.159567	0.522945	0.319858	0.908392	2.342119	0.012672	0.081357	0.538594	0.126393	-0.051683	0.768282	0.534552
521	0.040632	-0.485032	0.891939	0.000000	-0.295624	0.661166	-0.168304	-0.138265	-0.081005	0.104112	-0.025700	0.324446	2.311527	-0.009272	-0.067612	-0.321909	-0.238317	-0.241340	-0.534109	-0.512638
522	2.816439	2.102625	4.452279	4.149467	1.437337	3.960544	3.890728	1.013973	3.939564	0.000000	0.837076	4.255452	3.971650	3.819863	3.916756	3.937491	3.487143	1.650964	2.246515	2.641765
523	1.170169	0.479250	0.834790	1.164946	0.175276	1.330784	0.449499	0.719137	1.012507	0.696199	0.771144	0.797516	2.056351	0.939850	0.956620	1.140224	1.216178	0.914409	0.048316	0.000000
524	2.549801	1.671399	3.610712	3.479756	1.757603	3.137414	3.355822	0.969767	3.401016	0.000000	1.137259	3.478663	3.346947	3.279167	3.375020	3.213194	2.763416	1.263239	2.455409	2.668025
525	0.305912	0.210263	0.248027	0.441215	0.343775	0.278559	0.011445	0.697586	0.159302	0.829479	0.594193	0.000000	1.373933	0.235162	0.118468	0.095575	0.319627	0.721817	0.193066	0.304466
526	0.115528	0.020083	0.000000	0.407916	0.145330	-0.080737	-0.177109	0.786330	0.105405	0.377332	0.274452	-0.245559	1.542262	0.136199	0.143852	0.084568	0.606670	0.889012	0.222276	0.091898
527	1.210514	0.737620	1.708191	1.766644	1.225750	1.701416	1.204860	1.386056	1.320246	1.321268	1.328423	0.000000	1.672725	1.254268	1.029134	1.026760	1.494530	1.439094	1.339540	1.481261
528	0.710939	0.665675	1.362243	0.965646	0.782432	1.087513	0.847167	0.507644	0.509716	0.615001	0.693863	1.053065	0.000000	0.798302	0.632485	0.756411	0.850537	0.615758	1.042540	0.871442
529	0.462205	0.219609	1.146469	0.901411	-0.011570	1.094743	0.198298	0.604640	0.352861	0.066664	0.269330	0.000000	2.114040	0.473602	0.361502	0.452509	0.596544	0.804795	0.253397	0.053858
530	3.045964	2.043097	3.282193	3.230475	1.972439	3.230889	3.249675	1.805117	3.159212	0.000000	1.429143	3.259446	3.241960	3.033017	3.144192	3.230650	2.896232	2.238240	2.727551	2.805946
531	0.543573	0.114942	0.609394	0.687554	0.369800	0.600788	0.000000	0.629438	0.287399	0.534291	0.410192	0.260806	1.552071	0.409023	0.289344	0.295526	0.147643	0.522391	0.516251	0.211925
532	0.412614	-0.079715	0.885634	0.451463	-0.426208	1.027596	0.179176	0.091503	0.293682	0.493302	0.191035	0.642128	2.320816	0.304924	0.179902	0.000000	0.210795	0.192014	-0.761691	-0.364277
533	2.588700	1.723392	3.723241	3.772990	1.280512	3.610517	3.682802	0.743053	3.708800	0.000000	1.077868	3.894095	3.080459	3.732887	3.808273	3.599074	2.740806	0.835858	2.776464	2.701073
534	2.698692	1.987829	3.445334	3.450726	2.362404	2.923366	2.938671	2.755114	3.007358	3.045241	2.927750	3.076827	0.000000	3.173343	3.050119	2.862207	3.143545	2.702543	2.419472	2.572851
535	0.976573	0.596843	1.488885	1.408357	0.000000	1.562105	0.606798	1.111480	0.961595	0.976550	0.990905	1.169319	0.898063	1.277726	0.916602	1.079111	1.059001	1.125750	0.011391	-0.045052
536	-0.095523	0.539265	1.095260	0.000000	1.138390	0.497802	0.602208	1.410184	0.811537	1.161413	0.786420	0.623860	1.236352	0.262126	0.887487	-0.251584	0.334612	1.156678	0.763781	1.076186
537	2.510364	1.861506	3.443663	3.411785	1.341141	3.300032	3.273501	1.216159	3.484896	0.000000	1.241114	3.489519	3.743361	3.272069	3.530249	3.180991	2.388482	1.465203	2.390484	2.464142
538	0.000000	0.573259	2.409737	1.824270	0.995379	0.949509	1.425306	1.792390	2.102080	2.239604	1.645265	2.025112	2.228103	1.753028	2.037559	0.880303	1.536185	0.998313	0.872043	0.734584
539	1.112588	0.602970	1.901296	1.683637	0.384841	1.501052	0.944384	0.962674	0.509573	0.000000	0.386772	1.117520	2.747073	0.937168	0.457658	1.190255	1.300197	1.319884	0.661874	0.583224
540	0.501028	0.000000	1.181810	1.237344	1.026673	0.681022	1.282338	0.680344	1.086071	-0.602141	0.307425	0.902376	0.797431	0.996516	1.244507	0.699296	0.893568	0.651138	1.326351	1.516671
541	0.168432	-0.217145	0.464498	0.259426	0.216412	0.155017	0.068459	0.032087	0.084653	0.170934	0.078970	0.191523	0.443080	0.131211	0.152984	0.000000	0.005005	-0.027473	0.213108	0.152514
542	0.705833	0.909089	1.879649	1.568178	1.392696	1.068250	0.790196	1.367580	0.000000	0.981744	0.862442	0.801693	1.675193	0.666545	0.069077	0.637951	0.851427	1.302989	1.339726	1.344230
543	2.644559	2.012801	3.077807	3.056159	2.284753	3.083115	3.113377	1.289783	2.760585	0.000000	1.690817	2.983184	2.852361	2.861636	2.886789	2.910720	2.657308	1.685283	2.510807	2.804527
544	0.245995	-0.154280	0.822363	0.552763	0.215380	0.626382	0.052554	-0.029013	-0.341812	0.069310	0.021771	0.139369	1.870479	0.082113	-0.399041	0.000000	-0.043138	-0.050648	0.186858	0.199374
545	1.013885	0.283574	1.638813	1.229530	0.423494	1.532089	0.465622	0.000000	0.337455	0.524142	0.660252	0.932055	2.349884	0.772720	0.327976	0.820996	0.627348	0.234298	0.546651	0.409903
546	2.054955	1.202417	3.811680	3.342809	0.570583	3.445291	2.993409	0.281353	3.243586	0.125278	0.000000	3.434848	3.098612	2.904303	3.176204	2.888534	2.201864	0.602903	0.222661	1.428938
547	0.305705	-0.238039	0.447646	0.448848	-0.173270	0.642332	-0.257662	-0.088081	-0.065155	0.132283	0.094529	0.103944	2.063696	0.096084	-0.118681	0.000000	0.090133	-0.056464	-0.062740	-0.224960
548	2.087078	1.056083	3.139344	3.131592	0.998446	2.924336	2.626542	0.000000	2.917142	0.317577	0.861324	2.938253	3.001517	2.651676	2.952666	2.486928	1.623794	0.621029	1.348741	1.615402
549	0.113045	0.133084	0.240525	0.000000	0.447747	0.285801	0.219674	0.540784	0.112555	0.388707	0.257168	0.414754	1.969710	0.101734	0.089909	0.370089	0.494720	0.552809	0.406317	0.370116
550	0.627877	0.462040	0.927703	1.237177	0.355753	-0.066099	0.204321	1.350955	0.266992	0.553112	0.577826	0.000000	2.215153	0.640516	0.212448	0.320923	0.718017	1.524384	0.655397	0.521262
551	0.087916	0.000000	1.373043	1.776276	1.753642	1.548312	2.078509	0.803091	1.817832	0.554232	0.791792	0.660418	1.344082	1.427887	1.835883	0.436814	0.510054	0.395872	2.303463	2.346555
552	1.079023	0.966395	1.739095	1.294969	1.187240	1.580716	1.240685	1.169769	0.871947	0.817878	0.932010	1.341693	0.000000	1.041257	1.026095	1.205451	1.276921	1.296433	1.455968	1.374409
553	2.702047	1.786291	3.361917	3.180814	1.649282	3.075838	2.986930	1.871502	2.989070	0.000000	1.251503	3.088484	3.131602	2.874481	3.001746	3.133044	3.035398	2.385724	2.412010	2.303212
554	0.588174	0.142117	0.841442	0.749225	0.679186	1.078406	0.560587	0.513457	0.418352	0.172830	0.285264	0.466565	2.075485	0.536518	0.410481	0.000000	-0.156781	0.594915	0.794893	0.645054
555	0.122706	-0.149059	-0.433703	-0.156522	0.316160	0.641536	0.000000	0.440510	0.230785	0.045737	0.027322	-0.024588	1.435827	-0.023999	0.276226	-0.045415	0.022295	0.561264	0.235656	0.310631
556	2.933216	1.806778	3.485823	3.367826	0.899998	3.634421	3.100165	0.198299	3.180899	0.000000	1.109081	3.443612	2.870787	3.202768	3.234918	3.414020	2.940457	1.206177	2.185187	2.215062
557	1.906598	1.223546	1.630137	1.861180	1.745148	2.400889	1.764277	1.920399	2.076303	1.722804	1.939363	1.888279	0.000000	2.035045	2.198417	1.859772	2.137553	2.113406	1.664432	1.821259
558	0.020674	0.171388	0.719475	0.268542	0.197609	0.714406	0.361084	0.282472	0.052533	0.229473	0.238944	0.706553	0.000000	0.234380	0.076025	0.375046	0.555851	0.348585	0.146955	0.262636
559	-0.184485	-0.267329	-0.218985	-0.395517	-0.101994	0.069481	-0.309356	0.298013	0.196941	0.180891	0.153903	0.043576	0.622061	0.000000	0.178558	0.060478	0.199630	0.313019	-0.376885	-0.180108
560	1.675956	1.078504	2.566099	2.644569	1.021297	2.850754	1.961698	0.000000	2.266681	0.865785	1.228404	2.423110	3.119242	2.296845	2.351741	2.230838	1.417361	0.267107	1.361228	1.292459
561	0.841141	0.614068	2.744897	2.204910	0.923542	2.203922	1.351719	0.084262	0.113476	0.160410	0.406815	1.838336	3.026428	1.142863	0.193972	1.250925	0.937652	0.000000	0.891615	1.030007
562	0.000000	0.327235	0.704702	0.371110	0.637044	0.967742	0.701433	0.561026	0.494584	0.281298	0.255789	0.705643	2.542031	0.368742	0.518093	0.554425	0.774695	0.636112	0.665655	0.730671
563	0.915170	0.904096	1.784508	1.225445	1.525170	0.000000	1.331288	1.673115	1.087265	0.906962	0.912846	1.410728	2.809572	1.014106	1.245580	1.335268	1.753028	1.902618	1.577457	1.752475
564	1.943577	1.732060	2.307305	2.103589	2.126124	0.000000	2.099005	2.711615	1.991695	2.403518	2.219258	2.235740	2.227047	2.099619	2.075821	2.227210	2.397513	2.598271	2.130136	2.261076
565	0.149543	0.478095	1.775127	1.670988	0.426376	0.965131	1.328743	0.518185	1.301348	0.869588	0.898215	1.656549	0.000000	1.557001	1.497968	0.897234	0.843889	0.227881	-0.234440	0.530567
566	-0.203484	-0.087394	-0.034524	-0.136036	0.184814	0.017448	0.053116	0.261402	-0.109276	0.138370	0.075848	0.065844	0.291963	-0.077737	0.026220	0.000000	0.180926	0.165669	0.201493	0.262906
567	-1.087180	-0.541328	-0.395723	-0.637139	0.000000	-0.258596	-0.192760	0.422759	-0.537301	-0.433088	-0.393767	-0.308173	0.673458	-0.593292	-0.323063	-0.579700	-0.071707	0.515219	0.046073	0.245669
568	2.119508	1.817595	2.532248	2.657183	2.061356	2.743096	2.759977	0.000000	2.960669	1.063618	1.554000	2.680361	2.832647	2.686525	2.974685	2.672588	2.206321	0.639935	2.245332	2.451956
569	2.296954	1.585940	3.216784	2.761758	1.503040	3.010556	2.359144	0.000000	1.357040	0.157071	1.008378	2.615970	3.084239	2.089092	1.280286	2.494569	1.890615	0.840523	1.649793	1.690850
570	0.081791	-0.206588	0.323300	-0.056919	0.266658	0.657185	0.261698	0.207266	0.088766	0.128274	0.180051	0.209092	2.287892	0.000000	-0.024658	0.344792	0.363150	0.363086	0.082367	0.157171
571	1.617944	0.999570	2.929340	2.347539	0.000000	2.745478	0.805282	1.639712	2.121152	1.347348	1.537810	2.318598	3.576666	2.099120	1.900034	2.140966	2.216243	1.603311	-0.513056	-0.333167
572	2.770236	2.200211	4.073042	3.863652	2.041545	3.823844	3.177908	1.604639	3.321479	0.000000	1.102056	3.709274	3.533215	3.033484	3.348789	3.569706	3.305856	2.358573	2.733863	2.655549
573	0.528031	0.372895	1.563681	0.735574	0.321827	1.308973	0.465394	0.091795	0.000000	-0.078676	0.129725	0.951559	2.550043	0.436836	-0.121755	0.824117	0.747869	0.429403	0.352861	0.223202
574	-0.015454	-0.209752	-0.308854	-0.424497	0.446453	0.382684	0.031804	0.221592	-0.015832	0.186256	0.000000	-0.167840	1.702095	-0.224033	-0.039092	-0.056742	0.211490	0.415924	0.210666	0.355581
575	0.267951	-0.318986	1.237424	0.490622	0.185821	1.146713	0.105472	0.076440	0.144506	0.110256	-0.066055	0.324483	1.830402	0.000000	0.139639	0.272424	0.125760	-0.093164	0.096174	0.117742
576	0.046565	0.221532	1.521699	1.135391	0.665864	0.000000	0.611333	0.926053	0.677695	0.557074	0.548324	0.791680	1.333878	0.724354	0.604919	0.293393	1.017667	1.082694	0.419090	0.550593
577	0.898356	0.471083	1.070047	0.959134	1.026521	0.968735	0.873561	0.880590	0.728929	1.011560	0.998016	0.951497	0.000000	0.839089	0.769293	0.985394	1.034936	0.931561	0.892807	1.031658
578	0.134720	-0.073331	0.011553	0.260915	0.165368	-0.124119	-0.041334	0.472805	0.309854	0.322552	0.327575	-0.157639	-0.190712	0.040107	0.379973	0.058667	0.209404	0.468458	0.099342	0.000000
579	-0.006797	-0.162337	0.106472	0.115552	0.245408	0.023866	0.057619	-0.024382	0.067963	0.112344	0.115057	-0.026933	-0.140664	-0.016795	0.000000	-0.024383	-0.006051	-0.012435	0.122762	0.214957
580	0.000000	-0.308273	-0.057180	-0.061487	0.017706	0.051867	-0.020089	-0.102605	0.190059	-0.041544	0.021109	-0.084111	0.056202	-0.020821	0.230980	-0.011626	-0.090092	-0.092261	-0.034598	0.058616
581	0.153604	-0.284346	0.071636	0.134103	0.037466	0.159695	0.027434	-0.051846	0.098065	0.046113	0.000000	0.025040	-0.063302	0.043030	0.061311	0.107674	0.095487	0.020173	0.012092	0.067570
582	0.270909	-0.217478	0.302438	0.281176	-0.131022	0.257884	0.162651	0.004043	0.349225	-0.017716	-0.047448	0.261447	0.026312	0.146842	0.344059	0.221620	0.138581	0.000000	-0.098697	-0.009835
