	A	C	D	E	F	G	H	I	K	L	M	N	P	Q	R	S	T	V	W	Y
1	0.403570	-0.034327	0.398695	0.484216	-0.028561	0.543892	0.401208	-0.047739	0.674733	-0.049020	0.000000	0.426245	0.591170	0.551941	0.654349	0.460167	0.418187	0.141719	-0.136521	0.056450
2	-0.157287	-0.473404	0.163388	0.104921	-0.318664	-0.030420	-0.018127	-0.317651	0.264708	-0.373681	-0.304291	0.072221	0.273070	0.030287	0.273092	0.035934	0.000000	-0.243953	-0.463787	-0.264056
3	0.000000	-0.370998	0.235339	0.243668	-0.328337	0.225533	0.065046	-0.179791	0.408634	-0.255771	-0.160055	0.153839	0.220588	0.138289	0.397939	0.137852	0.053930	-0.119379	-0.465725	-0.207092
4	-0.322377	-0.692461	0.001641	0.028278	-0.704222	-0.207797	-0.199274	-0.533059	0.113251	-0.598824	-0.497970	-0.117623	0.104857	-0.115284	0.000000	-0.198076	-0.258734	-0.472929	-0.772306	-0.607762
5	-0.177697	-0.721555	0.175501	0.100869	-0.583753	0.000000	-0.134732	-0.528289	0.251993	-0.545603	-0.474520	0.016188	0.530483	-0.024471	0.179122	-0.038990	-0.121395	-0.432881	-0.735990	-0.459700
6	0.367668	-0.125074	0.663313	0.574133	0.044183	0.549171	0.520237	0.094147	0.776357	0.000000	0.163207	0.610907	0.824723	0.530681	0.723602	0.452355	0.320319	0.098183	-0.049874	0.135300
7	0.000000	-0.499667	0.460080	0.284432	-0.400354	0.251521	0.112996	-0.331245	0.375607	-0.362450	-0.284422	0.322798	0.797428	0.148891	0.328991	0.216231	0.067442	-0.243559	-0.517554	-0.297718
8	0.369717	-0.152438	0.695466	0.576766	0.022064	0.611408	0.509240	0.065272	0.765190	0.000000	0.151689	0.650361	0.949210	0.521420	0.696855	0.453977	0.324801	0.061765	-0.053963	0.105844
9	-0.282457	-0.821040	0.365660	0.119468	-0.807836	0.000000	-0.166970	-0.678771	0.178996	-0.691004	-0.660267	0.101029	0.647935	-0.093301	0.063750	-0.102487	-0.197398	-0.580122	-0.962660	-0.647113
10	0.516127	-0.084339	1.146486	0.934887	-0.046670	0.902186	0.736378	0.122717	1.041028	0.000000	0.155000	1.002863	1.391252	0.803827	0.924334	0.720615	0.545282	0.118107	-0.107831	0.075292
11	0.539232	-0.047284	1.222412	0.988976	-0.027655	0.889196	0.777452	0.158145	1.057540	0.000000	0.160461	1.046001	1.526261	0.817105	0.951085	0.764627	0.609429	0.148914	-0.044738	0.119353
12	0.483478	-0.053609	1.164939	0.904407	-0.045056	0.861401	0.711584	0.136240	0.968734	0.000000	0.145084	0.985263	1.497387	0.743814	0.862920	0.700245	0.554380	0.120394	-0.067463	0.083690
13	0.468225	-0.040297	1.106918	0.847277	0.065296	0.849338	0.736579	0.164374	0.962361	0.000000	0.157535	0.947372	1.411716	0.702981	0.885765	0.671366	0.579227	0.179998	-0.015222	0.177691
14	0.418633	-0.020364	1.147771	0.871359	0.049214	0.786457	0.716942	0.126941	0.926495	0.000000	0.138473	0.976120	1.356245	0.695345	0.831441	0.640193	0.532527	0.130826	-0.030503	0.159944
15	0.451082	-0.019890	1.015591	0.776276	0.126205	0.815623	0.689675	0.149880	0.882515	0.000000	0.192676	0.880252	1.453783	0.649676	0.784766	0.606522	0.476879	0.176990	0.067916	0.232373
16	0.352460	0.000000	0.984724	0.798970	-0.079179	0.657249	0.658579	0.198529	0.962614	0.163846	0.145145	0.920121	1.399743	0.700658	0.899933	0.584230	0.562115	0.154794	-0.157975	0.125423
17	-0.416568	-0.715026	0.092082	-0.077392	-0.743458	-0.027575	-0.176862	-0.611935	0.029388	-0.631963	-0.555367	-0.019534	0.000000	-0.178072	-0.043165	-0.266071	-0.345131	-0.567942	-0.765838	-0.550259
18	0.000000	-0.305285	0.259820	0.212108	-0.242112	0.237131	0.053156	-0.228908	0.239067	-0.218160	-0.060961	0.131369	0.254398	0.108155	0.221064	0.052557	-0.073033	-0.171365	-0.323609	-0.132396
19	-0.148039	-0.403090	0.164856	0.144346	-0.480652	0.048120	-0.038260	-0.390676	0.155826	-0.329474	-0.217025	0.044023	0.169290	0.000000	0.109323	-0.113117	-0.155805	-0.341379	-0.423580	-0.340326
20	0.156476	0.061896	0.389406	0.462873	0.295116	0.231651	0.416831	0.211550	0.609830	0.288608	0.274416	0.401441	0.642695	0.423779	0.609633	0.214514	0.208822	0.000000	0.318956	0.381038
21	0.332333	0.063301	0.454244	0.439583	0.000000	0.584415	0.258946	0.127063	0.250780	0.127187	0.228227	0.327295	0.629189	0.348966	0.199316	0.299496	0.275476	0.166167	0.152425	0.175663
22	-0.064328	0.092761	0.198535	0.094676	0.333041	0.011324	0.142577	0.138769	0.101921	0.170545	0.204406	0.185642	0.170871	0.105004	0.203495	0.000000	0.118358	0.021915	0.405680	0.374290
23	-0.098751	0.029316	-0.033955	-0.107209	-0.021964	0.430977	-0.011122	0.169549	0.166258	-0.014298	0.105426	-0.051940	0.200039	0.000000	0.165044	-0.049449	0.167651	0.252225	-0.035721	-0.088613
24	0.300311	0.118300	1.092793	0.242188	0.254093	0.634520	-0.010429	0.495954	-0.134238	0.217124	0.036682	0.238403	2.235019	-0.153026	-0.309525	0.000000	0.162368	0.436116	0.323484	0.161589
25	0.589702	0.000000	0.883526	0.847113	0.933312	1.118034	1.296798	0.752416	1.289369	0.973186	0.920078	0.933732	0.881439	1.147297	1.322814	0.689663	0.732579	0.729025	0.823006	1.033843
26	1.150130	0.537145	2.694640	1.910139	1.268775	1.964840	1.499371	0.441819	0.652789	0.737566	0.666215	1.689216	2.580766	1.092937	0.721449	1.437554	1.195090	0.000000	1.522787	1.345039
27	1.376005	1.029727	2.794329	2.399551	0.638654	1.811726	0.730888	1.385334	1.400145	1.375144	1.130311	2.017884	3.221372	1.334924	1.593229	1.286943	1.216175	1.257652	0.000000	0.679467
28	2.574098	1.922910	2.895454	2.568661	0.465271	2.692774	1.842527	2.353693	2.420354	1.853733	1.773227	2.354089	3.160064	2.170495	2.060931	2.508968	2.712404	2.615665	0.003195	0.000000
29	0.794746	0.686568	0.505150	0.687935	1.491529	0.000000	1.008815	1.710328	0.957514	1.500927	1.075948	0.765190	2.563387	0.839185	1.064012	0.556821	1.044025	1.733356	1.394708	1.445595
30	0.623905	0.231010	1.019630	0.000000	-0.107244	1.005466	0.269125	-0.330761	0.622675	-0.651333	-0.183922	0.753248	1.149134	-0.078513	0.764565	0.430372	0.079526	-0.179602	0.115003	0.041921
31	-0.141184	0.000000	0.981462	1.023542	0.664814	-0.727435	1.097570	0.571918	1.283094	0.392792	0.561702	0.879586	1.109222	1.057023	1.469205	0.331431	0.301908	0.306826	0.867288	0.856603
32	-0.177983	0.223749	0.335514	0.356958	0.863524	0.000000	0.738264	1.108434	0.505820	0.842302	0.374173	0.551949	1.447747	0.331825	0.603595	-0.059736	0.683390	1.299746	0.894381	0.993377
33	0.243269	-0.103939	0.477814	0.510657	-0.422971	0.654021	0.064610	0.000000	0.079912	-0.110735	-0.071962	0.275280	0.101611	0.222184	0.084869	0.225586	0.159926	0.119001	-0.124081	-0.413439
34	0.000000	0.668248	0.906490	0.910307	0.947281	0.259999	1.019849	1.115546	1.120929	0.949137	0.946844	0.854229	1.252790	1.005086	1.120696	0.386915	0.850610	0.923888	1.146772	0.928612
35	-0.117682	-0.223317	-0.164119	-0.125145	0.025713	0.053437	0.068168	0.067396	0.029276	0.109374	0.006799	0.046190	0.250132	-0.096278	0.081540	-0.005727	0.072956	-0.004411	0.096991	0.000000
36	0.603613	0.168978	0.550279	0.655034	0.517625	0.000000	0.459947	1.037313	0.629873	0.727523	0.582801	0.377507	1.117075	0.556572	0.633744	0.645084	0.904564	1.042090	0.528198	0.603725
37	0.156473	-0.189761	0.000000	0.200244	0.098452	-0.170440	0.058553	0.372145	0.101843	0.227896	0.104378	-0.055883	0.572171	0.077849	0.171504	-0.026425	0.134707	0.336379	0.159384	0.156960
38	0.125017	0.024123	0.492322	0.468274	0.254321	0.227682	0.262094	0.402674	0.000000	0.055112	-0.017522	0.258558	1.163228	0.043325	0.111471	0.024040	0.267239	0.446037	0.364369	0.219969
39	0.801940	0.398691	2.092062	1.547024	0.027571	1.398640	0.402642	0.340523	0.416218	0.517772	0.551034	1.009343	1.411318	0.924777	0.000000	0.636748	0.463856	0.368868	0.185427	-0.135280
40	1.846810	1.230102	2.409807	2.309690	0.231124	2.313303	1.146984	1.639268	1.763531	0.546822	1.002673	1.748951	2.535827	1.729892	1.434832	2.028232	1.821302	1.842015	0.539177	0.000000
41	-0.013062	-0.368002	0.844872	0.646940	-0.826876	0.434817	-0.521881	-0.524916	-0.792198	-0.882109	-0.631809	0.000000	-0.780272	-0.081962	-0.990584	0.093043	0.152731	-0.239920	-0.988292	-0.869194
42	0.414127	0.000000	1.823902	0.293219	0.701530	1.301204	1.247035	0.237211	1.005797	0.669993	0.276662	1.528880	2.171101	0.402651	1.115351	0.845676	0.836103	0.012359	0.859071	0.973967
43	-0.696652	-0.707797	1.024267	0.000000	-1.149894	0.119966	-0.409748	-0.866077	-0.656914	-1.518866	-1.162165	0.168747	1.011963	-0.533031	-0.561732	-0.384854	-0.191618	-0.970271	-0.913781	-1.201561
44	2.227188	1.386879	1.780491	2.038933	0.513842	2.460796	1.547244	2.222394	2.481128	2.041649	1.911842	1.695406	3.201328	2.141846	2.252163	1.850125	2.561744	2.448064	-0.027439	0.000000
45	0.487584	0.349198	0.905064	0.720978	-0.198938	0.716074	-0.442774	0.751825	0.008171	0.522790	0.371926	-0.038330	1.515211	0.155901	-0.262562	0.000000	0.156015	0.718269	-0.116724	-0.300942
46	1.642774	1.445569	1.954919	1.625760	1.625131	0.000000	1.725703	2.328305	1.773723	1.619379	1.579845	1.783929	3.002705	1.668000	1.880643	1.903513	2.326416	2.437268	1.743368	1.763049
47	0.212410	0.590091	0.725667	0.266207	0.570132	0.715809	0.540488	0.693504	0.349142	0.494655	0.558115	0.679279	0.000000	0.411303	0.496430	0.476139	0.680136	0.596433	0.756543	0.603342
48	0.588159	1.304995	1.847504	1.617172	1.769948	1.412916	1.740883	1.574499	1.774796	1.551435	1.461945	1.568111	0.000000	1.473492	1.790896	1.051253	1.418326	1.300078	1.989443	1.885631
49	0.778150	0.536757	1.610211	1.077599	0.107380	1.120685	0.384582	0.480750	0.000000	0.145120	0.093373	0.958171	1.744662	0.319692	0.070348	1.001013	1.065208	0.723515	0.553797	0.311468
50	0.155901	0.346717	0.531708	0.084593	0.471128	0.728835	0.361493	0.360493	0.286473	0.212692	0.307063	0.472172	0.000000	0.151754	0.458561	0.327156	0.407957	0.296647	0.635807	0.569990
51	2.194361	1.578635	2.847826	2.803432	1.431905	2.641698	2.567227	0.816910	2.706274	0.000000	0.897803	2.634581	2.795206	2.512731	2.800035	2.460294	2.259748	1.206053	1.882438	1.989375
52	0.287572	0.605023	0.158214	0.341483	1.070387	0.342304	0.455892	0.907121	0.522279	0.678572	0.723790	0.309060	0.000000	0.458195	0.682289	-0.078644	0.283190	0.798311	1.164008	1.143512
53	-0.053744	0.359983	0.239671	0.045374	0.301479	0.400441	0.162730	0.314717	0.000000	0.105087	0.200444	0.290546	0.190255	0.088124	0.173737	0.172636	0.312285	0.218974	0.432928	0.354792
54	0.219165	0.372276	0.000000	-0.074779	0.429654	0.451462	0.293635	0.667523	0.700505	0.631391	0.560919	0.348130	1.166387	0.399776	0.806701	0.230729	0.508853	0.683948	0.204612	0.344053
55	0.061409	0.738045	1.608452	1.718295	0.502261	0.000000	1.217596	1.250129	1.754632	1.079416	0.765350	1.374274	2.743546	1.438102	1.963686	0.637097	1.108338	1.121600	0.555750	0.519047
56	0.924889	0.684597	1.220712	0.973983	0.239770	1.575927	0.720903	0.484394	0.932306	0.269048	0.353617	1.065921	2.308756	0.793021	0.743284	1.111469	1.080575	0.828882	0.163501	0.000000
57	-0.232869	0.231995	0.000000	-0.051895	0.136507	0.050894	0.126265	0.308591	-0.040098	0.141475	0.136419	0.138882	0.410357	-0.117914	0.117667	-0.050698	0.218766	0.246720	0.193229	0.289367
58	1.530331	1.408890	1.663055	1.646517	1.303158	2.238441	1.849762	0.806174	2.075509	0.000000	0.848045	2.034144	2.521763	1.729019	2.204771	1.852400	1.673484	1.317595	1.385992	1.304127
59	0.947786	0.730047	2.605715	2.221183	0.448927	2.272175	1.774297	0.000564	1.997699	-0.782021	0.091456	2.146791	2.932702	1.824506	1.898333	1.841014	1.421913	0.000000	0.695907	0.663769
60	0.041315	0.016999	0.720132	0.369910	0.071352	0.657808	0.163651	0.113155	-0.098799	-0.001816	-0.030982	0.160398	2.346643	0.000000	-0.197137	0.114332	0.290790	0.274908	0.011319	0.061723
61	0.800969	0.620886	0.626821	0.000000	0.558443	1.405904	0.969719	0.712957	1.276401	0.579830	0.534198	1.043188	2.515220	0.540512	1.216324	0.786736	0.860660	0.972255	0.240169	0.663088
62	1.481161	0.968336	2.654755	2.141745	0.570328	2.332970	1.493664	0.370676	2.125950	0.000000	0.593465	1.929178	2.892262	1.748136	2.146384	1.792868	1.599798	0.755257	0.705150	0.562827
63	0.657329	0.000000	1.286969	1.180216	0.402081	1.364249	1.284985	1.002521	1.708685	0.854219	0.831819	1.324604	1.306343	1.477690	1.628667	1.093495	1.223171	0.987501	0.684852	0.599686
64	0.909103	1.008981	1.468980	1.267431	1.131644	1.095768	0.946179	1.341363	0.811008	1.297020	1.174952	1.091402	0.000000	0.995350	0.858599	0.849076	1.197834	1.341086	1.148445	1.160416
65	-0.088696	-0.061499	0.191327	-0.204777	0.082691	0.000000	-0.250826	0.351327	-0.198346	0.232523	0.147673	-0.077983	0.635335	-0.316885	-0.058233	-0.001156	0.292764	0.463347	0.051503	0.209657
66	1.743016	0.994525	2.205437	1.965864	0.000000	2.255762	1.297128	1.025259	1.789003	0.389662	0.787838	1.812071	2.340567	1.720387	1.694875	2.123997	2.196198	1.521688	0.573158	0.136945
67	0.039059	-0.164448	0.386129	0.349590	0.000000	0.147408	0.308864	0.267139	0.217907	0.102296	0.132661	0.210825	0.901176	0.238059	0.223588	0.049289	0.277201	0.329290	0.045673	0.176016
68	0.073229	-0.113385	0.060478	0.083721	0.000000	0.073968	0.042367	0.243094	0.015498	0.178774	0.234793	-0.063134	0.498443	0.008129	0.091933	-0.060210	0.093638	0.171918	0.236731	0.266682
69	0.320640	-0.029681	0.361922	0.301884	0.354592	0.000000	0.223226	0.589985	0.405444	0.491158	0.516374	0.183097	0.553758	0.318815	0.441833	0.324919	0.542459	0.578804	0.344223	0.414944
70	0.321041	0.145613	0.122334	0.163088	0.358227	0.384613	0.196766	0.398047	0.318158	0.468926	0.491790	0.000000	0.117021	0.251828	0.358243	0.177448	0.286382	0.343104	0.303502	0.401063
71	0.340870	0.194615	1.363551	1.120795	-0.012677	0.681143	0.125789	0.042292	0.273176	0.060722	0.138567	0.547203	0.566390	0.509885	0.315844	0.579106	0.563493	0.000000	0.076783	-0.146701
72	0.185859	-0.066798	0.625304	0.207351	-0.031438	0.546847	0.017671	0.204477	0.103221	0.074768	0.046647	0.137709	0.860231	0.078526	0.057863	0.000000	0.080962	0.158760	0.019355	-0.077402
73	1.028184	0.802030	2.957488	2.744228	0.896197	1.777261	1.764925	1.000632	2.109749	0.000000	0.605210	1.846105	2.052900	1.960303	2.060544	1.295337	1.234362	1.108509	1.317894	1.244976
74	0.475211	0.000000	1.042384	1.055948	0.759891	0.944547	1.222624	1.068956	1.296049	1.053909	0.884711	0.915843	1.121479	1.138321	1.393155	0.545716	0.714977	0.915916	0.877458	0.995820
75	0.108391	0.000000	2.207132	2.075291	1.394342	0.639877	2.129421	1.414488	2.007593	1.785593	1.269306	1.854219	2.194742	1.867260	2.125467	0.478340	0.674043	0.579431	1.872866	1.866749
76	1.786817	1.151276	0.000000	1.208447	1.962618	1.494010	1.619568	2.242527	1.906867	1.656360	1.759180	0.624594	2.790467	1.715410	1.866812	1.046116	1.160065	2.314970	1.909476	1.990976
77	0.805276	0.697655	1.306554	0.948961	0.276830	1.421963	0.820047	-0.059128	0.883520	-0.328759	0.251507	0.998274	1.521680	0.942005	0.919243	0.967990	0.769390	0.000000	0.446417	0.343185
78	-0.027874	0.357156	0.270926	0.192630	0.219963	0.335788	0.104857	0.326979	0.031474	0.077949	0.173587	0.091790	1.416473	0.102746	0.000000	0.071410	0.266757	0.254580	0.228664	0.214113
79	0.254216	0.809240	0.930310	0.848637	1.234543	0.500382	0.996829	0.571458	1.025976	0.538294	0.374837	0.913950	1.954170	0.000000	1.171055	0.146079	0.208653	0.404525	1.277710	1.520935
80	2.143938	1.626427	2.559959	2.482872	1.336047	2.392143	2.371120	1.490791	2.579218	0.000000	1.172827	2.554485	3.107670	2.379082	2.620395	2.508677	2.517769	1.886285	1.613297	1.731059
81	0.452824	0.321785	1.137075	0.464649	0.167315	1.074130	0.282273	0.144845	0.111236	-0.109260	-0.030234	0.449028	3.109447	0.000000	-0.043243	0.559780	0.511613	0.281042	0.194511	0.192594
82	-0.153064	0.146126	0.437186	0.221600	-0.082992	0.516094	-0.090289	-0.358046	-0.050729	-0.419373	-0.295268	-0.015608	2.142458	-0.147737	-0.232563	-0.099172	0.000000	0.026632	-0.113505	-0.142483
83	1.885596	1.079396	2.337009	2.223666	0.588887	2.524407	2.075010	1.188166	2.402937	0.000000	0.718832	2.373373	3.088270	2.076387	2.488614	2.253258	2.076585	1.544788	1.160554	1.411512
84	0.642934	0.826484	1.746473	1.448326	0.640394	1.274961	0.627131	0.567373	0.000000	0.361608	0.353892	1.035777	3.119678	0.582361	-0.228143	0.863879	1.073887	0.894938	0.501861	0.568694
85	0.018474	0.020253	0.000000	0.059735	0.134479	0.718798	0.154864	0.156118	0.129415	-0.028194	-0.027944	0.062467	2.726525	0.053308	0.115553	0.142011	0.268939	0.244084	0.164573	0.177280
86	-0.055344	-0.237418	0.233362	0.174959	-0.740584	0.550035	-0.067484	-0.186676	0.403291	-0.443807	-0.471963	0.000000	1.944318	-0.041795	0.408802	-0.150718	0.100431	0.175331	-1.015628	-0.589224
87	1.216799	0.851744	2.680780	2.324555	0.607408	2.185437	1.987388	0.257738	2.358755	0.000000	0.321067	2.328580	3.081644	1.870471	2.433261	1.532451	1.416039	0.698414	0.596992	1.086168
88	0.526733	0.681686	1.061582	0.508485	0.598192	0.974512	0.664072	0.634842	0.648106	0.322718	0.298858	0.841374	2.149662	0.000000	0.702840	0.737246	0.942659	0.814814	0.450931	0.695961
89	0.421500	0.110581	0.671292	0.518682	-0.446459	0.548116	0.079017	0.233761	0.470458	0.000000	0.207908	0.483485	0.738216	0.400069	0.285741	0.510267	0.307066	0.269468	-0.332144	-0.431842
90	-0.501102	-0.351341	0.712264	0.480944	-0.865874	0.523657	-0.119840	-0.581503	0.420237	-0.688264	-0.673170	0.359734	0.000000	0.161969	0.405101	0.016819	-0.003758	-0.414462	-1.191094	-0.938816
91	0.574262	0.464647	1.185462	0.645849	-0.138286	0.993956	0.563529	0.808985	1.077459	0.000000	0.339880	0.947490	2.386099	0.715589	0.977862	0.862020	1.361252	1.040951	-0.125507	-0.123783
92	0.435959	0.433825	0.552499	-0.000999	0.203900	0.904489	0.420000	0.349154	0.792749	0.233873	0.005084	0.742217	2.148987	0.000000	0.588345	0.488360	0.507145	0.676192	0.239604	0.150124
93	1.048130	0.521288	1.771677	0.598265	0.000000	1.699333	0.722865	0.412720	1.284004	0.117441	0.406710	1.274384	1.986872	0.776209	1.135640	1.197185	1.087332	0.570491	0.131001	0.058514
94	1.505196	0.981732	2.467126	2.332253	0.680468	2.164193	1.988396	0.529741	2.366592	0.000000	0.750973	2.222137	2.356304	2.079876	2.335429	1.900967	1.306329	0.467664	1.332177	1.175855
95	0.337174	0.374484	0.850207	0.358615	0.749225	0.423924	0.474480	0.693526	0.648347	0.685809	0.428261	0.605682	1.788582	0.265274	0.706424	0.000000	0.749004	0.788429	0.508559	0.651899
96	1.601519	2.395375	2.967080	2.489272	2.072317	1.735544	1.381551	2.605598	0.908721	2.445496	2.011289	1.806554	2.120523	1.659987	0.000000	1.482398	1.983078	2.573212	1.972145	1.813162
97	0.245084	0.000000	1.786240	1.674417	1.807236	0.552899	1.842434	1.461255	1.710133	1.704233	1.401016	0.624103	1.890415	1.569974	1.862942	0.143374	1.242110	0.462443	1.998486	2.190017
98	0.757280	0.716995	1.348843	0.883001	0.976587	1.420187	0.910655	1.073150	1.049207	0.877873	0.903930	1.067055	0.000000	0.848304	1.047262	0.878211	1.124975	1.174620	0.777022	0.893915
99	-0.021217	1.443672	2.361977	1.800763	1.940385	0.909516	1.587665	2.120334	1.610421	1.798882	1.400116	1.129032	1.258148	1.163305	1.726062	0.000000	1.142279	1.944734	1.937897	2.116374
100	-0.706814	0.000000	1.313175	1.285275	0.998546	0.133879	1.498453	1.297817	1.435886	1.140694	0.946038	1.134304	1.005795	1.369055	1.632778	0.407353	1.102218	0.937731	1.354181	1.415820
101	1.410635	0.735998	2.399624	1.837379	0.000000	2.238894	1.621682	0.910703	1.881270	0.313261	0.428107	2.086284	2.886865	1.613369	1.791264	1.824846	1.802322	1.291524	-0.079315	0.382208
102	0.615705	0.865238	1.336951	1.191017	0.331099	1.467405	0.324753	0.993885	0.400012	0.832883	0.686162	0.724373	2.919252	0.558673	0.261282	0.591466	0.829260	1.062932	0.255266	0.000000
103	1.403473	0.865070	1.590685	1.961450	1.235871	1.825798	1.310472	1.443177	1.917611	1.424251	1.446476	0.000000	2.065177	1.610060	1.698947	1.185928	1.748293	1.575747	1.213041	1.483537
104	1.290365	0.962403	2.789490	2.296402	-0.269142	2.229570	1.528648	-0.099463	2.413903	0.000000	0.194885	2.239522	3.080307	1.809555	2.195493	1.695455	0.866929	0.062453	0.099225	0.294199
105	0.755824	0.721658	2.000556	1.295210	0.743148	1.801978	1.114981	0.186735	0.498711	0.000000	0.042195	1.228211	3.175343	0.501205	0.271154	0.917709	0.782544	0.387909	0.677835	0.800899
106	0.021990	0.230036	0.390250	0.312760	-0.022026	0.381897	0.078575	-0.449507	-0.162505	-0.810462	-0.563741	0.000000	1.991902	-0.426145	-0.125223	0.081378	0.003708	-0.051129	-0.001409	0.122021
107	1.794264	1.396586	2.966244	2.675553	0.412490	2.785872	2.145945	1.029049	2.818824	0.000000	0.708624	2.648497	3.166918	2.371367	2.739972	2.339510	2.139060	1.502535	1.023302	0.921696
108	1.850447	1.222793	2.751665	2.116556	0.000000	2.819864	1.811414	0.875430	2.714711	0.590619	0.806996	2.594591	3.009316	2.113567	2.704404	2.360535	2.194461	1.253066	0.108719	0.342590
109	-0.001059	0.000000	1.359880	1.098465	0.590638	0.585254	1.388776	0.632779	1.378656	0.454098	0.474073	1.056448	2.131519	1.086181	1.418330	0.482127	0.666313	0.495855	0.641688	1.026558
110	0.761952	0.650019	0.675191	0.000000	0.862810	1.478955	0.537194	0.954028	1.274084	0.721864	0.642422	0.669098	3.305224	0.472060	1.199707	0.831699	1.062973	0.974578	0.664837	0.711134
111	2.026412	1.325830	3.463503	3.147351	0.507145	3.059451	2.220532	0.352910	2.480817	0.000000	0.504552	2.977583	3.584332	2.526643	2.278809	2.621936	2.281675	1.106088	0.955401	0.949247
112	-0.164725	-0.332788	1.462158	0.494263	-1.106665	1.023570	-0.320578	-0.595701	0.499468	-0.600368	-0.615530	0.393138	2.034617	0.144162	0.336142	0.183081	0.000000	-0.589915	-1.213954	-1.326270
113	0.086627	0.000000	2.255818	2.255349	0.187681	0.970219	1.816500	0.653987	2.176541	0.559903	0.395642	2.095524	2.466444	1.989060	2.338026	1.169619	1.526101	0.525702	0.914873	0.807123
114	1.257404	1.587115	1.675909	2.240870	2.456702	1.684399	1.109343	2.315501	2.073545	1.971784	2.182865	0.975392	2.831722	2.116395	2.196823	0.000000	1.481413	2.377244	2.373383	2.193874
115	0.722726	0.848361	1.018116	0.976124	0.998487	1.148615	0.916467	1.208713	1.090352	1.120704	1.059999	0.815816	0.000000	1.047670	1.091560	0.856927	1.233814	1.193310	1.003381	0.877811
116	0.619112	0.406416	0.838210	0.835692	-0.328860	1.013895	-0.133244	0.748869	0.419318	0.498433	0.459166	0.069005	2.631930	0.503963	0.000000	0.415088	0.423841	0.768679	-0.404339	-0.599685
117	1.198578	1.878437	2.420840	2.053836	1.898445	1.564506	1.400308	1.967707	1.398592	1.686894	1.083649	1.690686	1.688445	0.000000	1.647960	1.439269	1.862353	2.001149	2.057228	2.293092
118	0.364259	0.821355	1.282644	1.290944	1.366455	0.714280	0.946848	1.106726	0.774217	1.120440	0.918217	0.530991	2.210997	0.832286	0.842787	0.000000	0.844936	1.176211	1.243803	1.366270
119	0.293906	0.492868	0.657674	0.326888	0.408681	0.766921	0.361727	0.557253	0.207599	0.134266	0.198515	0.457269	2.181236	0.000000	-0.066063	0.381858	0.557137	0.702372	0.496139	0.428453
120	1.320807	1.343867	2.366976	2.337735	0.000000	1.703002	1.028151	1.977072	2.171684	2.267335	1.868209	1.670430	1.793712	1.977363	2.148068	1.004336	1.435467	1.796995	0.739948	0.527456
121	0.536384	0.512849	2.307773	2.104866	1.108356	1.743368	1.964859	-0.631731	1.811565	0.000000	0.592629	2.165717	2.343581	1.717993	1.964007	1.416697	1.150845	-0.593531	1.497922	1.554188
122	-0.171329	-0.385688	0.536697	0.004109	-0.166950	0.644655	-0.335327	-0.747241	-0.973309	-0.445514	-0.544946	0.000000	2.100792	-0.498719	-0.870879	-0.238278	-0.482560	-0.932186	-0.025948	-0.083352
123	1.754789	1.537302	2.594213	2.413244	1.629425	2.509331	2.223503	0.021375	1.903972	0.766150	1.250528	2.332490	1.776739	2.101228	1.881733	2.044780	1.216229	0.000000	1.648146	1.830640
124	0.760415	0.277900	1.644689	1.226681	0.406859	1.608830	0.663391	-0.390851	0.262794	-0.437853	-0.035646	0.813853	2.392448	0.578645	0.293572	0.741136	0.000000	-0.298436	0.545355	0.555098
125	0.000000	0.182794	0.612195	0.385082	0.450836	0.563974	0.181442	0.298641	-0.213035	0.272984	0.236153	0.247907	2.291969	0.117805	-0.036739	-0.054786	0.313034	0.158899	0.642069	0.533718
126	1.387634	0.876594	2.386135	1.932168	0.834834	1.879261	1.134976	0.797242	0.701286	0.884300	0.911308	1.436244	2.407060	1.200438	0.455385	0.789478	0.000000	0.500181	0.924476	0.787398
127	0.810439	0.447329	0.830400	0.000000	0.280436	1.311548	0.887517	0.499281	1.298785	0.902980	0.674020	1.320563	2.614288	0.689603	1.364746	0.755460	0.668131	0.420449	0.589185	0.534968
128	0.276097	0.264911	0.000000	0.241201	0.309833	0.911709	0.461364	0.362235	0.543754	0.199954	0.360252	0.259194	0.257507	0.417617	0.750742	0.165035	0.226891	0.223105	0.460257	0.431924
129	2.149145	1.428195	2.280735	1.934179	0.425431	2.511227	1.460356	1.333194	2.672605	1.590198	1.446473	2.208415	3.644263	2.081659	2.362672	1.918644	1.571499	1.365915	-0.026757	0.000000
130	1.289737	0.516816	1.469873	1.137824	0.265715	1.799654	0.792253	-0.008937	0.675569	0.152678	0.394423	0.979794	1.388527	0.852738	0.661525	1.031995	0.542686	0.000000	0.504795	0.402347
131	2.424709	1.213121	0.000000	1.476841	1.743419	2.595727	1.745662	1.740847	2.694813	1.749496	1.907119	1.170985	3.508825	2.334521	2.673163	1.968061	2.052032	1.754251	1.725281	1.729243
132	0.274988	0.222216	0.738548	0.303452	0.398005	0.618261	0.528178	0.236766	0.420187	0.180535	0.270243	0.711719	0.000000	0.455695	0.552726	0.403351	0.421489	0.153769	0.495311	0.468894
133	0.498858	0.238291	0.404228	0.351598	0.185737	0.838488	0.353007	0.215026	0.436137	0.271934	0.322579	0.318792	1.978224	0.391973	0.494421	0.439752	0.340496	0.000000	0.274009	0.219989
134	1.969909	1.372435	1.560721	1.929761	1.566991	1.719756	1.623730	1.876445	2.182359	1.510500	1.728680	1.188707	2.783765	1.970598	2.066996	0.767497	0.000000	1.920579	1.601239	1.563050
135	0.907951	0.184061	0.833394	1.074654	0.491953	-0.166497	0.243273	1.694863	0.413298	0.597206	0.351624	0.000000	2.842547	0.448884	0.571434	0.614863	1.255276	1.771143	0.767199	0.606201
136	0.305192	0.117687	0.486991	-0.224021	0.302751	0.845107	0.347650	0.001971	0.444986	0.050944	-0.001265	0.567021	2.489402	0.000000	0.460361	0.466593	0.229991	-0.056248	0.528254	0.352469
137	0.496910	0.035920	1.370059	0.774528	-0.364395	1.199406	0.267226	-0.454050	0.107139	-0.463186	-0.109555	0.570959	0.423139	0.473309	0.207094	0.345461	0.000000	-0.454799	-0.100797	-0.178301
138	0.462276	-0.381256	1.560493	0.590171	-0.678816	0.978450	0.076383	-0.160655	0.000000	-0.723635	-0.695456	0.756171	2.087673	0.160287	0.001993	0.754404	0.588427	-0.347862	-0.442870	-0.836586
139	0.950599	0.469402	1.923906	1.580699	-0.124559	1.465560	0.301257	0.190878	0.073213	0.133876	0.231448	0.765210	1.797272	0.636247	-0.105565	0.463321	0.000000	0.264060	0.068902	-0.106491
140	0.226995	-0.221058	1.287879	0.989036	-0.025676	1.072315	0.554510	0.180956	0.583927	0.001279	-0.111899	0.000000	1.980666	0.368597	0.264444	0.419234	0.877691	0.015451	0.099934	0.056094
141	1.672853	1.237243	2.221680	2.168430	1.134723	2.114195	1.875268	-0.483761	1.867221	0.486894	0.746891	2.038767	2.003907	1.754320	1.948943	1.935378	1.487281	0.000000	1.155313	1.407348
142	1.238104	0.630508	2.377357	2.080766	0.619398	2.099042	0.896621	-0.079906	0.000000	-0.261980	0.222529	1.424754	2.425363	0.992749	0.201812	1.148101	0.093320	0.039329	0.808205	0.681636
143	-0.304601	0.036884	1.087815	0.000000	0.411287	0.325052	-0.078049	0.232487	-0.138083	0.209303	-0.035251	0.425147	2.162519	-0.336423	-0.103835	-0.264128	0.024768	0.121852	0.400889	0.436893
144	0.423466	0.617155	2.824930	2.411650	0.395590	1.706987	2.138145	0.099869	2.392103	0.000000	0.117594	2.593090	3.277774	1.926529	2.330338	1.556118	1.488214	0.148878	0.592732	0.623017
145	0.836112	0.091297	1.059868	0.812403	0.349464	1.591404	0.214881	0.032572	0.055685	0.104277	0.173624	0.321236	3.072759	0.000000	0.086005	0.499320	0.130283	0.042466	0.508341	0.383181
146	0.999122	0.710606	2.921749	2.873265	-0.423297	2.035335	2.058210	0.697484	2.494874	0.346943	0.248743	2.580105	2.799107	2.243850	2.455706	2.207272	2.169866	0.850293	-0.201525	0.000000
147	1.919955	1.742727	3.161666	2.828283	0.541063	2.956294	1.551956	1.395023	2.369108	1.284597	1.505873	2.263880	2.983325	2.146259	2.133517	2.216211	1.509130	1.221057	0.850446	0.000000
148	1.601960	0.949206	2.826757	2.612732	0.583746	2.367039	2.076977	-0.233966	2.391714	0.239308	0.592568	2.496211	2.431359	2.270525	2.375909	2.303571	1.653545	0.000000	1.111940	1.098399
149	0.009927	0.489554	1.573422	1.454373	1.322493	0.000000	0.592339	1.330266	0.012981	0.899552	0.752896	0.376819	1.432665	0.596410	0.074848	-0.792225	0.473486	1.373074	1.421369	1.290027
150	0.144841	0.232866	0.838257	0.387428	0.577170	0.751774	0.503238	0.194966	-0.182014	0.148738	0.162716	0.323402	2.047728	0.000000	-0.165446	0.099570	0.007461	0.245305	0.518472	0.496668
151	0.490510	0.663899	1.006830	0.891741	0.813505	0.420868	0.394375	1.166252	0.255650	0.957886	0.758483	0.539638	2.044667	0.420500	0.179595	0.000000	0.307688	1.076458	0.664073	0.747284
152	2.101881	1.394314	3.014864	2.701420	0.000000	3.052434	1.953746	1.843002	2.038571	1.573271	1.586444	2.504230	3.040684	2.322207	1.874387	2.279896	1.972663	1.806119	0.411825	0.011269
153	0.000000	0.828358	2.754552	2.335446	1.083798	1.702344	2.081282	0.732656	2.283641	0.445605	0.726513	2.367360	3.097736	1.931320	2.258690	1.411646	1.478545	0.646663	1.121681	1.177492
154	0.506777	0.383030	0.135709	0.076332	0.395916	0.955870	0.339998	0.327992	0.246318	0.285376	0.322203	0.000000	2.749892	0.191780	0.164126	0.462202	0.442451	0.485835	0.319717	0.396722
155	0.000000	0.646599	0.625488	0.661233	0.960542	0.450371	0.506612	0.928879	0.130621	0.513598	0.463663	0.243093	2.949890	0.332485	0.013508	0.239673	0.684257	1.125246	0.912267	1.000205
156	1.156262	1.149931	2.810751	2.394732	0.917247	2.565187	2.134048	0.054594	2.475904	-0.103039	0.000000	2.310301	3.256263	1.906404	2.279900	1.666551	0.711576	0.304824	0.855919	1.356723
157	2.667480	1.981575	3.132975	2.994371	-0.104472	3.092864	1.790709	2.008939	2.966368	1.738074	1.865196	2.896621	3.336702	2.808710	2.767911	2.892604	2.831002	2.391766	0.299189	0.000000
158	0.038536	0.142665	0.324324	0.158843	0.087649	0.726212	0.116770	0.340602	0.175513	-0.043426	-0.053265	0.000000	2.949621	0.130029	0.097375	0.218564	0.439134	0.592247	0.072068	0.107618
159	0.000000	1.162579	2.331434	1.987038	1.891950	1.607659	2.016649	1.335645	2.095019	1.484182	1.225225	1.600665	2.532504	1.732676	2.057199	0.211109	0.380999	1.012925	2.062350	2.008512
160	0.127500	0.000000	2.347795	2.176987	0.249164	0.480327	1.981780	0.268101	2.311782	0.317572	0.338214	2.208369	2.567026	1.920163	2.423344	1.361854	1.479162	0.361123	0.913948	1.050388
161	0.963788	1.112275	2.547651	1.782710	0.968201	1.608371	0.934534	0.886504	0.187628	1.001744	0.741272	1.541274	2.809556	0.873945	0.000000	1.115357	1.378183	0.859813	0.880072	0.914285
162	0.709505	0.129204	0.000000	0.227283	-0.191776	0.685617	0.107901	1.015647	0.865078	0.318723	0.266142	0.043292	2.423146	0.402495	0.895271	0.419066	0.514758	1.194398	-0.114457	-0.246895
163	1.329758	1.232149	2.345885	2.262626	1.558151	2.026931	2.028528	0.387342	1.967869	1.168916	1.248338	2.018233	2.574952	1.976967	2.002866	1.644135	0.983477	0.000000	1.733072	1.748216
164	0.164434	-0.916175	0.525636	0.000000	-1.346971	0.276908	-0.731798	-0.957687	-0.305874	-1.303246	-1.350351	-0.461467	0.985430	-0.501130	-0.642971	-0.280444	-0.571133	-0.822578	-1.474784	-1.372756
165	0.000000	-0.895347	-1.419607	-0.476088	-0.517149	0.639986	-0.240346	-0.745346	0.394284	-0.361962	-0.361952	-0.643570	1.429271	-0.027398	0.284201	-0.181033	-0.016557	-0.677405	-0.772126	-0.597780
166	0.194301	-0.319169	0.326591	0.574594	-0.326840	0.065863	-0.108436	-0.414082	0.100015	-0.187471	-0.042622	-0.693730	0.000000	0.165666	-0.235384	-0.039811	-0.135506	-0.332987	-0.278545	-0.220243
167	-0.335752	-0.090989	0.278519	0.056676	-0.446904	0.262201	-0.194899	-0.447398	0.111391	-0.581752	-0.519675	0.019547	0.565998	-0.102654	-0.261392	0.000000	-0.151634	-0.228124	-0.641970	-0.720464
168	0.566423	0.423747	0.274756	1.212162	0.671901	0.781475	0.922913	0.714875	1.469280	0.620498	0.466191	0.414408	1.691789	0.959261	1.414662	0.000000	0.101584	0.860691	0.697284	0.717139
169	0.422800	0.076564	0.926836	0.933994	0.269742	-0.235144	-0.126861	0.877904	-0.160529	0.214728	0.102846	0.000000	1.524141	0.132971	-0.282298	0.285535	0.741140	0.853305	0.427744	0.386602
170	-0.566638	-0.444534	0.000000	-0.348807	-0.468459	-0.501462	-0.583284	0.281610	-0.180024	0.027563	-0.719954	-0.526848	2.152823	-0.814341	-0.353394	-0.715778	-0.377117	0.042674	-0.456966	-0.481863
171	0.775425	0.969807	1.446723	1.350971	0.573824	1.184883	0.457884	0.716082	0.000000	0.285985	0.636922	0.623648	0.525371	0.746741	-0.109388	0.675107	0.878844	0.694978	0.661978	0.507546
172	0.000000	0.892226	2.379550	1.984722	1.527983	1.634529	2.136062	0.728065	2.254627	1.119837	1.254817	2.314467	2.211220	1.967017	2.316804	1.071046	1.090102	0.390308	1.395595	1.641783
173	1.242414	0.693149	1.875004	1.861582	0.181330	1.822393	1.427491	-0.449649	1.758529	0.000000	0.327669	1.729349	1.819200	1.622228	1.772408	1.444279	0.890414	-0.078824	0.406083	0.578786
174	-0.273148	0.224335	0.182975	0.225641	0.333705	0.000000	0.191002	0.342012	-0.091550	0.341744	0.145257	-0.018943	1.853325	0.007556	-0.066631	-0.314401	0.064997	0.451688	0.218104	0.244812
175	0.764300	0.559247	1.528724	1.163476	-0.240093	1.519120	0.549399	0.107119	0.944017	0.000000	0.155036	1.129422	2.176462	0.836642	0.625280	0.989900	0.877702	0.396324	-0.244958	-0.214756
176	1.090012	0.617038	1.775753	1.525712	-0.051046	1.518771	1.093772	0.453802	1.726737	0.000000	0.339490	1.453203	2.177999	1.291491	1.635639	1.080488	0.926472	0.807665	0.291536	0.441324
177	-0.020323	0.000000	1.614028	1.497492	1.152205	0.548209	1.739544	1.170087	1.801168	1.245401	0.902719	1.370540	1.761110	1.565600	1.851998	-0.139952	0.353803	0.708011	1.276741	1.423183
178	1.349923	1.015931	1.755615	2.061119	0.670974	0.000000	1.195837	2.314046	1.756614	1.470779	1.285154	1.107906	2.803041	1.566968	1.780338	1.477248	2.272943	2.660644	0.702070	0.851928
179	0.441286	0.182323	0.752322	0.208807	0.292873	0.860224	0.289975	0.193432	0.000000	0.031727	-0.013892	0.403870	1.856927	0.013666	0.070799	0.420900	0.175558	-0.126149	0.692114	0.249348
180	0.024790	0.478260	0.000000	0.330972	0.307251	0.531176	0.162424	0.690449	0.276300	0.378335	0.402514	0.302360	0.106443	0.342340	0.225393	0.014407	0.268357	0.721237	0.251734	0.256105
181	0.000000	0.623680	0.824621	0.759790	0.212499	0.933121	0.426299	0.398398	0.741935	0.774744	0.699218	0.516309	0.204326	0.737539	0.707668	0.356930	0.482524	0.086322	0.152503	0.041475
182	-0.070979	0.360388	0.000000	0.116952	0.400485	0.267722	0.192498	0.427316	0.122351	0.266214	0.268817	0.121970	1.092406	0.147013	0.256218	0.091217	0.305746	0.371618	0.416108	0.388851
183	0.000000	0.093736	0.159646	-0.114134	0.253561	0.639265	0.076243	0.157536	-0.182889	-0.194950	-0.092046	0.038549	1.953306	-0.219059	-0.034276	0.005690	0.135184	0.258564	0.379999	0.231728
184	-0.436849	0.000000	1.667477	1.388810	1.194686	0.821662	1.748970	0.664289	1.941863	0.823248	0.653078	1.544017	1.852506	1.538278	1.919434	-0.110265	-0.329635	0.422813	1.247351	1.485140
185	1.169633	0.762258	-0.042505	0.578034	1.188676	0.899973	0.825350	1.408521	1.067432	1.381188	1.100529	0.000000	2.868892	0.804798	1.037462	0.564150	0.391271	1.199902	1.401373	1.234941
186	0.000000	1.099384	1.700762	1.295869	0.646985	1.069920	0.811224	1.143139	1.113361	1.286729	1.023097	1.204807	0.563730	1.129600	1.213109	0.684384	1.212838	1.029405	0.566586	0.508393
187	0.016818	-0.073374	0.486208	0.093541	-0.733094	0.178597	-0.483479	-0.061056	-0.639471	-0.043237	-0.264641	0.001076	0.962964	-0.491407	-0.624719	0.034414	0.000000	-0.206078	-0.498039	-0.727045
188	0.678039	0.545052	0.177914	0.743258	0.924276	0.593806	0.751476	0.841730	0.568056	0.417530	0.650827	0.000000	2.726631	0.752536	0.702541	0.025301	0.426129	1.020998	0.893168	0.834113
189	2.205753	1.703921	3.426954	3.257362	0.079187	3.072917	2.707640	1.798517	3.302976	1.024512	1.287374	3.306523	3.199628	2.956615	3.206018	2.993082	2.516245	2.049249	0.000000	1.193734
190	1.375369	1.138566	2.764592	2.410331	0.039778	2.402861	1.916374	0.000000	2.566886	0.039431	0.335398	2.345834	2.944268	1.940036	2.537225	2.000309	1.442072	0.656011	0.441737	0.739670
191	0.028360	0.213570	0.724570	0.000000	0.289317	0.551623	0.321706	0.292126	-0.033581	0.112359	-0.182535	0.228617	2.946118	-0.318030	-0.059533	-0.200274	-0.120977	0.379915	0.324108	0.413350
192	2.324804	1.857683	2.578758	2.410139	0.545360	2.646977	1.040537	2.489525	2.495889	2.552182	2.203701	1.499710	3.464906	2.177051	2.089961	2.187884	2.343100	2.408100	0.047922	0.000000
193	1.512119	1.146012	2.755345	2.244778	0.481658	2.246706	1.684167	-0.024989	1.869259	-0.063955	0.000000	1.808035	2.801982	1.232289	1.822478	1.847344	1.672823	0.556948	0.318364	0.939056
194	1.203587	0.679067	2.351464	2.208726	0.000000	1.095222	1.902304	1.675719	2.288503	0.000601	0.391993	1.741799	2.758228	1.841374	2.478590	1.440363	1.625483	1.906761	1.051515	1.166983
195	0.552180	0.703383	0.695046	1.439581	1.391166	0.568190	0.712597	1.572518	0.468440	1.217897	1.053226	0.000000	2.722790	0.756130	0.335827	-0.302077	0.618286	1.672095	1.246675	1.404992
196	0.150279	0.516847	1.128911	0.364039	0.669407	0.937755	0.499281	0.471975	0.000000	0.829961	0.548554	0.758245	0.801644	0.261139	0.090963	0.390044	0.534043	-0.022305	0.800694	0.645105
197	0.103725	-0.087970	0.000000	0.066832	-0.096977	0.330931	0.124494	0.436234	0.306292	0.166217	0.086911	0.078633	2.149263	0.163211	0.365299	0.266529	0.372023	0.491588	-0.199125	-0.140428
198	1.509273	0.948891	1.698159	2.018018	1.671476	1.587047	1.384879	1.768326	1.526978	2.096046	1.825069	0.000000	2.106734	1.623730	1.258518	0.721674	1.581017	1.621335	1.557943	1.716087
199	0.438418	-0.161173	0.521163	0.164504	0.455389	0.000000	0.267888	0.882155	0.745636	0.560391	0.138534	-0.061114	1.527245	0.041572	0.690588	0.293902	0.472489	0.836320	0.437927	0.345753
200	0.297780	-0.185852	0.721411	0.568993	-0.531690	0.460549	-0.304283	-0.165023	0.157954	-0.157504	-0.138166	0.016095	1.147364	0.000000	-0.024887	0.165833	0.260728	0.075464	-0.631391	-0.476053
201	0.000000	0.341383	1.640476	1.275328	0.146333	0.948392	0.686634	0.948339	1.162268	0.498029	0.115230	0.539313	1.189026	0.569962	1.160870	0.265477	0.605153	0.917350	0.262791	0.526043
202	-0.004260	0.735693	1.086028	1.150643	0.829925	0.720476	0.945209	1.003938	1.116788	1.183053	1.034612	0.712751	0.000000	1.061316	1.117054	0.310886	0.711538	0.845951	0.902423	0.833783
203	1.792337	1.169906	2.495915	2.589282	0.000000	2.315094	1.926635	0.794962	2.336649	1.114797	1.131072	2.296347	2.451668	2.334428	2.372188	2.155992	1.885267	1.064047	1.170316	0.828849
204	1.005106	1.089016	1.582945	1.847692	1.236951	1.321805	0.852967	1.375780	0.316240	1.094426	1.028855	0.261997	1.578073	0.781453	0.126220	0.465047	0.000000	1.305636	1.326691	1.270928
205	1.511622	0.950272	2.430841	2.461021	1.198095	1.926287	2.137382	0.000000	2.397268	0.844796	1.062962	2.196762	2.363880	2.189721	2.378522	2.053666	1.587406	0.249280	1.417883	1.580917
206	0.746468	0.339810	1.507717	1.187088	0.259020	1.497108	-0.037832	-0.016840	-0.250789	0.348973	0.336226	0.400744	2.805568	0.330703	-0.271564	0.412694	0.000000	0.118119	0.223333	0.059672
207	0.759384	0.668464	2.143862	2.028506	0.444423	1.375247	1.537840	0.540168	1.885986	0.735146	0.946418	1.772676	0.000000	1.883582	1.976425	1.323373	1.226120	0.361975	0.799289	0.694954
208	1.689893	0.887560	2.395596	2.029943	0.784711	2.332703	1.065875	0.075489	1.157196	0.984908	1.065881	1.600703	2.939071	1.459232	1.136294	1.817110	1.138362	0.000000	1.159736	0.891155
209	1.664302	1.041530	1.990083	1.815593	0.000000	2.110352	1.288335	0.840036	1.543797	0.855809	0.929028	1.480070	1.632844	1.534394	1.388861	1.657256	1.295944	0.939773	0.827543	0.062374
210	0.641544	1.018121	1.450825	1.312202	1.484149	1.107517	1.054254	1.681634	1.450545	1.705134	1.253306	0.887241	2.624710	1.122494	1.350052	0.000000	0.596617	1.428283	1.494800	1.235027
211	1.715872	1.277034	0.000000	1.507557	1.858700	1.935170	1.742438	1.860630	2.028136	1.818829	1.851761	0.437098	1.932763	1.765625	2.039010	1.344734	1.792128	1.810687	1.861789	1.981331
212	0.137930	-0.004880	0.376906	0.060939	0.000000	0.529799	0.211750	0.363545	-0.042488	0.154471	0.102346	0.158231	2.097317	-0.010402	0.036740	0.152120	0.146831	0.187451	0.416278	0.226081
213	0.520181	0.603344	0.953449	0.691643	0.592241	0.950960	0.604146	0.609580	0.435506	0.608469	0.596611	0.690824	0.000000	0.581959	0.543974	0.531536	0.689386	0.524334	0.713860	0.627348
214	0.539370	0.285076	0.825815	0.456132	0.452971	1.025602	0.338387	-0.155831	0.270621	-0.007005	0.017294	0.714517	1.749320	0.051361	0.384631	0.635976	0.461683	0.000000	0.476904	0.549450
215	0.176407	-0.084824	-0.339497	0.283703	0.380325	0.130071	0.000000	0.953779	0.480127	0.535903	0.430320	-0.460708	1.441960	0.270721	0.496610	0.231312	0.763278	0.933936	0.452018	0.458972
216	1.223480	0.822220	0.997128	1.167972	1.076386	0.000000	1.070350	1.530888	1.289847	1.353019	1.263799	0.827994	1.691359	1.137632	1.420892	1.043324	1.187531	1.541075	1.153287	1.199922
217	0.472010	0.181827	1.724979	1.621834	-0.615660	0.965919	-0.246317	0.622681	0.143074	0.207007	0.000000	0.500217	1.712433	0.557322	0.146006	0.480809	0.932068	0.760125	-0.053461	-0.577546
218	0.218549	-0.317961	0.429032	0.000000	-0.383215	0.791142	-0.194279	-0.633136	-0.183022	-0.348533	-0.298541	-0.027283	1.219767	-0.186213	-0.174830	-0.085477	-0.384737	-0.427250	-0.378709	-0.416386
219	1.408398	1.559815	2.348694	2.202042	1.354173	1.944409	1.613679	1.656344	1.977050	1.796291	1.700729	1.689776	0.000000	1.918559	1.931262	1.590658	1.788917	1.685724	1.684708	1.469515
220	0.547639	0.250437	0.939350	1.053214	-0.971561	1.019683	0.177304	0.218467	0.855760	-0.023574	0.000000	0.588892	1.215251	0.686331	0.739469	0.502429	0.804549	0.686313	-1.021187	-0.870197
221	0.248778	0.352618	1.149032	1.117522	0.331937	0.779655	0.117651	0.320354	-0.227545	-0.093146	-0.084891	0.000000	2.062912	0.107503	-0.167153	0.185294	0.258455	0.363809	0.601938	0.387171
222	0.272118	0.131017	0.245639	0.390339	-0.456450	0.213080	-0.107287	0.111455	0.297054	0.020752	0.001497	0.000000	-0.807052	0.224716	0.316695	0.134287	0.231350	0.243340	-0.257847	-0.160198
223	0.000000	0.268967	0.440759	0.173098	0.038825	0.688057	-0.023948	0.121606	-0.079254	0.137860	0.162572	0.283472	0.162145	0.059602	0.012790	0.112033	0.163975	-0.039651	0.229093	0.073810
224	0.502931	0.374689	1.776263	1.381338	0.564463	1.258834	0.996998	0.144400	0.793653	-0.338905	-0.071067	0.963226	1.399961	0.586382	0.775215	0.670051	0.000000	-0.238213	0.841873	0.872011
225	1.034717	0.586868	2.123157	1.775522	0.058400	1.815088	0.350504	0.172374	0.000000	0.200407	0.378353	1.193501	2.231136	0.865582	0.174942	1.011359	0.715274	0.227822	0.329684	-0.060165
226	0.037780	0.817395	0.806228	0.679444	0.631879	0.000000	0.427891	1.230071	0.237591	0.582279	0.462616	0.422680	1.083440	0.313703	0.223252	0.128041	0.648113	1.287463	0.805041	0.850506
227	-0.435336	0.000000	0.796065	0.676548	1.032994	0.164144	1.110513	1.187404	1.124826	1.236309	0.788706	0.806809	-0.779603	0.879289	1.396808	0.030332	0.820066	0.582563	1.164171	1.267916
228	0.303349	0.412116	0.000000	0.561698	0.545385	0.592785	0.440396	0.861712	0.606027	0.760049	0.519246	0.144232	2.087600	0.426016	0.832992	0.113810	0.335376	0.766331	0.539538	0.597690
229	0.836294	1.044820	0.990597	0.000000	1.152837	1.378462	1.035034	1.289626	1.004341	0.998603	0.620742	1.359053	3.058424	0.272785	1.182491	0.781707	0.989910	1.109735	1.192159	1.283049
230	-0.045244	1.043631	1.271335	0.877681	1.132210	0.603086	0.725785	1.124798	0.284726	1.337404	0.864447	0.810873	-0.103754	0.564975	0.402669	0.000000	0.689195	0.857459	1.194379	1.149390
231	1.530824	1.141251	2.063408	1.893802	0.970564	2.045168	1.506002	0.579159	1.645745	0.629677	0.932257	1.735464	1.553175	1.586497	1.669400	1.606166	0.888977	0.000000	1.172609	1.098598
232	1.479425	0.957370	0.000000	1.050797	1.174645	1.149756	1.273419	1.735746	1.769506	1.521497	1.381173	0.345237	2.458748	1.343116	1.766540	0.648999	0.826789	1.785067	1.127900	1.102093
233	-0.002183	0.511056	0.175433	0.000000	0.654556	0.230224	0.361104	0.465638	0.374294	0.514395	0.447551	0.308824	0.280116	0.249042	0.638834	-0.035156	0.321507	0.336205	0.749559	0.721375
234	0.307099	0.330791	0.253171	0.273693	0.014466	0.315026	-0.070321	0.140210	0.277828	0.129543	0.128374	-0.219359	0.996267	0.051205	0.296045	-0.220458	-0.366471	0.000000	0.120918	0.021709
235	1.030439	0.794156	1.159055	0.464326	0.612054	1.299368	0.796018	0.513963	1.166825	0.547313	0.474356	0.873961	2.262052	0.547334	1.019201	0.260705	0.000000	0.668016	0.386673	0.525949
236	0.000000	0.513532	0.663641	0.280475	0.320226	0.544031	0.254299	0.632321	0.261758	0.441482	0.348764	0.511825	-0.233266	0.264259	0.387473	0.140074	0.305414	0.526246	0.476809	0.287800
237	0.603040	1.382115	2.084264	1.552645	1.499165	1.533930	1.171462	1.385487	0.969260	1.615217	1.370515	1.348307	0.000000	1.191007	1.019603	0.801642	1.246952	1.202480	1.749311	1.525725
238	-1.063897	0.000000	1.051202	0.728437	0.610698	-0.257233	0.869777	0.832880	0.841451	0.730036	0.407833	0.842301	0.455195	0.809934	1.039592	-0.605066	0.425801	0.726421	0.761450	0.733318
239	0.329579	1.678699	2.045638	1.964757	1.781041	0.943370	1.379762	2.285090	1.213113	2.072601	1.669629	1.019838	1.046336	1.518401	0.957437	0.000000	1.149163	2.174232	1.789267	1.810550
240	0.262638	0.000000	0.867683	0.626061	0.921725	1.009790	1.056647	0.621181	0.856413	0.801227	0.687453	0.825353	0.609045	0.814274	0.967468	0.505497	0.671396	0.512513	0.843964	1.002544
241	0.262750	0.671569	1.367369	0.946190	0.529419	0.897201	0.284524	0.230131	-0.502763	0.390763	0.194277	0.490721	0.964782	0.000000	-1.205595	0.399175	0.396953	0.470421	0.449994	0.431437
242	1.638888	1.202747	0.000000	1.589673	1.617535	1.708452	1.023596	2.445856	2.042813	1.956011	1.732484	0.767470	2.781150	1.441749	2.051715	1.054292	1.665661	2.414823	1.719437	1.497914
243	0.086566	0.000000	0.802522	0.971575	0.903348	0.904209	1.260776	1.021458	1.328855	1.167242	0.915359	0.874270	1.155399	1.212541	1.424953	0.358469	0.810479	0.764321	0.991915	1.087424
244	0.058419	0.373887	0.520245	0.243718	0.353724	0.552623	0.070697	0.051817	-0.061385	0.198722	0.284697	0.292855	0.076918	0.232585	-0.031979	0.000000	0.366047	0.160433	0.330901	0.276065
245	-0.048324	0.171646	0.588407	0.073155	0.231947	0.771078	0.385086	0.000000	0.117968	-0.099908	-0.024920	0.466023	1.178580	0.039623	0.125756	0.154300	0.288160	0.189744	0.314593	0.327039
246	0.499646	0.597720	2.066575	1.454185	0.821131	1.410968	0.867333	0.304128	0.735160	0.113656	0.169002	0.476052	2.332556	0.755132	0.503318	0.690040	0.616370	0.000000	0.959624	1.004872
247	-0.651295	0.000000	1.003612	0.647618	0.844043	-0.099995	0.504219	0.993843	-0.226276	0.751236	0.174638	0.517474	1.128659	0.042572	-0.333966	-0.285152	0.732185	0.854235	0.972593	1.004122
248	0.115549	0.329778	0.688474	0.502350	0.444759	0.000000	0.270894	0.682993	0.089444	0.309055	0.374280	0.336370	-0.415863	0.279777	0.169977	0.349189	0.604272	0.740916	0.588305	0.540646
249	0.256970	0.334864	0.709622	0.426870	0.594857	0.732629	0.529792	0.334074	0.442753	0.329659	0.449160	0.634569	0.000000	0.429038	0.521057	0.490608	0.532013	0.259407	0.713638	0.665436
250	0.086587	0.559417	0.835760	0.647780	0.455433	0.536750	0.279738	0.237938	0.000000	0.082364	0.253945	0.423981	-0.036548	0.183064	0.039105	0.350455	0.434163	0.340108	0.646106	0.516623
251	0.217055	0.215561	0.415233	0.358069	0.145290	0.468446	0.231503	0.225202	0.471970	0.255613	0.282665	0.368856	0.000000	0.308849	0.516381	0.365492	0.366943	0.266224	-0.005944	0.177263
252	-0.052469	0.011415	0.062595	0.029953	0.223380	0.313421	0.171147	0.000625	0.273280	0.037236	0.126629	0.071833	-0.022795	0.000000	0.319661	0.042241	0.037888	-0.039029	0.360563	0.308132
253	0.402665	0.520088	0.643152	0.507741	0.517297	0.853329	0.619608	0.384191	1.017846	0.449766	0.515141	0.717608	0.000000	0.678659	1.077904	0.784422	0.712248	0.420945	0.647007	0.566723
254	0.658992	0.675092	0.509958	0.549492	1.103917	0.871354	0.948790	0.855367	1.017294	0.806065	0.929413	0.715130	0.000000	0.749673	1.125036	0.759921	0.736493	0.767429	1.243816	1.207510
255	0.218789	0.189094	0.220155	0.255679	0.559282	0.438564	0.473783	0.289194	0.495254	0.229851	0.386571	0.307814	0.000000	0.314420	0.587292	0.358693	0.288589	0.301295	0.637083	0.664552
256	0.327202	0.314085	0.263487	0.250474	0.671814	0.496887	0.535017	0.457227	0.525432	0.433572	0.562773	0.381846	0.000000	0.378477	0.614752	0.432636	0.384360	0.430657	0.799918	0.771362
257	0.491697	0.320890	0.285455	0.368348	0.581444	0.514574	0.521666	0.525162	0.627394	0.531475	0.626604	0.418328	0.000000	0.476977	0.698229	0.480093	0.472945	0.539929	0.640602	0.673263
258	0.000000	-0.211614	-0.133079	-0.071773	-0.034593	0.089691	-0.006035	-0.005669	0.127129	-0.055034	0.067082	-0.082657	-0.412914	-0.008389	0.177601	0.035081	-0.066460	0.016763	0.011713	0.074091
259	0.325845	0.127871	0.134483	0.256656	0.356839	0.275610	0.245083	0.443183	0.420283	0.460353	0.492174	0.244859	0.000000	0.322927	0.444859	0.286052	0.295651	0.434520	0.308663	0.330563
260	0.686961	0.150397	0.391342	0.704438	0.428156	0.593086	0.625150	0.885808	0.838525	0.594532	0.629828	0.536979	0.302599	0.755981	0.817301	0.655464	0.666462	0.878811	0.000000	0.617150
261	0.374174	0.017673	0.465865	0.446283	0.051684	0.458005	0.090987	0.258678	0.262599	0.202382	0.206450	0.291292	0.925661	0.241438	0.183800	0.183892	0.000000	0.242224	0.075003	0.019437
262	0.934543	0.484101	1.533446	1.565377	0.131792	1.506321	1.057173	0.000000	1.642706	0.110604	0.544617	1.544839	1.362883	1.422423	1.596237	1.469932	1.315002	0.551787	-0.151266	0.121704
263	0.238844	-0.169022	0.555375	0.578521	-0.152446	0.173637	0.192834	0.527512	0.720962	0.000000	0.163511	0.373027	0.892437	0.456903	0.681557	0.498049	0.748187	0.678170	-0.245457	-0.118839
264	1.019866	0.738861	1.066649	1.029288	0.807865	0.000000	0.859072	1.330152	1.162901	1.088210	1.051674	0.867085	1.068833	1.051190	1.192427	0.951298	1.075863	1.338826	0.845721	0.901355
265	0.859596	0.343147	1.825041	1.438567	0.228986	1.455921	0.725156	0.377970	1.031049	0.000000	0.258182	1.379775	1.953317	1.085546	0.983228	1.300383	1.301124	0.647555	0.031763	0.150187
266	1.147630	0.725670	0.000000	0.824157	1.035187	1.521348	1.139641	1.444067	1.651821	1.207110	1.287070	0.736789	-0.406858	1.285385	1.580070	0.855014	1.111277	1.532503	0.802540	0.933521
267	0.000000	0.189168	1.281614	0.697535	0.315137	0.434091	0.801304	0.290988	0.751088	0.216881	0.277150	1.177956	1.188403	0.612039	0.730388	0.686536	0.597858	0.325079	0.199588	0.315684
268	0.102287	0.164038	-0.021532	0.275392	-0.087373	0.376255	0.292288	0.001493	0.626899	-0.078100	0.000000	0.097045	0.123428	0.398474	0.388709	0.157900	0.021516	0.229403	-0.378792	-0.196739
269	0.785185	0.891756	1.293780	1.416923	0.161411	1.267973	1.024883	0.576095	1.738970	0.638645	0.808316	1.375285	1.508610	1.239055	1.736745	1.060271	0.795300	0.782014	-0.144839	0.000000
270	0.889725	0.761900	1.959201	1.811135	0.038440	1.455805	1.357319	0.056852	1.739206	0.087638	0.560832	1.842086	1.966285	1.640704	1.730035	1.513369	1.004680	0.000000	0.228307	0.397286
271	0.812958	0.623897	2.004402	1.617853	0.105782	1.397901	1.199494	0.000000	1.577653	0.059022	0.491586	1.770888	2.119997	1.403178	1.555599	1.420585	1.123039	0.474220	0.111873	0.216052
272	0.521700	0.629055	2.513616	1.498983	0.784660	1.490225	1.361580	0.525064	1.874189	0.121531	0.000000	1.361819	2.192621	1.049499	1.997733	1.046203	1.104815	0.662210	1.132455	1.031898
273	0.304796	0.227378	1.861471	1.719100	0.122196	0.720346	1.391579	0.239246	1.697133	-0.100975	0.291070	1.725760	1.885874	1.499116	1.696446	0.945050	0.688909	0.351543	0.000000	0.457325
274	0.492868	0.589404	2.091949	1.807893	0.249260	0.998645	1.406011	0.000000	1.842573	-0.146236	0.347526	1.776197	2.244073	1.529173	1.824731	1.216380	0.968732	0.429961	0.436411	0.587622
275	-0.458880	-0.291876	1.353649	1.069432	-0.641787	0.206009	0.672355	-0.873150	0.982460	-1.097069	-0.630609	0.871628	1.419071	0.778237	1.000795	0.256207	0.000000	-0.514204	-0.511005	-0.325177
276	2.174178	1.986207	3.203750	2.760419	0.501299	2.621095	2.054773	1.750459	2.993039	1.257065	1.551498	2.754834	3.081956	2.429484	2.664404	2.592463	2.115701	2.124967	0.985509	0.000000
277	0.484067	0.426987	1.821832	1.429826	-0.048456	0.927634	1.190379	-0.110408	1.597879	-0.236467	0.000000	1.483311	2.228721	1.310678	1.610096	1.087059	0.842636	0.171102	0.282338	0.517773
278	0.000000	0.090311	1.671378	1.447482	-0.347775	0.641435	1.027438	-0.526812	1.437990	-0.686843	-0.173603	1.377508	2.063907	1.189471	1.449704	0.808652	0.420222	-0.207922	-0.041211	0.042548
279	1.253794	1.216846	2.528228	2.275809	0.000000	1.493145	1.862479	0.832886	2.195852	0.576455	0.898434	2.234954	2.317075	1.963767	2.150396	1.816683	1.460275	1.175826	0.788615	0.806161
280	1.284455	0.990772	2.773177	2.183782	1.377190	2.115904	2.300570	0.642133	2.302320	0.000000	0.560603	2.314182	3.050828	1.826367	2.363377	1.741518	1.574827	0.935529	1.711584	1.903709
281	0.558027	0.664128	1.882494	1.607356	0.286994	1.045203	1.352725	0.087416	1.724637	0.000000	0.484746	1.836510	2.312296	1.534511	1.736688	1.267121	1.043185	0.389851	0.561135	0.570291
282	0.067324	0.146143	1.433319	1.228487	-0.369954	0.347138	0.808926	-0.219911	1.234168	-0.434462	-0.043485	1.329625	1.676249	1.016151	1.256538	0.690060	0.518098	0.000000	-0.270627	-0.200145
283	0.623815	0.681386	2.493942	2.025986	0.000000	1.086026	1.393939	0.981888	2.092222	0.478534	0.643149	2.248610	2.582366	1.834709	2.061396	1.401443	1.441336	1.103638	0.330701	0.187623
284	0.872733	0.769943	1.847262	1.644416	0.000000	1.141117	1.551873	0.557515	1.992955	0.435315	0.591333	1.660665	2.379875	1.584959	1.931604	1.117995	0.946921	0.858732	0.076954	0.500556
285	0.553797	0.606329	1.805453	1.537888	0.104045	0.000000	1.131010	0.445059	1.717134	0.091415	0.419627	1.475020	2.198955	1.331843	1.694781	1.020700	0.895325	0.750132	0.350455	0.515504
286	0.000000	0.044412	1.349954	1.217881	-0.535174	0.341664	0.092782	-0.286416	1.038089	-0.383232	-0.105074	0.958426	1.975850	0.739295	0.942879	0.587874	0.322587	0.054039	-0.434956	-0.399915
287	0.598043	0.429203	1.638776	1.326891	0.000000	1.131011	1.016310	0.265038	1.681593	-0.078573	0.329210	1.292747	1.967366	1.152722	1.620262	1.249704	1.213198	0.587266	0.165848	-0.026322
288	0.853304	0.642677	1.549926	1.244132	0.000000	1.152295	1.173308	0.464015	1.609513	0.273672	0.636417	1.533055	2.547503	1.331706	1.672290	1.335631	1.220728	0.824331	0.220327	0.427951
289	0.000000	0.082709	1.114726	0.795310	-0.394794	0.145953	0.547081	0.010679	0.851703	-0.228863	0.021516	0.926069	1.751218	0.643575	0.775704	0.599554	0.373413	0.161887	-0.346507	-0.346108
290	-0.060958	-0.256168	0.608255	0.390910	-0.715320	0.258202	0.041956	-0.150708	0.615069	-0.346598	-0.205215	0.576632	1.659682	0.330644	0.495913	0.311756	0.326772	0.000000	-1.068796	-0.999760
291	0.698524	0.462291	1.184187	0.756238	0.474542	1.184247	0.822118	0.904580	1.034919	0.593937	0.607590	1.170707	2.480789	0.815233	0.930513	1.060673	1.158359	1.093769	0.000000	0.432086
292	0.180871	0.000000	1.075294	0.608175	-0.168815	0.602066	0.499664	0.240262	0.770184	-0.113397	0.031544	0.841450	1.898050	0.601139	0.720938	0.586716	0.618615	0.455903	-0.232337	-0.044257
293	0.474303	0.341101	1.273094	1.048958	0.109478	0.815038	0.728186	0.504376	0.787249	0.164499	0.386353	1.119101	1.970693	0.776550	0.686359	0.786284	0.735337	0.695755	0.103824	0.000000
294	0.080747	-0.156339	1.006533	0.733941	-0.335030	0.565032	0.194834	-0.063200	0.317793	-0.300393	-0.069450	0.557277	1.648280	0.354121	0.000000	0.458169	0.391165	0.194796	-0.489387	-0.343763
295	-0.160243	-0.230930	0.599641	0.238188	-0.276057	0.254487	-0.107906	-0.111806	0.000000	-0.338409	-0.199220	0.187264	1.096828	0.011643	-0.104408	0.165743	0.125271	0.110739	-0.461192	-0.397333
296	-0.271826	-0.490993	0.440983	0.394538	-0.627559	-0.067588	-0.129315	-0.366049	0.198312	-0.528793	-0.269014	0.165945	0.818237	0.147783	0.000000	0.012850	0.018036	-0.100099	-0.851350	-0.638642
297	0.053922	-0.198278	0.385279	0.200381	0.044251	0.320238	0.152906	0.020782	-0.007421	-0.155452	-0.082190	0.152057	0.799791	-0.045020	-0.092242	0.199365	0.205681	0.109250	0.066341	0.000000
298	0.083132	-0.205736	0.076170	-0.137533	0.000000	0.299372	0.267466	0.106466	0.305826	-0.001440	0.047450	0.154928	0.594288	0.057104	0.307203	0.111047	0.232160	0.274365	-0.013083	0.234509
299	-0.180871	-0.321926	-0.223058	-0.246019	-0.004194	-0.021765	-0.064154	-0.056166	-0.001529	-0.178842	-0.165779	-0.158970	0.368251	-0.212743	0.039209	-0.215956	-0.070068	0.000000	-0.153129	0.067995
300	0.036289	-0.206920	0.123945	0.028750	0.030182	0.202165	0.044534	-0.033481	0.081043	-0.051693	0.006231	0.049296	0.506248	0.041730	0.091767	0.000000	0.103328	0.064094	-0.111083	0.063001
301	-0.030715	-0.309824	0.085582	0.000000	-0.023206	0.064771	0.116851	-0.018130	0.164125	-0.041201	0.020131	0.053636	0.302891	0.021590	0.178223	0.002470	0.084743	0.039569	-0.080471	0.067519
302	0.074533	-0.201819	-0.059510	0.105816	0.036805	0.108684	0.051426	0.110889	0.071762	0.030646	0.083464	-0.088599	0.097901	-0.039033	0.066166	-0.032401	0.013272	0.157042	0.019821	0.000000
303	-0.174446	-0.341882	-0.064761	-0.007429	-0.201458	0.041467	-0.066063	-0.028099	0.170409	-0.093547	-0.069103	-0.122876	0.199157	-0.014912	0.150430	-0.101273	0.000000	0.031752	-0.336900	-0.128829
304	-0.207291	-0.448532	-0.188005	-0.157373	-0.276446	-0.054073	-0.144069	-0.180617	-0.064797	-0.199647	-0.169504	-0.268862	0.000000	-0.201988	-0.044514	-0.251098	-0.173061	-0.116640	-0.296872	-0.186047
305	0.065188	-0.295303	-0.147017	-0.007173	0.048505	0.174261	0.078204	0.000000	0.223563	-0.007387	0.077387	-0.074585	0.203945	0.006891	0.231177	-0.041859	0.030910	0.192260	0.015557	0.161962
306	-0.021057	-0.284735	0.000000	0.143359	-0.053813	0.140932	0.171635	0.009332	0.344156	-0.052184	0.027889	0.124931	0.214985	0.144013	0.360594	0.075115	0.122163	0.011736	-0.044576	0.075566
307	0.064292	-0.108822	0.001844	0.124997	0.134390	0.172666	0.117800	0.119071	0.260062	0.149787	0.140968	0.001419	0.382352	0.126705	0.256462	0.000000	0.112589	0.111190	0.074656	0.183786
308	0.019092	-0.262602	0.176423	0.203554	-0.140755	0.155975	0.055398	-0.056806	0.189560	-0.028203	-0.001328	0.000000	0.349639	0.117865	0.161361	-0.010937	0.013446	-0.034982	-0.186255	-0.042458
309	0.011672	-0.236074	-0.111480	-0.034528	0.076352	0.126515	0.059442	0.000000	0.170320	0.004727	0.060200	-0.087396	0.310243	-0.035020	0.180091	-0.070206	0.034416	0.172864	0.071364	0.166586
310	0.000000	-0.206004	-0.031570	0.040878	0.040426	0.182655	0.023620	-0.006512	0.083377	0.014441	0.033865	-0.068970	0.066943	-0.042353	0.111324	-0.050590	-0.029851	0.065058	0.030503	0.135762
311	0.022825	-0.305037	-0.181023	0.003633	0.000000	0.117590	0.160134	0.048930	0.104405	0.028725	0.087491	-0.101437	0.115954	0.029689	0.144983	-0.095408	-0.026789	0.053836	0.183690	0.293403
312	0.080936	-0.105737	0.007857	0.162590	0.141306	0.130035	0.078595	0.175975	0.191641	0.202654	0.159663	0.002207	0.341212	0.117189	0.205102	0.000000	0.104718	0.172460	0.105020	0.172866
313	-0.056879	-0.320626	-0.267456	-0.064621	-0.008872	-0.040831	-0.093403	0.045565	-0.006738	-0.085592	-0.082467	-0.256459	-0.023289	-0.173092	0.012342	-0.230112	-0.136506	0.000000	0.036298	0.089371
314	0.059972	-0.114124	-0.004042	0.074845	0.165617	0.086429	0.185867	0.093947	0.232522	0.152296	0.156218	0.000000	0.265266	0.121900	0.296544	-0.003136	0.056721	0.071512	0.181733	0.259915
315	0.000000	-0.217150	-0.273737	-0.059243	0.128819	0.087512	0.030355	0.085909	0.142938	0.057936	0.084286	-0.176115	-0.004890	-0.040154	0.230473	-0.128580	-0.085811	0.080907	0.181927	0.242755
316	0.212255	0.085340	-0.086038	0.165204	0.339970	0.255686	0.173337	0.370236	0.288276	0.352103	0.331715	-0.047777	0.345356	0.170025	0.343451	0.000000	0.130382	0.311050	0.367961	0.380928
317	0.242675	0.000135	0.000000	0.259189	0.389110	0.221588	0.340612	0.409301	0.431271	0.350630	0.368003	0.186484	0.469477	0.248431	0.506379	0.180969	0.265626	0.352092	0.465765	0.470240
318	-0.149546	-0.237186	-0.311523	-0.059461	0.031167	-0.134605	-0.073244	0.051333	0.000000	0.030340	0.031328	-0.276290	-0.191877	-0.114523	0.078552	-0.256052	-0.225323	-0.051201	0.125652	0.112065
319	0.023478	-0.243637	-0.156928	-0.050584	0.119235	0.000000	-0.045098	0.034544	0.038421	0.064655	0.089815	-0.141010	-0.022717	-0.052091	0.092223	-0.110297	-0.044943	0.040477	0.113522	0.187008
320	-0.075369	-0.186388	0.051644	0.000000	0.134134	0.046152	0.072417	0.050734	0.067714	-0.049170	-0.005613	0.033100	-0.166547	-0.013914	0.168219	-0.052408	0.010845	0.022564	0.202651	0.180449
321	0.000000	-0.171868	0.225730	0.196525	0.031990	0.247697	0.106748	-0.236477	0.176332	-0.535867	-0.322312	0.157852	-0.001911	0.048338	0.238011	0.126761	0.092093	-0.087256	0.011665	0.035040
322	0.226548	0.055701	0.098346	0.481566	0.509222	0.104687	0.128410	0.718876	0.287500	0.389157	0.462358	0.099226	0.089902	0.378690	0.329773	0.000000	0.235797	0.718849	0.398710	0.456650
323	0.204579	0.000000	0.280930	0.375218	0.134087	0.341675	0.354473	0.270433	0.551779	0.186710	0.266316	0.522771	-0.121792	0.550182	0.706663	0.225507	0.392827	0.276756	-0.149093	0.248773
324	0.671743	0.000000	1.210147	1.261179	0.271947	0.871610	0.657694	0.863010	1.044311	0.344139	0.318500	0.821017	1.511933	0.904464	1.126208	0.565529	0.478865	0.876536	-0.066484	0.323282
325	-0.230798	0.396211	0.000000	-0.202688	0.886531	0.453151	0.681563	0.970628	0.756224	0.574491	0.349768	0.819557	1.831016	0.163942	0.837571	0.342762	0.725138	0.940251	0.632276	0.796684
326	-0.221887	-0.242519	0.071473	-0.035877	-0.293089	0.159949	-0.312776	-0.005010	-0.244024	-0.089683	-0.159772	-0.017739	0.000000	-0.186679	-0.206969	-0.066823	0.010335	0.070058	-0.586527	-0.401319
327	0.151182	-0.150664	0.749075	0.796123	-0.470250	0.542565	0.477240	-0.231878	0.769791	-0.421391	-0.075211	0.777351	0.606513	0.666403	0.880076	0.575121	0.372783	0.000000	-0.620715	-0.286024
328	-0.447320	0.482434	1.066010	0.415135	0.284480	0.554095	0.460563	0.552348	0.197135	0.414114	-0.030434	0.699498	1.488827	-0.106706	0.028046	0.000000	0.462986	0.692502	0.203482	0.357659
329	0.000000	0.182843	0.304581	-0.124618	0.809983	0.875155	0.672071	0.197501	0.475277	0.106266	0.129754	0.543752	1.603905	0.167101	0.479574	0.339095	-0.015287	-0.222326	0.815336	0.797911
330	0.000000	-0.094187	0.722637	0.664101	-0.370097	0.554905	0.139265	0.144195	0.229013	-0.116296	0.020827	0.534890	1.910199	0.343937	0.261919	0.328505	0.360970	0.429418	-0.565246	-0.349270
331	0.731656	0.758601	1.879936	1.870251	0.000000	0.997080	1.163674	0.250019	1.830168	-0.169101	0.428780	1.877022	2.048035	1.426782	2.018043	1.373954	1.085674	0.526629	0.628419	0.874237
332	0.104114	0.180935	0.245690	0.000000	0.260012	0.689224	0.318724	0.355350	0.770633	0.096219	-0.020222	0.746176	1.860849	0.181146	0.589569	0.496245	0.562672	0.696829	-0.207358	0.078437
333	-0.361676	-0.238547	-0.457802	-0.460875	0.258707	0.000000	-0.088678	0.229341	-0.059151	0.091088	-0.035649	-0.171936	1.527388	-0.200033	-0.106508	-0.102140	0.234261	0.405571	0.128768	0.255892
334	0.157066	0.000000	0.852751	0.808281	-0.410570	0.643856	0.481288	0.103795	0.881348	-0.183180	0.011215	0.947430	1.951118	0.776867	0.922716	0.635106	0.680286	0.351368	-0.325657	-0.200824
335	0.916585	0.748840	2.207732	1.946489	0.634919	1.661239	1.995862	0.250839	2.244486	0.000000	0.416277	2.168867	2.154815	1.835976	2.266107	1.509625	1.181289	0.448195	1.232295	1.323185
336	0.116585	-0.086290	0.544650	0.045883	0.089883	0.592211	0.123463	0.179038	0.317777	0.410381	0.210458	0.462546	1.946414	0.108935	0.000000	0.342329	0.393700	0.224381	0.015544	-0.057723
337	-0.202243	-0.020325	-0.035303	0.092190	0.106332	0.417247	0.080736	0.603374	0.098286	0.356923	0.186702	0.249535	2.241101	0.110899	0.000000	0.052867	0.368006	0.702916	-0.030974	0.034538
338	0.756803	0.693546	2.347846	2.233161	0.293481	1.801639	1.700779	0.334150	2.200596	0.000000	0.582847	2.342159	2.824472	2.032551	2.181807	1.711427	1.504809	0.687259	0.705417	0.716900
339	1.750723	1.325345	2.688771	2.570380	0.000000	2.518487	2.471074	1.730763	2.715620	0.957019	1.170146	2.653213	2.689837	2.415201	2.808899	2.146250	2.209203	2.062110	1.179165	1.624636
340	-0.431862	-0.620006	-0.013829	-0.931319	-0.498615	-0.005279	-0.267601	-0.020928	0.056703	0.079783	-0.331049	0.099776	1.565473	-0.512866	-0.118048	-0.114068	0.000000	-0.202170	-0.467600	-0.599035
341	-0.055008	-0.030751	0.754781	0.485928	-0.048936	0.833621	0.181841	-0.087955	0.122430	-0.206505	-0.020302	0.538992	2.195698	0.308955	0.000000	0.321643	0.421102	0.227343	-0.232640	-0.105413
342	1.511596	0.707878	2.662025	2.392943	0.651528	1.884031	0.521675	1.406013	1.938119	0.789111	1.058125	2.221732	2.479734	1.756817	1.919197	1.794737	1.735107	1.400736	0.000000	0.912198
343	0.046011	1.178812	2.287245	1.997083	1.106410	0.000000	1.858532	1.590368	1.957046	1.579307	1.452249	2.053638	2.329421	1.883181	2.031086	1.093362	1.545514	1.454708	1.274103	1.503858
344	-0.206835	0.074835	0.751790	-0.303649	0.441370	0.281452	0.224514	0.139063	0.017215	0.486076	-0.164285	0.462163	2.178268	-0.421487	-0.066516	0.000000	0.246554	0.096119	0.489369	0.398500
345	1.410328	0.929983	1.719919	1.650169	0.000000	1.855879	1.301464	1.451836	1.677675	1.273637	1.315277	1.723745	2.720188	1.752354	1.601677	1.608876	1.716353	1.605290	0.030358	0.065506
346	0.062317	0.000000	2.287167	1.921382	1.631793	1.578610	2.259914	-0.096056	2.120426	-0.486511	0.302004	1.775226	1.957493	1.697331	2.034249	0.800508	0.267387	-0.245057	2.161291	2.146337
347	0.912229	0.714768	1.765058	1.519354	1.110507	1.645873	1.613886	0.480964	2.067328	0.877388	0.568891	1.581217	2.259161	1.406631	2.120009	1.053107	0.764639	0.000000	1.152923	1.338923
348	0.539798	0.595116	0.861487	0.805324	0.810974	1.076653	0.715692	0.539213	0.238630	0.506601	0.473100	0.691671	3.080403	0.548211	0.000000	0.445694	0.474039	0.632471	0.914541	0.885093
349	0.625966	-0.037972	0.954150	0.573533	-0.452202	1.234411	-0.340299	0.889515	0.650299	0.572958	0.490346	0.000000	2.369441	0.487423	0.472638	0.512190	0.696312	0.726512	-0.281279	-0.610069
350	0.478103	0.698264	1.538209	1.103872	1.013133	1.100357	1.164754	0.907282	1.338729	0.982218	0.786469	1.281298	0.000000	1.011378	1.357160	0.733812	0.874822	0.857525	0.872908	1.100089
351	-0.207635	-0.301673	0.637194	0.380448	-0.592186	0.000000	-0.009524	-0.375367	0.076705	-0.612427	-0.376576	0.464814	0.442424	0.179404	0.127689	0.263830	0.191581	-0.113854	-0.748710	-0.431709
352	0.122870	0.000000	1.243385	0.812500	-0.297442	0.825256	0.644388	-0.449124	0.530720	-0.487743	-0.123895	1.057364	0.954282	0.667394	0.611235	0.590997	0.282947	-0.205936	-0.349477	-0.055882
353	1.714246	1.560100	2.642246	2.425936	1.854855	2.699236	2.521659	0.054068	2.514087	0.935224	1.375894	2.467761	2.394767	2.366762	2.573209	2.060356	1.395137	0.000000	1.958844	2.250019
354	1.619252	1.323821	2.804254	2.564173	0.804367	2.452530	2.076621	0.000000	2.574891	0.079319	0.784203	2.501015	2.752975	2.231424	2.617531	2.172876	1.694337	0.820864	0.853793	1.272972
355	0.223955	0.430574	1.615525	1.507806	0.000000	0.877394	1.381767	0.099557	1.400173	-0.156293	0.398415	1.675304	2.061396	1.437418	1.468693	1.030584	0.891735	0.373023	0.298730	0.501726
356	0.521004	0.626537	2.439732	2.099559	0.000000	1.613712	1.812177	-0.054370	2.130909	-0.304111	0.261840	2.303617	2.626302	1.978661	2.152365	1.513150	1.262583	0.391139	0.193434	0.622822
357	-0.430720	-0.495647	1.113669	1.103058	-0.082794	0.452390	1.000496	-0.605593	1.471286	-0.573000	-0.406557	0.753176	1.508560	0.972258	1.511512	0.000000	-0.262288	-0.595004	0.182794	0.563115
358	0.686155	0.687944	2.279086	2.006680	0.581188	1.481806	1.795595	0.137114	2.243083	0.000000	0.578915	2.259136	2.456830	1.882911	2.278859	1.377151	1.017084	0.376082	0.700328	0.973929
359	0.189337	0.343046	1.776927	1.514683	0.214115	0.962477	1.261138	-0.277708	1.304363	-0.468400	0.109059	1.557567	1.903191	1.298890	1.399013	0.954663	0.831832	0.000000	0.418952	0.486252
360	1.263679	1.081457	2.566439	2.350659	0.000000	1.957788	2.383161	0.727647	2.446404	0.764743	1.112269	2.692816	2.648875	2.457607	2.538060	1.996371	1.740952	0.894724	1.091806	1.160655
361	0.884999	0.993237	2.189540	1.930258	0.618612	1.940871	1.904058	0.000000	2.276077	0.754083	0.991850	2.224275	2.031875	1.950816	2.305134	1.557815	1.289660	0.307596	0.937452	1.142828
362	-0.808109	-0.327166	1.077016	0.889068	-0.491159	0.024324	0.537705	-0.941400	0.806079	-1.004187	-0.478181	1.005893	1.058684	0.757336	0.881731	0.155220	0.000000	-0.688763	-0.152748	-0.066704
363	0.000000	0.114776	1.776439	1.493196	-0.118525	0.898119	0.968877	-0.288652	1.424200	-0.375101	0.069800	1.602879	1.910507	1.255086	1.422896	0.911478	0.647132	-0.011130	0.121968	0.187644
364	0.134392	0.000000	2.408499	1.956697	0.213606	1.255098	1.683266	0.246180	1.900500	-0.331337	-0.103148	2.004252	2.238411	1.664985	1.931145	0.910470	0.690781	0.272991	0.818962	0.727854
365	-0.659391	-0.378084	1.604975	1.005955	-0.191889	0.279328	0.848431	-0.381540	1.091720	-0.457523	-0.562823	1.271219	1.341567	0.770907	1.102684	0.000000	0.099735	-0.324666	-0.312750	0.042372
366	-0.662449	-0.203075	0.646703	0.497650	-0.325301	-0.061942	0.160650	-0.606154	0.294576	-0.546754	-0.362639	0.531494	0.825573	0.292859	0.251881	0.000000	0.197730	-0.366987	-0.344376	-0.276136
367	1.345601	1.144677	2.145729	2.009002	0.823177	0.000000	1.695602	1.621791	1.957171	1.198124	1.341735	1.890843	1.668529	1.948749	2.075535	1.841342	1.885014	1.789801	0.996277	1.212166
368	1.341076	0.911700	2.201605	2.032040	0.781328	1.920777	1.764796	0.595070	1.880738	0.000000	0.695185	1.819081	2.036677	1.789856	1.902794	1.748095	1.666202	1.115372	0.743237	1.104988
369	0.076642	0.139906	1.298250	0.817427	0.040003	0.719639	0.402586	-0.087937	0.073794	-0.006183	0.088630	0.939570	0.981412	0.430065	0.106419	0.571165	0.673394	0.000000	0.035950	0.125302
370	1.179185	0.453347	1.974481	1.698354	0.000000	1.683980	0.874564	1.039378	0.874270	0.447508	0.664187	1.276930	2.384964	1.246717	0.931147	1.237597	1.382558	1.254308	0.268580	0.319522
371	0.432421	0.273868	1.792281	1.419305	0.036458	1.183482	1.065546	-0.052210	1.048578	-0.234877	-0.146439	1.369514	1.919935	0.883613	0.943845	0.877896	0.703641	0.000000	0.096555	0.378640
372	0.483379	0.031432	0.770467	0.474687	0.007112	1.042048	0.243182	-0.195310	0.124174	0.167191	0.105206	0.443726	1.757499	0.228342	0.000000	0.298041	0.057789	-0.196551	-0.139177	-0.016508
373	1.104329	0.269437	1.759932	1.330833	0.089286	1.708168	0.991769	0.043635	1.147888	0.266862	0.428515	1.403561	1.380518	1.167727	1.017412	1.275805	0.867450	0.000000	0.081613	0.176461
374	0.332610	-0.299177	0.530962	0.145127	0.176181	1.082991	0.630616	-0.145482	0.863907	-0.109915	-0.104484	0.297343	1.784233	0.356149	0.808812	0.162445	0.000000	-0.233615	0.033238	0.256407
375	0.668419	0.267348	0.880037	0.943212	0.201048	1.142698	0.552753	0.328947	0.507467	0.195016	0.245294	0.575054	1.944851	0.665238	0.334032	0.383699	0.000000	0.396417	0.022201	0.298490
376	0.614857	0.383171	0.147807	0.575166	0.725543	0.989431	0.559598	0.886836	0.784734	0.899050	0.868797	0.000000	2.222845	0.719569	0.641878	0.362377	0.746933	0.810332	0.716582	0.781056
377	0.275085	-0.161469	0.927210	0.726982	-0.348882	0.781688	0.326933	-0.386773	0.595074	-0.559270	-0.212560	0.625867	0.000000	0.471487	0.496495	0.561166	0.376700	-0.106567	-0.325641	-0.060128
378	0.712131	0.451315	0.295505	-0.437886	0.608481	0.871501	0.904416	-0.002390	1.222405	0.117806	0.349768	0.881771	1.573987	0.542812	0.989408	0.885455	0.665577	0.000000	0.434476	0.390811
379	0.679516	0.754387	0.000000	0.172886	0.857770	1.256552	0.780876	1.046608	1.023290	0.828468	0.754918	0.898715	2.650635	0.718878	1.091112	0.872831	1.136096	1.154428	0.823979	0.823323
380	0.646828	0.369814	0.936524	0.691142	0.276960	1.185799	0.919979	-0.164855	1.193696	0.000000	0.317710	0.975641	1.732742	0.826970	1.057621	0.844157	0.616070	0.163425	0.210982	0.529860
381	1.910773	1.228967	2.364497	2.174495	0.762480	2.599971	1.847288	1.409530	2.559121	1.396569	1.417380	2.177250	3.010484	2.222521	2.404125	2.022957	1.852377	1.584750	0.000000	0.885559
382	-0.014629	0.533851	0.913849	0.429212	1.467418	1.215017	1.735575	0.591200	2.179485	1.040976	0.770647	1.385399	2.034108	1.083307	2.138592	0.000000	0.270145	0.125016	1.622605	1.482890
383	0.000000	1.010497	0.329278	1.118647	1.236878	0.983325	0.495202	1.707999	1.496516	1.563500	1.414214	0.731339	0.381390	1.209597	1.532012	0.528031	1.224524	1.594445	1.248750	1.278006
384	0.630466	0.817995	1.070603	0.851337	1.013596	1.196665	0.937347	0.707439	0.654504	0.926629	0.996268	1.217428	0.000000	0.874098	0.827137	0.905940	1.103969	0.725810	1.035719	1.081221
385	0.119286	-0.094902	-0.206652	0.196361	0.361396	-0.390257	-0.008928	0.749016	0.284989	0.457741	0.381117	-0.149231	1.343712	0.173317	0.407121	0.000000	0.011843	0.730329	0.259398	0.423834
386	0.826406	1.273759	1.234089	1.646079	2.416683	0.740990	1.857547	2.374450	1.733311	2.219343	1.912730	1.333685	2.354516	1.718433	1.857620	0.000000	1.129205	2.087909	2.179669	2.383418
387	0.119087	0.286416	0.153259	-0.231014	0.084028	0.791939	0.334961	-0.060049	0.146864	0.041999	0.282457	0.489524	-0.203503	0.000000	0.219963	0.354824	0.330289	-0.005930	0.241204	0.166644
388	0.000000	1.138064	1.768174	1.314692	1.196852	1.031409	1.391681	1.794852	1.955537	1.936245	1.491835	1.735591	1.344825	1.531885	1.882383	0.747417	1.229974	1.383822	1.133557	1.149110
389	1.063658	1.364707	2.770592	1.959997	1.005090	1.715875	0.794244	1.619957	0.899056	1.630000	0.986475	1.461121	2.992685	1.100496	0.000000	1.226665	1.279013	1.354469	0.672896	0.461231
390	0.069060	0.344865	0.878383	0.491324	0.481728	1.047678	0.279811	0.136728	-0.274240	0.000000	0.083978	0.437416	2.715304	0.056953	-0.312710	0.281373	0.334901	0.271038	0.679959	0.495490
391	-0.199935	0.014110	0.371311	0.000000	0.005682	0.460993	-0.091700	0.056323	0.378126	0.132380	0.082928	0.239336	2.204231	0.046581	0.104974	0.430246	0.486633	0.284178	-0.106028	0.024264
392	0.712906	1.098274	2.039190	1.260093	0.863040	1.300303	0.902667	1.405047	0.000000	1.030044	0.434866	1.467389	3.132248	0.018777	-0.467429	0.989568	1.110854	1.397904	0.875036	0.897790
393	0.455672	0.371490	-0.142451	0.000000	0.967666	1.355720	0.878925	0.450557	0.676520	0.513936	0.392166	0.486697	3.346626	0.482454	0.661710	0.644218	0.753190	0.620496	0.927561	0.889694
394	1.637061	1.388214	2.798052	2.399549	0.532522	2.826497	1.311706	1.049717	1.116189	0.922414	1.129042	1.876917	3.867773	1.687685	0.821084	1.984992	1.901721	1.488323	0.694961	0.000000
395	0.844940	0.454860	2.288170	2.297914	0.000000	1.859941	1.300303	1.401924	1.689175	1.057042	0.880024	1.616129	2.688904	1.753925	1.449867	1.347133	1.449375	1.021324	0.793968	0.701277
396	0.866514	0.467539	0.000000	0.005256	0.593480	1.403486	0.539290	0.915796	1.768502	1.307642	0.922612	0.515114	3.112648	0.859992	1.628694	0.767911	0.954578	0.967135	0.378727	0.518851
397	0.093747	0.086860	0.701733	0.389171	0.132195	0.757821	0.149818	0.464304	-0.230637	0.336342	0.142854	0.278086	3.465972	0.000000	-0.308059	0.022872	0.434299	0.654683	0.200415	0.189162
398	0.312089	0.125665	1.936544	1.001305	0.519565	1.611551	0.000000	-0.063086	0.213568	0.111584	0.020375	0.296486	2.514733	0.233348	0.150112	0.355714	-0.168694	-0.235052	0.396082	0.325047
399	2.469697	1.536647	2.934032	3.099309	0.000000	2.614760	1.919355	2.575798	2.753169	2.496203	2.195374	2.438457	2.979224	2.743438	2.625357	2.409649	2.575901	2.633419	1.658301	1.091045
400	1.496058	1.133150	1.912429	1.711273	1.352123	0.000000	1.517764	1.993822	1.492535	1.688527	1.551140	1.687212	2.243948	1.645014	1.598897	1.604402	1.874075	2.047530	1.239419	1.431941
401	1.006881	1.334292	1.613662	1.556709	1.751105	1.480574	1.456150	2.011669	1.616498	1.923546	1.668025	1.553672	0.000000	1.423054	1.613332	1.415170	1.946578	1.974514	1.739727	1.854241
402	0.626340	0.525949	0.796486	0.490484	0.000000	1.017212	0.400502	0.787094	0.956819	0.800870	0.685161	0.765582	0.428689	0.675221	0.755460	0.638654	0.630413	0.746179	0.334255	0.273101
403	0.539104	0.207628	0.984387	0.691299	0.000000	1.208630	0.560421	0.349380	0.997994	0.161826	0.376890	0.628145	0.109552	0.654213	1.026366	0.573974	0.604889	0.195445	0.112698	0.172522
404	1.003623	0.590414	2.096366	1.875648	-0.617036	1.398752	0.334392	0.574201	0.655768	0.109739	0.311928	1.000983	2.113203	1.115446	0.000000	0.914662	0.890275	1.079911	-0.759171	-0.530158
405	0.097197	-0.746127	0.939744	0.272762	-0.871912	0.742248	-0.176914	-0.737891	0.296800	-0.592030	-0.533395	0.295852	1.182794	0.134918	0.052045	0.246061	0.000000	-0.600055	-1.277364	-1.003356
406	-1.535788	-2.223421	0.453059	0.000000	-2.745249	-0.141256	-1.125388	-2.550525	-0.622906	-2.676218	-2.297811	-0.529676	0.519872	-0.562798	-0.734443	-0.798324	-1.000393	-2.190353	-2.166947	-2.172825
407	0.700913	0.376718	1.597956	0.533057	0.714981	1.500272	0.670635	0.376339	1.017958	0.744282	0.342966	1.011330	2.671831	0.000000	0.755191	0.889905	0.553383	0.290751	0.510878	0.767487
408	1.561857	0.987206	2.967245	2.601557	0.722002	2.568808	2.229467	0.396842	2.548868	0.000000	0.500991	2.685511	3.066452	2.308867	2.416384	2.284439	2.036522	0.845917	1.118356	1.085036
409	2.426942	1.593995	3.211046	2.867484	1.398488	3.024308	2.420481	0.000000	2.975670	1.219990	1.568933	2.866007	3.158277	2.737588	2.866838	2.822969	2.276706	0.721809	1.744344	1.668810
410	2.440345	1.874068	3.721061	3.399346	1.862808	3.293813	3.238154	0.000000	3.596150	1.100621	1.723132	3.646018	3.765450	3.373458	3.466297	3.390554	3.006594	0.608188	2.209444	2.327109
411	0.627259	0.288181	1.984122	0.908500	0.345590	1.468319	0.449300	0.438681	0.183061	0.465092	-0.004155	1.056750	3.479844	0.114126	0.000000	0.270481	-0.011233	0.588243	0.705381	0.489340
412	0.000000	0.959450	1.957053	2.759646	1.634784	2.082496	2.180779	1.735803	2.636898	1.918746	1.833925	1.241305	2.115579	2.432480	2.691524	0.747368	1.734957	1.623933	2.070589	1.809402
413	1.161096	0.815803	1.180892	1.148955	1.040908	1.329967	0.821953	1.195292	1.543059	0.903901	1.037756	0.980328	0.000000	1.214619	1.628134	1.290375	1.240700	1.272551	1.159189	1.073645
414	-0.001676	-0.094590	0.316258	0.589948	0.183274	-0.030309	-0.128988	0.610807	-0.025966	0.000000	0.127772	-0.351626	1.199162	0.057946	0.097572	-0.295376	-0.385734	0.450054	0.428684	0.223982
415	-0.170685	-0.003870	1.358100	0.774925	-0.692863	0.807899	-0.397142	0.015288	0.175711	0.173398	-0.098796	0.395554	1.819820	0.241400	-0.047474	0.012699	0.000000	-0.175462	-0.222415	-0.640656
416	-0.050637	0.164972	0.000000	0.007708	0.404371	0.001416	0.158009	0.595867	0.089727	0.351422	0.173221	0.163620	0.141504	-0.052457	0.308341	0.004192	0.223125	0.457073	0.607905	0.552972
417	0.163848	-0.056256	0.301814	0.424125	-0.545297	0.570010	-0.156780	0.097521	0.000000	0.383762	0.148861	-0.093933	0.203984	0.241793	-0.042325	-0.056332	-0.158499	-0.031962	-0.290657	-0.637191
418	0.739998	0.190601	1.344216	1.062478	-0.275410	1.103773	0.000000	0.129779	0.378707	0.661641	0.354275	0.655028	2.114191	0.490346	0.132230	0.049577	-0.073424	0.442464	-0.226388	-0.303781
419	1.570263	0.663188	1.812654	1.779652	0.238362	2.138517	0.911231	0.000000	1.260394	0.586319	0.661214	1.199170	2.062733	1.316416	1.333210	1.046512	0.592023	0.408948	0.438261	0.291017
420	1.991964	1.633540	2.341903	2.442482	0.833032	2.446886	1.129994	1.835938	2.268028	1.916427	1.875089	2.074765	2.959754	2.162062	1.768744	1.946661	2.154154	1.856814	0.281104	0.000000
421	0.432096	-0.040137	1.056653	0.828450	-0.140605	0.855583	-0.302703	-0.096995	-0.233836	0.231742	0.150209	0.192436	1.225323	0.000000	-0.347457	-0.056816	-0.240075	-0.034168	0.072799	-0.149305
422	0.151886	0.289485	0.254446	0.280865	0.384152	0.592654	0.195436	0.511099	0.252500	0.429187	0.315154	0.277454	0.000000	0.046053	0.342846	0.205893	0.486773	0.548586	0.583376	0.476914
423	0.998303	0.536435	1.223985	1.058789	0.220151	1.293844	0.465348	0.769568	0.844222	0.441618	0.584662	0.836347	1.184979	0.770223	0.712445	1.074353	1.059135	0.990573	0.258926	0.000000
424	0.880733	0.477553	1.015098	1.071918	0.769073	0.879402	0.696591	0.873711	0.743756	0.808140	0.784573	0.763445	0.000000	0.872038	0.746044	0.868814	0.919921	0.871454	0.820976	0.778418
425	0.220248	-0.157728	-0.025210	0.138275	0.135574	0.056238	0.003031	0.368970	0.265935	0.432719	0.309801	-0.109656	0.549874	0.158517	0.284827	0.000000	0.212679	0.336769	0.101304	0.099191
426	0.703375	0.497479	0.555032	0.603365	0.851976	0.000000	0.826490	1.018474	0.948975	1.002729	0.882937	0.662527	1.055041	0.741170	0.962722	0.728795	0.852545	1.006111	0.858877	0.943281
427	0.000000	-0.039517	-0.086054	-0.115777	0.137116	0.340887	0.061468	0.120275	0.118743	0.073796	0.122844	0.059033	-0.078943	0.070405	0.251003	0.073478	0.088715	0.059045	0.203988	0.231798
428	0.292444	0.014095	0.000000	0.177037	0.237867	0.846258	0.387738	-0.016280	0.477065	-0.054898	0.132146	0.240089	0.240809	0.332285	0.620785	0.207374	0.153422	0.030259	0.346331	0.374086
429	1.339862	0.681481	1.621924	1.038900	0.848526	1.695506	1.047249	-0.082397	1.033537	0.359453	0.458054	1.392967	1.929341	0.869569	0.913118	1.452879	0.711119	0.000000	0.980449	0.939890
430	-0.230358	-0.466445	-0.013351	-1.054941	-0.632405	0.333911	-0.179166	-0.644856	0.250394	-0.403479	-0.487993	0.065077	0.000000	-0.516947	0.213043	-0.437963	-0.601814	-0.757347	-0.823114	-0.774680
431	2.754440	1.844737	2.964205	3.025611	0.000000	2.763947	1.988622	1.571760	2.797040	1.567651	1.698142	2.774768	3.065715	2.819801	2.686984	2.806417	2.718154	2.079271	0.977294	0.658159
432	2.092506	2.559268	2.688236	2.895353	2.525310	0.000000	2.697124	3.132604	2.959436	2.727744	2.714707	2.739086	2.545300	2.991570	3.206608	2.559164	2.997040	3.222800	2.555474	2.632149
433	1.028648	1.647627	2.217603	1.672446	2.331677	1.595290	2.101203	1.986189	1.795380	2.330473	1.919310	2.061627	0.000000	1.703044	1.917733	1.443573	1.912870	1.794703	2.321030	2.382403
434	-0.129150	0.118472	1.562700	1.273427	0.486138	0.862755	1.216641	-0.633787	1.281504	0.228939	0.257132	1.347375	0.000000	1.242844	1.616065	0.771087	0.711984	-0.592024	0.895266	0.725034
435	2.449912	1.848698	2.908831	2.877300	1.141666	2.569633	2.506454	1.622400	2.794854	0.000000	1.029284	2.593478	3.373122	2.327955	2.945276	2.565069	2.525688	2.183231	1.908593	2.028031
436	0.513463	0.695435	0.000000	0.923824	1.126267	1.236922	0.251501	1.122710	0.470874	0.957259	0.817064	-0.007069	3.134242	0.296010	0.375413	0.257106	0.580466	0.977214	1.095296	1.145997
437	0.760624	0.749967	1.869600	1.137798	0.548500	1.520569	0.690612	0.000000	0.104111	-0.203980	0.330411	1.389108	0.437321	0.689177	0.359972	1.101988	0.904806	0.386741	0.702879	0.593441
438	-0.143075	0.154260	-0.007049	0.070206	0.117796	0.254889	0.103596	0.451223	-0.020211	0.375583	0.296062	-0.202700	0.594109	0.000000	0.099940	-0.176260	0.111935	0.435208	0.114372	0.250463
439	1.905325	1.384774	2.941061	2.844627	1.412303	2.811176	2.077255	0.000000	2.462691	1.170955	1.406247	1.829449	3.173625	2.121395	2.363706	2.071901	1.348389	0.333234	1.740074	1.751136
440	2.624647	1.825138	3.522939	3.405775	1.314350	3.093166	3.031798	1.867368	3.257609	0.000000	1.070824	3.340868	3.341791	3.012943	3.422042	3.223104	3.184558	2.426425	1.749269	2.065404
441	1.467087	1.136626	2.258099	1.780265	0.874536	1.940488	0.000000	1.051780	0.429598	0.972978	0.979720	1.260186	3.062315	0.941326	-0.024388	1.318732	1.279899	1.225558	0.678585	0.346001
442	0.455003	0.604670	0.365911	-0.193501	0.786501	1.239458	0.932045	0.638745	1.105407	0.459569	0.252476	0.908091	2.678626	0.000000	1.247594	0.693428	0.779409	0.754693	0.744317	1.022395
443	1.517874	1.318004	3.268684	3.059078	0.902391	2.807863	2.391911	-0.112609	3.068414	0.583430	0.896129	2.804966	3.326880	2.388144	2.923645	2.531077	1.756839	0.000000	1.336741	1.376505
444	1.763111	1.271073	2.845555	2.677002	0.937465	2.255317	1.714449	1.487481	1.795097	0.000000	0.917300	1.825375	3.514847	1.910583	1.595279	2.047362	2.291539	1.978434	1.200348	1.148608
445	0.361667	0.302017	0.000000	0.279109	0.612292	1.074999	0.526738	0.687515	0.419819	0.550311	0.441070	0.287697	3.285582	0.392282	0.489954	0.526160	0.719696	0.806371	0.525728	0.688586
446	2.731280	1.654782	3.231382	3.354189	0.643950	3.206814	2.982958	1.247814	3.184679	0.000000	1.061606	3.306859	3.807090	3.087682	3.193136	3.168921	2.568459	1.655491	2.166673	2.304848
447	0.008136	-0.162777	1.650273	0.764586	-0.238164	0.963350	0.583324	-1.114779	0.437539	-0.965264	-0.612919	1.045166	1.739204	0.000000	0.454997	0.573728	0.245363	-0.877147	0.104352	0.158217
448	0.321018	0.161291	0.958261	0.701288	0.315935	0.993800	0.024294	0.000000	-0.364611	-0.298040	-0.071040	0.191021	2.886029	-0.038572	-0.403098	0.355130	0.435514	0.384993	0.346302	0.473736
449	0.000000	0.298275	0.626078	0.561123	0.585376	0.687433	0.573520	0.956849	0.336441	0.357334	0.196694	0.463858	3.343110	0.313070	0.453571	0.391775	0.927805	1.202741	0.517165	0.743711
450	1.432099	1.079551	3.468829	3.059642	0.693619	2.619696	2.389658	0.000000	2.630022	-0.284514	0.318614	2.843721	3.406367	2.557861	2.590794	2.443020	2.190032	0.723095	0.791472	1.111218
451	-0.597918	-0.494679	1.103948	0.000000	-0.407597	0.089753	-0.125167	-0.720418	-0.646162	-0.772274	-0.959700	0.169942	2.010046	-0.598779	-0.735729	-0.394099	-0.328340	-0.736496	-0.263428	-0.383714
452	0.450437	0.442755	1.063063	0.987757	0.534472	0.373317	0.318682	1.028754	0.236429	0.555748	0.393383	0.000000	3.279436	0.511353	0.209196	0.318481	0.788467	1.105577	0.564101	0.579503
453	1.932678	1.314741	2.995280	2.648104	1.271053	2.659118	2.285439	0.000000	2.217458	0.087105	0.539990	2.594200	3.289430	2.126830	2.201613	2.273895	1.602982	0.669789	1.635817	1.785964
454	0.528371	0.351455	1.738317	0.667522	0.397083	1.234828	0.587024	0.131507	0.268774	0.282476	0.246738	1.049990	2.022065	0.375971	0.308338	0.303655	0.000000	-0.055366	0.682932	0.557441
455	0.000000	0.409805	2.253067	2.029103	0.847767	1.489753	1.884678	0.534974	2.202198	0.827153	0.812022	2.128358	2.672322	1.944657	2.071548	0.544105	0.625063	0.039804	1.235043	1.116766
456	0.491075	-0.274755	0.523211	0.175353	-0.687297	1.061582	-0.408010	-0.572711	-0.139755	-0.335510	-0.289243	0.043072	1.864488	-0.088316	-0.122752	0.000000	-0.172469	-0.338398	-0.662138	-0.750761
457	1.766320	1.442281	2.302508	2.206603	0.200056	2.304845	1.084423	0.974935	1.793154	1.423187	1.400132	2.066736	2.636878	1.922356	1.649038	1.749800	1.581189	0.957848	0.497943	0.000000
458	-0.360615	-0.560771	0.000000	-0.011479	-0.421060	-0.401206	-0.327197	0.878541	-0.436746	-0.143479	-0.466954	-0.538010	1.643691	-0.460725	-0.415688	0.025212	0.805202	0.966598	-0.056181	-0.223315
459	0.587660	0.311943	0.328109	0.501859	0.274153	-0.543137	0.396590	1.065709	0.609238	0.527426	0.414008	0.000000	1.960036	0.461360	0.769342	0.323085	0.642059	1.148275	0.588252	0.489331
460	0.445505	0.161723	0.729301	0.000000	0.094357	0.796836	0.354793	-0.001409	0.303016	0.067331	-0.065097	0.576398	2.334208	0.127908	0.320596	0.360046	0.261295	0.016855	0.335617	0.220451
461	0.486316	0.329184	0.667720	0.557798	0.013575	1.203618	0.348943	-0.220934	0.215077	-0.119469	0.144677	0.410073	0.907233	0.406889	0.274981	0.296451	0.000000	-0.065314	0.099942	0.114486
462	1.847707	1.139609	2.938726	2.405888	0.229226	2.743132	1.545489	-0.382537	2.129970	0.575823	0.824340	2.509372	2.965547	2.135644	2.078580	1.986104	1.326459	0.000000	0.064534	0.160393
463	1.066301	0.733165	2.011072	1.517720	0.095919	1.045756	0.175901	1.248592	0.396734	1.032236	0.775109	0.852063	2.572916	0.838738	0.145643	0.470523	0.000000	1.001265	0.411209	-0.195277
464	1.825880	1.310471	2.941600	2.574877	-0.214355	2.588923	1.843445	1.334926	2.200142	0.000000	0.786394	2.392099	2.571238	2.112980	1.838463	2.210979	2.021255	1.695482	0.720164	0.900634
465	-0.013854	0.351551	0.818211	0.540121	0.018095	0.326246	-0.117943	0.337947	-0.319989	0.162378	0.108995	0.340874	1.219352	0.000000	-0.347849	-0.022359	0.293253	0.487859	0.118929	-0.017322
466	1.142528	0.864952	0.000000	0.771278	0.844410	1.512366	0.930040	1.228353	1.331425	0.837982	0.641309	0.923739	3.208828	0.825671	1.509503	0.975791	1.216424	1.561480	0.916938	0.963191
467	1.851068	1.133229	2.520243	2.170710	0.684801	2.782779	1.826980	0.000000	2.662300	0.435276	1.003448	2.371964	2.993574	2.252892	2.472047	2.266155	1.650153	0.215006	1.284459	0.949751
468	-0.215680	0.000000	1.495357	1.384603	0.670590	0.377334	1.055044	0.816829	1.203994	0.894916	0.563715	1.271756	1.587327	1.186260	1.162393	0.435131	0.846143	0.572108	0.734329	0.732737
469	0.575259	-0.131463	1.078426	0.995137	-0.816814	1.303409	0.011938	0.190961	0.793613	0.000000	0.174229	0.553121	2.348013	0.790930	0.596864	0.506186	0.787859	0.216264	-1.052829	-1.018219
470	0.000000	0.162859	1.147382	1.225415	0.680305	0.908165	0.304139	0.483511	-0.047858	0.718841	0.343984	0.144275	1.535027	0.226495	-0.123345	-0.200107	0.017711	0.233373	0.839221	0.709170
471	0.424510	0.105053	1.032800	0.774842	-0.160375	0.832295	0.292388	0.304784	0.752189	0.091028	0.181392	0.456940	0.000000	0.644436	0.584995	0.581351	0.661494	0.469656	-0.157766	-0.106524
472	1.049483	0.358102	0.845735	0.809512	0.391346	1.118746	0.671861	1.183575	0.744353	0.000000	-0.149772	0.626481	2.269052	0.067419	0.563234	0.924320	0.776722	1.406168	0.411767	0.508736
473	-0.071246	0.266390	0.666632	0.331237	-0.165555	0.670340	-0.077005	0.217970	-0.022957	0.087686	0.033275	0.221464	2.071923	0.202411	-0.023148	0.000000	0.417705	0.242888	-0.239740	-0.346897
474	1.053417	0.943651	1.257375	1.099065	0.967457	1.223176	0.897749	1.067084	1.024840	0.946192	0.991476	1.021899	0.000000	1.052592	1.102073	1.025426	1.185786	1.122404	1.166065	1.089729
475	0.543738	0.477116	0.450742	0.367726	0.099629	0.860086	0.347534	0.523827	0.586210	0.365983	0.439118	0.452554	1.669291	0.351840	0.577164	0.504434	0.530535	0.720536	0.104786	0.000000
476	1.517603	0.767335	1.312414	1.844253	1.175804	1.723887	1.266953	1.173520	1.446346	1.172998	1.338156	0.000000	2.166198	1.455995	1.293877	0.847922	1.472228	1.286563	1.267207	1.385081
477	0.360365	0.063668	0.449202	0.436799	-0.002487	0.592696	-0.104501	0.351744	0.056678	0.036857	0.024568	-0.140623	0.744179	0.178913	0.060212	0.038091	0.000000	0.478658	-0.111867	-0.137611
478	-0.117062	0.186442	0.761197	0.323947	0.104998	0.688058	-0.160989	0.491961	-0.167945	0.375416	0.070316	0.000000	2.632525	-0.013149	-0.271301	-0.018043	0.302483	0.381923	0.132611	0.008922
479	0.111153	0.000000	1.251134	1.293242	0.380294	0.441864	0.953447	0.720380	1.074878	0.702626	0.553181	0.967165	0.019316	1.122474	0.984227	0.485293	0.691307	0.480059	0.620800	0.604725
480	-0.079271	-0.444761	1.149669	0.539609	-0.721213	0.864481	0.180283	-0.134834	0.622919	-0.300131	-0.466718	0.748783	1.914596	0.193703	0.325799	0.288004	0.000000	-0.307662	-1.014189	-0.841136
481	1.266037	0.849044	2.595766	2.025304	1.087756	2.156401	1.526448	0.000000	0.672679	0.621117	0.684625	1.720906	2.751114	1.290018	0.480708	1.306908	1.059721	0.233911	1.026729	1.215602
482	1.276193	0.584228	1.733055	1.232245	0.225179	2.093693	0.870435	0.374427	1.207642	0.000000	0.354416	1.246216	3.100052	1.007185	1.042799	1.512891	1.403239	0.698215	0.044669	0.043189
483	1.442081	1.580719	2.160239	2.784253	1.874131	1.669958	2.121845	2.356270	2.594332	2.509762	2.219430	1.499786	3.103336	2.469986	2.698937	0.000000	0.817686	2.270432	1.673757	2.019009
484	0.848002	1.012103	2.213447	2.324317	0.940831	2.263958	2.232558	0.555883	2.503541	0.626480	1.184383	2.336784	0.165448	2.393723	2.610437	1.872027	1.379689	0.000000	1.730885	1.644544
485	1.540384	1.081409	2.221469	2.226592	0.837732	1.877796	1.835235	1.159273	2.255074	0.000000	0.781580	1.735760	2.610829	1.829512	2.291380	1.403698	0.979257	1.490133	1.485970	1.453476
486	0.017001	0.722817	0.551811	-0.254959	1.141555	-0.007658	0.721447	1.138324	0.875919	0.995247	0.480275	0.000000	2.347672	-0.302060	0.934302	0.090970	0.613709	0.892622	1.086101	1.234218
487	3.312422	3.104561	4.459897	4.278728	0.945384	4.065363	3.023969	2.850777	4.126094	2.870046	2.793863	3.949732	4.109068	3.977757	3.763764	3.869922	3.814111	3.248480	1.055020	0.000000
488	2.718773	1.875572	3.392005	3.549816	0.000000	3.288509	2.713946	2.579608	3.638357	2.353536	2.338819	3.284761	3.122934	3.435931	3.608602	3.085030	2.920799	2.300840	1.129727	0.906760
489	0.637782	0.530549	1.140547	0.975091	1.045136	0.273785	0.403784	1.163761	0.140312	0.408413	0.530253	0.382474	2.400088	0.000000	0.305771	0.464454	1.063322	1.233062	1.229089	1.108733
490	0.850826	0.203468	1.136334	1.052604	-0.302370	0.726557	0.048904	0.848399	0.059731	0.272896	0.145986	0.000000	2.189444	0.283939	-0.236533	0.516724	0.870924	1.126847	-0.182206	0.026826
491	1.050020	0.745220	0.269709	0.852284	1.566159	1.365713	0.800797	1.451041	0.646996	1.014197	1.112542	0.300209	2.975943	0.659092	0.788596	0.000000	0.828139	1.531442	1.588646	1.621727
492	0.449145	0.789037	1.610629	1.125814	0.358416	1.203261	0.000000	0.639704	-0.306912	0.695616	0.473755	1.039297	0.377324	0.357444	-0.674081	0.597156	0.825437	0.800227	-0.015481	0.123069
493	0.045867	0.172587	-0.039178	-0.190175	0.050078	0.546731	-0.048921	0.190396	-0.027676	0.155134	0.192779	0.172683	1.174391	0.021511	0.080145	0.000000	0.129138	0.221057	0.054417	0.013476
494	-0.011743	0.118539	0.877752	0.512111	0.293001	0.659594	-0.080790	-0.005051	-0.570421	-0.318659	-0.293174	0.004652	1.664200	-0.226077	-0.528939	0.050920	0.277356	0.000000	0.268465	0.283308
495	2.334949	2.051590	2.554587	2.670738	1.558296	2.731407	2.577079	0.698439	2.687721	0.000000	0.861405	2.673346	2.723260	2.429435	2.770879	2.718101	2.560680	1.633897	2.072164	2.227211
496	0.535150	0.123185	0.000000	0.310556	0.240640	0.905342	0.117289	0.705721	0.898488	0.197728	0.202513	-0.239222	2.530616	0.496376	0.955583	0.304516	0.624747	0.954150	0.130300	0.041934
497	-0.137718	0.146127	0.585778	0.508821	0.392467	0.494479	0.000000	0.083483	-0.536829	-0.169773	-0.214054	0.111639	1.762852	-0.159160	-0.634477	-0.074320	0.060401	0.161121	0.523045	0.529376
498	0.500025	0.203474	1.321920	0.505728	0.116037	0.995017	0.117068	0.235699	0.000000	0.428838	0.217715	0.666898	1.580996	0.039680	-0.122788	0.126749	-0.093556	0.050782	0.154432	0.051221
499	-0.022874	-0.371822	0.152118	0.062072	-0.490527	0.502896	-0.288107	-0.499927	0.000000	-0.172358	-0.112805	0.124361	0.957789	0.025491	0.057151	-0.059791	-0.261684	-0.516222	-0.483597	-0.591981
500	0.585276	0.409426	0.640388	0.610936	0.712314	0.000000	0.677213	1.073618	0.951017	1.069535	0.885973	0.664997	1.066252	0.706465	1.058374	0.438266	0.752231	0.982975	0.802287	0.765592
501	0.590855	0.131945	0.000000	0.524229	0.300919	0.456851	0.457774	0.590815	0.735881	0.526566	0.587425	0.189707	0.690222	0.595854	0.770369	0.135158	0.025232	0.577202	0.364899	0.411344
502	0.031309	-0.126557	0.000000	0.057743	0.064520	0.272859	0.169447	0.066830	0.063420	-0.064318	0.028592	0.159733	0.150853	0.057910	0.215619	0.160877	0.262392	0.116513	0.193649	0.197452
503	0.360097	-0.144536	0.088792	0.159300	0.000000	0.263746	0.230980	0.270807	0.158154	0.223204	0.247565	0.000634	1.033979	0.139800	0.272479	0.160421	0.154165	0.176166	0.309533	0.292669
504	0.425751	-0.030729	0.558574	0.649548	0.000000	0.970248	0.117369	0.053593	0.243007	0.381015	0.344669	-0.169577	1.414464	0.348847	0.252541	0.312046	0.015978	-0.201441	0.363054	0.236251
505	1.097237	0.668440	0.942333	1.077965	1.142960	1.499619	1.139507	0.144827	0.945705	0.468996	0.810167	0.815460	0.932144	0.882054	1.112425	0.720687	0.372394	0.000000	1.396963	1.340627
506	1.418346	1.035509	1.819402	1.297568	0.679167	1.875485	0.990078	1.118681	1.411274	1.048430	1.158060	1.531007	2.162923	1.220107	1.170746	1.530632	1.276849	1.295183	0.519508	0.000000
507	0.000000	0.966709	0.483338	0.671825	1.277088	1.278903	0.460422	1.431042	1.394691	1.499614	1.188724	0.812839	2.646177	0.755296	1.391027	0.443755	1.043532	1.268042	1.288339	1.069859
508	2.094405	1.254924	0.000000	1.776852	2.089252	2.163477	2.138801	2.582851	2.443227	2.447196	2.259042	0.871721	3.200944	2.338268	2.366072	1.534778	2.099988	2.640480	2.044913	2.093507
509	1.361967	1.677726	3.058209	2.895367	0.591299	2.527566	1.384039	1.562337	2.010350	1.685112	1.618821	2.139200	2.368410	2.176687	1.956622	1.677362	1.771381	1.492008	0.264266	0.000000
510	0.733245	0.710466	2.537739	1.514385	0.385495	1.747247	0.000000	1.007104	0.233219	0.815988	0.290024	1.092888	2.273344	0.277739	-0.085600	1.084085	1.301834	0.840188	0.595218	-0.006787
511	1.035452	1.015213	1.585591	1.506071	1.606468	1.734760	1.456211	1.162518	0.971131	1.346270	1.181535	1.499870	2.870871	1.121165	0.806744	0.374479	0.000000	1.003301	1.630581	1.605159
512	1.971065	1.379480	3.305293	3.253837	1.295884	2.488257	0.000000	2.375221	1.239172	1.315629	1.790062	1.957636	3.458219	1.927565	0.992066	1.593574	2.054508	2.581508	1.116186	0.946396
513	3.120292	2.453289	3.903927	3.800287	0.000000	3.817738	3.276602	1.717316	3.889267	0.974650	1.592273	3.800209	3.893621	3.667262	3.801826	3.747967	3.523375	2.612273	1.807582	1.693282
514	0.889452	0.923969	1.493785	1.175537	1.034900	1.843636	1.020440	0.502318	0.908158	0.000000	0.201422	0.890941	3.825751	0.688118	0.699791	1.007162	1.199977	1.130441	0.759985	0.886681
515	1.241868	0.971201	1.977350	1.550614	0.076809	1.543269	0.528158	1.012173	0.800794	0.758288	0.874651	0.881085	3.087019	0.911606	0.551051	0.882835	1.001405	1.455430	0.365285	0.000000
516	-0.045576	0.000000	1.651240	1.847629	1.118814	0.768717	1.339683	1.077629	1.328129	0.724998	0.821318	1.331929	1.971336	1.418600	1.718768	0.454301	1.242621	1.032583	1.445349	1.311540
517	0.515808	0.539424	2.280380	2.077754	1.184108	1.730312	1.617424	0.386702	1.714894	0.332919	0.570249	1.561549	2.968240	1.344994	1.720843	0.834935	0.603657	0.000000	1.477381	1.426106
518	1.389669	1.305914	2.144524	1.635679	1.083146	1.775813	1.128510	1.093697	0.479695	1.011428	0.935362	1.373566	3.293143	0.885557	0.000000	1.321979	1.192687	1.333449	0.970755	1.020672
519	0.000000	0.022568	0.925927	0.706148	-0.295318	0.670205	-0.275560	0.691358	0.631309	0.619791	0.287913	-0.423755	2.408154	0.293727	0.457358	0.140811	0.532384	0.510459	-0.348034	-0.579567
520	0.994066	1.194910	1.734056	1.679552	1.700188	1.521605	1.351132	1.734185	1.726852	1.812536	1.622996	1.112799	0.000000	1.397431	1.762764	0.990946	1.447643	1.467734	1.723340	1.715415
521	0.000000	0.228942	0.008624	0.210194	0.013208	0.304744	0.035888	0.820945	0.910220	0.615718	0.317743	0.072867	1.447886	0.106186	0.971401	0.083196	0.304453	0.896062	-0.243441	0.094384
522	-0.143698	0.270412	0.862993	0.245429	0.833916	0.740372	0.747042	0.813433	0.665178	0.328309	0.028323	0.591529	1.770696	0.183377	0.643523	0.000000	0.634325	0.729316	0.738961	0.914345
523	0.102136	0.213580	0.641592	0.595911	-0.007847	0.673358	0.375772	0.227389	0.852030	0.000000	0.117129	0.537122	0.120028	0.491680	0.838617	0.253991	0.423182	0.308138	0.188203	0.049210
524	0.074829	-0.126985	0.309675	-0.041318	-0.237990	0.486142	-0.181350	-0.422742	-0.126356	-0.146734	-0.197108	0.000000	1.146929	-0.220476	-0.207994	-0.108517	-0.116744	-0.322426	-0.209256	-0.154824
525	0.401066	0.850623	0.000000	0.907807	1.749175	0.969183	1.263315	1.407970	1.292593	1.440466	1.246503	0.957437	1.844648	0.925271	1.512902	-0.119152	0.658862	1.382765	1.783227	1.937171
526	0.091480	-0.253946	0.268410	0.442092	-0.759231	0.139847	-0.196674	0.212405	0.007015	-0.202141	-0.197746	-0.183939	-0.527217	0.032413	-0.089689	-0.109430	0.000000	0.368707	-0.593027	-0.335505
527	1.116384	0.884474	0.872777	1.165455	1.183936	0.631764	1.043221	1.483462	1.443826	1.233443	1.258635	0.622209	2.239018	1.243865	1.403463	0.000000	0.240709	1.587913	1.229131	1.012519
528	-0.016388	0.148634	0.427969	0.278551	0.213176	0.607599	0.226400	0.199026	0.217420	0.000000	0.133852	0.576114	-0.223785	0.190648	0.360467	0.111681	0.517565	0.365245	0.248430	0.059770
529	1.445154	1.063519	1.810831	1.867525	1.043081	1.642032	1.559952	0.972921	1.667821	0.000000	0.900928	1.394827	1.913086	1.575658	1.463953	1.418853	0.916911	1.305112	1.585954	1.464970
530	0.498628	0.427521	1.144888	0.940977	0.372862	0.347221	0.000000	1.225843	0.304137	0.748365	0.516277	0.476365	2.009185	0.403190	0.176356	0.553642	1.124710	1.336603	0.474946	0.293591
531	-0.569962	-0.972703	0.000000	-0.065743	-0.930910	-0.204968	-0.560496	-0.646073	-0.619744	-2.045031	-1.288414	-0.648670	0.878128	-0.689474	-0.562475	-0.324043	-0.419991	-0.396551	-0.773257	-0.722068
532	0.374290	0.413356	0.781944	0.799933	0.798814	0.458623	0.677086	0.731335	0.570058	0.839668	0.705039	0.371394	0.000000	0.590072	0.617949	-0.336737	0.013143	0.650378	0.734812	0.811130
533	0.219657	0.000000	0.621700	0.802578	0.960111	0.887445	1.181459	0.861102	1.331335	1.032845	0.903987	0.712317	0.646857	1.055229	1.418711	0.402394	0.622508	0.742829	1.003883	1.142145
534	1.328275	0.724475	1.896852	1.761964	0.870767	1.765232	1.186888	0.214232	0.973287	0.000000	0.369363	0.980376	2.085233	1.026827	0.502730	1.080315	0.616086	0.358308	1.158083	1.008190
535	0.571703	0.852836	1.146150	1.579679	1.243632	0.000000	1.437155	1.740005	1.502940	1.193420	1.183597	1.152439	1.975635	1.421142	1.664867	0.950463	1.472686	1.821866	1.432443	1.665982
536	-0.145072	0.163551	0.736458	0.431893	0.365248	0.359809	0.128044	0.058378	-0.170192	0.156999	0.106508	0.263087	-0.222111	0.030483	-0.290316	-0.080276	0.000000	-0.063163	0.368829	0.385328
537	0.147726	0.252545	-0.204826	0.596895	0.000000	0.515076	0.203271	1.770102	1.175786	1.828222	1.100215	-0.024629	1.324186	0.663643	1.202069	-0.092070	0.870188	1.525154	-0.035146	0.284914
538	1.025469	0.549966	1.370407	1.152421	0.616215	0.000000	0.901276	1.268949	1.217399	0.698768	0.584809	0.868646	2.331985	0.919082	1.253940	1.078705	1.470774	1.462845	0.602973	0.761872
539	0.786142	0.487566	1.444007	1.239246	0.563903	0.000000	1.060627	0.876028	1.357441	0.587425	0.580280	1.212015	2.091045	1.029942	1.230953	1.189103	1.087941	0.925680	0.689244	0.757221
540	-0.078489	0.253786	1.365184	0.513704	0.610291	0.894824	0.694065	0.266318	0.351489	0.340113	0.261016	0.864617	0.000000	0.383991	0.255717	0.465009	0.644739	0.212609	0.682602	0.680330
541	1.487537	1.074503	2.204660	1.882627	1.274029	1.957962	1.439122	0.138565	1.943547	1.018849	1.001528	1.417779	2.274089	1.391224	1.984000	1.332729	0.654964	0.000000	1.559124	1.421595
542	1.284044	0.757879	1.586674	1.306857	0.000000	1.881921	0.525677	1.132355	1.023682	0.739309	0.752123	1.135630	1.391833	1.074984	0.722160	1.383011	1.506417	1.344625	0.066422	-0.124235
543	0.541581	0.891647	2.061142	1.830924	0.967728	1.220213	1.301286	1.294690	1.289347	1.384596	1.283711	1.379404	0.000000	1.514039	1.388799	0.991050	1.545045	1.224583	0.835446	0.946011
544	0.478728	0.488411	1.097186	0.160746	0.492270	1.049205	0.434112	1.143041	0.798216	1.163527	0.750064	0.778860	1.546809	0.403760	0.668783	0.934061	1.134716	0.863990	0.000000	0.584504
545	1.043330	0.406566	1.727757	0.917167	0.402366	1.482091	0.864516	0.413382	1.545921	0.000000	0.327551	1.394178	2.731512	0.852097	1.449617	1.383734	1.255745	0.685019	0.542288	0.605975
546	1.345690	1.183477	3.105437	2.927550	2.546839	2.768962	2.803910	1.210824	3.173607	2.242690	2.200060	2.706740	2.820562	2.696408	3.179485	1.771206	1.347155	0.000000	2.855906	2.597090
547	2.335725	1.598297	3.520149	3.263850	1.116835	3.206324	3.013137	0.795566	3.278393	0.000000	0.689047	3.262336	3.632336	2.963906	3.349988	2.819799	2.280632	1.186958	2.198374	2.150026
548	0.083175	0.173588	1.993994	2.043523	0.859747	0.000000	1.631623	1.215080	1.991508	0.474638	0.700886	1.738111	2.270556	1.679045	2.111840	1.065716	1.170636	0.898875	1.377018	1.161100
549	2.011302	1.791189	1.708204	2.210887	1.990971	0.000000	2.197526	2.659825	2.631622	2.434217	2.245574	1.876717	2.606074	2.288007	2.813885	2.171502	2.528625	2.739563	2.104129	2.198256
550	0.898981	1.050342	1.645113	2.167905	0.254976	1.593098	0.714402	1.290921	1.768070	1.668145	1.427810	1.456034	1.317919	1.640889	1.556289	1.072389	0.922766	0.977005	0.652346	0.000000
551	0.057422	-0.115288	0.000000	0.001690	0.143792	0.420436	0.031371	-0.107448	0.002659	0.055328	0.022134	0.104684	1.480283	-0.120748	0.170456	-0.032086	-0.052830	-0.212993	0.278042	0.193456
552	0.171434	0.086311	0.000000	0.231305	0.285968	-0.604483	0.132886	0.800701	0.249262	0.514844	0.352741	0.068512	1.116370	0.178497	0.422496	0.259715	0.560023	0.712992	0.469566	0.314359
553	0.397031	-0.011440	-0.097544	0.293313	0.020793	-0.040048	0.003761	0.409348	-0.007762	0.316394	0.222771	-0.323550	1.063997	0.000000	0.048597	-0.007144	-0.054281	0.466225	0.097987	-0.003573
554	0.567630	0.756580	0.242782	0.631318	0.878308	0.984122	0.462694	1.021926	0.512828	0.901341	0.700533	0.000000	2.779624	0.332612	0.624058	0.697204	0.962171	1.058022	1.031400	0.839966
555	1.464900	1.120396	1.902513	1.870722	0.081107	2.114641	1.323801	0.753260	2.230389	0.775427	1.081844	1.999489	1.618711	1.926383	2.263618	2.014475	1.726759	0.927371	0.365683	0.000000
556	-0.955565	0.113289	0.473172	-0.776694	0.149826	0.186629	0.008808	0.122561	0.341024	0.118461	-0.400556	0.000000	0.634342	-0.809283	0.307757	-0.671926	-0.714452	-0.087989	0.026718	0.230683
557	0.470303	0.403562	0.132662	0.228569	0.843661	0.604601	0.418047	0.702500	0.271789	0.057211	0.194941	0.000000	2.562183	0.123931	0.320435	0.146951	-0.041759	0.824706	0.837287	0.729284
558	0.000000	1.257344	2.822882	2.412859	1.969849	2.192648	2.570845	1.806815	2.772056	1.885413	1.638496	2.498230	3.046537	2.328450	2.736854	1.224888	1.553920	1.552627	2.408851	2.263674
559	0.534286	0.152267	0.137673	-0.452006	0.659599	1.414242	0.826414	-0.052185	0.969999	-0.303105	-0.187010	0.727467	2.090955	0.132475	0.962302	0.587407	0.000000	0.027584	0.624984	0.675628
560	0.000000	0.859913	2.892437	2.299794	1.643587	1.942402	2.212882	0.960530	2.618691	1.486433	1.450224	2.552631	2.916589	2.197041	2.472763	1.144147	1.336116	0.502738	1.862711	1.522650
561	2.370445	1.639333	3.776285	3.448706	1.090127	3.276617	3.095671	0.117935	3.263584	0.000000	0.719998	3.531217	3.501817	3.064053	3.293318	3.044294	2.563367	0.906064	1.730244	2.012924
562	1.640608	1.012796	3.514785	3.104509	1.159750	2.817686	2.186228	0.049155	2.281174	0.929843	1.131474	2.367631	3.229239	2.342999	2.275262	2.054788	1.464746	0.000000	1.913123	1.798091
563	1.782470	1.323624	2.937739	2.814388	1.192838	2.699717	2.317712	0.000000	2.855771	0.689596	1.114872	2.659996	2.833182	2.412746	2.943047	2.091733	1.771789	0.517722	1.486813	1.803357
564	0.627885	0.280137	2.059748	1.362234	0.195893	1.523125	0.747312	-0.450579	1.049404	0.296786	0.277057	1.268969	2.473526	0.872646	0.909602	0.646647	0.000000	-0.027966	-0.172048	0.215532
565	1.990564	1.304301	3.486713	3.139794	0.000000	3.094491	2.012064	-0.037235	2.390914	0.640306	0.822936	2.849159	2.838611	2.733935	2.075577	2.585548	1.897430	0.775453	0.554880	0.301211
566	0.040329	-0.427999	0.831999	0.455181	-0.833201	0.786753	-0.018780	-0.601115	0.271560	-0.713058	-0.440213	0.368471	0.000000	0.137758	0.157475	0.319776	0.069489	-0.423324	-0.454068	-0.725893
567	1.137672	0.469735	2.176609	1.958662	0.293403	1.830940	1.240935	-0.217814	1.275890	-0.332903	0.198943	1.684822	2.172462	1.488242	1.102564	1.259598	0.477925	0.000000	0.740142	0.614309
568	0.115096	-0.228417	0.617909	-0.347343	0.194215	0.777083	0.067605	-0.581772	-0.144097	-0.540495	-0.314396	0.000000	1.920424	-0.255465	-0.107106	0.342594	0.262936	-0.524760	0.311065	0.140182
569	0.457947	0.496959	0.486522	0.759035	0.513869	1.040557	0.277179	1.110359	0.737338	0.932349	0.808253	0.000000	1.321886	0.661078	0.229328	0.325819	0.664786	1.164259	0.667084	0.273034
570	1.987633	1.563162	1.831444	1.988179	0.489817	2.302319	1.243774	2.306072	2.275463	2.193450	1.923119	1.716043	2.799604	2.038918	2.110864	1.768730	1.961571	2.347245	0.275560	0.000000
571	0.453306	0.365996	0.188820	0.265358	0.128808	0.889941	0.203389	0.295718	0.337517	0.323920	0.427592	0.300917	-0.305657	0.357549	0.287181	0.517811	0.425032	0.390402	0.284216	0.000000
572	0.531931	0.386509	0.252164	0.424309	0.425853	0.686412	0.113915	0.802322	0.524624	0.457269	0.531173	0.000000	1.975922	0.417515	0.610878	0.264583	0.278846	0.942724	0.386189	0.166301
573	1.656965	0.605956	0.000000	1.022643	1.046081	1.755113	0.829072	1.249220	1.428206	1.319299	1.325157	0.217561	2.535352	1.176918	1.555020	1.150432	1.583387	1.423907	1.186379	0.997380
574	-0.228819	-0.102467	0.023571	-0.105578	-0.385920	0.151046	-0.259574	-0.221076	-0.249674	-0.304982	-0.203064	0.035684	-0.335228	-0.101718	-0.102659	-0.098396	0.000000	-0.058615	-0.396183	-0.370349
575	0.048689	0.349131	0.278628	0.000000	0.441513	0.362359	0.180818	0.275103	-0.073717	0.176846	0.292557	0.450933	0.697450	0.062002	0.163897	0.245402	0.401094	0.287140	0.352642	0.325829
576	0.132546	0.314710	1.196843	0.587202	0.166885	1.164499	0.427790	0.419719	0.000000	-0.422266	-0.274048	0.377311	2.126881	0.128414	0.131943	0.508615	0.804802	0.786196	0.179255	0.259449
577	0.335751	-0.089841	-0.728574	-0.584734	0.319967	0.722515	0.222949	0.461626	0.514615	0.000000	0.058411	-0.265276	1.724498	-0.029771	0.211805	0.305426	0.741535	0.854335	0.039741	0.168715
578	-0.213071	0.234220	0.353467	0.106278	0.471960	0.258183	0.291369	0.545779	0.061106	-0.086078	0.044598	-0.079910	2.579310	0.000000	0.097353	0.193715	0.621357	0.804633	0.466288	0.483725
579	0.542797	1.210719	2.923435	1.502172	1.208056	2.131699	1.596206	0.514980	0.236408	0.615323	0.187983	2.122687	3.364033	0.535687	0.000000	1.391857	1.618786	0.946200	1.005611	1.301014
580	0.000000	0.913905	2.297781	1.890568	1.182861	1.521222	1.623649	0.316067	1.654324	0.813080	1.068738	1.671898	2.246906	1.555800	1.366483	0.826895	0.888203	0.038150	1.179147	1.056770
581	0.310332	0.016714	0.162423	0.059125	0.118534	0.962326	-0.011260	-0.141048	0.158271	0.018463	0.006330	-0.021532	2.731955	0.000000	-0.172690	0.441922	0.474060	0.225093	0.084099	-0.111302
582	0.000000	0.894558	1.729051	0.660779	1.012699	1.637778	1.185790	0.665502	1.169942	0.760361	0.555841	1.286613	3.237126	0.786523	1.203226	0.805785	0.957294	0.724801	1.131539	1.030764
583	2.330922	1.963831	3.868799	3.415084	0.643527	3.306029	2.714061	1.392563	3.119691	0.669098	1.164400	3.443263	3.431434	3.031312	2.835125	3.065658	2.756727	1.826786	0.000000	1.039026
584	1.328489	1.598347	1.787680	0.000000	1.542370	1.910876	1.735345	1.443946	2.201281	1.492560	1.272871	2.304605	2.818778	0.771089	2.078327	1.268341	1.353411	1.592667	1.628343	1.704082
585	0.340593	0.468446	0.606722	0.556987	0.446833	0.877698	0.393293	0.041088	0.000000	0.235422	0.258202	0.481433	2.843060	0.381593	-0.113226	0.490016	0.385012	0.270213	0.524554	0.411021
586	0.340846	0.626873	1.469898	0.000000	1.213653	1.770376	1.205713	0.616960	0.950924	0.951461	0.704983	1.400800	3.122558	0.675252	1.054780	0.838037	0.809089	0.204558	1.371445	1.206387
587	1.422456	0.822531	3.472281	2.845584	0.000000	2.810308	2.325651	0.053791	2.163740	-0.140688	0.324511	2.890014	3.337692	2.461201	2.001799	2.320458	1.828415	0.240440	0.460940	0.841543
588	0.874444	0.689401	1.137434	0.660726	0.822113	1.685992	1.205676	0.000000	1.378377	0.424819	0.407223	1.343349	2.649803	0.897828	1.172347	1.022908	0.797098	0.343963	0.634846	0.776075
589	0.057603	0.170012	0.465662	0.313561	0.417127	0.788751	0.329111	0.203127	-0.150781	0.115985	0.153774	0.000000	2.932639	0.252444	-0.210800	0.213740	0.366890	0.433627	0.428551	0.459468
590	2.137746	1.495508	3.199484	2.827146	0.000000	3.063041	2.050096	1.633035	2.323858	1.340136	1.486304	2.883106	4.136079	2.559588	2.350626	2.567163	2.564316	2.012675	0.091439	0.576243
591	1.700129	0.772508	3.412909	2.991316	0.832318	2.806142	2.571429	-0.253918	2.722337	-0.325074	0.237777	3.010094	3.261589	2.613747	2.662559	2.680928	2.041543	0.000000	1.029664	1.263987
592	0.517303	0.605209	1.901557	1.064618	0.759450	1.349579	0.717061	0.453837	0.000000	0.104786	0.241326	1.117303	3.196764	0.505953	0.059513	0.835430	1.036962	0.786684	0.839821	0.786330
593	0.176138	0.218295	0.601807	0.562700	0.631283	0.229206	0.461271	0.825426	0.316953	0.600826	0.306120	0.000000	3.195783	0.303121	0.350237	0.059809	0.521193	0.844765	0.492566	0.648886
594	1.863790	1.298727	2.525160	2.424580	0.350809	3.029800	1.299507	0.987294	2.579337	0.931750	1.157590	2.122772	3.790044	2.098435	2.500169	1.886285	1.739246	1.283044	0.162031	0.000000
595	0.225782	-0.025539	0.276937	0.305790	-0.083749	0.627644	-0.060739	-0.079875	0.000000	0.126525	0.099313	0.048588	1.225996	0.062520	0.055492	0.100836	0.158805	0.051606	0.022471	-0.099150
596	0.518377	0.238022	-0.179984	0.415724	0.580186	1.207140	0.657831	0.722873	1.426711	0.552065	0.683831	0.000000	1.646362	0.881405	1.487158	0.399430	1.100336	0.832913	0.729656	0.598339
597	0.188384	0.290240	0.381500	0.206135	0.478927	0.741497	0.387820	0.280394	0.279564	0.389759	0.407635	0.504025	0.000000	0.368439	0.469386	0.301791	0.378666	0.335025	0.523774	0.529929
598	0.837480	0.680594	0.617811	1.060546	0.390260	1.239455	0.452806	0.706125	0.567883	0.430049	0.406640	0.000000	2.186333	0.552883	0.619886	0.462387	0.354215	0.798755	0.158067	0.302171
599	2.498564	1.688885	2.993185	2.923522	0.761586	2.760685	2.521101	0.897647	2.889130	0.000000	0.963748	2.873843	3.138033	2.672993	2.885501	2.646137	2.196544	1.412827	1.926113	1.908342
600	0.295844	-0.095026	0.026796	-0.354349	0.136795	1.187933	0.055170	-0.126564	0.363803	0.071078	-0.016249	0.353168	2.730196	-0.053384	0.445192	0.019496	0.000000	0.080072	-0.101706	-0.035119
601	2.237358	1.540268	3.299310	3.235484	1.369498	3.020182	2.818725	0.000000	3.078541	1.018417	1.394230	3.140585	3.034590	2.988970	3.112276	2.867076	2.274223	0.544106	1.655996	1.877748
602	0.938860	0.686593	0.805633	0.902923	1.149620	1.881480	1.112358	1.198544	1.711636	1.397192	1.180807	1.063730	2.725130	1.141400	1.646343	0.000000	0.548907	1.073298	1.139423	0.854694
603	1.766726	1.162164	2.600082	2.327498	0.000000	2.411660	1.770367	1.346703	2.404333	1.520124	1.488376	2.448580	2.284715	2.332399	2.307103	2.080837	2.019074	1.438770	0.447391	0.469837
604	0.356720	0.231410	1.308192	1.103303	0.518037	0.950583	0.495405	0.684201	0.306827	0.908787	0.450055	0.617022	2.474681	0.482773	-0.038853	0.043009	0.000000	0.579124	0.404504	0.443475
605	0.000000	0.032917	0.950244	1.039497	0.235272	0.949999	0.362474	-0.139100	0.679306	0.317233	0.280161	0.560790	1.326136	0.713721	0.303845	-0.194575	-0.965699	-0.293117	0.182177	0.073905
606	0.005654	0.093021	0.299104	0.000000	0.061790	0.518075	0.185923	0.664761	0.749818	0.724854	0.433322	0.441805	0.797808	0.247246	0.610581	-0.006967	-0.142090	0.485882	-0.283250	0.005472
607	0.031213	-0.068956	0.579695	0.537930	0.128827	-0.036494	0.310834	-0.115925	0.252356	0.156697	0.014968	-0.018786	0.983743	0.112529	0.000000	-0.575194	-0.528059	-0.024407	0.124977	0.338955
608	0.073351	0.478403	1.478148	1.286460	0.797114	1.053376	1.140250	0.487894	1.666122	0.229046	0.228843	1.148800	2.157218	1.097038	1.631379	0.000000	0.196380	0.564299	0.530010	0.760300
609	0.636108	0.081268	1.164841	0.892349	-0.239142	1.049141	0.594944	0.000000	0.648139	0.115997	0.210282	0.933344	1.028471	0.697490	0.499257	0.800056	0.679648	0.342400	-0.355042	-0.156520
610	0.073050	0.212211	0.424287	0.000000	0.028893	0.506625	0.354155	0.007142	0.570048	0.006935	-0.036105	0.619453	1.558565	0.099444	0.473481	0.324034	0.347244	0.249763	-0.147520	0.062349
611	0.794241	0.707083	0.000000	0.422145	0.556575	1.399107	0.783073	0.538515	1.326748	0.593243	0.550025	0.743116	2.378371	0.954999	1.099253	0.855057	0.804834	0.847382	0.189576	0.384405
612	0.622436	1.101314	0.611477	0.000000	1.775690	2.000269	1.712076	1.557273	2.174857	1.608584	1.216740	1.694144	3.317904	1.188936	2.101339	1.084242	1.326722	1.369268	1.486127	1.643656
613	0.559508	0.380478	1.655493	1.260572	0.438976	1.167432	0.877994	0.068428	0.771742	0.000000	0.215283	1.181957	2.048441	0.852249	0.456138	0.803271	0.782512	0.361278	0.301410	0.545844
614	-0.420023	-0.165128	0.169325	-0.011533	-0.029132	0.071811	-0.115083	-0.113210	-0.273310	-0.107143	-0.233229	0.000000	1.680100	-0.207809	-0.313824	-0.230473	0.044302	-0.040283	-0.108170	0.038324
615	0.349398	0.523117	0.911416	0.835266	0.478719	0.916695	0.562377	0.539724	0.333966	0.462809	0.429287	0.665873	2.069681	0.621955	0.000000	0.519209	0.732051	0.710954	0.469559	0.511369
616	-0.473391	-0.210381	0.182470	0.000000	0.020143	0.166684	0.195061	-0.365398	0.172177	-0.493685	-0.479891	0.132470	1.126044	-0.142839	-0.003703	-0.225215	-0.132273	-0.188170	-0.138736	0.070649
617	-0.126041	-0.096771	0.711809	0.699606	-0.079688	0.370441	0.123743	-0.144891	0.110803	-0.096342	-0.075693	0.175698	1.552449	0.225144	-0.121356	0.000000	0.028487	-0.035498	-0.324000	0.000366
618	-0.624656	-0.696079	0.000000	-0.063541	-0.663252	-0.162361	-0.388106	-0.491511	-0.372102	-0.803484	-0.724607	-0.191012	1.136956	-0.369404	-0.422349	-0.344161	-0.161623	-0.303693	-0.765570	-0.595020
619	-0.031384	0.252803	0.250749	0.339602	0.466701	0.596764	0.340317	0.467596	0.085198	0.098201	0.041614	0.219022	1.686154	0.171821	-0.169920	0.000000	0.301301	0.562588	0.474954	0.548876
620	0.190192	0.100860	0.000000	0.316713	0.508306	0.427855	0.529770	0.237518	0.318301	0.279670	0.300276	-0.082345	0.816272	0.274584	0.211581	0.234889	0.309684	0.257367	0.388312	0.607494
621	0.373957	0.235566	1.264233	0.991448	0.135024	0.941533	0.626955	-0.028085	0.421780	-0.026256	0.066127	0.923764	1.624492	0.632407	0.364119	0.576639	0.409069	0.000000	-0.074662	0.194713
622	0.370122	0.165739	0.642229	0.621292	0.000000	0.386874	0.685110	0.175546	0.283042	0.016217	0.271213	0.668536	-0.317950	0.571428	0.358202	0.449331	0.354884	0.287800	0.065202	0.301849
623	0.670689	0.355070	1.574503	1.434817	0.038857	1.347812	0.644536	-0.317835	0.664431	0.079551	0.315960	0.852737	1.077798	0.950600	0.544265	0.674330	0.000000	-0.148411	-0.136345	0.067260
624	0.715020	0.414226	1.626873	1.153390	-0.003641	1.258840	0.792458	-0.262535	0.804995	-0.239154	0.088571	1.178736	1.333799	0.872892	0.659644	0.968301	0.642123	0.000000	-0.108412	0.085329
625	0.099308	0.102440	1.433090	1.327323	-0.408057	0.887789	0.733958	-0.138066	1.192553	-0.479062	-0.157065	1.217896	1.759307	1.010769	1.171596	0.863893	0.638161	0.000000	-0.370999	-0.254934
626	0.651667	0.649274	1.966615	1.720938	0.241236	1.408158	1.457657	0.000000	1.438757	-0.078635	0.422390	1.804634	2.142255	1.483848	1.497016	1.316698	1.039531	0.385028	0.379059	0.592014
627	-0.166337	0.293608	1.193651	0.912598	-0.239237	0.487690	0.385285	0.491719	0.785933	0.169548	0.084107	0.533939	1.487060	0.590968	0.713689	0.000000	0.206371	0.596244	-0.148463	-0.104577
628	1.504511	1.110484	2.738471	2.483777	-0.070363	2.260226	1.792577	0.866999	2.391527	0.600268	0.847098	2.396738	2.312884	2.202459	2.281052	2.155942	1.894356	1.316103	0.310272	0.000000
629	0.000000	0.214885	1.604529	1.455523	-0.472597	0.756533	0.951971	-0.615793	1.321486	-0.935600	-0.369447	1.412265	1.865370	1.135665	1.347767	0.859278	0.501327	-0.173502	-0.063817	0.062340
630	1.436318	1.308991	2.596800	2.346084	0.708677	2.078947	1.988244	0.000000	2.109849	0.274226	0.853204	2.319003	2.508489	2.112054	2.141918	1.970476	1.596449	0.642658	1.057694	1.300411
631	1.134665	0.811963	1.919484	1.072484	0.318514	1.975799	1.481042	0.112123	1.886796	0.264511	0.000000	1.878495	1.826050	1.241226	1.879217	1.597529	1.389748	0.699501	-0.256180	0.585540
632	0.810509	0.798757	2.291623	2.041003	0.000000	1.516909	1.943858	0.444885	2.351944	0.442152	0.684591	2.293355	2.090350	2.047166	2.356768	1.515611	1.297182	0.648258	0.464304	0.757584
633	0.800921	0.838582	2.171389	2.009237	0.516886	1.450421	1.656496	0.221426	1.848956	0.000000	0.624815	2.114475	2.436872	1.819462	1.855787	1.544306	1.314686	0.594257	0.727685	0.783979
634	2.375007	1.982374	3.396724	3.125170	0.761929	2.960930	2.097463	1.677420	2.737326	1.640041	1.860655	2.832179	2.804452	2.747662	2.414572	2.698239	2.413713	2.040179	0.703826	0.000000
635	2.032010	1.611063	2.807678	2.542865	1.757058	2.906609	2.682631	0.000000	2.683388	1.067750	1.447423	2.654763	2.730674	2.541721	2.724844	2.504960	1.990901	0.454188	1.748530	2.094786
636	-0.472882	-0.381156	1.165086	0.798498	-0.142613	0.401470	0.714649	-0.744125	0.852137	-0.525068	-0.608915	0.858450	0.948173	0.558694	0.963145	0.000000	-0.049188	-0.600924	0.055444	0.122251
637	0.783377	0.457984	1.770612	1.704735	0.192977	1.220364	0.832659	0.129646	1.035732	0.000000	0.405013	1.469175	2.013275	1.234301	0.957781	1.170310	1.000165	0.448937	0.257510	0.279573
638	0.000000	0.207621	1.622967	0.979720	0.399261	1.174596	0.763120	-0.193628	0.299518	0.046429	-0.038024	0.943247	1.742563	0.432927	0.302016	0.329228	0.224274	-0.133185	0.276293	0.473561
639	1.768865	1.266021	2.485846	2.341707	1.282562	2.243893	2.280088	0.700329	2.347797	0.000000	0.578372	2.322021	2.321431	2.103302	2.467420	2.058452	1.841409	1.150258	1.500928	1.750110
640	0.354813	0.086663	0.934588	0.897337	0.248598	0.000000	0.490834	0.530245	0.632722	0.387668	0.224042	0.357841	1.122332	0.457311	0.584699	-0.377433	-0.219179	0.687722	0.005576	0.350995
641	0.281630	0.091463	0.044143	0.195104	0.166029	0.474578	0.000000	0.097455	0.405931	0.116914	0.214365	0.210326	0.556006	0.245655	0.394101	0.186083	0.240808	0.207037	0.158320	0.107083
642	0.336618	-0.219467	0.745090	0.837173	-0.658831	0.654364	0.018920	-0.031415	0.267717	0.024158	0.000000	0.372560	0.116967	0.493732	0.076947	0.444394	0.462169	0.190604	-0.898657	-0.687343
643	0.218155	0.142462	0.518851	0.478452	0.380273	0.440388	0.168292	0.199244	0.000000	0.244385	0.282525	0.155513	0.756091	0.150830	-0.028455	0.069009	-0.044162	0.182474	0.439308	0.324349
644	0.530210	0.224802	-0.073049	0.500993	1.050629	0.757725	0.500629	0.989994	0.806848	0.989406	0.914072	0.252667	1.112504	0.596152	0.913891	0.000000	0.326354	0.866454	1.012067	1.013657
645	0.304508	0.000000	1.052918	0.906088	0.038418	0.605106	0.468363	0.255172	0.429940	0.159934	0.229968	0.870698	0.029611	0.691897	0.491362	0.501567	0.635872	0.285067	-0.146555	0.162064
646	0.092156	-0.046996	0.500016	0.294783	0.211799	0.309383	0.120639	0.355486	0.056841	0.185575	0.242901	0.343882	0.862705	0.229822	0.000000	0.164837	0.325227	0.392688	0.005915	0.085095
647	0.996066	0.382250	1.155772	1.240732	0.804281	0.989496	0.475288	0.906158	0.250342	0.691948	0.684870	0.435561	2.043870	0.598402	0.000000	0.511449	0.205980	0.892085	0.866033	0.633431
648	0.469534	0.123566	1.173664	0.829182	0.349518	0.985252	0.703130	0.010578	0.453837	0.000000	0.256810	0.979737	1.231173	0.622328	0.365395	0.693538	0.638088	0.240487	0.049460	0.294498
649	0.642253	0.212373	1.646020	1.482676	0.129659	0.801289	0.924949	0.595502	0.920486	0.000000	0.383696	1.306895	0.417745	1.106205	0.946023	1.162032	1.193122	0.843409	-0.103052	0.200064
650	0.821011	0.416933	1.517914	0.909159	0.480857	1.073282	0.665675	0.017949	0.350242	0.343310	0.328698	0.942973	1.568172	0.384858	0.218245	0.831168	0.762689	0.000000	0.320422	0.437785
651	0.414919	0.037351	0.000000	0.188062	0.224912	0.519969	0.171480	0.603334	0.449934	0.233686	0.134757	0.110884	1.621061	0.176373	0.383885	0.319855	0.248245	0.640611	0.080591	0.038826
652	0.220626	0.104818	1.665808	1.496174	0.541120	0.835675	1.061264	0.432779	1.102706	-0.310410	0.025362	0.965246	1.909727	0.956485	1.094062	0.000000	0.384436	0.634694	0.139303	0.598978
653	0.976522	0.358598	2.429385	2.053886	0.561935	1.259573	0.700252	1.266215	0.000000	0.205891	0.237269	1.134502	1.606586	0.788064	-0.428672	1.127302	1.324952	1.456779	0.569502	0.650519
654	0.225765	0.054061	1.344960	1.276474	-0.266613	0.844247	0.834903	-0.011111	1.061878	-0.101051	0.154452	1.247848	1.395764	1.024411	0.995872	0.811106	0.594190	0.000000	-0.202081	0.018029
655	0.073042	-0.024734	0.783528	0.745338	-0.054166	0.222116	0.401978	-0.118912	0.264334	-0.194318	-0.135821	0.432084	0.472916	0.417215	0.217238	0.000000	-0.114512	-0.059991	-0.238526	0.137020
656	1.585810	1.292617	1.891892	1.786405	1.322297	1.939945	2.209610	1.097320	2.027358	0.000000	0.824755	2.194085	1.833400	1.800289	2.135194	1.914302	1.747934	1.371613	1.758525	1.966865
657	-0.014277	1.047161	1.720015	1.446676	1.091232	0.000000	1.660495	1.300644	1.553506	1.109411	1.091139	1.645938	1.540502	1.459070	1.684022	0.746376	1.206169	1.312899	1.262744	1.517560
658	0.745711	0.532881	2.144373	1.929378	-0.185873	1.511196	1.619019	0.000000	2.046310	0.060754	0.337498	2.094786	1.986041	1.702222	2.047894	1.489825	1.181427	0.395255	-0.128951	0.307363
659	0.000000	0.286566	1.687935	1.389512	-0.162366	0.863866	1.027044	-0.041876	1.369580	-0.155994	0.165948	1.503803	1.976578	1.137608	1.414798	0.913946	0.768627	0.224275	-0.383385	-0.005812
660	-0.642277	-0.054982	1.395249	1.051638	-0.125682	0.000000	0.816640	-0.144959	1.341419	-0.300960	0.020815	0.960611	1.481900	0.979170	1.299161	0.098019	0.288092	0.011494	-0.291087	0.058128
661	1.036107	1.063925	2.281184	2.162139	0.841939	1.726356	2.113173	0.000000	2.376289	0.203307	0.652927	2.277776	2.233283	2.099954	2.358661	1.677133	1.323721	0.441197	0.678753	1.220809
662	1.033239	0.994936	2.383222	2.290519	0.457491	1.734982	1.953893	0.409563	2.451463	0.000000	0.596342	2.373539	2.511646	2.139701	2.516792	1.717016	1.455787	0.767190	0.797729	0.935512
663	1.497485	1.345295	2.633768	2.439524	1.084206	2.193273	2.397638	0.000000	2.560401	-0.031973	0.551503	2.513187	2.422727	2.219790	2.586103	1.887462	1.549919	0.769880	1.207599	1.646183
664	1.267093	1.026481	1.939887	1.891359	1.198482	1.780863	2.025516	-0.467191	1.889186	-0.093780	0.491345	1.914719	1.797034	1.800419	2.009238	1.511108	1.050431	0.000000	1.523188	1.747727
665	1.399398	0.953973	2.776530	2.572038	0.757100	2.231866	2.505213	0.672544	2.768643	0.000000	0.663644	2.787530	2.694439	2.511515	2.867140	2.114210	1.915571	1.071478	1.331312	1.526208
666	-0.614007	0.059304	1.391376	1.533210	-0.612392	0.335529	1.028016	-0.036283	1.714650	-0.354694	-0.381552	1.240709	1.969243	1.187526	1.657356	0.000000	0.205314	0.117580	-0.382347	-0.171599
667	-0.134109	1.153535	2.348113	1.884199	1.595603	0.935080	1.928575	1.406794	1.959610	1.494927	1.172200	1.871415	2.046215	1.713780	1.946641	0.000000	0.652884	1.246249	1.667954	1.828679
668	1.371352	0.811838	2.269667	2.142170	0.937073	2.029550	2.202408	-0.029038	2.393569	0.495094	0.956406	2.313964	2.144344	2.247303	2.421586	1.985080	1.492619	0.000000	0.908095	1.290637
669	0.000000	0.233846	1.682307	1.693710	-0.191420	1.333589	1.363439	0.014124	1.859395	-0.561356	-0.090295	1.735062	2.182023	1.495175	1.900117	1.204306	1.018552	0.412299	0.402978	0.351767
670	-0.120234	0.000000	1.867154	1.521852	1.072549	0.727568	1.821998	0.028202	1.864786	0.228767	-0.123575	1.686769	1.912274	1.387920	1.989383	0.386389	0.687330	0.010041	1.506737	1.496227
671	-0.807049	0.165794	1.517943	1.196647	0.811798	0.622064	1.268527	0.335265	1.299365	0.411294	0.278424	1.267301	1.616747	1.028673	1.204665	0.000000	0.005193	-0.013857	1.166803	1.100478
672	1.273675	0.883097	2.701225	2.394063	0.332893	2.459432	2.211613	0.126582	2.785209	0.000000	0.527880	2.716197	2.875190	2.331188	2.649959	2.252772	1.822449	0.541484	0.691258	0.894584
673	0.770548	1.553542	2.061471	1.945789	1.744378	0.000000	2.102740	2.092653	2.108689	1.747310	1.731281	1.973233	2.220592	1.982870	2.264819	1.281794	1.878388	2.146250	1.849420	2.054830
674	0.426991	0.338233	1.843235	1.696367	-0.042068	0.992218	1.324692	-0.211523	1.767880	-0.222089	0.100972	1.868392	1.934291	1.519906	1.788485	1.266727	1.026131	0.000000	0.433834	0.541513
675	0.477405	0.244392	2.082486	1.939554	0.000000	1.212552	1.651975	0.917687	2.007884	-0.128329	0.203989	1.909401	2.096816	1.678831	2.002679	1.426760	1.293837	0.935213	0.661606	0.788561
676	-0.449540	0.246470	2.104414	1.703386	-0.118649	0.853837	1.180887	0.446498	1.681453	0.353111	0.095904	1.513324	2.695857	1.404645	1.550343	0.000000	0.628368	0.359820	0.412752	0.211231
677	0.545257	0.550764	2.292207	2.001883	0.158242	1.314909	0.928663	0.880996	1.017962	0.372455	0.448083	1.706001	2.426648	1.246201	0.743305	1.320405	1.437463	0.943240	0.177249	0.000000
678	0.622360	0.016418	2.606303	2.216510	-0.743792	1.668363	1.091157	0.000000	1.605039	-0.540177	-0.330766	2.005332	2.552050	1.489642	1.504610	1.569748	1.547267	0.425954	-0.326956	-0.126991
679	1.192439	0.869558	1.548050	1.619107	1.183641	0.000000	1.056315	1.842072	1.090767	1.324612	1.191440	1.123995	2.213526	1.242423	1.050156	1.161740	1.587225	1.856534	1.360022	1.450916
680	0.723502	-0.006429	2.025266	1.445564	-0.215990	1.557735	0.753060	-0.205955	1.348986	0.000000	0.180255	1.718421	2.233388	1.249736	1.195649	1.355316	0.940723	-0.285389	-0.314178	-0.183382
681	0.414139	0.052646	0.694448	0.608367	0.358665	0.607893	0.584033	0.241222	0.645138	0.200702	0.329590	0.608662	0.000000	0.632821	0.727010	0.423878	0.471205	0.268553	0.415461	0.395899
682	0.997981	0.269009	2.261206	2.025394	0.482294	1.939263	1.824723	0.208059	2.230348	0.000000	0.415236	2.180766	2.185519	1.808678	2.137196	1.659276	1.202571	0.096932	0.592715	0.953635
683	0.224438	-0.208006	1.048859	0.829127	-0.339045	0.889320	0.383183	0.084329	1.141102	-0.270186	-0.152925	0.756665	1.038719	0.642645	1.008322	0.305151	0.000000	0.101280	-0.416711	-0.326677
684	0.680358	0.151680	1.311547	1.057454	0.248376	0.948696	0.673661	0.317814	0.642447	0.000000	0.276202	0.962168	0.296390	0.757046	0.327240	0.794037	0.674032	0.504568	0.177406	0.435193
685	0.460328	-0.030400	1.006073	0.769591	-0.120490	0.786777	0.592802	0.000000	1.412443	-0.106670	0.087589	0.801851	1.372915	0.791824	1.287732	0.829908	0.698656	0.210842	-0.274358	-0.001989
686	0.672559	0.619584	0.401126	0.970826	1.051629	1.200993	1.132596	0.350898	1.622096	0.606422	0.681080	0.715785	1.453704	0.961204	1.553297	0.696720	0.293015	0.000000	1.154863	1.256686
687	0.199941	0.066162	1.380394	1.272956	-0.174467	0.795127	0.866715	0.000000	1.130261	-0.049338	0.050038	1.217107	1.628190	0.965713	1.015227	0.826841	0.714235	0.186333	-0.221571	-0.070146
688	-0.316966	-0.878599	0.555297	0.000000	-0.927548	0.205302	-0.459435	-0.910331	0.024648	-1.054927	-0.810681	-0.027500	0.767587	-0.079285	-0.309458	0.126689	-0.027656	-0.688828	-1.129414	-1.061121
689	0.550006	0.117492	1.618353	1.350872	0.142604	1.249130	0.902143	0.044806	1.452532	-0.182005	-0.000504	1.116015	2.055583	0.985748	1.358063	0.996139	0.772498	0.000000	0.275211	0.374120
690	1.386235	0.842426	2.322752	1.924649	0.975452	2.035977	2.085651	0.000000	2.035123	-0.193299	0.563241	2.250610	2.074201	1.937567	1.959763	2.042416	1.576593	0.361317	1.319237	1.433484
691	1.000236	0.577051	1.830310	1.694405	0.203431	1.457835	1.363318	0.372252	1.712236	-0.008008	0.496079	1.383457	0.000000	1.593719	1.774653	1.335733	0.979534	0.612928	0.638982	0.870501
692	1.223440	0.644465	1.644772	1.566952	0.000000	1.662987	1.155520	0.550062	1.454276	0.501371	0.562455	1.272501	1.478405	1.296709	1.227765	1.131531	0.932660	0.882624	-0.271515	0.423136
693	1.477028	0.571681	2.026233	1.712566	-0.094385	1.942264	1.234491	0.041078	1.636896	0.000000	0.504749	1.744781	1.722898	1.628004	1.486582	1.627026	1.156254	0.400115	0.227122	0.127898
694	0.981681	0.732863	2.123184	1.906001	0.814511	1.910201	1.843803	0.035203	2.037735	-0.028908	0.472249	1.732103	1.811910	1.760375	2.007493	1.379192	0.909165	0.000000	1.172078	1.347481
695	1.726148	1.421384	2.686473	2.332309	0.661361	2.113229	2.171612	0.822845	2.466152	0.000000	0.564908	2.457337	2.610212	2.219406	2.513269	2.002031	1.860395	1.495902	1.206261	1.395271
696	0.000000	-0.164915	1.309444	0.913859	-0.422674	0.843293	0.577354	-0.472059	0.808996	-0.377120	-0.298897	0.826575	1.168059	0.623621	0.701008	0.387831	0.152361	-0.177992	-0.614063	-0.139770
697	0.872925	0.506817	1.508561	1.255846	0.475163	1.331956	1.230731	-0.196151	1.081695	-0.019944	0.295011	1.303347	1.182151	1.045911	1.054862	0.952406	0.587322	0.000000	0.681476	0.885973
698	0.113365	0.460545	1.316347	1.293000	0.409272	0.000000	1.004230	0.841461	1.190655	0.605187	0.570217	1.113633	1.626188	1.101784	1.226641	0.389148	0.637121	0.872274	0.549882	0.787471
699	0.267316	0.193604	1.481002	1.315609	-0.093859	0.945851	1.132895	-0.089214	1.462247	-0.074748	0.029460	1.129909	1.878006	1.104841	1.441315	0.495798	0.282744	0.000000	-0.185520	0.249675
700	-0.562896	-0.759571	0.000000	0.079203	-1.277349	0.005144	-0.516627	-1.215587	0.169286	-1.438812	-0.961682	-0.358355	0.480159	-0.234325	0.129882	-0.492452	-0.620273	-0.845959	-1.463553	-0.996922
701	-0.323679	-0.120812	0.536725	0.699459	-0.605824	0.422265	-0.116455	-0.498854	0.192047	-0.476816	-0.498060	0.000000	1.596146	0.085975	0.016193	0.051495	0.033573	-0.221514	-0.669653	-0.434665
702	0.945991	0.711531	1.982863	2.189562	0.097359	1.786404	1.634554	0.000000	2.110105	-0.047148	0.108491	2.125305	2.361103	1.831806	2.106222	1.847500	1.737048	0.741962	0.134119	0.439008
703	2.010854	1.148923	3.008272	2.598956	0.000000	2.939977	2.080343	1.061239	2.377081	1.099814	1.042731	2.691782	2.945015	2.405592	2.207923	2.315729	1.924392	1.289832	0.578173	0.621553
704	1.356507	0.934707	2.119961	1.713657	0.725491	1.832156	1.197815	0.000000	1.268114	0.133787	0.546472	1.659736	2.166109	1.301188	0.908580	1.664266	1.280275	0.635457	0.764246	0.912084
705	1.684167	1.164683	2.512923	2.434431	0.442261	2.391706	2.125340	0.146699	2.257438	0.000000	0.513395	2.499318	2.420866	2.087191	2.339047	2.145394	1.572046	0.807761	0.827916	1.292047
706	1.070073	0.677864	1.920993	1.457006	0.274030	2.052487	1.061646	0.122461	1.882341	0.408520	0.533044	1.859234	2.384943	1.407091	1.719095	1.421782	1.013346	0.000000	-0.534709	-0.043113
707	0.255074	-0.139223	0.231439	-0.036340	-0.523895	0.632868	0.063973	0.413271	0.545812	-0.014271	-0.126108	0.496927	1.852559	0.000000	0.492966	0.399744	0.496128	0.708881	-0.373197	-0.248001
708	0.000000	0.280549	1.173121	0.567189	0.306501	0.996845	0.279455	0.743560	0.502864	0.659742	0.253729	0.851823	2.118742	0.275187	0.430341	0.405752	0.441006	0.722390	0.286116	0.222853
709	1.587491	0.971297	2.521625	2.300091	0.188182	2.565692	1.545410	0.451667	2.324702	0.555757	0.866848	2.371382	2.275694	2.048837	2.212868	2.139546	1.799419	0.686681	-0.096672	0.000000
710	0.224004	0.088329	0.082456	0.055280	-0.102468	0.907046	0.265801	0.196084	0.464833	-0.138386	-0.170056	0.258664	2.169814	0.000000	0.436209	0.382795	0.528173	0.505714	-0.023210	0.007123
711	0.537248	0.526227	1.182272	0.822280	0.764698	0.671287	0.584232	0.513336	0.506982	0.135983	0.208506	0.611932	1.604536	0.404142	0.000000	0.611953	0.642696	0.693241	0.658748	0.779706
712	-0.372939	-0.230444	0.000000	-0.100147	-0.245553	0.402669	-0.394161	0.063547	0.023415	0.072490	-0.302088	0.013972	1.545492	-0.249233	-0.217067	-0.491082	-0.679760	0.075311	-0.538128	-0.600566
713	-0.040215	0.006094	0.356464	0.000000	0.365233	0.360752	0.100968	-0.109411	-0.243801	0.141271	0.070882	0.228157	0.234413	-0.141793	-0.241723	0.039519	0.018349	-0.229700	0.405041	0.351360
714	0.692670	0.734968	1.622303	1.462180	0.355638	1.083673	0.807632	0.539644	0.297405	0.529279	0.476648	1.061357	0.596895	0.880640	0.000000	0.860337	0.798984	0.576321	0.399063	0.535426
715	0.075432	-0.091097	0.129533	-0.115365	0.087672	0.109903	0.120271	0.188971	-0.026027	0.000000	-0.003372	0.357737	0.665047	-0.010494	-0.101209	0.337958	0.357079	0.182334	0.161935	0.114075
716	-0.116606	-0.118640	0.066562	-0.097151	-0.016017	0.388577	0.080587	0.016802	-0.036711	0.072534	0.159670	0.224616	-0.556740	0.000000	0.125831	0.131145	0.190330	-0.056998	0.108492	0.092728
717	1.143474	0.249700	0.601570	0.907542	0.590509	0.000000	0.707905	1.202527	1.265507	1.035078	1.013449	0.692460	1.643130	1.081110	1.294579	0.938565	0.759962	1.239977	0.506383	0.613058
718	1.438516	1.162664	1.115474	0.000000	1.232485	1.670051	1.640341	1.455035	2.349310	1.358048	1.001926	1.936851	2.228557	1.019610	2.310437	1.630273	1.545257	1.466457	0.649246	1.034908
719	1.172813	1.156988	1.024833	1.273470	1.668726	1.051008	1.243038	1.518933	1.052948	1.357100	1.471264	0.923071	1.338445	1.212932	1.019679	0.239448	0.000000	1.488392	1.809183	1.766258
720	1.295295	0.981513	1.301297	1.197860	0.867787	2.004263	1.349459	0.324263	1.269328	0.000000	0.716063	1.584115	0.761424	1.169954	1.362436	1.507036	0.967798	0.624944	1.010700	1.154346
721	-0.322077	0.112617	0.000000	-0.444632	0.323489	0.327064	0.271653	0.545740	0.824927	0.637255	0.429843	0.625849	0.143201	0.224276	0.870313	0.148463	0.455892	0.314537	-0.043492	0.096021
722	0.325852	0.314994	0.243961	-0.059194	0.800644	0.992986	0.667288	0.445384	0.439989	0.440875	0.244303	0.668099	2.432217	0.000000	0.599065	0.613111	0.694967	0.457339	0.765979	0.807628
723	0.156433	-0.472509	0.540937	0.274915	-1.615412	0.853691	-0.441338	-0.457248	0.108334	-0.674913	-0.426946	0.298701	0.965844	0.000000	-0.308649	0.366557	0.194555	-0.163047	-1.466265	-1.233796
724	2.209384	1.290038	2.849828	2.614098	1.268575	2.864534	2.526016	-0.190176	2.573126	0.000000	0.684615	2.799966	2.774393	2.399284	2.609980	2.624697	1.979208	0.365064	1.466671	1.843959
725	0.222303	1.335793	1.864073	1.237276	1.845889	0.000000	1.780448	1.684350	1.543197	1.598994	1.390030	1.703528	1.969173	1.243018	1.729724	0.917187	1.577529	1.598615	1.656420	1.960645
726	1.175648	1.198029	1.494785	1.447343	1.601279	1.795943	1.249198	1.340646	0.653891	1.441048	1.417705	1.047135	2.926759	1.182702	0.000000	1.221112	1.265165	1.488352	1.522098	1.467526
727	1.402716	1.102444	2.302964	2.236240	1.640641	2.275882	1.910145	-0.008521	1.580273	0.881812	1.166936	1.951124	2.433682	1.785274	1.611979	1.683129	1.134345	0.000000	1.527006	1.770324
728	1.147721	0.536743	2.287918	2.002403	0.574737	1.958116	1.970796	0.114019	2.235601	0.000000	0.292940	2.174562	2.170782	1.867886	2.205406	1.636575	1.110074	0.102336	1.099985	1.128617
729	-0.239338	0.537317	1.001081	0.004294	1.300432	0.000000	1.152598	1.167103	1.007587	1.136703	0.619460	1.180580	2.268032	0.315612	1.014624	0.217378	1.006990	1.066132	1.116589	1.306782
730	0.253496	0.071434	0.070184	0.000000	0.494245	0.786202	0.400062	0.163823	0.410513	0.243687	0.220970	0.383257	1.985967	0.259741	0.436665	0.242028	0.282415	0.259431	0.438390	0.373189
731	1.036390	0.422038	1.660865	0.903977	0.821710	1.908768	1.064846	0.029708	1.154177	0.276824	0.437622	1.392505	2.231331	0.896156	1.255865	1.292851	0.924200	0.000000	0.644815	0.785136
732	0.000000	0.222926	1.695345	1.495556	0.295202	0.737426	1.512447	0.350063	1.816658	-0.337686	0.081561	1.665897	1.721152	1.413260	1.911504	1.134476	0.977666	0.387815	0.655962	0.843836
733	0.946478	0.805514	1.470027	1.085802	0.494689	1.228275	1.220231	0.786972	1.463444	0.811889	0.773847	1.344033	0.000000	1.142840	1.436311	1.143728	1.176165	1.026430	0.372602	0.698785
734	-0.126591	-0.177118	-0.088941	0.324636	-0.205492	0.581565	0.028521	-0.288063	0.976795	0.031784	0.112588	0.201762	0.749024	0.466046	1.011160	0.000000	-0.029752	-0.239171	-0.314172	-0.193211
735	0.507928	0.409369	0.849879	0.880503	0.421905	1.295862	0.785529	-0.235370	1.323465	-0.257807	0.000000	0.745407	0.990303	0.857978	1.324776	0.682452	0.516030	0.236621	0.444190	0.722558
736	1.529426	1.431668	2.575920	2.511250	0.000000	2.285241	2.459040	1.227334	2.683413	0.491620	0.845965	2.734499	2.606315	2.471963	2.819563	2.232404	2.088809	1.667677	1.280720	1.543935
737	2.087836	1.496195	2.205140	2.070186	1.610536	2.551621	2.217644	0.859511	2.462714	0.000000	0.870971	2.189743	2.774971	1.948514	2.410784	2.285654	1.906090	1.487586	1.289412	1.868092
738	-0.018741	-0.178203	0.757030	0.590633	0.200958	0.906665	0.427867	-0.708866	0.336158	-0.197435	-0.121081	0.366212	0.949869	0.282219	0.223639	0.000000	-0.427447	-0.783310	0.197127	0.268352
739	-0.223662	0.091320	0.763237	0.527275	0.131187	0.610555	0.368775	-0.396588	0.603165	-0.116407	-0.163492	0.349772	0.845407	0.257161	0.519830	0.000000	-0.076831	-0.408367	0.081227	0.296127
740	0.657228	0.579510	1.641537	1.449754	0.000000	1.078009	1.595504	0.030683	1.660220	-0.061896	0.353089	1.765514	1.757498	1.514459	1.765807	1.110963	0.916758	0.444582	0.679867	0.849520
741	-0.217048	0.345186	1.544074	0.943778	0.577271	0.800088	1.053893	-0.100765	1.335288	-0.000391	-0.070300	0.891670	1.808212	0.707792	1.336067	0.000000	0.020547	0.156627	0.664189	0.813089
742	-0.348144	-0.672506	0.261774	0.000000	-0.743686	0.583806	-0.072813	-1.666883	0.096745	-1.528180	-1.321747	-0.062882	0.687843	-0.231399	0.056633	0.024137	-0.242299	-1.020356	-0.529893	-0.454944
743	-0.494577	-0.115308	0.851647	0.701347	-0.156732	0.443463	0.907520	-0.215017	1.081107	-0.187860	-0.142429	0.887666	1.315861	0.809972	1.104267	0.055349	0.000000	-0.205397	0.385167	0.542452
744	0.707399	0.753022	1.992455	1.783412	0.664417	1.696223	1.701814	-0.250429	1.805139	-0.149922	0.485162	1.980861	2.213764	1.658270	1.849034	1.505225	1.077016	0.000000	0.935355	1.045710
745	0.000000	0.175935	1.409321	1.085942	-0.233943	1.056861	0.628536	-0.325445	1.021523	-0.431198	-0.250930	0.908728	1.428873	0.667300	0.996483	0.527444	0.451285	0.027529	-0.189848	-0.087339
746	1.825388	1.282227	2.712960	2.504869	0.000000	2.494752	2.105113	1.367604	2.438870	0.460630	0.971987	2.452448	2.484138	2.305364	2.360927	2.288098	2.255010	1.869337	0.698456	0.755314
747	1.354056	1.099376	2.495862	2.656484	0.000000	1.932427	2.236202	0.809502	2.423324	0.158417	0.744840	2.466601	2.417883	2.401450	2.555434	2.115050	1.988691	1.310874	1.093207	1.168152
748	1.237278	1.239415	2.345372	2.315669	1.021422	2.084984	2.160225	0.706309	2.481419	0.000000	0.805235	2.128532	2.523724	2.171540	2.584773	1.659733	1.507342	1.110255	1.473320	1.439050
749	-0.609550	-0.198224	0.934054	0.561724	0.191795	0.000000	0.460453	-0.324202	0.379808	-0.347429	-0.278563	0.172736	0.783533	0.138975	0.473119	-0.440265	-0.231546	-0.253061	0.164365	0.468649
750	0.000000	0.342137	1.853141	1.563210	0.686624	0.789112	1.414702	0.510745	1.501973	0.409922	0.501725	1.377545	1.475674	1.320520	1.522070	0.500540	0.612598	0.464175	0.808343	0.945616
751	1.088455	0.934735	2.274805	2.210738	1.172801	1.686751	1.841392	0.611193	1.494007	0.000000	0.569769	2.044072	2.790430	1.579370	1.594598	1.596231	1.537075	0.972925	1.506363	1.482646
752	1.194033	0.999475	1.752270	2.132891	1.638567	1.564601	1.315431	0.992437	1.766198	0.698949	1.319071	0.868449	2.391711	1.770064	1.793537	0.000000	0.449540	1.024289	1.569836	1.662565
753	-0.363239	0.023480	-0.222318	-0.110800	0.299324	-0.026402	-0.159429	0.060974	-0.383631	-0.020517	-0.010837	-0.282288	-0.614396	-0.332367	-0.328798	-0.467008	-0.358759	0.000000	0.158986	0.305734
754	0.696657	-0.075792	0.887994	0.928065	-0.202162	1.336338	0.342309	-0.464892	1.041926	-0.163413	0.000000	0.211557	1.715392	0.713378	0.975559	0.472465	0.440990	-0.112977	0.080440	0.143573
755	0.891525	0.566971	1.682457	1.175073	0.616011	1.318187	0.930652	0.625160	0.969943	0.504138	0.531214	0.957581	0.000000	0.859069	0.900643	0.893163	0.853960	0.698151	0.522315	0.714287
756	0.000000	-0.083344	1.179806	0.730662	0.043919	0.815221	0.903982	-0.343584	1.301122	-0.712970	-0.284066	1.101474	0.913155	0.741512	1.340165	0.799136	0.545864	-0.224338	0.147170	0.338319
757	1.433398	0.952561	2.226852	1.996209	1.127690	2.293814	2.046266	0.131850	2.008300	-0.031319	0.721027	2.082768	1.989172	1.714122	2.048373	1.771314	1.128275	0.000000	1.247682	1.606939
758	-0.091570	-0.343111	1.670599	1.077863	-0.554146	0.874550	0.000000	-0.268245	-0.031547	-0.432120	-0.427762	0.564065	1.890002	0.218311	-0.342343	0.077746	0.171470	-0.124784	-0.731905	-0.430497
759	-0.029835	0.045857	1.501485	1.056808	0.057595	1.016824	0.625889	-0.448343	0.756706	-0.294700	-0.299170	0.733588	2.226583	0.407754	0.492670	0.363945	0.000000	-0.373080	-0.179072	0.164778
760	1.883141	1.295615	2.312557	2.058494	0.000000	2.191201	2.101319	1.312061	2.257008	0.975286	1.254852	2.295326	2.487058	2.203817	2.204589	2.085680	1.677533	1.295625	1.125479	1.125605
761	-0.094165	-0.055785	1.511407	1.264985	0.318101	0.846501	0.985397	0.465143	1.295474	0.299066	0.170747	0.615185	1.680498	0.916252	1.380792	0.000000	0.352233	0.371486	0.673872	0.648717
762	1.368872	0.769818	2.893426	2.454800	0.488940	2.228648	1.647616	0.155251	1.898238	0.000000	0.646105	2.376813	2.797053	2.013092	1.784697	2.053025	1.603755	0.572424	0.112801	0.588507
763	1.104213	0.706107	2.880199	2.148606	0.000000	2.395925	1.679337	0.142862	2.404114	0.311687	0.546495	2.446878	2.772137	1.975699	2.135936	2.123086	1.703606	0.294195	0.638635	0.354696
764	0.000000	0.468409	2.341477	1.990270	1.279856	1.341104	2.174033	0.538228	2.059021	0.581979	0.742603	1.977199	2.752296	1.822760	1.975629	1.011542	0.758996	0.343063	1.438731	1.561583
765	-0.086251	0.791926	1.741025	1.494660	0.783351	0.000000	1.569863	1.016128	1.484149	0.867989	0.958954	1.518312	1.892901	1.430831	1.494583	0.680161	1.052081	1.089147	1.088562	1.356009
766	0.760518	0.775628	2.312767	2.290332	0.272333	1.478563	2.030818	0.071170	2.511633	0.000000	0.586088	2.289258	2.665717	2.120527	2.482092	1.427117	0.698028	0.222305	0.710146	0.946970
767	0.000000	0.710952	2.318838	1.997726	1.480409	1.572793	2.115894	0.682357	2.169359	0.971053	1.136258	1.914541	2.362328	1.861949	2.141017	0.921225	0.552762	0.234958	1.719473	1.709277
768	1.434350	1.036168	2.061166	1.936786	0.985379	2.155523	1.859350	-0.266790	1.846657	0.063156	0.637966	1.788312	2.156436	1.738384	1.855230	1.570282	1.071271	0.000000	1.326306	1.435174
769	0.814005	0.947634	2.551647	2.264741	0.000000	1.654864	2.170084	0.445432	2.331089	-0.006166	0.456091	2.540707	2.772189	2.177394	2.314583	1.811104	1.598068	0.873772	0.715539	0.999131
770	1.579613	1.234865	3.217376	2.986765	0.777162	2.748651	2.604848	0.000000	3.026968	0.321858	0.703895	2.802104	3.493151	2.643023	2.938191	2.241314	1.653257	0.478179	1.289274	1.430896
771	-0.287074	-0.741196	0.000000	0.059521	-1.289651	0.389357	-0.139120	-1.093531	0.620670	-1.680751	-0.962585	-0.408775	1.050954	0.036824	0.615857	-0.184832	-0.335726	-0.790788	-0.942122	-0.845306
772	1.466221	1.199629	2.376014	2.181625	0.000000	2.176000	2.010953	1.001473	2.751513	0.405217	0.730037	2.156065	2.741085	2.179572	2.707031	1.933472	1.806556	1.573428	0.515204	0.910641
773	1.360937	1.124665	2.701898	2.499752	0.366775	2.097172	2.346216	0.305884	2.880897	0.000000	0.575445	2.768816	2.854857	2.478235	2.877441	2.205332	1.867976	0.718141	1.078372	1.108361
774	1.979282	1.592335	2.513947	2.361820	1.123700	2.442414	2.260819	1.175268	2.526867	0.000000	1.086125	2.437941	2.694510	2.297589	2.514227	2.337043	2.246489	1.752288	1.631870	1.617173
775	-0.056281	-0.282516	0.815014	0.371684	-0.707815	0.709319	0.212309	-1.214771	0.643131	-1.201181	-0.821775	0.340148	1.335137	0.000000	0.550566	0.221821	-0.302423	-0.733204	-0.470253	-0.240065
776	0.916597	0.939468	2.515358	2.121147	0.949870	1.965445	2.255370	0.000000	2.726142	-0.090412	0.095105	2.230389	2.753286	2.005541	2.642261	1.491470	1.350728	0.788919	1.333720	1.540125
777	1.038884	1.073848	1.691670	2.077338	0.971181	0.438790	1.863328	1.695645	2.634407	0.950904	1.102599	1.382117	2.743948	1.933434	2.648531	0.336224	0.000000	1.960213	1.153131	1.618762
778	-0.208464	0.000000	1.414675	1.153079	-0.063640	0.910518	1.347369	-0.222347	1.838804	-0.513674	-0.438611	1.578836	1.875729	1.077615	1.837945	0.556268	0.240819	-0.158483	-0.254320	0.449164
779	1.855948	1.452403	2.824867	2.657032	0.000000	2.472436	2.579822	0.690771	2.873922	0.479522	0.904506	2.903566	2.645432	2.695780	2.814180	2.596574	1.902898	1.071913	1.212591	1.097626
780	1.156684	0.895644	1.938841	1.816879	0.850253	1.837278	1.743662	0.090000	2.208375	0.229352	0.717368	1.557274	1.531404	1.830752	2.305522	1.414695	1.015314	0.000000	0.925163	1.190889
781	-0.748196	0.574027	1.674138	1.387459	1.445717	0.387711	1.711358	0.832603	1.485336	1.311110	1.058359	1.551419	1.218153	1.416353	1.512833	0.000000	0.338072	0.269663	1.611898	1.532614
782	1.078098	0.761783	2.126889	1.842333	0.383584	1.686608	1.518767	0.219799	1.967668	0.000000	0.494655	2.192512	2.352969	1.730263	2.028034	1.686371	1.592178	0.592898	0.046085	0.453532
783	2.029774	1.328197	2.533374	2.380718	0.648322	2.494098	2.217965	0.816373	2.484013	0.000000	0.791526	2.596260	2.676420	2.237356	2.535220	2.400616	2.001348	1.110046	1.119891	1.343681
784	-0.414205	0.439896	1.467155	1.355422	0.320068	0.000000	0.916911	0.373323	1.443253	0.638005	0.491744	1.179116	2.267640	1.267849	1.380617	0.042877	0.412599	0.273606	0.399040	0.271354
785	0.970504	0.470425	1.560122	1.194585	0.274405	1.369283	0.971136	0.408625	1.257540	0.000000	0.341201	1.506546	2.110608	1.080260	1.223488	1.275399	1.358149	0.784138	0.123994	0.387159
786	0.232480	0.115165	0.000000	0.350571	-0.291490	0.765979	-0.088628	0.197117	0.784900	0.244270	0.145922	0.511871	2.074282	0.359951	0.900930	0.362068	0.546304	0.396870	-0.972707	-0.353087
787	0.827932	0.915231	1.904409	1.423555	1.306597	1.851586	1.535052	0.000000	1.223536	0.307095	0.545062	1.917665	2.508679	1.172987	1.306272	1.573424	1.488525	0.392643	1.338397	1.306718
788	0.117130	-0.068314	0.361771	-0.010742	-0.142471	0.829647	0.099566	-0.443281	0.000000	-0.388170	-0.339177	0.475168	1.887900	-0.061397	-0.028516	0.265599	0.216479	-0.155184	-0.353040	-0.207422
789	0.696577	0.373488	1.621269	1.322206	0.287086	1.291157	0.703876	0.757291	0.419289	0.366916	0.455632	0.742889	2.221772	0.796323	0.000000	0.867560	0.915670	0.981301	0.295773	0.429361
790	0.276029	0.291239	0.772086	0.447536	0.080470	0.597037	-0.017027	0.160615	0.000074	0.260879	0.134878	0.380732	1.480156	0.000000	-0.274617	0.280134	0.246719	0.277357	0.210985	0.056612
791	0.176647	0.084119	0.176036	0.000000	0.189417	0.870489	0.290127	0.012649	0.417903	-0.287126	-0.174713	0.218520	2.213409	0.185147	0.342551	0.442615	0.567928	0.426849	0.175776	0.252958
792	-0.490458	-0.261342	-0.078352	-0.220019	0.127137	0.145122	0.030849	0.223736	0.000000	-0.118777	-0.263408	-0.155392	1.263628	-0.246312	0.022612	-0.280947	0.070653	0.333802	0.035005	0.209255
793	0.860111	0.252818	0.627497	0.995733	0.434573	0.255826	0.395497	1.118221	0.582744	0.538239	0.415442	0.000000	1.765674	0.528203	0.435026	0.691135	1.032413	1.262561	0.546219	0.465808
794	0.596052	-0.234038	1.397438	0.673071	-0.955040	1.019948	-0.027037	-0.467638	0.403059	-0.175450	-0.154986	0.841453	1.553228	0.503939	0.000000	0.496441	0.106304	-0.422512	-1.049982	-1.091751
795	0.724064	0.008724	1.215533	1.290124	-0.331385	1.186773	0.498431	-0.225282	1.124589	0.000000	0.260415	0.961281	1.273354	1.056175	1.012623	0.806363	0.607261	-0.038349	-0.437774	-0.292109
796	0.231806	0.382237	0.000000	0.583684	0.518934	0.144712	0.354288	1.047165	0.570508	1.144189	0.585249	0.082998	0.808748	0.286393	0.352627	0.190674	0.501992	0.892646	0.495866	0.558105
797	0.695783	0.362812	1.528661	1.430700	0.324852	1.033478	1.028676	0.000000	1.083638	-0.024774	0.353803	1.207475	0.609691	1.147904	0.948721	1.047696	0.938944	0.442986	0.194398	0.475752
798	0.716205	0.094775	1.485830	1.558423	0.000000	1.241827	0.950681	0.122151	1.084347	0.089883	0.408234	1.096265	1.609080	1.214360	1.032933	1.019280	0.941458	0.322384	0.101147	0.330056
799	0.439272	0.000000	0.792755	0.927871	-0.074913	0.258049	0.374889	0.277342	0.736353	0.173003	0.184095	0.614798	-0.502219	0.695795	0.698975	0.501745	0.591980	0.418481	-0.104514	0.092770
800	0.489360	0.000000	0.957817	1.051217	-0.166878	0.271677	0.431130	0.643458	0.884118	0.276486	0.319510	0.699900	0.791470	0.780536	0.906023	0.469606	0.554388	0.747899	-0.370476	0.184560
801	0.833026	0.136598	1.560020	1.270487	0.197874	1.047680	0.777615	-0.042934	0.772760	0.119392	0.267814	1.256362	1.571004	0.857929	0.775684	1.073435	0.806045	0.000000	0.145872	0.310287
802	0.237513	-0.036605	0.558846	0.489803	-0.116408	0.476448	0.108185	-0.137909	0.084719	-0.106250	0.018843	0.368068	0.154250	0.242306	0.000000	0.246206	0.161068	-0.015168	-0.088794	-0.129026
803	-0.172281	-0.322082	0.195475	0.302049	-0.263741	0.000000	-0.040763	-0.283053	0.344483	-0.217470	-0.161274	0.068911	0.525524	0.189084	0.256433	-0.001864	0.023846	-0.226437	-0.269767	-0.314548
804	0.000000	-0.158510	0.025069	0.089729	-0.113872	0.193148	-0.009606	-0.094794	0.114052	-0.071746	0.000640	0.059347	-0.088303	0.074033	0.151286	-0.031759	-0.032687	-0.075151	-0.114229	-0.031748
805	0.004966	-0.158794	-0.075360	0.000000	0.123435	0.071543	0.065698	0.001500	0.149110	0.050940	0.066974	-0.058033	-0.011673	0.029377	0.161578	-0.117380	-0.063312	-0.028279	0.174854	0.215578
806	0.377986	0.154231	0.000000	0.309909	0.340094	0.380499	0.443388	0.294833	0.695345	0.379805	0.432967	0.324190	0.431525	0.444896	0.736988	0.212256	0.167867	0.274274	0.335976	0.400800
807	0.038733	-0.179476	-0.021716	0.061559	0.172900	0.000000	0.056140	0.027553	0.205934	0.108897	0.147465	-0.074267	-0.138686	0.059191	0.268569	-0.112711	-0.067362	-0.018638	0.289295	0.318420
808	0.093090	-0.001463	-0.032504	0.122545	0.297263	0.156110	0.228963	0.100705	0.347437	0.153882	0.233410	0.067015	0.288650	0.206695	0.352533	0.009532	0.000000	0.056357	0.335563	0.348852
809	0.108831	0.093931	0.060593	0.158888	0.252273	0.188135	0.094392	0.046101	0.108305	0.137520	0.161131	0.064246	-0.009390	0.126689	0.131965	0.000000	0.064814	0.004227	0.320176	0.267992
810	-0.067225	-0.134381	-0.326881	-0.087331	0.139209	-0.035737	-0.182005	0.045057	-0.215377	-0.073299	-0.111906	-0.257992	-0.438124	-0.301736	-0.149954	-0.235062	-0.083750	0.000000	0.199018	0.207526
811	0.005203	-0.020475	0.102979	0.143911	0.290437	0.133554	0.226939	-0.013570	0.184438	0.130916	0.135079	0.127604	0.332811	0.000000	0.222072	0.012313	0.012642	-0.062543	0.409146	0.378839
812	0.000000	0.153707	0.568908	0.515725	0.291510	0.219966	0.079379	0.086684	-0.026785	0.299421	0.191785	0.180405	-0.237422	0.094504	0.012803	0.117149	0.155868	-0.129488	0.397913	0.307151
813	0.215425	-0.044989	-0.052618	-0.086492	0.128104	0.329768	-0.057531	0.025187	0.279865	0.200751	0.055990	0.072310	0.610047	-0.025013	0.258219	0.000000	-0.014041	-0.015791	0.073230	-0.008511
814	0.964850	0.511413	-0.167686	0.000000	0.971659	1.393106	1.042803	0.853978	1.650334	0.687915	0.717259	0.892542	0.910202	0.931659	1.648947	1.006719	1.015424	0.902066	0.737673	0.833467
815	1.154159	0.818891	0.168274	1.155629	1.433973	0.813692	0.790609	1.660372	1.323390	1.357262	1.449708	0.281327	0.499124	1.220776	1.178125	0.000000	0.217248	1.579203	1.196337	1.419153
816	0.260318	0.000000	0.790352	0.806830	-0.021007	0.667450	0.506419	0.430843	0.512329	0.334686	0.324068	0.816510	-0.066929	0.673812	0.565660	0.538114	0.631536	0.442025	-0.283172	0.185000
817	1.870799	1.132581	2.393094	2.304822	1.192762	2.467109	2.312991	0.766059	2.378977	0.000000	0.852900	2.462642	2.358130	2.209065	2.464799	2.336799	1.824186	1.103000	1.491686	1.748853
818	0.951596	0.705203	1.152910	0.808115	0.000000	1.208307	0.464652	1.292112	1.607590	0.794148	0.844744	1.151752	2.168584	1.085216	1.416287	1.229367	1.350085	1.330322	0.132881	-0.149399
819	0.019583	0.077058	0.190476	0.223846	0.389928	0.626157	0.236099	0.364176	0.092903	0.060181	0.188515	0.101161	2.408605	0.160383	0.000000	0.054211	0.138817	0.573321	0.187547	0.306773
820	1.358563	0.881604	2.197733	2.224345	0.000000	2.226878	1.842490	0.708481	2.274853	0.438077	1.049297	2.279505	2.684898	2.234210	2.397357	2.086427	1.993615	1.223264	0.436429	0.645280
821	2.037922	1.145497	2.889781	2.680432	0.000000	2.773080	2.296538	1.152143	2.971772	0.662828	0.647015	2.513439	2.856933	2.428295	3.019315	2.391391	2.039963	1.538692	0.781868	1.531057
822	0.442712	0.820450	1.304710	0.810830	1.064206	1.228545	0.704878	0.868757	0.000000	0.826386	0.643355	1.089891	2.963524	0.457160	0.054519	0.637774	0.986046	0.971837	1.129223	0.868115
823	0.492659	-0.162536	-0.107516	-0.239207	0.161096	0.690172	-0.016540	0.502519	0.551087	0.125759	0.135288	0.000000	2.467247	0.233866	0.540329	0.356277	0.385716	0.559839	0.218907	-0.020516
824	-0.144698	-1.041543	0.432827	0.318015	-0.988107	0.676602	-0.513361	-1.363421	-0.117799	-0.928386	-0.625928	0.144818	1.609841	0.007398	-0.113228	0.000000	-0.461398	-1.231463	-1.384512	-1.173477
825	2.400518	1.899130	3.564807	3.236553	-0.027706	3.301514	2.727573	1.366297	3.375185	1.242586	1.658736	3.484673	2.975573	3.185723	3.176172	3.253801	3.020501	1.860845	0.520467	0.000000
826	-1.079163	-0.174964	1.468326	1.012422	0.039373	0.136311	0.749604	-0.144774	1.171998	0.013840	-0.022547	0.607743	1.788758	0.868992	1.084985	0.000000	0.315649	-0.437149	0.047167	-0.117274
827	0.981534	0.988055	1.704349	1.499977	1.137351	1.007981	0.818328	1.121598	0.407273	1.101932	1.019443	1.096197	0.000000	0.994307	0.484522	0.965308	1.144934	1.158943	1.115047	1.043585
828	0.816512	0.550401	2.295442	2.238567	-0.117425	1.691365	1.322178	0.263588	1.969578	0.000000	0.498940	2.028729	2.659788	1.881434	1.892142	1.347291	1.089307	0.681178	-0.221949	0.089985
829	2.545959	2.085069	3.286478	3.041860	2.030941	3.011528	2.816930	0.743827	2.981847	0.000000	1.269334	3.281895	3.139093	2.750343	3.133643	3.015737	2.572902	1.298575	2.552433	2.629406
830	2.235870	1.478552	2.709114	2.524165	1.545683	2.413170	2.270786	1.410415	2.422535	0.000000	1.019149	2.216778	3.269860	2.178752	2.499750	2.212014	1.827143	1.714925	2.032568	2.103021
831	-0.011508	0.209311	0.088491	0.363666	0.719307	0.559679	-0.149967	0.818831	0.000000	0.313830	0.288331	-0.176090	2.711715	0.107542	0.024778	-0.271763	0.259644	0.864154	0.526856	0.579453
832	-0.046904	0.102413	0.000000	-0.158286	0.099433	0.445235	0.211027	0.025456	0.368396	0.070654	0.159501	0.381751	-0.393253	0.188413	0.415052	0.174901	0.217868	0.275732	0.015683	0.125707
833	1.019784	0.818616	1.385922	1.291282	0.532660	1.481823	1.279907	0.807442	1.510920	0.721814	0.880852	1.570312	1.543658	1.452083	1.525193	1.282396	1.204558	1.135120	0.000000	0.695244
834	0.332080	0.279496	1.809060	1.684807	0.007404	1.534068	0.860006	-0.266878	1.300985	0.015827	0.000000	0.759188	1.260285	1.148240	1.262179	0.663667	0.305968	-0.180813	0.170593	0.517553
835	0.666444	1.190964	2.770617	1.907117	1.528617	0.989952	1.712964	1.156976	0.151061	0.711314	0.508382	2.014534	2.296870	0.641070	0.000000	1.362621	1.306049	1.193964	1.501601	1.646486
836	1.067198	1.166842	1.693036	1.817546	1.051179	1.576734	1.338347	1.450432	1.967365	0.813629	1.200483	1.282630	0.000000	1.610056	2.088308	1.663727	1.667813	1.682438	1.038477	1.326507
837	1.173322	1.157922	2.613372	2.217503	0.432207	1.957069	1.994847	0.000000	2.306422	0.069322	0.584264	2.416817	2.073555	1.996712	2.415391	1.970047	1.570988	0.551830	0.840249	1.065896
838	1.444111	1.230130	3.398274	2.843335	0.745743	3.005836	1.957322	-0.146897	2.687873	0.352847	0.855525	2.908590	3.043820	2.436308	2.540483	2.283233	1.373446	0.000000	0.379005	0.947564
839	2.032228	1.580013	3.092302	2.697536	1.280956	3.076828	2.745398	0.000000	2.869326	0.460473	1.085994	3.117777	2.856052	2.693146	2.892274	2.809580	2.160344	0.680570	1.651154	1.896219
840	0.000000	0.530666	2.174734	1.810191	0.694190	1.219642	1.931129	0.064833	2.191687	-0.040225	0.346164	2.087429	2.172568	1.765257	2.161233	1.078546	0.869246	0.202749	1.171115	1.145618
841	0.935016	0.921011	2.745577	2.278730	0.450005	1.955104	2.052684	0.000000	2.408787	0.032192	0.501152	2.503529	2.744252	2.105127	2.384283	1.892548	1.575533	0.586534	0.787575	0.968901
842	0.819397	0.903427	3.061985	2.517015	0.000000	2.015691	1.976997	0.804257	2.640972	0.928043	0.890004	2.375528	2.660342	2.319693	2.533852	1.639251	1.584999	1.026446	0.338359	0.475256
843	0.445013	0.409339	1.999331	1.719924	0.096675	1.418078	1.359643	-0.131960	2.041909	-0.380104	-0.049721	1.652250	1.791739	1.571579	2.099042	0.975125	0.695935	0.000000	0.423126	0.623910
844	-0.684001	-0.110322	1.549305	1.165051	-0.519996	0.000000	1.019024	-0.409765	1.475438	-0.946641	-0.445344	1.368163	1.823253	1.003900	1.417204	0.469413	0.318733	-0.035064	-0.280863	0.123974
845	0.381792	0.401627	1.737360	1.421336	-0.229844	1.344192	0.879207	-0.335942	1.715571	-0.304549	0.059230	1.689750	1.924676	1.191903	1.600326	1.236528	0.911059	0.000000	-0.211555	0.063473
846	0.852909	0.764695	2.029844	1.501499	0.147569	1.721978	1.003560	0.493587	2.177479	0.000000	0.482309	1.473572	2.450700	1.318193	2.115694	1.282135	1.063819	0.803772	0.146377	0.466989
847	-0.751076	-0.407909	1.593376	1.306285	-0.847955	0.036899	0.736830	-0.267598	1.558337	-0.890570	-0.761652	1.002693	1.507036	0.956812	1.594959	0.000000	0.180695	-0.152335	-0.065714	-0.194420
848	0.648460	0.760824	2.050243	1.874027	0.000000	1.466077	1.461134	0.864545	2.055956	0.677703	0.852688	2.214110	2.283095	1.809120	1.994231	1.741366	1.660810	1.041479	0.340762	0.550046
849	-0.028569	0.751127	1.833464	2.008419	1.559839	1.207724	1.943184	1.717794	2.242339	1.629453	1.312838	1.571520	2.292687	1.986686	2.207231	0.000000	0.707644	1.407757	1.918881	1.861011
850	0.857823	0.831749	2.411469	2.233598	0.717446	1.620870	1.605610	0.000000	2.161912	0.100373	0.570381	2.235874	2.354788	1.907998	2.165641	1.732019	1.453679	0.537584	0.624018	0.889031
851	0.000000	0.914557	2.463384	1.970034	0.922355	1.322772	1.894240	0.962340	2.239162	0.985179	0.814414	2.188457	2.129055	1.875405	2.140927	0.725321	1.100396	1.036827	0.840109	0.961751
852	0.928011	0.562375	1.949255	1.361814	1.030845	1.827004	1.432156	0.261024	1.801323	0.086081	0.277003	1.310441	2.729172	1.134580	1.745841	1.246768	0.852369	0.000000	1.219106	1.375829
853	0.564608	0.724885	2.554185	2.180067	0.816506	1.681731	1.815193	0.389392	1.997464	0.000000	0.280326	2.074861	2.776393	1.770707	2.078580	1.239050	1.193176	0.725603	0.660562	1.155474
854	-0.104635	-0.069224	0.119986	0.200971	-0.313256	-0.028735	-0.069651	0.100229	0.411732	0.008914	0.013108	0.000000	-0.771263	0.246439	0.404299	-0.073944	0.070271	0.266618	-0.659403	-0.464631
855	0.564681	0.127195	0.904409	0.708531	-0.185305	0.880019	-0.159921	0.674089	0.000000	0.160259	0.077125	0.337130	2.692740	0.110434	-0.017266	0.521639	0.590883	0.903491	-0.303768	-0.556273
856	1.454762	0.982499	2.038582	2.003145	1.136306	1.861737	1.894603	-0.314306	1.681456	0.382509	0.624039	1.800187	2.176497	1.651904	1.714214	1.750354	1.392660	0.000000	1.250062	1.530651
857	-0.144823	-0.182285	0.000000	-0.184715	-0.205134	0.354433	-0.119130	-0.117988	-0.257541	-0.066785	-0.150893	-0.018317	-0.334799	-0.224983	-0.261818	-0.132178	-0.100516	-0.104819	-0.179847	-0.290989
858	1.567348	0.919409	2.341932	2.168600	1.193831	2.239387	1.924316	0.000000	1.647277	0.644075	0.902293	2.157279	2.243177	1.850747	1.714461	1.937737	1.569014	0.346424	1.256380	1.407085
859	1.175520	0.850076	1.404538	1.343256	0.824106	0.000000	1.186255	1.663535	1.429807	1.408287	1.230049	1.394610	1.893492	1.336893	1.460395	1.232578	1.431638	1.627285	0.748033	1.033784
860	0.902071	0.117263	1.349633	1.238452	-0.103069	1.355061	0.945545	-0.001823	1.407485	0.000000	0.274630	1.361016	1.983000	1.133196	1.338000	1.118686	0.909155	0.237155	-0.160344	0.238351
861	0.606153	0.596899	0.000000	0.324215	0.762320	1.009337	0.545426	0.630215	0.824921	0.641714	0.672653	0.530190	1.018193	0.571616	0.894062	0.580806	0.834794	0.696462	0.724304	0.773496
862	-0.308621	-0.611125	0.464450	0.164595	-0.797594	0.143294	-0.211947	-0.556020	0.210553	-0.588245	-0.554749	0.329923	-0.474075	0.000000	0.076084	0.231134	0.254250	-0.387433	-0.970114	-0.663738
863	0.033812	0.296322	0.915006	0.484013	0.225395	0.554577	0.362951	0.019154	-0.041934	0.378976	0.071395	0.595486	1.688194	0.257930	-0.304788	0.000000	0.190256	-0.002044	0.065466	0.054074
864	0.945236	0.214178	0.992169	0.862683	0.333198	1.507029	0.621926	0.195595	0.446528	0.000000	0.225494	0.863040	2.271632	0.590639	0.362288	0.674640	0.460540	0.421896	0.209597	0.357050
865	-0.308349	-0.269074	0.582767	0.425687	-0.460346	0.236149	0.267559	-0.452652	0.595158	-0.515273	-0.642058	0.325006	1.675548	0.093631	0.461018	0.000000	-0.141329	-0.235981	-0.660908	-0.266298
866	0.619179	0.212710	1.364005	1.098492	0.334485	1.399796	0.905626	0.346893	1.289601	-0.129302	0.000000	1.065676	1.833184	1.046347	1.009492	0.949742	0.655521	0.247896	0.856384	0.620694
867	0.459241	0.615138	0.826275	1.064419	0.884351	0.404226	0.865928	1.133056	0.601078	0.499712	0.633264	0.752101	0.000000	0.819863	0.377173	0.421732	0.758989	1.380285	1.052817	1.041571
868	-0.464340	-0.014817	0.000000	-0.076467	0.186462	0.257723	0.072998	-0.181430	-0.284607	-0.071703	-0.101304	0.183357	0.266088	-0.113180	-0.105009	-0.132836	0.096854	-0.220846	0.160964	0.204504
869	1.108088	0.818910	0.000000	0.957223	1.485220	0.745412	1.052147	1.747330	1.299109	1.666383	1.486719	0.575235	2.208545	1.285453	1.395417	0.679010	0.875016	1.672416	1.276150	1.359168
870	1.338359	1.573120	1.514839	2.361681	2.779086	1.427383	2.225357	2.800920	2.586157	2.859502	2.702924	1.682627	3.094522	2.739629	2.819059	0.000000	1.591596	2.583415	2.748644	2.739295
871	0.429382	0.515836	0.496826	0.502764	0.246234	0.958638	0.507716	0.738452	0.886674	0.883330	0.792858	0.740185	-0.209132	0.760796	0.869782	0.577277	0.506658	0.509454	0.129101	0.000000
872	0.715851	0.444099	1.085319	0.821267	0.776178	0.995549	1.163854	0.324957	1.171136	-0.691616	0.000000	1.088105	1.780179	0.865830	1.020481	1.156247	1.040837	0.652538	0.962398	1.008665
873	0.815372	0.522398	2.039147	1.618503	0.568146	0.888452	0.582332	0.261680	-0.161368	0.120087	0.331430	0.905914	1.940130	0.550851	-0.336156	0.707250	0.529011	0.000000	0.674007	0.544153
874	0.674338	0.730730	0.000000	0.164620	0.977545	0.917514	0.895026	0.949697	0.981452	0.825088	0.887742	0.699780	1.824806	0.665025	1.142035	0.640276	0.705988	0.997168	1.005234	0.974882
875	2.199316	1.690320	3.274012	3.205458	0.169924	2.923110	1.705982	2.090190	2.818452	1.992713	1.975870	2.780364	3.593233	2.839396	2.531682	2.665997	2.373478	2.038296	0.773381	0.000000
876	1.493806	0.896330	2.110442	1.540052	0.000000	2.201146	0.957281	0.953318	1.391288	0.619556	0.793699	1.590334	2.900147	1.425395	1.253785	1.720768	1.792736	1.389893	0.437560	0.284759
877	0.357772	0.390951	0.595450	0.565921	0.644556	1.106488	0.460554	0.511881	0.000000	0.495986	0.544150	0.347552	3.388162	0.410827	0.066148	0.534343	0.696017	0.691072	0.701524	0.656800
878	-0.050954	0.667140	-0.293651	0.893554	1.333701	1.357635	1.271944	1.140567	1.500737	1.124280	0.871266	0.660651	3.375380	1.199025	1.560551	0.000000	0.922157	1.315635	0.948030	1.112026
879	0.448569	0.131308	1.980957	0.916992	0.614393	1.519982	0.939987	0.000000	0.683649	-0.105946	0.105994	1.047841	2.975750	0.381076	0.697173	1.068502	0.993772	0.010395	0.739912	0.518858
880	0.020967	0.294699	0.521896	0.761892	0.454609	0.385034	-0.049122	0.763278	-0.353061	0.693287	0.359242	-0.149917	2.891153	0.134195	-0.422635	0.000000	0.630483	0.824510	0.542514	0.532883
881	0.227679	0.170546	0.330365	0.038524	0.573050	1.141134	0.508804	0.072438	0.064751	0.064625	0.055771	0.384376	3.068774	0.000000	0.165685	0.477878	0.275404	0.372188	0.624291	0.684605
882	2.092413	1.117620	1.105177	0.838220	0.352841	2.274335	0.791064	1.217277	2.574926	0.806220	1.137028	1.574939	2.897585	1.543219	2.477492	1.729393	1.466325	1.523356	0.747443	0.000000
883	1.037522	0.535091	2.473939	1.777571	0.071551	1.548810	0.893216	0.691242	1.386828	0.000000	-0.158032	1.637299	2.858207	1.117568	1.179560	1.313363	1.382451	1.135253	-0.017511	0.090062
884	0.021271	0.141501	1.027384	0.519639	0.108794	0.580649	0.000000	0.047967	-0.478739	0.105065	-0.119941	0.691490	0.520761	-0.126295	-0.389118	0.142623	0.373543	0.069432	0.304012	0.214830
885	0.000000	-0.203446	1.378708	1.144094	0.081831	1.012755	0.586306	-0.430022	0.633060	-0.155329	0.067745	0.826449	1.136093	0.669335	0.439277	0.349081	0.067407	-0.509887	-0.126356	0.123830
886	1.900589	1.691700	2.207416	2.220516	1.419348	0.000000	2.135634	2.050838	2.314811	1.881726	2.007675	2.251531	2.022875	2.306828	2.425838	2.177893	2.255338	2.186927	1.532975	1.793283
887	-0.012369	-0.530008	0.112755	0.006209	-0.507799	0.218569	0.065766	-0.177437	0.725733	-0.249755	-0.224353	0.250749	0.000000	0.199634	0.648694	0.161228	0.068211	-0.118281	-0.556400	-0.362740
888	0.294139	0.223020	1.259358	0.715504	0.552707	0.732782	0.788004	0.635220	1.068854	0.781789	0.610777	1.077950	0.000000	0.733465	1.003237	0.899815	0.879427	0.547075	0.625964	0.697027
889	1.488832	0.509744	2.658087	2.545811	1.158721	2.499363	2.397689	0.305935	2.724535	0.943521	0.967632	2.231663	2.613882	2.200853	2.702399	1.451292	0.532954	0.000000	1.766698	1.854832
890	1.840576	1.212605	3.430612	3.261966	0.231830	2.720179	1.869470	1.962862	3.093384	1.450735	1.637779	2.725669	3.630837	2.827561	2.912987	2.575000	2.530460	1.862591	0.555072	0.000000
891	3.575830	2.548065	3.853998	3.728364	0.000000	4.119974	3.226943	2.698023	3.861773	2.564201	2.449130	3.750052	3.688861	3.725756	3.640860	3.812709	3.752730	3.216806	0.908257	1.016329
892	2.315550	1.525987	3.132236	3.224588	1.889599	2.955538	3.068861	0.583933	3.249300	1.751602	2.041779	3.137040	3.474999	3.157278	3.141176	2.958091	2.288137	0.000000	2.514230	2.412381
893	2.184079	1.456402	3.082875	2.910456	1.316257	3.151028	2.752995	-0.014829	2.750506	0.000000	0.846272	3.015015	2.950220	2.672065	2.779428	2.696885	2.221093	0.124162	2.032720	2.104065
894	0.042258	0.399699	1.067878	0.000000	1.086250	0.554995	0.771516	1.081335	0.369898	0.521471	-0.004338	1.112916	2.035165	-0.171142	0.379147	0.218498	0.414119	0.955930	0.895306	0.886985
895	0.191925	0.288534	0.300110	0.000000	0.523097	0.602438	0.437829	0.654744	0.669062	0.386172	0.433728	0.586390	0.263484	0.434572	0.849008	0.514355	0.790179	0.602478	0.671526	0.548398
896	1.467387	1.104781	1.476978	1.654613	1.330183	0.000000	1.352817	2.024010	1.677798	1.658232	1.531790	1.253519	2.266730	1.591443	1.838896	1.447312	1.690958	2.051304	1.542505	1.502316
897	0.258518	0.002110	1.299283	1.174028	-1.236789	1.299361	0.000000	-0.179477	0.966489	-0.433875	-0.413872	1.013133	1.143676	0.786702	0.846730	0.998215	0.966624	-0.085760	-0.883944	-0.751562
898	1.857225	1.304794	0.000000	1.281935	1.778380	2.295033	1.693861	1.761115	2.074577	1.887819	1.723113	0.941545	2.249356	1.740340	2.185451	1.803344	2.182897	1.762707	1.826032	1.792357
899	2.223879	1.467386	2.837149	2.790562	0.354181	2.794867	1.961774	1.279958	2.911379	0.948720	1.058966	2.569478	2.511031	2.496303	2.758204	2.668906	2.364788	1.658351	0.564433	0.000000
900	0.223158	0.557277	1.141624	0.597977	0.717654	0.542866	0.960918	1.118132	1.003680	0.694717	0.330795	0.907508	2.190693	0.281910	0.830373	0.095930	0.000000	0.891771	0.966830	0.774966
901	1.551196	1.187961	0.924809	1.380217	2.101356	1.452525	1.631223	1.956411	1.777176	1.777252	1.629224	1.069323	3.055598	1.508677	1.720095	0.000000	0.168191	1.796573	2.084246	2.092679
902	-0.242439	-0.059612	0.172788	-0.276895	-0.362789	0.550138	-0.204764	-0.324859	-0.354194	-0.416654	-0.381870	0.120127	0.043761	-0.283562	-0.351095	0.000000	-0.050401	-0.140280	-0.311551	-0.250553
903	-0.033576	0.172620	0.306660	0.050747	-0.095091	0.506433	0.006967	0.126625	0.000000	0.143230	0.127280	0.328093	0.921497	0.118270	0.067684	0.131989	0.217355	0.108037	-0.042362	-0.091020
904	0.734021	0.790844	1.445372	1.294682	1.060764	0.000000	1.222603	1.344635	1.386694	1.313354	1.095167	1.054803	1.550573	1.122307	1.535859	0.932234	1.120888	1.236087	0.816441	1.050842
905	1.028008	1.147918	1.991589	1.408791	0.873248	1.666109	1.383057	0.043304	0.970339	0.177620	0.079456	1.415002	2.263381	0.000000	0.590752	1.231935	0.895163	0.395784	0.926976	1.024296
906	-0.375025	0.433437	0.153015	0.151549	0.701645	0.104217	0.282668	0.637156	-0.197075	0.381233	0.160810	0.000000	1.639188	-0.029903	-0.156848	-0.151888	0.587862	0.749916	0.673365	0.767437
907	0.502818	0.538347	1.322007	1.148398	0.933398	1.289652	0.645238	0.820433	-0.093115	-0.021592	0.000000	0.806285	2.527243	0.468601	0.194101	0.787311	1.026204	1.146524	0.980232	0.819278
908	1.526651	1.250401	2.577462	2.419875	1.376071	2.720270	2.245434	0.221039	2.420372	0.668835	1.116332	2.434068	2.595724	2.226784	2.448879	2.124565	1.560931	0.000000	1.672719	1.748661
909	0.248053	0.000000	0.903518	0.826204	1.282872	-0.091969	1.502665	1.266087	1.339678	1.209820	0.868611	1.061425	1.551417	1.065555	1.490646	0.514865	0.982072	1.066615	1.357743	1.522586
910	1.642869	1.761226	2.260066	2.296919	1.759288	0.000000	1.850496	2.329889	2.009873	2.040250	1.790279	1.936783	2.161627	1.987067	1.898181	1.631304	2.189270	2.500160	1.752799	1.820174
911	1.183557	1.324556	1.397735	1.684559	1.539092	0.000000	1.167577	1.907416	1.447479	1.791532	1.492364	1.126174	2.129812	1.248206	1.178424	0.770473	1.069001	1.910263	1.635105	1.586174
912	-0.186691	0.331214	0.489648	0.235054	0.220661	0.558047	0.006114	-0.000597	-0.079311	0.097146	0.000000	0.073023	-0.250036	-0.074416	-0.323005	-0.088138	0.099001	-0.014520	0.319069	0.215598
913	0.701132	0.906535	0.759071	0.482920	1.217843	0.000000	1.013935	1.616948	1.378334	1.417475	1.068637	0.744895	1.951203	0.809700	1.425964	0.656223	1.268301	1.702848	1.310570	1.262240
914	-0.403615	0.000000	0.825754	0.771992	0.786312	-0.107714	0.659127	1.391354	0.866940	1.512258	0.681544	0.431847	1.424827	0.699495	0.647182	-0.664126	0.059887	0.984564	0.636531	0.736969
915	0.616276	0.533537	0.567317	0.945265	0.272276	0.728002	0.289547	1.256184	0.362740	0.481601	0.595713	0.000000	2.435302	0.625097	0.200843	0.208651	0.709868	1.456873	0.463391	0.230649
916	-0.048663	0.143535	0.210506	0.117211	0.060378	0.451073	-0.160679	-0.043681	-0.407845	0.108642	0.067787	0.000000	-0.407910	-0.006498	-0.369767	-0.104996	0.064898	0.023153	0.109509	0.092250
917	0.263534	-0.331472	0.000000	0.312864	-0.139977	0.516853	-0.082463	0.401236	-0.079309	-0.058358	-0.130594	-0.226413	2.514585	-0.012860	-0.011860	0.044902	0.061881	0.317693	-0.047256	-0.134559
918	1.000216	1.704602	2.746700	2.619694	2.273115	1.288798	2.351160	2.787639	2.596909	2.374207	2.041976	1.698229	2.812066	2.474905	2.512165	0.000000	1.810758	2.825763	2.414792	2.537218
919	1.886940	1.540244	3.369094	3.316995	1.222502	3.210246	3.115738	0.701775	3.227025	0.000000	0.988242	3.401556	3.431802	3.089184	3.164739	3.112447	2.441830	0.902965	2.187103	2.371763
920	0.703805	0.971270	2.231268	0.986098	1.315956	1.611267	1.442263	0.149326	1.501016	0.445052	0.594721	1.701581	2.067268	0.727776	1.447620	1.104753	0.643421	0.000000	1.424253	1.436024
921	0.130827	0.676566	1.566487	0.942800	0.933579	0.447477	0.290152	1.075648	0.160043	0.904287	0.398843	0.017470	1.067031	0.000000	-0.085596	0.090606	0.612609	0.931286	0.764192	0.749038
922	0.523479	0.665322	2.036152	1.028750	1.022539	1.754012	0.757509	0.286798	0.210156	0.103225	-0.020530	0.934505	3.434199	0.000000	0.065594	0.812773	0.565836	0.458442	0.889163	1.098446
923	2.620606	2.094361	3.402209	3.284245	1.816178	3.227283	3.163015	0.000000	3.360295	0.662942	1.279323	3.359930	3.661298	3.187439	3.312616	3.325062	2.944853	0.926042	2.251232	2.431144
924	0.927619	0.997509	2.179412	1.772157	0.000000	1.689352	0.648130	1.230734	0.912179	0.975715	0.784695	1.242016	3.441090	1.251868	0.311969	1.145982	1.318295	1.353836	-0.256611	-0.277446
925	0.332098	0.424890	0.805420	0.859128	0.325533	1.335829	0.250052	0.549347	-0.236653	0.423787	0.257010	0.000000	3.665941	0.198116	-0.286665	0.318587	0.513751	0.752582	0.359528	0.329823
926	0.000000	1.088590	1.586550	0.611730	1.411947	1.884477	1.146761	1.711882	1.893094	1.305319	0.945624	1.351907	3.387573	0.971643	1.957473	0.985455	1.731760	1.669964	1.050468	1.232824
927	0.000000	0.467063	1.881419	1.197051	0.349239	0.983837	0.328046	0.617985	0.941447	0.919175	0.559238	0.976032	1.856484	0.686923	0.701262	-0.142063	0.442273	0.340159	0.422405	0.238135
928	0.349274	0.467651	1.116560	0.761000	0.520452	0.848259	0.310863	0.630492	-0.017604	0.105476	0.066677	0.397770	2.903310	0.000000	-0.215112	0.514008	0.660425	0.834781	0.575160	0.438450
929	0.821820	0.372320	0.414093	0.673556	0.408230	1.410513	0.467900	0.369350	0.928449	0.000000	0.165876	0.152404	2.316264	0.311794	0.641088	0.851100	1.055563	0.764895	0.461943	0.281626
930	-1.439621	-0.544532	0.000000	-0.091142	-0.691775	-1.053098	-0.815382	-0.025578	-0.571085	0.039784	-0.405076	-0.330910	-1.177773	-0.484688	-0.640642	-1.069716	-0.575763	-0.206177	-0.701082	-0.741517
931	-0.156804	0.211911	-0.069196	-0.009635	0.445875	0.102024	-0.014557	0.289448	-0.184454	0.226083	0.206848	0.000000	0.596204	-0.054470	0.022382	-0.167357	0.134089	0.319840	0.334931	0.451991
932	1.712048	1.349766	1.122702	1.212855	0.694293	2.271579	0.682876	1.096708	2.021894	1.504040	1.650989	1.541177	2.561577	1.595055	1.915807	1.593694	1.378587	1.179360	0.375590	0.000000
933	1.671448	1.170627	2.117343	1.860940	0.777095	2.211857	0.899983	1.403088	2.202284	1.302408	1.288892	1.171114	3.240804	1.685130	1.956108	0.841670	0.000000	1.567084	0.197141	0.304742
934	1.263901	1.003356	2.731139	2.570939	0.676522	1.725352	0.279869	1.659138	0.126678	1.013788	0.760873	1.636456	3.030369	1.017645	0.000000	1.164402	1.450025	1.688616	0.869833	0.350116
935	2.478521	1.952317	2.814014	2.843021	1.586851	2.840705	2.617826	0.000000	2.825377	0.938162	1.585706	2.715877	2.969731	2.709986	2.905686	2.731309	2.349945	0.853114	2.220540	2.121314
936	-1.020571	-0.687199	1.160035	0.803851	-0.666912	0.000000	-0.254385	-0.261615	-0.641811	-1.143532	-1.017091	0.252296	1.263299	-0.169519	-0.598903	-0.247302	0.522933	0.134709	-0.471424	-0.385619
937	0.945969	0.356684	1.560957	1.375051	0.000000	1.217665	0.697065	0.591637	0.793334	0.735282	0.439678	1.112443	1.879240	0.849458	0.553174	0.931197	0.762319	0.629648	0.089403	0.370451
938	0.000000	0.255337	1.245571	1.085579	-0.198292	0.648594	0.022486	0.253087	-0.435070	-0.150598	-0.027861	0.042406	0.290717	0.259537	-0.652229	0.129177	0.242698	0.352238	-0.179195	-0.374757
939	0.993270	1.133719	2.455471	2.138970	1.718362	1.995173	2.191955	1.028367	2.217675	1.328736	1.497811	2.241750	0.000000	2.027441	2.318665	1.718510	1.836296	0.727035	1.944179	1.968087
940	-0.037980	-0.180935	0.282179	0.087276	-0.574225	0.510448	-0.487180	-0.312385	-0.320905	-0.721401	-0.624439	-0.036506	1.326805	-0.377683	-0.547987	0.000000	0.079743	0.076802	-0.765403	-0.810163
941	1.265963	1.121925	0.705993	1.745405	2.087111	1.480550	1.893657	1.712459	2.109973	2.257131	1.882361	0.714950	1.935103	1.587419	2.186262	0.000000	1.266551	1.251286	2.027496	1.995361
942	1.095221	0.892731	1.828067	1.781146	0.155997	1.997506	1.556497	0.575632	2.021827	0.737976	0.943102	1.926659	0.473682	1.879391	2.014853	1.841483	1.595520	0.460061	0.000000	0.922289
943	1.803106	1.142023	2.227928	1.912236	0.207005	2.529388	1.891629	0.000000	2.491707	-0.118810	0.381923	2.386687	2.386195	1.873163	2.484594	2.337708	2.137346	0.779417	0.790142	0.752643
944	1.843198	1.461052	0.000000	1.088169	1.831793	1.784813	1.849143	2.178228	2.145603	1.784475	1.555845	1.215554	3.320048	1.512384	1.998126	1.825325	1.837229	2.259205	1.693073	1.840969
945	0.167696	0.120155	0.000000	-0.009384	0.059076	1.032108	0.201893	-0.332183	0.722221	-0.189950	-0.045591	0.038526	2.161989	0.150311	0.500809	0.310283	0.074223	-0.249758	-0.002199	0.095151
946	1.910194	1.645622	2.923895	3.054822	-0.811796	2.758032	2.025244	1.864395	3.140703	1.101955	1.251084	2.823381	3.246904	2.765875	2.974099	2.732507	2.553486	1.901376	0.907993	0.000000
947	1.833351	1.099425	1.606982	1.752256	0.000000	2.269359	1.215840	0.972288	2.453741	0.845264	1.000814	1.258821	2.979397	1.978754	2.148674	1.884354	2.052380	1.554452	0.010432	0.073061
948	0.274898	0.659993	0.000000	-0.039498	0.657398	0.756132	0.578075	0.372422	1.036031	-0.130654	0.112097	0.512487	2.355500	0.320661	1.115144	0.477626	0.794843	0.747240	0.664349	0.657319
949	2.728009	2.690329	3.383554	3.340183	1.257694	3.116466	2.354449	3.356748	3.376444	3.110877	2.816357	3.101820	3.586149	3.258445	3.101140	2.977981	3.175109	3.229675	0.000000	0.989534
950	1.164629	1.046368	2.082867	1.551320	1.449305	2.350719	2.035603	0.657320	2.573144	0.958970	0.993254	1.974190	2.812089	1.750681	2.424820	1.345113	0.743992	0.000000	1.514180	1.456749
951	-0.519814	-0.494183	-1.594873	-0.711589	-0.173118	-0.198331	-1.118400	0.031604	0.000000	-0.581924	-0.309418	-1.256041	1.023863	-0.392922	-0.044518	-0.863176	-0.235269	0.161859	-0.225913	-0.311801
952	1.227576	1.606269	1.901437	1.795129	1.989768	1.558032	1.992107	2.246491	2.472794	2.511230	2.229210	1.990361	0.000000	2.286671	2.554983	1.593639	2.163814	2.044578	1.960685	1.833692
953	0.115825	-0.187618	-0.278771	-0.584531	-0.421197	0.167232	-0.097082	0.015090	0.683775	-0.184427	-0.118667	0.210690	1.136639	0.000000	0.593197	0.110922	-0.018671	0.246841	-0.643193	-0.515124
954	0.917759	0.597203	0.801389	0.797257	0.693377	0.700021	0.709489	1.365927	1.358314	0.712768	0.570330	0.427839	2.423317	0.682400	1.313720	0.000000	0.151988	1.460677	0.839986	0.805378
955	0.183159	-0.121029	-0.115730	-0.182114	-0.087122	0.087421	-0.171706	-0.059437	0.159739	-0.086600	-0.046950	-0.383134	-0.030146	-0.021242	0.074743	0.000000	0.145214	-0.055355	-0.086888	-0.316013
956	0.359233	0.000000	0.702908	0.743075	0.675924	0.897967	1.044737	0.729938	1.241451	0.834229	0.729572	0.787557	0.885199	0.999975	1.275608	0.634040	0.763525	0.656005	0.710304	0.850154
957	-0.296800	0.000000	1.625578	1.963139	-0.084500	1.196047	1.186646	1.053644	2.168427	0.090916	0.523925	1.558277	1.483112	1.737467	2.179643	0.745378	1.128189	1.042943	0.910772	0.295998
958	1.277356	0.851563	2.490105	1.904107	0.691322	1.817469	1.140348	1.176487	0.523162	0.230380	0.305740	1.065591	3.314274	0.584357	0.000000	1.157963	1.366508	1.268707	0.783303	0.777161
959	1.968263	0.782664	3.010414	1.676852	1.180022	2.704551	1.864523	0.198676	1.296554	0.563340	0.552046	2.360257	2.959685	1.208254	1.141641	1.873884	1.107700	0.000000	1.561701	1.266611
960	1.709498	0.688522	0.000000	1.241616	0.839801	1.956487	0.646495	1.386138	1.573851	0.905189	1.253158	0.162917	3.151647	1.450667	1.485204	1.263325	1.629676	1.474520	0.832354	0.810205
961	-0.189249	0.067334	0.415339	0.032234	0.009140	0.481599	-0.083174	-0.348915	-0.268059	-0.067308	-0.151728	0.000000	0.800627	-0.091972	-0.287462	-0.268051	-0.100871	-0.283435	0.020265	-0.023778
962	0.424559	0.163975	0.477364	0.288934	0.176474	0.911799	0.153035	0.000000	0.170453	0.251907	0.248031	0.120957	1.946965	0.111691	0.159586	0.235174	0.047233	-0.008010	0.478863	0.277050
963	1.910239	1.442196	1.829272	2.160146	1.409907	1.847841	1.457774	1.831768	1.757120	1.382249	1.615487	1.109222	2.840588	1.871385	1.619357	0.733218	0.000000	1.930121	1.528252	1.479030
964	0.494097	0.035616	0.000000	0.323507	0.278900	-0.251588	0.013959	1.453571	0.247428	0.415295	-0.013526	-0.165338	2.548108	-0.111130	0.491627	0.318844	0.933170	1.595083	0.528593	0.409259
965	0.142410	0.232086	0.467887	0.082419	0.428113	0.653610	0.329920	0.567243	0.182639	0.297316	0.072780	0.247916	3.159508	0.000000	0.257791	0.151370	0.359153	0.553624	0.651861	0.539566
966	1.398087	1.590340	2.241630	1.741715	0.000000	2.211007	0.956939	1.543512	1.411189	1.334376	1.329322	1.766955	1.490784	1.486652	1.326288	1.769330	1.959949	1.584376	0.527649	0.106804
967	0.547624	0.000000	1.603391	1.219981	-0.214341	1.447193	0.660736	-0.085658	0.763679	-0.175197	-0.119935	1.354970	2.145622	0.833419	1.030080	1.013712	1.056387	-0.069095	0.294715	-0.124652
968	0.069091	0.661396	-0.604858	-0.062562	0.870085	0.265555	0.122369	0.907525	0.461537	0.621841	0.704986	0.000000	-0.821988	0.161907	0.694540	-0.127909	0.683205	0.937339	0.883798	0.956872
969	0.000000	1.044083	0.912084	0.555298	1.595547	1.030109	1.298895	1.116486	1.536831	1.389583	1.215240	1.248130	-0.200356	0.986691	1.700989	0.404900	0.655199	0.560768	1.787980	1.631834
970	0.254207	0.309111	-0.343420	-0.030293	0.462904	0.431206	0.408265	0.565570	0.508461	0.346418	0.274039	-0.064962	1.782284	0.298213	0.496875	0.000000	0.188015	0.639629	0.281754	0.449414
971	-0.173608	-0.342072	-0.949673	-0.317598	0.025620	0.254058	-0.282327	0.002697	-0.290285	-0.330260	-0.172681	-0.883790	1.319485	-0.373866	-0.095064	-1.069513	-0.421288	0.000000	0.022165	0.146269
972	-0.211201	-0.055725	-0.543798	-0.361041	0.124101	-0.016812	-0.184835	0.177888	-0.110403	0.011910	-0.018191	-0.476332	-0.216167	-0.296771	0.008526	-0.463390	-0.370605	0.000000	0.211106	0.194577
973	1.036734	0.869318	0.000000	0.830233	0.991629	1.360514	0.917437	1.197398	1.336148	0.916822	1.246572	0.354718	2.445767	1.207391	1.490799	0.458531	1.125266	1.331347	0.966870	0.989145
974	0.513595	0.601577	0.759195	0.542730	0.790387	0.951538	0.675775	0.589470	0.493804	0.553494	0.672676	0.746995	0.000000	0.609372	0.686363	0.533727	0.644859	0.567049	0.859416	0.910675
975	0.000000	0.067203	0.328361	0.367690	-0.023132	0.068479	-0.190918	0.248218	-0.316695	-0.132536	-0.043814	-0.533327	1.568845	-0.110633	-0.511517	-0.346791	-0.422028	0.236795	0.116809	-0.063027
976	0.578572	0.000000	0.902841	0.810852	0.418518	1.167906	1.021792	0.585191	1.202487	0.597700	0.610286	0.847734	1.438293	1.088620	1.172405	0.789095	0.776910	0.655375	0.434332	0.499624
977	0.649614	0.400910	0.962394	0.485985	0.614145	0.965436	0.519553	0.094186	0.312421	0.405283	0.234578	0.708658	2.420363	0.289946	0.368599	0.493252	0.386450	0.000000	0.762297	0.582091
978	-0.191355	0.572049	1.146985	0.957349	0.461528	0.560162	0.372580	0.581317	0.064162	0.552209	0.407188	0.188884	-0.015444	0.225962	0.000000	-0.086974	0.427669	0.487720	0.612996	0.464867
979	0.022416	0.000000	1.420622	1.488753	-1.037023	0.198512	1.161526	0.525944	2.145320	0.622958	0.712491	1.642631	2.052083	1.889632	2.074661	1.066558	1.410709	0.505121	-0.691088	-0.702808
980	0.553934	0.494131	1.779956	1.167785	-0.069518	1.289598	0.607676	0.926501	0.448824	0.270853	0.047936	0.665875	2.704139	0.113350	0.000000	0.579649	0.880675	0.974025	0.373185	0.080790
981	0.115000	0.329126	0.022596	-0.043474	0.712952	0.487229	0.377640	0.471388	0.206495	0.244502	0.326739	0.363909	0.000000	0.089351	0.348674	-0.060906	-0.027982	0.383524	0.813845	0.764722
982	0.207902	0.451640	0.378966	0.467606	0.424273	0.586661	0.373464	0.376204	0.528327	0.000000	0.357001	0.182834	0.425541	0.533107	0.582713	0.136369	0.249006	0.429083	0.450983	0.291153
983	1.652584	1.179808	0.664778	1.577875	1.491928	1.118383	1.511033	1.928814	1.880227	1.640685	1.733494	0.737765	2.577382	1.827298	1.793743	0.405224	0.000000	1.942026	1.376273	1.364789
984	-0.074423	0.357192	0.183312	0.191420	0.729627	0.640065	0.378048	0.255150	-0.082654	0.209698	0.231671	0.227489	0.000000	0.025476	0.079333	0.039099	0.091955	0.130660	0.728799	0.794642
985	0.237838	0.331517	0.150398	0.000000	0.512339	0.627963	0.343616	0.415007	0.407371	0.386931	0.447076	0.451480	1.055805	0.243078	0.579881	0.368235	0.437174	0.387239	0.510037	0.523282
986	1.600330	1.198779	1.432028	1.576663	1.270760	0.000000	1.626543	1.846365	1.999346	1.666881	1.621989	1.605581	2.197898	1.767297	2.112183	1.620283	1.659442	1.867067	1.059220	1.306678
987	-0.107324	0.026854	0.454947	-0.069029	0.084763	0.431698	-0.014082	0.138053	0.000000	-0.191248	-0.400551	-0.339363	1.685411	-0.150365	-0.178058	0.075207	0.343209	0.322223	-0.250477	-0.202481
988	0.375508	0.859454	0.999746	0.711587	1.115546	0.747647	0.704391	1.235678	0.459589	0.468252	0.229022	0.671219	2.160178	0.000000	0.409581	0.645495	1.003829	1.408077	1.091707	1.199559
989	0.342204	0.410058	0.968997	0.953789	-0.191200	1.266270	0.181807	0.824822	0.441547	0.663379	0.468958	0.171851	0.581058	0.614768	0.000000	0.630106	0.875189	0.786461	0.006890	-0.169078
990	1.299460	0.775171	1.551924	1.468611	0.595289	1.940971	1.552862	0.850006	2.158872	0.319318	0.894264	1.707258	0.000000	1.769640	2.178592	1.686259	1.739339	1.063135	0.663018	0.652783
991	0.648152	0.355744	1.108405	0.368326	0.632278	1.235715	0.698774	0.202027	0.364132	-0.228696	0.006276	0.745916	1.735239	0.000000	0.307048	0.603342	0.359932	0.231529	0.897375	0.751957
992	1.009745	0.958113	0.854544	1.035418	1.347578	0.000000	1.105997	1.719411	1.219493	1.457519	1.381391	1.003311	2.195630	1.210984	1.322006	1.309152	1.567677	1.765669	1.571204	1.429000
993	-0.629145	-0.409182	-0.613685	-0.697146	-0.141993	0.000000	-0.347040	-0.383412	-0.355752	-0.356852	-0.254683	-0.399241	-0.390671	-0.378128	-0.164131	-0.441769	-0.241657	-0.356138	-0.183670	-0.100282
994	1.278823	1.077111	0.000000	0.311607	1.405652	2.297393	1.669301	1.680791	2.213857	1.195312	1.140628	1.452081	2.622255	1.310110	2.244150	1.529281	1.570621	1.789228	0.977254	1.424550
995	2.516477	1.652141	3.403042	3.482216	0.000000	3.164212	2.782274	1.982587	3.291552	1.088835	1.625628	2.965344	3.111895	3.198626	3.333721	2.807394	2.635531	2.052865	1.880627	1.841253
996	0.827244	0.351261	1.226250	0.604557	0.392620	1.403060	0.810855	-0.224966	1.299136	-0.133457	0.000000	0.730368	1.974001	0.793085	1.029924	0.838224	0.288552	0.094070	0.126222	0.080118
997	0.758352	0.466485	1.137755	1.064566	0.101167	1.642016	0.534285	0.599230	0.304226	0.506097	0.548306	0.817557	2.975617	0.828525	0.000000	0.881040	0.817052	0.825857	0.207490	0.039380
998	0.184869	-0.242824	0.216560	-1.062828	0.000000	0.758286	0.634916	0.047875	1.386203	0.095077	-0.229551	0.852962	1.775121	-0.079067	1.352538	0.160322	-0.048520	-0.243317	0.019392	0.255589
999	2.097198	2.154908	4.172856	3.686875	1.605205	3.681206	3.607094	1.361877	3.629984	0.000000	1.032223	3.963192	4.519238	3.266319	3.669666	3.433728	2.876600	1.542091	2.292349	2.519906
1000	0.643094	0.536456	1.088207	0.794317	0.455818	0.490567	0.564666	0.621441	0.518601	0.313715	0.436043	0.562839	0.000000	0.590642	0.579788	0.574532	0.679488	0.767653	0.456202	0.502092
1001	0.640419	0.421852	1.211347	1.768200	-0.862311	1.576939	-0.146946	0.705524	1.267385	0.272399	0.000000	0.532551	1.643597	0.975025	1.022352	1.082557	1.094702	0.940944	-0.999884	-0.933945
1002	2.380791	2.283710	3.389414	3.221790	0.000000	3.143991	1.693962	2.185782	3.224320	2.269710	2.269089	3.157335	3.392342	3.072905	2.874998	2.841942	2.907758	2.087776	-0.364005	0.024781
1003	2.561419	2.001946	3.148484	3.043814	1.772037	3.030220	2.650809	1.477437	2.698682	0.000000	1.260300	2.837769	3.719495	2.435481	2.773037	2.764827	2.384594	1.939592	2.206064	2.212963
1004	0.059610	0.291238	0.763396	0.303995	0.519910	0.713188	0.225010	0.503272	-0.061766	0.373043	0.038728	0.208684	3.346478	-0.028708	-0.177831	0.000000	0.460529	0.593354	0.415892	0.463959
1005	-1.910849	-0.835312	0.000000	-0.219087	-0.002206	-0.248168	-0.610123	-0.078154	-0.319917	-0.377041	-0.754178	-0.398284	1.505952	-0.843369	-0.541541	-1.728261	-0.857411	-0.129024	-0.073281	-0.168361
1006	0.104419	-0.120112	0.760617	0.521817	-0.328980	0.834926	-0.447320	-0.588844	-0.624057	-0.542372	-0.496032	0.000000	0.691230	-0.180011	-0.901411	0.240306	0.101082	-0.185890	-0.250635	-0.382974
1007	0.631342	1.096494	1.640584	1.592443	1.515916	1.275354	1.194344	1.290682	1.164130	1.579315	1.355452	1.047751	0.000000	1.207379	1.019722	0.656481	1.074996	1.140449	1.363132	1.493801
1008	0.815954	0.766675	0.092928	0.329270	1.174346	0.428334	0.484781	1.256955	1.192591	0.923442	0.959572	0.000000	1.869911	0.624855	1.113629	-0.029045	0.038608	0.920077	1.120537	1.138385
1009	-0.094147	0.009502	0.174138	0.005598	-0.059167	0.488332	0.042156	-0.265375	0.134007	-0.112069	-0.008588	0.236037	0.000000	0.110526	0.134949	0.010173	0.089350	-0.168648	-0.093772	-0.058583
1010	-0.061887	-0.025635	0.321184	-0.001871	-0.256547	0.255350	-0.215783	0.000282	0.000000	-0.048187	-0.084493	-0.061299	0.911107	-0.114673	-0.012268	-0.038182	0.024238	-0.043871	-0.233695	-0.275699
1011	0.347422	0.000000	0.601101	0.763594	0.884649	0.860797	1.176260	0.821699	1.221843	0.987542	0.900187	0.621168	0.772811	1.013513	1.244957	0.505424	0.672167	0.743583	0.945257	1.166284
1012	-0.267512	-0.011073	0.464248	-0.036861	-0.119980	0.000000	-0.013443	-0.325121	0.355327	-0.343968	-0.252447	-0.040964	-0.663711	-0.179040	0.304600	-0.180657	-0.020027	-0.111006	-0.123004	0.023291
1013	0.305579	0.261485	1.076833	0.847954	-0.449189	0.896984	0.068891	-0.226131	0.000000	-0.700487	-0.300240	0.430998	1.097977	0.245919	-0.027617	0.444865	0.281783	0.172973	-0.386933	-0.490148
1014	1.580717	2.035751	2.577227	2.559682	2.296670	0.000000	2.504338	2.668226	2.487961	2.584678	2.416725	2.500075	2.434844	2.484715	2.667431	1.983979	2.622106	2.647300	2.298299	2.498856
1015	2.345420	2.203510	2.897087	2.896992	1.956824	0.000000	2.544362	2.726794	2.819261	2.311356	2.355011	2.719056	2.848197	2.733589	2.912942	2.616831	2.919718	2.948571	2.146571	2.322975
1016	-0.392007	0.445041	1.443187	1.021958	0.360029	0.539366	0.000000	0.902313	-0.311683	0.484180	0.096653	0.612368	1.427280	0.177401	-1.244791	0.219961	1.132217	1.047774	0.495651	0.434090
1017	0.000000	0.452739	1.083264	0.728123	-0.233525	0.693219	0.211738	0.659309	0.768456	0.839173	0.473023	0.336902	0.810289	0.368588	0.561270	0.424485	0.549139	0.338969	-0.283388	-0.259426
1018	0.000000	0.082493	0.875797	0.310581	0.053970	0.846902	0.463512	0.108138	0.327965	0.025853	-0.220350	0.636830	1.050136	0.015646	0.117202	0.358867	0.223300	0.106415	0.079663	0.219380
1019	2.763714	2.589250	3.261944	3.457464	0.773558	3.157540	1.803026	2.960925	3.353792	3.086333	2.852422	2.784072	3.536317	3.163916	2.926584	2.735236	2.963183	3.016465	0.561559	0.000000
1020	0.002482	0.439685	1.379424	1.174069	0.477921	0.803613	0.391018	0.602917	-0.045233	0.570000	0.349867	0.500782	2.126840	0.494525	-0.342195	0.000000	0.657674	0.671012	0.524499	0.417592
1021	0.127998	0.145895	0.560754	0.675395	0.121591	0.291063	-0.071513	0.597012	-0.067922	0.341282	0.153891	-0.048801	1.136948	0.118760	-0.242860	0.000000	0.246685	0.576556	0.135174	0.183221
1022	0.000000	0.489414	1.861030	1.567289	0.650714	0.828257	0.840760	0.909721	0.726082	0.562775	0.410722	0.724502	2.199094	0.620857	0.242786	0.256421	0.120296	0.714173	0.835539	0.664569
1023	1.626105	1.382244	3.236661	3.068350	1.811721	2.917531	2.756043	0.338259	2.865387	1.617943	1.551036	2.743246	3.112991	2.679809	2.880320	2.318125	1.807387	0.000000	2.202053	2.353648
1024	0.234615	-0.184817	0.554354	0.472654	0.297479	0.992536	0.118385	-0.063638	-0.459805	-0.044070	-0.063945	0.000000	2.094968	-0.054177	-0.492699	0.059674	0.099175	-0.401059	0.377809	0.281425
1025	1.776370	0.859478	2.564247	2.208325	0.224427	2.577791	1.873190	0.000000	2.416146	-0.186072	0.431401	2.357806	2.633901	2.002758	2.297246	2.090419	1.527806	0.496616	0.731629	0.732433
1026	0.619806	0.130490	0.749436	0.605376	0.045243	1.183796	0.185471	-0.095597	0.409562	0.000000	0.205704	0.574359	2.142535	0.420162	0.417481	0.451335	0.372165	0.067679	0.223730	-0.074892
1027	0.132831	-0.162123	-0.046974	-0.104537	0.063748	0.378186	-0.077349	-0.034450	0.131189	0.000000	0.071664	-0.069466	0.682331	-0.011019	0.067973	-0.027322	-0.130960	-0.102179	0.035454	-0.050432
1028	0.289909	-0.013090	-0.039389	0.066278	0.517941	0.000000	0.184598	0.322756	0.430849	0.431023	0.457273	0.134720	1.208577	0.274679	0.392407	0.283178	0.395192	0.379703	0.431042	0.496803
1029	0.066040	-0.137294	-0.211073	0.008423	0.285979	-0.052841	0.000000	0.286346	0.354196	0.268953	0.223801	-0.138968	0.421529	0.151179	0.330627	-0.015558	0.059566	0.222668	0.286221	0.358421
1030	0.831643	0.519558	0.413163	0.470886	1.052710	0.000000	0.811828	0.978248	1.027040	0.966561	0.941790	0.662131	0.943388	0.793182	1.157740	0.783967	0.911736	0.967211	1.085186	1.171923
1031	-0.415463	-0.436273	0.101096	0.087433	-0.432962	-0.154734	-0.294311	-0.226510	-0.146350	-0.604770	-0.520309	-0.186004	-0.444169	-0.130091	-0.021285	-0.171471	0.000000	-0.166249	-0.425403	-0.412505
1032	0.586900	0.452547	0.962789	0.590692	0.574764	0.947497	0.458522	0.293640	0.269148	0.598870	0.445803	0.708511	1.677109	0.421240	0.000000	0.519705	0.411038	0.270169	0.415988	0.445547
1033	1.961935	1.586924	2.418099	2.460268	1.866252	2.382523	2.379897	-0.030503	2.132717	0.862303	1.310266	2.382576	1.281367	2.196250	2.287695	2.301458	1.874855	0.000000	1.911931	2.193613
1034	1.456589	1.557462	1.933522	1.886487	1.534419	0.000000	1.806375	1.735154	1.850540	1.597573	1.639586	1.926220	2.311497	1.819719	1.928060	1.737721	1.913254	1.910429	1.477500	1.680753
1035	0.000000	0.520012	1.860580	2.011591	1.025501	1.447250	1.259303	0.737529	1.224073	1.254554	1.103041	1.286808	0.718007	1.493860	0.983944	0.668329	0.293361	0.129444	1.177535	0.937036
1036	0.370122	0.009742	1.631681	1.498394	-0.631523	1.155747	1.188864	-0.680879	1.428735	-0.006538	-0.147744	1.294107	1.618020	1.213820	1.398126	0.438429	0.000000	-0.734084	0.561198	0.347172
1037	-0.015024	-0.485890	2.416698	2.129617	0.041762	1.652995	1.262029	-0.749378	1.093883	-0.309437	-0.232180	1.855471	2.147591	1.334112	1.045257	0.970268	0.484124	-0.929155	0.404787	0.000000
1038	2.500886	1.815299	3.600346	3.115117	0.000000	3.551896	2.009623	1.563278	3.251098	1.656787	1.807414	3.016430	3.564650	2.837723	3.111171	2.560297	2.211162	1.610183	1.209965	0.793784
1039	0.884433	0.403781	2.315159	1.005607	0.350717	1.610151	0.944427	0.249859	0.514246	0.040090	0.000000	1.592690	0.745425	0.800347	0.417820	1.400667	1.206928	0.373118	0.517007	0.499653
1040	1.044406	1.012836	2.782708	2.272337	1.780461	1.864316	2.155049	1.376809	2.436201	1.543203	1.453021	2.042388	2.479631	2.101015	2.248887	0.642891	0.000000	0.977606	1.666958	1.848386
1041	1.491838	0.687158	2.687955	2.293281	0.099874	2.197411	1.021435	1.052639	1.698554	1.045870	1.018010	1.626556	2.570184	1.647158	1.101921	1.734096	1.569568	0.928793	-0.025072	0.000000
1042	-0.400866	-0.368104	1.036099	1.097692	-0.754441	0.697102	0.000000	0.237179	1.628589	-0.747928	-0.411440	0.510109	1.680744	0.736710	1.444780	-0.078082	-0.118157	0.298862	-0.451965	-0.344511
1043	1.010559	1.082342	1.736281	1.787814	1.825122	1.594674	1.670012	0.652274	1.455405	1.355497	1.167291	1.292727	2.220230	1.510045	1.365510	0.422567	0.000000	0.605544	1.913922	1.777819
1044	0.616518	0.591838	1.639220	1.423581	0.927175	1.162731	0.884603	-0.018743	0.048375	-0.351067	0.359657	0.999954	0.005385	0.698668	0.358026	0.738296	0.742739	0.000000	1.237607	1.264321
1045	1.526702	0.889125	2.668239	2.120435	0.927847	1.925323	1.715258	0.965666	2.030367	0.000000	0.454527	2.151500	2.379083	1.628771	2.087363	1.889958	1.597188	1.219070	1.460786	1.445697
1046	0.186524	-0.351156	0.528691	0.825235	0.078415	0.829085	-0.210456	-0.751124	-0.547758	-0.516437	-0.175133	-0.733773	1.872287	0.000000	-0.725676	-0.271224	-0.529360	-0.550387	0.255117	0.161128
1047	0.976752	0.770499	1.068414	1.221258	0.993259	0.924129	0.678698	1.462362	0.523797	1.046575	0.978999	0.564258	3.031979	0.858584	0.442896	0.249541	0.000000	1.393543	1.210550	1.029836
1048	-0.163851	-0.021213	0.617037	0.744038	0.244771	0.581042	0.376558	0.012564	0.673683	0.112899	0.128556	0.665922	-0.997978	0.549586	0.672186	0.000000	-0.561417	-0.281004	0.452713	0.541968
1049	0.000000	0.582200	0.698565	0.472028	0.497688	0.448933	0.275687	0.550968	-0.391273	0.388024	0.281980	0.465606	1.381230	-0.157753	-0.262279	0.235612	0.492160	0.620659	0.439462	0.517500
1050	1.141814	1.216979	0.000000	0.622564	1.862413	1.346566	1.287079	1.966166	1.704987	1.446428	1.107774	1.208015	3.200701	0.708727	1.991557	1.392764	1.736663	2.000418	1.882167	2.103832
1051	1.501117	0.667569	2.596408	2.215523	0.000000	2.384992	1.286781	1.122006	1.881156	1.006503	0.994825	1.938100	2.765105	1.962923	1.752684	2.026817	2.122629	1.135984	-0.130417	0.042071
1052	1.788081	1.232230	2.636346	2.276102	1.173810	2.527057	2.042590	0.000000	1.732227	0.340706	0.568404	2.220368	3.098187	1.614343	1.576693	2.114954	1.686821	0.689572	1.304554	1.555073
1053	0.069223	0.405107	0.000000	0.195059	0.853894	1.120552	0.357633	0.764765	0.630975	0.127526	0.366229	0.158671	3.031355	0.422286	0.633241	0.479685	0.842537	1.053819	0.605564	0.886212
1054	0.000000	0.857301	2.735733	2.474922	0.755306	1.904632	1.819642	1.443581	2.347496	1.521570	1.411847	2.386972	2.958068	2.211563	2.208931	0.835465	1.238072	1.447389	1.015435	1.399209
1055	0.634197	0.405154	2.230724	1.903890	0.615820	1.852669	1.397909	-0.293904	1.853801	0.000000	0.293415	1.856261	2.521674	1.537439	1.668699	1.538251	1.278049	0.354514	0.425284	0.515642
1056	0.589989	0.438531	1.622198	0.854726	0.705709	1.561231	0.600642	0.051178	0.000000	0.317249	0.309961	0.948038	3.405954	0.474504	-0.185151	0.953120	0.799451	0.311009	0.597457	0.605009
1057	0.316043	0.439866	2.469164	1.490585	0.236010	1.695480	-0.004693	0.836184	0.000000	0.418110	0.188527	0.169392	3.578986	0.181988	-0.073313	0.591501	0.858035	0.789088	0.162864	0.262965
1058	0.000000	0.082594	0.715059	1.195466	1.178299	1.196438	1.330235	0.932460	1.514405	1.116689	0.896251	1.025357	2.609583	1.260108	1.440897	-0.083724	-0.009328	0.683106	1.300000	1.131772
1059	1.885465	1.740736	3.098011	2.540448	1.893812	2.426379	1.544362	2.082161	0.951237	1.761673	1.564613	1.899919	4.022770	1.620812	0.000000	1.971975	2.096228	2.364554	1.471637	1.411261
1060	-0.132202	0.037554	0.292814	-0.255560	-0.056686	0.731226	0.212778	0.216575	0.148916	0.000000	-0.200673	0.541226	2.887439	-0.266653	0.235467	0.186674	0.395939	0.441905	-0.223099	0.053666
1061	1.906298	1.449602	3.170581	2.909484	0.746655	2.918086	2.269803	0.000000	2.490731	0.264633	0.833493	2.859303	3.439569	2.458899	2.497194	2.730577	2.181209	1.022396	1.218170	1.051626
1062	0.000000	0.920340	2.807138	2.485339	2.233610	1.600741	2.676074	1.811406	2.481230	1.878752	1.496341	2.589618	3.321175	2.260536	2.399998	1.074970	1.464620	1.517225	2.259838	2.382124
1063	-0.204209	-0.252518	-0.466257	-0.210548	0.050925	0.412942	-0.110151	0.323647	-0.267216	-0.002168	-0.213248	-0.291094	2.971040	-0.211953	-0.331283	0.000000	0.365595	0.477085	0.028720	0.133240
1064	-0.033783	-0.061233	0.513519	0.298637	-0.146693	0.828834	-0.226320	-0.175713	-0.432599	-0.161189	-0.266127	0.000000	2.939404	-0.206845	-0.407813	0.010661	0.105338	0.046585	-0.276812	-0.179997
1065	0.741387	0.544677	2.731654	2.536403	0.335788	2.062826	1.903052	-0.465956	2.196088	-0.339087	-0.191207	2.254052	2.614676	1.988106	2.256635	1.685911	1.450001	0.000000	0.528828	0.779721
1066	1.351175	1.491562	1.417828	1.398245	1.486136	1.779943	1.352824	1.958550	1.961837	1.595999	1.455872	0.955918	3.251580	1.332115	1.751245	0.592597	0.000000	2.075761	1.136781	1.329355
1067	-0.382468	-0.345993	0.291353	0.000000	-0.130412	0.309900	-0.065775	-0.168319	-0.432398	-0.301094	-0.351670	-0.031315	2.343388	-0.181521	-0.446981	-0.110914	0.076947	-0.041515	-0.071854	-0.042370
1068	-0.874268	-0.329922	0.888005	0.485982	-0.422803	0.115748	-0.480527	-0.183019	-0.732935	-0.820547	-0.702856	-0.548158	1.981692	-0.389502	-0.817237	-0.547754	0.000000	-0.035063	-0.364018	-0.408151
1069	1.217577	0.929802	2.304361	2.400121	-0.024981	1.722927	1.671413	0.502352	2.280941	-0.010757	0.000000	1.924632	2.393741	2.083091	2.336138	1.578982	1.505905	1.208905	1.118330	0.978826
1070	0.268749	0.019609	0.586536	0.458955	0.305689	0.000000	0.165514	0.223659	0.141973	0.136301	0.128830	0.174773	1.333866	0.202402	0.136092	0.258823	0.362972	0.339584	0.507459	0.415897
1071	0.064457	-0.045508	0.586842	0.512015	-0.170147	0.103903	-0.233451	0.000000	-0.092902	0.200878	0.074368	-0.038782	0.455621	0.069311	-0.160216	-0.062571	0.013729	-0.105709	-0.029190	-0.300168
1072	0.016254	-0.099932	0.088044	0.146866	0.114586	0.089404	0.079524	0.201807	0.167492	0.196045	0.172669	0.000000	0.081663	0.126978	0.208855	-0.001209	0.128446	0.133649	0.111026	0.227542
1073	0.517633	0.122557	0.407443	0.571852	0.390802	0.000000	0.427080	0.395079	0.651815	0.456230	0.507450	0.337094	0.801722	0.582504	0.682612	0.385126	0.362341	0.447079	0.427647	0.510444
1074	0.170457	-0.045696	0.166388	0.311245	0.179463	0.059801	0.011964	0.248903	0.028457	0.230633	0.166897	-0.046234	0.301702	0.156500	0.042113	0.000000	0.078583	0.232761	0.214391	0.220487
1075	0.000000	-0.152492	0.237929	0.171429	0.096627	0.097136	0.009983	-0.096438	-0.020713	0.009071	-0.017555	0.086877	0.386222	-0.047724	0.023120	0.042726	-0.004392	-0.047170	0.227227	0.239731
1076	0.638967	0.472314	1.659042	1.595840	0.069159	0.852210	0.627235	0.607808	0.858863	0.634478	0.664645	1.004454	1.241272	1.063622	0.837376	0.865864	0.881404	0.584336	0.148622	0.000000
1077	1.194786	1.036462	2.101778	1.863769	1.167783	1.238737	0.899047	1.519579	0.494455	1.626960	1.235065	1.245096	2.741715	1.102666	0.000000	1.117888	1.186061	1.395027	1.138290	1.119518
1078	1.862364	1.351457	2.744623	2.888323	1.660728	2.755980	2.659884	0.582920	2.857057	1.197332	1.667377	2.747401	2.610763	2.679369	2.853706	2.471550	1.757846	0.000000	2.212454	2.230234
1079	1.785901	0.770365	2.836403	2.464111	0.000000	2.543177	1.274404	1.215560	0.687366	1.093039	0.998482	1.968459	3.349282	1.660951	0.497614	1.724860	1.501229	1.167924	0.379095	0.619475
1080	1.832589	1.327020	2.661945	2.539641	1.782733	2.560275	2.244159	1.736054	2.517642	2.097902	2.152035	2.465492	0.000000	2.424959	2.643383	2.350476	2.452869	1.647629	1.887815	1.920776
1081	1.561194	0.746853	2.435362	2.087217	0.575333	2.201330	0.830249	0.643538	1.584181	0.944085	1.030895	1.510340	2.516536	1.445843	0.802842	1.744149	1.469203	0.494992	0.404280	0.000000
1082	0.197265	0.350168	1.498804	1.791381	1.423503	0.797678	1.716426	1.517095	2.234508	1.671996	1.306681	1.184322	1.680565	1.760316	2.163062	0.000000	0.399259	1.226609	1.355482	1.677575
1083	0.351871	-0.147523	0.501340	0.167902	0.159803	0.905912	0.327380	-0.062065	0.468953	0.141598	0.216405	0.539185	0.256031	0.391241	0.377218	0.424010	0.268010	0.000000	-0.162795	0.044353
1084	1.367629	0.660614	1.873530	1.788841	0.000000	1.631922	1.309959	1.434327	2.149158	0.977755	1.013693	1.773524	2.253079	1.840224	2.072181	1.921947	1.946069	1.618405	-0.098315	0.231652
1085	0.404754	0.664895	1.526692	1.523589	-0.158342	0.955563	0.979545	1.074446	1.115675	1.010972	0.621172	0.983665	3.210662	0.877619	1.042307	0.614292	1.053791	1.294231	0.065048	0.000000
1086	0.973715	0.610760	1.214879	0.251596	1.485291	1.831989	1.680855	0.361037	1.968026	0.662818	0.802118	1.676549	0.681028	1.178959	1.892282	1.142388	0.823482	0.000000	1.316942	1.387447
1087	1.817332	0.896764	2.682719	2.326360	0.000000	2.320060	1.686850	0.973959	2.525592	0.715715	0.942367	2.367488	2.878380	2.095406	2.402419	2.095638	1.887730	1.502943	-0.054485	0.391083
1088	1.397884	1.093533	2.857579	2.222648	0.420345	2.394372	1.479404	1.263839	2.541466	1.463477	1.114560	2.252400	3.687545	2.000058	2.323467	2.046113	1.949348	1.109243	0.236571	0.000000
1089	1.233490	1.060885	0.602813	0.000000	1.464908	2.173300	1.568105	1.420515	2.399333	1.621661	1.383936	1.766136	2.991490	1.424690	2.278598	1.348338	1.650603	1.428782	0.847927	1.264178
1090	0.074415	0.054046	1.082326	0.373782	-0.257386	0.516807	0.322928	-0.150091	0.217739	0.038222	0.018498	0.656072	-0.028599	0.000000	0.136038	0.381571	0.485572	0.094853	-0.774318	-0.247265
1091	2.379688	1.718880	2.460709	2.410834	0.600736	2.778100	1.953380	2.026210	3.101889	1.555741	1.831198	2.252644	3.071310	2.480511	2.841120	2.649047	2.526992	2.277434	0.541062	0.000000
1092	1.098084	0.792470	0.990097	0.845844	0.274502	1.609568	1.202729	0.328274	1.959543	0.000000	0.454087	1.575427	2.563646	1.219115	1.929816	1.254088	1.179455	0.759132	0.532062	0.780724
1093	1.289612	0.846409	1.486746	1.614844	0.584951	1.088086	0.547120	1.275800	0.835967	1.494359	1.179325	0.748965	1.963601	0.979160	0.494646	0.462285	0.000000	1.075070	0.489717	0.485845
1094	1.780921	1.301228	2.559682	2.354163	1.341840	2.326835	2.313915	0.000000	2.411075	0.765599	1.065230	2.480724	2.453375	2.243774	2.432296	2.176149	1.948247	0.751592	1.336388	1.611557
1095	0.708828	0.144758	1.700930	1.484030	-0.196073	1.099023	0.676802	0.000000	0.659175	0.243492	0.279338	1.180997	1.234290	0.995697	0.619294	1.064855	0.926060	0.179526	-0.777064	-0.396160
1096	-0.317768	-0.340707	0.000000	0.215064	-0.385714	-0.146730	-0.180892	-0.013269	-0.423472	-0.244766	-0.169522	-0.068628	0.590410	-0.182788	-0.473476	-0.181010	-0.057015	0.096400	-0.472367	-0.247310
1097	0.106432	-0.110187	0.000000	-0.040653	-0.140709	0.863952	0.025616	-0.233993	0.420101	-0.261317	-0.218603	0.174637	1.766188	-0.114379	0.240780	0.191969	-0.100205	-0.030112	-0.326355	-0.133317
1098	0.263496	0.147455	2.199821	1.940478	0.170801	1.272051	1.624527	0.312829	2.043835	-0.275475	0.072907	1.816643	2.330116	1.610130	1.972443	0.724673	0.000000	0.269253	0.620996	0.750120
1099	0.517382	0.293610	1.704112	1.646489	-0.038705	1.073013	1.158123	0.000000	1.508389	-0.032909	0.311983	1.598746	2.115858	1.369290	1.535136	1.143891	0.966675	0.395066	0.040849	0.194159
1100	0.705068	0.378770	1.304695	1.188232	0.000000	1.093967	0.711228	0.655244	0.224112	0.422546	0.590625	0.867250	2.096899	0.759215	-0.012835	0.868971	0.878082	0.869291	0.229540	0.185540
1101	-0.559050	-0.464287	0.352287	0.173568	-0.357195	0.195214	0.043165	-0.996017	0.391469	-0.911571	-0.627017	0.000000	0.780988	-0.035540	0.505321	-0.208940	-0.447909	-0.870771	-0.447389	-0.269153
1102	1.405442	0.833614	2.046952	1.842423	0.702057	1.838599	1.673046	0.447972	1.875809	0.000000	0.697519	1.972243	1.979523	1.718732	1.847758	1.674851	1.386757	0.932409	0.549720	1.020420
1103	0.091879	0.170882	1.286904	1.277169	-0.091011	0.000000	0.849843	0.037756	1.415318	-0.235166	0.084979	1.191764	1.692888	1.057630	1.424826	0.534854	0.322188	0.219814	0.005271	0.242421
1104	0.260502	0.224442	1.579143	1.454409	0.345796	0.786064	1.099353	-0.184874	0.928042	-0.379929	0.057779	1.039691	1.492839	0.983095	0.913299	0.672296	0.540551	0.000000	0.535232	0.626718
1105	-0.350609	-0.264936	1.041886	0.730402	-0.421304	0.340154	0.270020	-0.630295	0.414414	-0.625727	-0.683250	0.375359	0.971143	0.193679	0.435620	0.000000	-0.010011	-0.277796	-0.264688	-0.183502
1106	1.763041	1.303041	2.454528	2.324283	1.260604	2.185340	2.337930	1.141404	2.313484	0.000000	1.007734	2.449944	2.474096	2.247127	2.372051	2.169712	2.041367	1.634200	1.636526	1.908871
1107	-0.259275	0.025083	0.944702	0.971024	-0.495785	0.000000	0.559153	-0.267533	1.047818	-0.674890	-0.231009	0.950697	1.659335	0.743899	1.025736	0.539623	0.388672	0.036222	-0.194257	0.005686
1108	0.000000	0.331896	1.647161	1.394438	0.535793	0.843518	1.378371	-0.090030	1.403910	0.227828	0.438928	1.377519	1.712884	1.244144	1.544943	0.627704	0.165377	-0.243637	0.864803	0.987971
1109	1.551628	1.306015	2.122874	1.805858	1.237393	2.159369	1.793205	0.000000	1.962849	0.784457	0.988248	2.043070	2.628595	1.738158	2.024197	1.930141	1.475322	0.606317	1.524997	1.476220
1110	1.734105	1.487330	2.714156	2.633579	0.000000	1.900372	2.489166	1.597687	2.713678	1.012858	1.310780	2.766271	2.814482	2.626950	2.775885	2.241614	2.046300	1.907981	1.450854	1.418458
1111	0.581694	0.782051	1.859960	1.772655	0.318778	1.257373	1.394142	0.150246	1.748329	0.000000	0.616827	1.797721	2.297035	1.602637	1.729845	1.392937	1.104248	0.439688	0.518833	0.559014
1112	1.070481	1.014808	2.341833	2.035926	1.087832	1.937088	1.870735	0.109838	2.032807	0.454552	0.889344	2.070056	2.267465	1.853247	2.133132	1.356133	0.765721	0.000000	1.031700	1.506401
1113	0.020485	0.107215	1.679376	0.648034	-0.004400	0.981744	0.694793	-0.375495	1.370566	-0.119298	-0.102247	1.162741	1.966124	0.672245	1.336861	0.277950	0.000000	-0.253849	-0.156673	-0.080702
1114	0.484830	0.266404	1.390886	1.368102	-0.402295	1.220533	1.088435	0.226744	1.929934	-0.151793	0.000000	1.275718	1.693586	1.448547	1.800912	1.018881	0.530751	0.288741	-0.270457	-0.254111
1115	0.072444	0.208950	1.215555	1.096952	-0.555920	0.495091	0.539567	-0.384674	1.025712	-0.705830	-0.232226	1.127916	1.369287	0.816815	1.069451	0.809783	0.569818	0.000000	-0.014964	-0.081220
1116	1.191427	1.018375	2.294940	1.925914	0.680008	1.780303	2.002906	0.577903	2.316298	0.000000	0.558895	2.337613	2.547982	1.925172	2.402052	1.703246	1.411122	0.920962	1.198415	1.223409
1117	1.909356	1.057203	1.698442	1.568477	1.001965	2.109967	1.961878	0.994593	2.211562	0.000000	0.454941	1.964804	2.792245	1.692326	2.311358	1.900171	1.624338	1.495448	1.175700	1.323791
1118	2.002156	1.557562	1.975335	1.889090	1.704346	0.000000	1.956729	2.281130	2.238497	1.983451	1.943099	1.872220	2.262256	2.045536	2.341383	2.086567	2.262419	2.348914	1.827546	1.931453
1119	0.733855	0.000000	1.493156	1.619273	-0.650431	0.673716	0.714257	0.944846	1.611587	0.180188	0.213284	1.081120	2.046432	1.258332	1.705898	1.077441	1.146568	1.181099	-0.422541	0.008502
1120	0.721704	-0.033014	-0.543144	0.000000	0.609887	0.580683	0.375762	0.486025	0.729263	0.830757	0.655476	-0.519822	0.903501	0.410186	0.717303	0.181712	0.680711	0.413296	0.794873	0.493806
1121	0.787554	0.611863	1.783497	1.438192	0.183602	1.479744	1.228320	0.010849	1.567816	0.000000	0.491260	1.630116	0.964237	1.360865	1.611585	1.284425	0.809598	0.247886	0.167553	0.376931
1122	-0.115220	-0.156045	0.681849	0.586003	0.058810	0.444415	0.429024	-0.537602	0.020983	-0.588071	-0.235455	-0.014533	0.370218	0.096598	-0.142840	0.174953	-0.231906	-0.460376	0.000000	0.436955
1123	-0.572526	0.164511	0.808518	0.565176	0.221066	0.171989	0.665979	0.024633	1.221392	0.079442	0.100972	0.721171	0.442174	0.622618	1.153737	0.000000	-0.020777	0.087105	0.251925	0.261888
1124	0.000000	1.204529	2.186101	1.937234	1.513020	1.319270	2.107606	1.463430	2.092566	1.415540	1.429792	2.076898	1.536958	1.930277	2.130742	0.772901	0.914823	1.202823	1.738139	1.843554
1125	0.111613	0.226629	1.769050	1.667996	-0.141818	0.928977	1.421337	-0.103170	1.868481	-0.566781	-0.084511	1.821669	1.880419	1.455793	1.925845	1.014926	0.804824	0.000000	0.095835	0.251087
1126	1.701159	1.576183	3.262543	2.783269	1.498861	2.840874	2.737935	0.000000	2.682565	0.253585	0.851497	2.975091	2.918737	2.495993	2.680196	2.532562	1.901593	0.681776	1.751128	1.958442
1127	0.831484	0.636113	1.412321	1.235604	1.001563	1.784651	1.606865	-0.392656	1.562447	-0.516832	0.000000	1.400814	2.003410	1.212878	1.539119	1.201144	0.410102	-0.070379	1.272059	1.515419
1128	0.066462	0.000000	1.324465	1.271847	-0.050507	0.888513	1.219246	-0.539365	1.533160	-0.604637	-0.330729	1.179577	1.697073	1.162531	1.525013	0.616205	0.186090	-0.454175	0.109571	0.563538
1129	0.000000	-0.025761	1.577832	1.441847	-0.498224	1.015559	1.090307	-0.382755	1.605420	-0.745156	-0.284997	1.530770	2.157440	1.239438	1.619412	0.826833	0.490080	-0.064054	-0.093617	0.007105
1130	0.515789	0.576093	2.079083	1.803559	0.979563	1.586525	1.801543	-0.085862	1.992922	0.223967	0.555902	1.649004	2.046252	1.663251	1.989621	0.702085	0.000000	-0.145027	1.297821	1.469638
1131	1.925593	1.646515	2.878315	2.731302	1.663123	2.633966	2.597443	0.000000	2.563081	0.677848	1.022861	2.645853	2.953544	2.474061	2.652533	2.448971	1.968665	0.764649	1.786666	2.059459
1132	0.000000	0.323486	2.016418	1.770938	-0.035158	0.913160	1.528127	-0.011743	1.916133	-0.453093	0.090385	2.019080	2.303430	1.627226	1.987102	1.163312	0.866698	0.104925	0.269506	0.417462
1133	-0.072005	0.484467	1.718839	1.672736	0.129797	0.675234	1.532188	0.109605	1.880024	0.210425	0.000000	1.821095	1.525511	1.434921	1.848524	0.707269	0.577722	0.305382	0.334842	0.680044
1134	1.046250	0.767623	1.809388	1.642134	0.633404	1.607989	1.357576	-0.144400	1.737230	0.291524	0.685482	1.537678	1.709482	1.485454	1.801713	1.190147	0.779354	0.000000	0.173902	0.899481
1135	1.575602	1.171664	2.817590	2.665816	1.103788	2.509039	2.407721	0.256690	2.675474	0.000000	0.784561	2.576873	3.033022	2.449715	2.691453	2.238662	1.746715	0.666729	1.356869	1.655851
1136	0.384404	0.685628	1.433731	1.565452	0.333999	1.428386	0.887580	-0.220955	1.619304	-0.190937	0.272169	1.484596	1.750940	1.231703	1.665177	1.049479	0.586854	0.000000	0.664270	0.754429
1137	-0.737752	-0.695956	0.019461	-0.093882	-0.106236	0.160000	0.465035	-0.875683	1.068066	-0.674005	-0.790932	0.000000	0.608557	0.092024	1.146874	-0.723364	-0.906959	-0.921728	-0.017036	0.277817
1138	1.420737	0.978288	2.551028	2.075850	0.422349	2.311224	1.806979	0.320065	2.291411	-0.204621	0.000000	2.087351	2.659071	1.819949	2.248168	1.849667	1.569115	1.039778	0.618681	0.870761
1139	1.597303	1.193741	3.154477	2.936459	0.000000	2.464204	2.515202	0.836001	3.063372	0.341876	0.673285	3.071531	3.215219	2.831124	3.017000	2.720549	2.342485	1.237727	0.947779	0.936897
1140	0.786904	1.184411	2.163730	1.919142	0.752083	0.000000	1.804299	1.797780	2.263543	1.197071	1.444541	1.906235	2.068019	1.928845	2.369240	1.550410	1.768944	1.691333	1.234916	1.273857
1141	0.364695	0.272634	1.552858	1.257426	-0.082167	1.149694	1.151558	0.029922	1.586760	-0.335080	-0.008137	1.484085	1.817231	1.164274	1.726050	1.059769	0.931997	0.000000	0.260374	0.293259
1142	1.499982	1.273587	3.199476	2.955083	1.116840	2.762666	2.357676	1.521120	2.597542	0.611372	0.000000	2.443267	3.476866	2.172137	2.479649	2.327753	2.580415	2.106847	1.542750	1.519083
1143	1.148724	0.635214	2.765604	2.242723	0.059466	2.385866	1.351016	0.568093	1.703369	0.781406	0.862263	2.073238	2.805343	1.906412	1.638137	1.649884	1.393982	0.243774	0.000000	0.228723
1144	0.587908	0.614208	2.024569	1.662658	0.271662	1.352941	1.411039	0.472505	1.574355	0.000000	0.401166	1.930146	2.249884	1.391111	1.630599	1.389864	1.467787	0.789638	0.774242	0.750588
1145	0.851667	0.083777	1.900501	1.761043	0.155300	1.294628	1.183800	1.255068	1.582385	0.307410	0.374456	1.397174	2.763226	1.344343	1.567554	1.110729	1.086813	1.364162	0.000000	0.621461
1146	0.474106	0.233953	0.877495	0.867309	0.913780	0.000000	0.185891	1.370571	-0.047350	0.959246	0.666034	0.141199	2.178079	0.276412	-0.027613	0.431270	1.108264	1.354054	1.178950	1.036542
1147	1.505864	1.053865	2.217651	2.043426	1.348704	1.949336	1.969396	0.000000	2.128275	0.824587	1.091428	2.074021	2.096973	1.893110	2.171010	1.968479	1.630656	0.411344	1.345960	1.570809
1148	-0.035678	0.173851	1.119357	0.816189	0.210401	0.212439	0.425213	0.702026	0.583571	0.533634	0.206500	0.427673	-0.091422	0.405872	0.469221	0.000000	0.324020	0.492359	0.311427	0.398830
1149	2.169752	1.257281	2.832128	2.644356	0.886811	2.712032	2.480820	1.110844	2.685918	0.000000	0.947336	2.726449	2.591969	2.527157	2.680089	2.579432	2.443247	1.589227	1.272326	1.554608
1150	0.814584	0.302146	0.745907	0.860470	1.142871	1.259774	1.089440	1.340658	1.912168	1.588575	1.403664	0.000000	2.474247	1.260811	1.872992	0.437111	0.935474	0.910002	1.507259	1.395121
1151	0.000000	-0.060388	1.180574	0.811931	-0.358458	0.760700	0.274513	-0.008258	1.121468	-0.270744	-0.147450	0.908622	0.804196	0.538166	1.103978	0.719632	0.537995	-0.024836	-0.446141	-0.108544
1152	0.751070	0.171895	1.091309	0.941008	0.280363	1.092045	0.874729	-0.169430	1.315409	-0.099889	0.234116	1.003387	1.059150	0.956606	1.219604	1.016390	0.776785	0.000000	0.152926	0.456651
1153	0.354637	0.531149	1.560908	1.197151	1.001733	1.201929	1.287603	0.646185	1.303498	0.740371	0.752959	0.941692	1.239780	0.998991	1.250108	0.000000	-0.162367	0.325356	1.112622	1.363469
1154	1.297542	0.775628	2.288972	1.924085	0.166286	2.204710	1.440896	0.559667	2.147007	0.000000	0.384034	1.938070	2.649319	1.581345	2.063216	1.725111	1.331553	0.633857	0.567535	0.725225
1155	0.969514	0.533044	2.662824	2.288586	1.475973	2.089356	2.445374	0.201457	2.346897	0.547282	0.668302	2.220112	2.602290	2.051584	2.340787	1.760891	1.402792	0.000000	1.423098	1.739852
1156	-0.559760	-1.109887	0.569280	0.234480	-1.578871	0.043166	-0.332050	-1.512718	0.320785	-1.951317	-1.462137	0.000000	0.535548	0.019210	0.269954	-0.024102	-0.157051	-0.972313	-1.391665	-1.103525
1157	1.687110	1.301989	2.999673	2.667155	1.023437	2.586836	2.580462	0.670978	2.660412	0.000000	0.660497	2.834110	2.860666	2.413795	2.646367	2.391518	2.115840	1.150763	1.551930	1.810267
1158	0.902044	0.312917	2.135068	1.760131	-0.190019	1.733011	1.348470	-0.330065	1.787204	-0.793160	-0.303253	1.870234	1.943675	1.448805	1.732054	1.562185	1.284569	0.000000	-0.049717	0.294615
1159	0.948822	0.525967	2.006662	1.657709	0.155073	1.796480	1.522780	-0.015141	1.541450	-0.170290	0.000000	1.742143	1.946933	1.505065	1.454131	1.283325	0.872569	0.426212	-0.002950	0.632710
1160	-0.592040	-0.359008	1.250413	0.946480	-0.767950	0.115471	0.534981	-0.344681	0.945177	-0.448562	-0.499762	0.830846	1.360449	0.675490	0.852183	0.000000	-0.214044	-0.272193	-0.569815	-0.265000
1161	-0.058569	0.000000	1.558396	1.137765	0.227610	1.228721	1.445012	-0.755423	1.382818	-0.697864	-0.329858	1.529189	1.535976	1.104552	1.369841	0.781900	0.346968	-0.751798	0.655634	0.891817
1162	-0.370111	-0.152305	1.298614	1.001605	-0.066304	0.000000	0.778798	-0.463898	0.979998	-0.385515	-0.168200	1.009893	1.102983	0.830295	0.954681	0.547662	0.544674	-0.296677	-0.053647	0.190173
1163	1.125834	0.519667	1.711735	1.382229	0.169582	1.702753	1.347683	0.000000	1.711448	-0.093037	0.238705	1.630304	1.723208	1.357347	1.652143	1.445691	1.155554	0.486654	0.161783	0.520484
1164	-0.176525	-0.017706	1.126952	0.815211	-0.125335	0.786356	0.643017	-0.133204	1.132279	-0.273011	-0.350967	0.685433	1.603644	0.611773	1.159431	0.000000	-0.070860	-0.052353	0.084329	0.314424
1165	1.148200	0.589105	1.781017	1.313793	0.287941	1.806410	1.200179	-0.030678	1.434723	0.032519	0.332621	1.337911	1.843092	1.177246	1.366994	1.291284	0.881938	0.000000	-0.116076	0.396220
1166	-0.763271	-0.933387	0.250601	0.000000	-1.094899	-0.125837	-0.236026	-1.665694	-0.198278	-1.568390	-1.257780	-0.229141	0.100790	-0.317588	-0.281610	-0.512492	-0.878147	-1.442302	-0.962823	-0.766003
1167	1.937541	1.156497	2.620415	2.352074	0.000000	2.661617	1.926559	1.441391	2.642122	1.233858	1.158513	2.370715	2.475124	2.350775	2.505727	2.242224	2.002071	1.528355	0.135845	0.622447
1168	0.208602	0.000000	1.308077	1.117333	-0.335049	1.229708	0.719594	-0.402771	1.327044	-0.403204	-0.164546	1.080379	1.767931	1.110520	1.269086	0.552619	0.118802	-0.333411	0.157005	0.093690
1169	-0.336355	-0.239799	0.465798	0.197934	-0.388563	0.478465	0.218120	-0.578048	0.652025	-0.542545	-0.343202	0.513103	0.874610	0.230412	0.667126	0.000000	0.078815	-0.365034	-0.509860	-0.194407
1170	0.237769	0.313124	0.887922	0.932878	0.233987	0.377074	0.000000	0.180488	0.184659	0.366522	0.366328	0.600144	-0.040232	0.470509	-0.095983	0.535212	0.497563	0.451768	0.228202	0.126881
1171	1.742033	1.168988	2.373742	2.002697	1.302166	2.373744	2.179017	0.000000	2.145936	0.106649	0.728464	2.195748	2.120336	1.913775	2.167986	2.151443	1.755118	0.694604	1.615060	1.804443
1172	0.440369	0.274480	1.397818	1.284202	0.524374	1.626773	1.323326	-0.818338	1.330541	-0.450062	-0.011358	1.362174	1.830920	1.171863	1.319340	0.901975	0.000000	-0.843712	0.757788	0.992835
1173	0.989506	0.380361	1.537785	0.974733	-0.073614	1.615700	0.188200	0.335536	0.539266	0.219609	0.363562	0.828677	1.963344	0.648122	0.000000	1.046808	0.938364	0.630577	-0.649824	-0.488760
1174	0.000000	0.211446	0.765466	0.258884	0.270939	0.976336	0.146529	0.568295	0.645934	0.467316	0.298108	0.714046	1.968453	0.323226	0.525295	0.580584	0.705295	0.668816	0.029581	0.097975
1175	1.617427	1.256878	1.855357	1.607890	0.000000	2.376234	1.559858	1.192768	2.293372	1.525856	1.295401	2.099513	2.376680	2.111840	2.163891	1.959217	1.991287	1.605906	0.330523	0.206775
1176	0.139383	0.073140	0.709274	0.384638	0.146446	1.093191	0.205417	-0.535107	0.374278	-0.750282	-0.274953	0.279100	1.750544	0.016823	0.274815	0.136473	0.000000	-0.280739	0.091127	0.154667
1177	0.184688	-0.116205	0.098497	-0.041976	0.112098	0.759839	0.198315	-0.165847	0.100064	-0.281417	-0.391365	0.039341	1.592325	-0.080164	-0.051492	0.150234	0.083197	0.000000	-0.049330	0.030484
1178	1.218187	0.995372	1.243707	1.854047	2.518444	1.825006	1.917030	1.962778	2.348229	2.031513	2.119595	1.098357	2.471158	2.115078	2.440913	0.000000	1.288789	1.959429	2.320485	2.435398
1179	0.820082	0.068528	0.199885	0.443784	0.249942	1.006516	0.365309	0.334871	0.706005	-0.118428	0.000000	0.329141	0.346380	0.295302	0.590980	0.578804	0.320368	0.588358	0.705905	0.497954
1180	0.293813	0.347230	1.735995	0.895872	0.665137	1.124224	0.255966	1.051160	0.000000	0.511973	0.448500	0.980064	2.757333	0.449499	-0.008783	0.777407	1.135925	1.012557	0.901783	0.560202
1181	-0.187409	-0.222673	0.204484	0.035812	0.244756	0.000000	-0.006859	0.003784	-0.303949	-0.128213	-0.043411	0.020291	-0.493816	-0.059572	-0.229005	0.004689	0.208655	0.156884	0.353832	0.349436
1182	1.194969	0.482611	0.369623	1.208350	1.205281	0.843933	0.892767	1.349060	1.110076	1.233561	1.349197	0.086004	1.734767	1.199128	1.031757	0.000000	-0.151818	1.355249	1.304894	1.256010
1183	-0.448433	0.296269	1.319047	0.982049	0.436180	0.734423	0.119167	0.168451	0.038024	-0.003524	0.210819	0.114037	-0.041767	0.323909	0.000000	-0.095582	0.340340	0.325147	0.495534	0.422516
1184	0.683745	0.425352	1.174179	0.733425	0.718639	1.204189	0.599295	-0.058990	-0.155539	-0.012710	0.299459	0.929824	1.215175	0.391575	-0.238745	0.929392	0.423655	0.000000	0.735651	0.647888
1185	-0.053065	0.439303	0.479988	0.000000	1.155429	0.591320	0.642908	0.819859	0.259159	0.409337	0.399053	0.893308	1.815682	0.047721	0.481635	0.391709	0.710759	0.962603	0.990163	1.012200
1186	0.921395	1.523477	2.091927	1.778849	2.412607	2.034553	1.921081	1.941557	1.001057	1.862858	1.430344	1.515506	2.698015	1.092018	0.000000	1.295609	2.116562	2.131480	2.266823	2.381317
1187	0.000000	0.540496	2.187040	1.516775	1.689254	1.654736	2.078094	0.716955	1.963805	0.851828	0.883303	1.984405	2.121875	1.519503	2.007378	0.855869	0.513049	0.035730	1.805251	1.837838
1188	-0.236307	-0.036687	1.052991	0.000000	0.491159	0.656190	0.099295	-0.735572	-0.307072	-0.148983	-0.473478	0.520398	2.470056	-0.226379	-0.324885	0.279037	0.341568	-0.288991	0.351534	0.237778
1189	0.698894	0.315901	-0.130776	0.000000	0.696016	1.602534	0.649011	0.649901	1.254566	0.680162	0.641962	0.756658	2.741150	0.762582	1.240656	0.896807	1.049241	0.857555	0.260713	0.408858
1190	0.000000	1.162364	2.518597	2.227696	1.436924	1.696074	2.149195	1.411758	2.282983	1.394053	1.323817	2.279025	2.607310	2.081592	2.196538	1.489637	1.573959	1.315598	1.467013	1.576335
1191	2.069930	1.456450	2.630677	2.629619	0.999962	2.538879	2.411072	0.748180	2.642943	0.000000	0.826551	2.432344	2.408249	2.337220	2.687105	2.131762	1.664295	1.298715	1.817735	1.975686
1192	0.000000	0.990036	1.875743	1.191404	1.422490	1.247526	1.412710	0.953381	1.442228	1.563360	1.029339	1.468675	2.875442	1.066413	1.210787	0.441476	0.670606	0.794315	1.332906	1.174136
1193	0.203120	-0.036552	0.461066	0.266722	0.271475	0.777469	0.000000	-0.071855	0.044266	-0.053411	0.030553	0.064630	2.033289	0.075618	-0.191739	0.145171	0.071181	0.054407	0.013795	0.060268
1194	0.863099	0.056222	1.652246	0.605494	0.289165	1.785281	0.856612	-0.337604	1.279029	0.318675	0.000000	1.353602	1.884438	0.871589	1.016434	1.275182	0.857827	-0.296664	0.113744	0.194897
1195	0.715238	0.915325	2.138000	2.011078	0.689659	0.000000	1.773304	1.053287	2.196883	0.954285	1.117227	1.977472	1.742694	1.937694	2.158309	1.776510	1.756638	1.067341	0.815061	0.979152
1196	-0.121744	0.506559	1.060930	0.262207	0.614000	0.711114	0.655220	0.282002	1.355143	0.920982	0.699158	1.007727	0.961862	0.781918	1.214434	0.000000	0.290499	0.207344	0.136860	0.233208
1197	-0.205052	-0.305007	0.151767	0.164366	-0.267926	0.677485	0.129152	-0.571028	0.898372	-0.339515	-0.320115	0.283188	0.594466	0.232743	0.753549	0.000000	-0.256071	-0.434424	-0.420890	-0.261973
1198	0.470111	0.260981	1.221954	0.971850	0.255419	1.274289	0.927260	-0.410249	1.039869	-0.754858	-0.058557	1.053920	1.184376	0.826303	1.106554	0.797250	0.625986	0.000000	0.424818	0.516430
1199	1.269121	1.127608	2.446602	2.207324	0.000000	2.306719	1.774352	0.904625	2.459925	0.315405	0.633544	2.227553	2.413269	2.083873	2.430396	1.889277	1.314900	1.101949	0.669672	0.952832
1200	-0.334184	-0.274340	1.155202	0.685950	-0.111482	0.633184	0.243070	-0.364904	-0.095302	-0.784159	-0.771732	0.557495	1.679104	-0.107442	-0.007828	0.000000	0.010982	-0.130531	-0.384211	-0.013387
1201	-0.057301	0.539501	1.282073	1.026292	0.680408	0.000000	0.907518	0.703873	0.847645	0.633314	0.668149	1.054282	1.084227	0.860387	0.935969	0.400753	0.840871	0.862845	0.602359	0.824447
1202	1.467642	1.185672	1.842114	1.701228	1.363913	1.963195	1.700995	0.000000	1.763232	0.596453	1.095157	1.567114	1.654515	1.660225	1.775024	1.523476	1.253262	0.456835	1.496667	1.600217
1203	0.119076	0.120348	1.102512	0.909575	-0.196914	0.778881	0.925505	-0.100522	1.324426	-0.071427	0.100057	1.011174	0.736213	1.063665	1.345428	0.361533	0.000000	-0.254952	0.459178	0.408462
1204	1.330099	0.944215	1.929055	1.687779	0.403148	2.097369	1.536214	0.330340	1.858979	0.000000	0.598039	1.848966	1.917210	1.679104	1.945731	1.645586	1.269193	0.864748	0.838837	0.886153
1205	0.727704	0.492181	1.553481	1.459197	0.561908	1.443138	1.126206	0.183352	1.512196	0.179346	0.527446	0.788470	0.804268	1.245335	1.525702	0.525209	0.000000	0.291625	0.596441	0.851538
1206	-0.801799	-0.921823	0.245390	-0.335236	-1.412467	0.036643	-0.394132	-1.278331	0.000000	-1.536144	-1.396461	-0.105716	0.755549	-0.417480	0.054955	-0.333179	-0.502408	-0.882097	-1.417499	-1.273427
1207	0.800939	0.561040	2.101044	1.863992	0.000000	1.440448	1.716936	0.269455	1.965282	-0.256363	0.220577	2.054676	2.114164	1.810338	2.021994	1.457879	1.361571	0.744418	0.366601	0.623092
1208	-0.440950	-0.496578	1.003127	0.784806	-0.684688	0.000000	0.432894	-1.104605	0.791142	-1.321493	-0.725995	0.771404	0.629073	0.620588	0.883455	0.396114	0.273514	-0.606702	-0.181271	-0.046993
1209	-0.621197	-0.229010	0.804282	0.113231	-0.493098	0.000000	0.058019	-0.288920	0.709435	-0.190803	-0.277394	0.289294	0.354585	0.059138	0.730834	-0.217012	-0.107520	-0.221933	-0.667163	-0.292915
1210	1.071563	0.794438	1.551959	1.475308	0.589244	1.599698	1.404769	0.000000	1.776222	-0.154386	0.428382	1.381101	1.650872	1.470573	1.785854	1.388274	1.243112	0.724354	0.595892	0.781547
1211	-0.213800	-0.133355	0.572331	0.509365	-0.295911	0.218541	0.317587	-0.304137	0.582117	-0.649963	-0.381409	0.397759	0.794818	0.288859	0.617162	0.182427	0.220727	0.000000	-0.246885	-0.080749
1212	0.849189	0.607235	1.923341	1.411537	0.705796	1.509801	1.170341	-0.098027	1.191148	-0.136202	0.367243	1.194588	1.240427	1.080679	1.281891	1.099116	0.802915	0.000000	0.603114	0.971637
1213	1.366398	0.756266	2.123908	1.784754	0.629356	1.559315	1.265090	0.602827	1.222646	0.000000	0.493285	1.638610	1.803785	1.281971	1.013188	1.628720	1.414545	1.111093	0.437723	0.694722
1214	0.000000	0.354453	1.312071	0.900257	0.240415	0.360680	0.828949	0.498658	0.846227	0.256051	0.298861	1.048710	1.127697	0.734866	0.978380	0.686141	1.014527	0.671310	0.366045	0.348649
1215	0.917220	0.378887	1.956935	1.944060	0.000000	1.414621	1.314520	0.590506	1.494184	0.253778	0.504109	1.596191	2.027766	1.499143	1.588126	1.310385	1.282741	0.860317	0.335750	0.507206
1216	0.000000	0.131651	1.409560	1.216483	0.939322	0.909245	0.748621	0.477509	0.272511	0.249117	0.254195	0.703304	1.545265	0.527557	-0.312656	0.038746	0.169067	0.343770	1.255706	1.061261
1217	0.283219	0.275898	0.858519	0.719556	0.469736	0.669955	0.374828	0.395273	0.000000	0.350075	0.363861	0.459948	0.655691	0.313469	0.012795	0.310322	0.424209	0.432188	0.453873	0.426064
1218	0.989111	1.139546	1.879240	1.928000	1.911079	0.910739	1.504159	1.692755	1.134707	1.731550	1.510611	1.150457	1.840987	1.368621	0.878830	0.000000	0.638104	1.750558	1.851191	2.034175
1219	0.114075	-0.089880	0.900531	0.767764	0.146987	0.553096	0.140200	0.051086	-0.317193	0.010446	0.025015	0.070265	0.134099	0.000000	-0.485975	0.077432	0.033936	0.156130	-0.049515	0.081541
1220	0.886217	0.223213	1.526255	1.298819	0.485525	1.215352	0.985656	0.000000	0.822838	0.092147	0.354477	1.129999	1.372576	0.890816	0.682372	1.050381	0.924643	0.347415	0.535570	0.740157
1221	0.699971	0.055007	1.813762	1.487970	0.000000	1.192225	0.627328	0.161775	0.199558	0.371985	0.451358	0.825072	1.392286	0.875178	0.075305	0.484329	0.252001	0.050346	0.331765	0.300504
1222	0.398330	0.243725	0.842102	0.667452	0.496755	0.807355	0.457371	0.211914	-0.087671	0.258276	0.295619	0.362988	1.593349	0.000000	-0.197325	0.309119	0.359783	0.309852	0.559955	0.576750
1223	0.636786	0.173101	0.886226	0.800935	0.455686	1.099826	0.647742	0.000000	0.447118	0.031300	0.254296	0.509613	1.917160	0.512152	0.306861	0.602683	0.338408	0.252361	0.459551	0.344686
1224	0.956394	0.203232	1.375912	1.056874	0.000000	1.537689	0.927583	0.349482	1.345345	0.218585	0.423783	1.181428	1.836359	1.068099	1.210459	1.068681	0.882050	0.507032	0.060722	0.171075
1225	1.123587	0.520079	1.882303	1.741598	-0.095879	1.749018	0.974613	0.353619	1.357172	0.375436	0.520128	1.423693	1.709062	1.308583	1.154049	1.341741	1.036570	0.675738	-0.016938	0.000000
1226	1.358805	0.825100	2.171468	1.966595	0.000000	1.858439	1.658244	1.209045	2.172216	0.933337	1.147573	2.048915	2.319466	1.979759	2.128251	1.825849	1.582512	1.189270	0.517721	0.593216
1227	-0.268262	-0.577878	1.297902	0.977890	-0.951982	0.669991	0.052478	-1.034643	0.091359	-1.222481	-0.698154	0.446761	0.767500	0.403590	0.000000	0.295232	-0.042720	-0.759191	-1.022501	-0.846235
1228	0.781525	0.294991	1.550121	1.291029	0.572534	1.263667	1.180403	0.025326	1.424162	-0.096954	0.000000	1.030669	1.791344	0.928757	1.434257	0.909609	0.652544	0.381472	0.349601	0.890681
1229	0.924363	0.465880	2.101142	1.622773	0.148430	1.597179	1.364231	0.363961	1.639128	0.287230	0.394340	1.689815	1.991205	1.353658	1.460428	1.359349	1.173597	0.641335	-0.507557	0.000000
1230	0.735722	0.510690	2.205799	1.822420	0.485357	1.584124	1.781507	0.373836	2.044350	0.000000	0.383812	2.102077	2.445251	1.669707	2.029274	1.502237	1.314083	0.645321	0.668856	0.897593
1231	0.000000	0.515668	1.942805	1.563396	0.387189	1.150357	1.362114	0.081035	1.730073	0.272245	0.357283	1.619801	2.443601	1.352223	1.757650	0.786910	0.627073	0.201636	0.436404	0.632848
1232	1.075376	0.722611	1.834354	1.858166	0.960168	2.083236	1.884847	-0.426690	2.054558	-0.090949	0.000000	1.624031	2.163446	1.581212	2.050603	1.343795	0.761325	0.198529	0.902611	1.391294
1233	0.871215	0.415332	1.732629	1.472345	0.401383	1.727722	1.418886	-0.294014	1.929089	-0.407393	0.092355	1.368478	1.888825	1.426086	1.885600	1.284221	0.783837	0.000000	0.436453	0.830117
1234	1.083957	0.895094	2.372169	2.191633	0.786548	1.947198	2.041534	0.170511	2.260123	0.000000	0.609594	2.372658	2.531072	2.086730	2.250102	1.730082	1.307833	0.527418	1.110813	1.235306
1235	1.353010	1.489561	2.383864	2.092087	0.850094	2.008337	2.056353	0.490514	2.543636	0.000000	0.733215	2.352229	2.708102	2.057404	2.577178	1.822339	1.619117	1.128603	1.200962	1.389521
1236	-0.260886	-0.089766	1.067294	1.072891	0.587100	0.000000	1.129933	-0.126708	1.415213	0.084144	0.212098	0.594420	1.263716	0.991854	1.501848	-0.025642	0.149660	0.061906	0.624350	0.984902
1237	0.000000	0.237105	1.384190	1.177207	0.174884	0.709600	1.337717	0.549068	1.844905	0.016521	0.122557	1.268144	2.104620	1.138112	1.889368	0.518635	0.455717	0.719527	0.670811	0.821384
1238	-0.828777	-0.554190	1.195153	1.153926	-0.852793	0.114329	0.758368	-1.200219	1.223699	-1.575181	-1.164758	1.045888	1.486046	0.793621	1.169666	0.231392	0.000000	-0.727780	-0.307756	-0.300182
1239	-0.512570	-0.229634	0.861649	0.582312	-0.890545	0.164114	0.000000	-0.717724	1.165223	-0.899469	-0.616419	0.539972	0.900096	0.571466	1.038697	0.139079	0.053359	-0.304775	-0.422389	-0.570861
1240	0.367034	1.196588	1.611753	1.405312	1.337839	0.000000	1.704759	1.311431	1.835552	1.334672	1.263649	1.620986	1.674654	1.524008	1.939319	0.918294	1.204671	1.326350	1.296985	1.622613
1241	2.241135	1.448982	2.375060	2.365647	1.335869	2.402731	2.442902	0.961624	2.498461	0.000000	1.086904	2.443590	2.550073	2.389022	2.512646	2.429571	2.235145	1.592114	1.881353	2.012646
1242	1.641751	1.166171	2.334472	2.296110	1.080106	2.307487	2.103300	0.000000	2.619178	0.454544	0.939358	2.343221	2.780932	2.164149	2.672139	2.296187	1.735231	0.486454	1.424273	1.744147
1243	1.291965	1.362774	2.394885	2.316363	0.000000	1.945474	2.466574	0.776303	2.754751	-0.071438	0.786984	2.537813	2.454674	2.483442	2.721771	2.249042	1.722072	0.902638	1.185278	1.325197
1244	2.488274	2.003216	3.269122	2.949643	1.868072	3.143982	2.976348	1.302413	3.018954	0.000000	1.037824	3.070970	3.377284	2.488828	3.154433	2.980042	2.442541	1.455812	2.300028	2.504812
1245	2.341821	1.737612	2.907561	2.762496	1.961975	2.664649	2.516678	1.702575	2.697413	1.953954	2.157794	2.603160	0.000000	2.721504	2.788877	2.517894	2.295146	1.788413	1.980208	2.109370
1246	1.316458	1.582353	2.478061	2.439143	2.079796	2.160924	2.564582	0.447307	2.655108	1.252492	1.667544	2.459852	1.832326	2.391741	2.711567	2.037605	1.497503	0.000000	2.435498	2.450279
1247	1.816597	1.479885	3.173552	2.881791	1.484982	2.914811	3.056355	0.235664	3.237321	0.000000	0.958629	3.425793	3.131617	2.922225	3.295945	2.791156	2.235771	0.620462	1.865057	2.144221
1248	2.422506	1.534372	3.265977	2.835108	0.890510	3.098875	2.579164	1.180355	3.001698	0.000000	0.848606	3.075483	3.074004	2.630604	2.953222	2.998704	2.845495	1.839791	1.078108	1.052408
1249	0.232366	0.927299	1.908826	1.712643	1.122036	1.160123	1.549074	0.710934	1.968096	1.010863	0.779010	1.620356	2.518388	1.551228	1.977021	0.000000	0.431349	0.521472	1.132816	0.938872
1250	1.956524	1.520413	2.707882	2.669468	0.422095	2.828777	2.001307	1.010092	3.101968	1.010454	1.184696	2.860446	2.966980	2.495152	3.030168	2.490379	2.309525	1.604425	0.409220	0.000000
1251	1.202408	0.268307	1.833241	2.010076	-0.632192	1.659514	1.213016	0.000000	2.297028	0.029396	0.315566	1.820787	2.621094	1.838643	2.336395	1.395572	1.020672	0.510896	-0.372835	0.086795
1252	2.252732	1.936039	2.486711	2.633120	1.770734	0.000000	2.499701	2.395019	2.797762	2.249980	2.324179	2.687617	2.742540	2.787638	2.877077	2.629801	2.643754	2.458016	1.709917	2.050037
1253	1.035589	0.932499	1.240138	1.066833	1.441892	0.859725	1.307322	1.207937	1.178090	1.375937	1.185328	1.133406	0.000000	1.041513	1.244515	0.875961	1.038410	0.993956	1.299345	1.613232
1254	-0.046782	0.115232	-0.230672	-0.083882	0.285466	0.136831	0.058290	0.336393	0.102770	0.248857	0.174141	0.081656	-0.309893	0.081196	0.242958	0.000000	0.205105	0.278937	0.384222	0.344916
1255	0.406058	0.368677	0.285080	0.678258	0.112844	0.642909	0.536661	0.017099	0.422300	-0.118036	0.227643	0.178778	0.040491	0.360633	0.506514	0.344814	0.261865	0.000000	0.541551	0.366185
1256	1.030062	0.780870	1.202403	1.495037	1.137402	1.298151	1.107084	1.015095	1.261369	1.018679	1.167086	0.000000	1.201377	1.218138	1.166985	0.505707	1.287492	0.980613	1.161872	1.295112
1257	0.145258	0.466536	0.654295	0.523726	0.251629	0.413080	0.248304	0.455735	0.000000	0.395992	0.333184	0.471662	0.045975	0.226800	0.133505	0.255006	0.325667	0.399461	0.254448	0.315139
1258	0.000000	0.154964	0.680972	0.263001	0.118726	0.722808	0.097628	0.107332	0.415324	0.151231	0.138800	0.281409	1.226581	0.157988	0.464424	0.137748	0.018218	-0.047337	0.197041	0.125022
1259	0.127973	0.010053	0.294881	0.224359	-0.318694	0.500751	-0.098337	-0.270772	0.000000	-0.499134	-0.498154	0.277075	1.164094	-0.116875	-0.029129	0.338627	0.157025	0.031212	-0.147823	-0.243014
1260	-0.353049	-0.264285	0.321160	-0.083241	-0.427564	0.412116	-0.188052	-0.199883	-0.338569	-0.596313	-0.436198	0.243622	1.317480	-0.284997	-0.398339	0.000000	0.236835	-0.006982	-0.424022	-0.348812
1261	-0.242701	0.000000	0.180825	0.084163	0.132391	0.584225	0.256047	-0.251506	-0.115813	-0.248953	-0.193412	0.235105	1.438105	-0.010817	-0.033698	0.117753	0.242520	-0.046269	0.237728	0.305344
1262	0.000000	0.050026	0.052437	-0.019752	0.301638	0.698001	0.368665	0.030166	0.162901	-0.089121	-0.101175	0.396340	1.423606	-0.016757	0.231825	0.205384	0.412910	0.330501	0.063691	0.292627
1263	0.142037	-0.142112	-0.078949	-0.167495	0.222854	0.739181	0.252360	-0.288363	0.347103	-0.178500	-0.159700	0.181200	1.379514	0.082314	0.305263	0.279450	0.000000	-0.047229	0.201938	0.231273
1264	-0.356018	-0.295013	0.432379	0.000000	-0.537241	0.315138	-0.212079	-0.494396	-0.504790	-0.589854	-0.553342	0.055446	1.196999	-0.324535	-0.748812	-0.088604	-0.104168	-0.214832	-0.572701	-0.497754
1265	-0.107573	-0.096780	0.217057	0.000000	0.185370	0.388333	0.180095	0.080824	-0.063365	-0.025698	-0.003763	0.218886	1.682736	0.023247	-0.028182	0.183373	0.353675	0.244462	0.221852	0.261554
1266	-0.024092	-0.119607	-0.152519	-0.235197	-0.208484	0.427490	-0.016640	-0.061474	0.065897	-0.093139	-0.127126	0.156673	1.258456	-0.071670	0.000000	0.019188	0.257767	0.226074	-0.224843	-0.279437
1267	0.502198	0.102393	0.720369	0.308481	0.149151	1.030124	0.398104	0.250602	0.707431	-0.056026	0.008791	0.296118	1.324926	0.272049	0.641825	0.714875	0.611338	0.441333	0.304267	0.000000
1268	0.287338	0.419965	0.864630	0.656454	0.421224	0.924188	0.461089	0.364781	0.000000	0.307061	0.374184	0.716272	1.715202	0.370064	0.067271	0.495868	0.612341	0.458386	0.612809	0.517503
1269	1.019095	0.392357	0.592362	1.002321	0.711511	0.000000	0.845980	1.077533	1.154512	1.047131	1.009208	0.671401	1.637417	1.054033	1.212151	0.905107	0.922038	1.120533	0.859629	0.820466
1270	1.163400	0.715387	0.678292	1.123036	1.119055	1.102206	0.701506	1.119698	1.035482	0.595877	0.920188	0.840787	1.873088	0.966120	1.020631	0.493391	0.000000	1.232718	1.166178	1.130961
1271	-0.117877	-0.194954	0.280143	0.000000	0.191356	0.459395	0.181660	-0.168763	0.022383	0.017037	0.108104	0.337652	-0.557307	0.105420	0.121422	0.054750	0.154001	-0.156523	0.079700	0.141601
1272	0.571375	0.439837	1.219138	1.033300	0.407048	1.363311	0.614204	0.681666	0.374229	0.245226	0.340620	0.865153	2.148617	0.657095	0.000000	1.007853	0.998741	1.002746	0.282237	0.282052
1273	-0.132169	-0.143676	0.751099	0.000000	-0.491722	0.765710	-0.019001	-0.376444	0.130892	-0.262105	-0.412653	0.742731	1.855111	-0.222469	0.163590	0.203460	0.383605	0.027728	-1.046539	-0.664749
1274	0.173419	0.092307	0.546359	0.396997	0.195963	0.567428	0.329147	0.091491	0.126364	0.048607	0.166631	0.411097	0.778320	0.256207	0.000000	0.315924	0.335374	0.238721	0.094436	0.187324
1275	0.442877	-0.107943	0.310020	0.145025	0.212095	0.660871	0.381947	0.045031	0.483780	0.000000	0.198673	0.545677	1.271866	0.329823	0.405405	0.450264	0.286652	0.211074	0.123309	0.187607
1276	1.298513	0.694252	1.669390	1.487957	0.584318	1.706407	1.234195	0.410061	1.220492	0.000000	0.551850	1.372703	1.835014	1.273310	0.969888	1.497720	1.376878	0.865910	0.738575	0.721246
1277	0.169957	-0.028825	0.584080	0.429798	0.124115	0.383575	-0.004013	0.143033	-0.072113	0.061169	0.073465	0.000000	1.224108	0.105533	-0.212652	0.151388	0.220878	0.234611	0.069935	0.070877
1278	0.132347	-0.329066	0.179326	0.037033	0.000000	0.430872	0.389085	-0.020049	0.236816	-0.087663	-0.038509	0.213248	0.907962	0.137837	0.291575	0.119792	0.137083	0.034021	0.156704	0.237031
