	A	C	D	E	F	G	H	I	K	L	M	N	P	Q	R	S	T	V	W	Y
1	0.314144	-0.144928	0.182813	0.242010	0.113028	0.274020	0.254319	-0.161799	0.326344	-0.144857	0.000000	0.155865	0.091153	0.355918	0.306296	0.308052	0.296905	0.058805	0.045557	0.195905
2	0.305362	-0.509065	0.445636	0.320503	0.024481	0.000000	0.244346	0.063172	0.307292	-0.052154	-0.139079	0.242935	0.100884	0.379166	0.372633	0.337562	0.306180	0.138361	0.015500	0.007947
3	0.036540	-0.510635	0.145042	0.117202	-0.077134	0.118489	0.078161	-0.117096	0.334733	-0.181966	-0.129313	0.029607	0.268736	0.133842	0.250672	0.000000	-0.000612	-0.029937	-0.251727	-0.023424
4	-0.120903	-0.468108	0.134259	0.121277	-0.161478	-0.122858	0.072954	-0.162708	0.286039	-0.165934	-0.162416	0.000000	0.466556	0.096891	0.264625	-0.075429	-0.040374	-0.194513	-0.116327	-0.040495
5	-0.330670	-0.659965	-0.128497	-0.058627	-0.397535	-0.220042	-0.128119	-0.403541	0.000000	-0.436022	-0.380463	-0.179695	-0.167604	-0.124615	-0.007595	-0.244290	-0.274537	-0.402726	-0.400004	-0.286995
6	-0.024800	-0.384771	0.237804	0.293786	-0.137063	0.101227	0.139964	0.098397	0.441506	0.033700	-0.058431	0.161289	0.542054	0.232519	0.347097	0.000000	0.030536	0.003448	-0.232254	-0.027514
7	-0.249379	-0.648403	0.036428	0.056349	-0.541729	0.104384	-0.178846	-0.443708	0.000000	-0.397121	-0.382902	-0.078462	0.247536	-0.040208	-0.070122	-0.144656	-0.288339	-0.452603	-0.601227	-0.506789
8	-0.117069	-0.462125	-0.066195	0.060858	-0.193713	-0.083620	-0.076606	-0.164313	0.062361	-0.206203	-0.220341	-0.068527	0.000000	-0.038135	0.030954	-0.111367	-0.138348	-0.126705	-0.146075	-0.067049
9	-0.273787	-0.560352	-0.305911	-0.104154	-0.349071	-0.105325	-0.171526	-0.312857	0.000000	-0.305962	-0.264736	-0.249114	-0.043686	-0.131040	-0.000092	-0.270181	-0.307889	-0.318454	-0.354711	-0.251231
10	0.066808	-0.248075	0.000000	0.231179	0.030261	0.098838	0.130125	0.013807	0.297495	0.020862	0.064488	0.110567	0.077089	0.155648	0.313354	0.091502	0.131280	0.036745	0.098982	0.143085
11	0.000000	-0.306918	0.018286	0.111806	-0.065470	0.218250	0.068454	-0.104562	0.271322	-0.092588	-0.030219	0.009646	0.066644	0.071854	0.270913	0.049100	0.023751	-0.034830	-0.065107	0.060633
12	0.046599	-0.158903	0.053735	0.192130	0.025565	0.021188	0.057944	0.100259	0.215543	0.092340	0.078641	0.016761	0.056176	0.138003	0.206660	0.000000	0.088455	0.071558	0.019317	0.120268
13	-0.079210	-0.356302	0.067500	0.150469	-0.120712	-0.079509	0.073949	-0.030886	0.232357	-0.006188	-0.018851	-0.021311	0.215302	0.000000	0.183539	-0.042191	0.029201	-0.020936	-0.044223	0.008709
14	-0.196288	-0.467616	-0.149902	0.030620	-0.287574	-0.128327	-0.114646	-0.250607	0.101241	-0.230928	-0.188805	-0.178741	-0.044258	-0.070703	0.000000	-0.164144	-0.139226	-0.215576	-0.356658	-0.214099
15	-0.173581	-0.454668	-0.107322	0.038645	-0.226998	-0.119782	-0.078912	-0.209490	0.119589	-0.207874	-0.184479	-0.136402	-0.037209	-0.062143	0.000000	-0.140382	-0.123348	-0.216935	-0.255779	-0.141825
16	-0.245494	-0.452350	-0.131605	-0.037081	-0.208246	-0.117407	-0.062295	-0.364219	0.078721	-0.321067	-0.249866	-0.164229	0.113085	-0.106868	0.000000	-0.173710	-0.154725	-0.332405	-0.253622	-0.146524
17	0.078629	-0.119735	0.046235	0.226178	0.209871	0.063314	0.129662	0.142333	0.195371	0.153881	0.166543	0.001620	0.115554	0.145397	0.169111	0.000000	0.028013	0.112107	0.240249	0.305395
18	0.181396	-0.192521	0.227921	0.250117	0.147478	0.332049	0.276125	0.035679	0.283349	0.000000	0.117793	0.193023	0.472138	0.197774	0.256294	0.131764	0.099085	0.035332	0.204071	0.213790
19	-0.115149	-0.374363	0.070186	0.000000	-0.117882	-0.005862	0.061038	-0.171283	0.090822	-0.156550	-0.112539	0.028803	0.025911	-0.009632	0.104551	-0.052020	-0.016236	-0.173785	-0.069785	-0.001976
20	-0.070650	-0.329483	0.126676	0.130788	-0.093566	-0.009137	0.086203	-0.130432	0.113664	-0.102046	-0.072001	0.087179	0.000000	0.038254	0.108002	0.006623	0.006333	-0.103372	-0.084575	0.008864
21	0.000000	-0.194344	0.107109	0.138529	-0.073742	0.169290	0.103591	-0.152803	0.216292	-0.070837	-0.001990	0.128157	0.049151	0.106778	0.215468	0.088100	0.004462	-0.151414	-0.069023	0.008064
22	-0.034239	-0.306979	-0.078384	0.000000	-0.005702	-0.015287	0.114775	-0.126677	0.251851	-0.091055	-0.027455	-0.010116	-0.040942	0.086393	0.253987	-0.001475	-0.012200	-0.099013	-0.029371	0.064753
23	-0.054850	-0.324577	-0.034277	0.002659	-0.206504	0.033303	0.063511	-0.284834	0.230453	-0.196954	-0.116818	0.000000	0.166377	0.076775	0.251610	0.006220	-0.016429	-0.255015	-0.247493	-0.118525
24	-0.003740	-0.169975	-0.024868	0.139093	-0.032131	-0.030670	0.083023	0.085629	0.258183	-0.025722	-0.004751	0.036454	-0.120649	0.065313	0.248501	0.053595	0.085924	0.000000	-0.008297	0.049617
25	-0.163624	-0.381652	-0.028842	0.108961	-0.047063	-0.147688	0.000000	-0.119544	0.237743	-0.079121	-0.053256	0.033286	0.082077	0.075964	0.177951	-0.058727	-0.046227	-0.209088	-0.094158	0.002660
26	0.043400	-0.328937	0.146929	0.124398	-0.012727	0.000000	0.160906	-0.162458	0.311911	-0.022274	0.042681	0.114501	-0.056208	0.152413	0.332450	0.173394	0.172911	-0.172139	-0.002205	0.115198
27	0.000000	-0.326119	0.088169	0.149876	-0.153634	0.061602	0.130157	-0.028872	0.382909	-0.025846	0.014630	0.087350	-0.097541	0.154182	0.379722	0.139247	0.099548	-0.107676	-0.091996	-0.010030
28	0.129484	-0.228402	0.194715	0.249172	0.115031	0.000000	0.283355	0.046784	0.480402	0.110826	0.183255	0.177581	0.357114	0.288976	0.488991	0.241681	0.262287	-0.001396	0.184030	0.281976
29	0.168289	-0.260756	0.221590	0.258467	0.064235	0.000000	0.250743	0.043980	0.525429	0.089866	0.141985	0.202791	0.220869	0.324143	0.531201	0.219951	0.257123	0.035788	0.063105	0.192775
30	0.054129	-0.398809	0.086490	0.148880	-0.081120	0.000000	0.152110	-0.100712	0.417409	-0.052097	0.040028	0.074078	0.246629	0.207662	0.424823	0.140825	0.151530	-0.092755	-0.122250	0.052320
31	0.000000	-0.479358	-0.021369	0.066169	-0.269341	-0.014654	-0.013714	-0.117305	0.259690	-0.134326	-0.090273	-0.108082	0.065915	0.060159	0.295160	0.012271	-0.106257	-0.309695	-0.225870	-0.186046
32	0.244890	-0.182699	0.060662	0.208047	0.000000	0.170838	0.422528	0.189684	0.458825	0.144214	0.234454	0.206613	0.289333	0.347972	0.467572	0.270883	0.238710	0.137391	0.210548	0.314491
33	-0.034854	-0.325306	0.089880	0.036350	0.012178	-0.130950	0.161649	-0.099337	0.103392	-0.042214	0.021118	0.059704	0.000000	0.065254	0.166044	-0.180122	-0.004124	-0.101981	0.024059	0.067460
34	0.000000	-0.280015	0.255412	0.226526	-0.130922	0.181493	0.127487	-0.173421	0.160343	-0.152686	-0.039043	0.198655	0.093736	0.128936	0.304784	0.149731	0.085396	-0.237890	-0.104950	-0.033520
35	0.042742	-0.197583	-0.079435	0.109567	0.043270	-0.068059	0.083221	0.003920	0.232565	0.054174	0.076346	-0.049651	-0.013461	0.118460	0.267750	0.000000	0.066925	-0.046752	0.021668	0.099961
36	-0.127650	-0.460910	0.042682	0.159908	-0.344021	-0.198882	0.013349	-0.226769	0.185221	-0.169272	-0.129655	-0.051559	0.022815	0.000000	0.140846	-0.103170	-0.130814	-0.237621	-0.264166	-0.198151
37	-0.065025	-0.193776	0.102930	0.223813	0.039210	-0.103463	0.161248	0.163558	0.264914	0.151295	0.173032	0.070621	-0.019882	0.182593	0.304065	-0.196900	0.000000	0.078979	-0.009368	0.066321
38	-0.157740	-0.526596	-0.063017	-0.049401	-0.273654	-0.117338	-0.012032	-0.274866	0.124558	-0.242272	-0.185207	-0.050643	0.000000	-0.038275	0.100795	-0.066896	-0.134142	-0.242753	-0.310216	-0.157658
39	-0.015564	-0.251053	0.002492	0.143384	-0.089070	-0.101740	0.054943	0.003496	0.209358	0.025115	0.032074	0.022337	-0.023981	0.125753	0.197586	0.000000	0.024246	-0.075942	-0.135067	-0.012345
40	-0.192974	-0.565570	-0.146645	0.019532	-0.596270	-0.675504	-0.130631	-0.323040	0.000000	-0.400870	-0.291356	-0.196550	-0.243361	-0.007075	-0.018364	-0.097938	-0.162127	-0.319429	-0.552764	-0.473969
41	-0.045879	-0.481895	-0.035234	0.100728	-0.161826	-0.083372	0.014095	-0.166042	0.181113	-0.129658	-0.086023	-0.063215	0.000000	0.036552	0.156116	-0.033942	-0.088400	-0.149834	-0.125907	-0.057470
42	0.000000	-0.320147	-0.018203	0.092285	-0.140004	0.032727	0.083297	-0.219920	0.205166	-0.120736	-0.042615	-0.005814	0.033242	0.093738	0.127067	0.065407	-0.048434	-0.210063	-0.066869	-0.031218
43	0.078487	-0.047313	-0.007266	0.223828	0.153988	-0.112306	0.153541	0.327834	0.215472	0.257649	0.233326	-0.036572	-0.034645	0.155008	0.273310	0.000000	0.056587	0.234047	0.254580	0.282960
44	0.000000	-0.256108	0.170632	0.231334	-0.194019	0.102311	0.138627	0.054429	0.327478	-0.004708	0.076078	0.104381	-0.891902	0.207506	0.351807	0.103253	0.090101	-0.060904	-0.095682	0.028781
45	-0.057935	-0.468070	0.000000	0.105772	-0.238379	-0.129940	0.050928	-0.169401	0.113246	-0.141033	-0.074260	0.033704	0.163671	0.075975	0.144426	-0.326941	-0.065680	-0.195730	-0.179509	-0.179932
46	-0.109781	-0.527175	0.363842	0.331155	-0.269296	0.000000	0.127064	-0.270525	0.279330	-0.192022	-0.073678	0.242255	0.597957	0.275957	0.324222	0.130312	0.198637	-0.276199	-0.225570	-0.188275
47	-0.240227	-0.421553	0.209105	0.270857	-0.144446	0.074523	0.000000	-0.002188	0.241394	-0.009789	-0.009491	0.151312	0.319255	0.188888	0.185835	0.049382	0.142595	-0.203784	-0.208465	-0.179105
48	-0.249908	-0.523152	-0.088337	0.043221	-0.483203	-0.272117	-0.098978	-0.297202	0.108629	-0.309087	-0.246000	-0.126838	-0.064562	-0.026211	0.000000	-0.145862	-0.150810	-0.307778	-0.445748	-0.354869
49	-0.150057	-0.487893	0.099604	0.140077	-0.267512	0.000000	0.028270	-0.202008	0.280858	-0.163604	-0.077986	0.056684	0.067115	0.130761	0.267297	0.107648	0.107036	-0.206617	-0.330744	-0.152950
50	-0.086544	-0.398143	0.117827	0.126474	-0.150700	-0.042454	0.113772	-0.125062	0.167668	-0.079960	-0.021055	0.069255	0.000000	0.113153	0.172378	-0.105930	-0.032765	-0.154076	-0.147822	-0.104756
51	-0.020178	-0.259001	-0.118897	0.068551	-0.040232	-0.101250	0.049801	0.024648	0.259069	0.055547	0.059596	-0.046900	0.214322	0.116688	0.266321	0.000000	0.040057	-0.051887	-0.057666	0.027475
52	0.000000	-0.418532	0.095258	0.172321	-0.227106	0.057157	0.126851	-0.264759	0.379621	-0.185540	-0.073724	0.100436	-0.086019	0.208037	0.400386	0.134830	0.038543	-0.211658	-0.245617	-0.117039
53	0.000000	-0.423010	0.039467	0.162833	-0.159173	0.015734	0.059762	-0.083787	0.329459	-0.058531	-0.003039	0.007360	0.215259	0.131062	0.339012	0.085508	0.042636	-0.092709	-0.187500	-0.096118
54	0.243177	-0.181765	0.056015	0.223731	0.000000	0.261817	0.381010	0.147350	0.425664	0.144253	0.222480	0.200510	0.324080	0.316409	0.437793	0.223076	0.212951	0.146345	0.190119	0.288018
55	0.000000	-0.374532	0.090150	0.134331	-0.200145	0.134394	0.094357	-0.178928	0.312295	-0.106765	-0.033040	0.105340	0.033230	0.140801	0.327849	0.129909	0.059900	-0.161692	-0.188776	-0.072829
56	-0.069396	-0.374304	0.063889	0.058152	-0.121450	0.012157	0.080888	-0.171525	0.182596	-0.093703	-0.061079	0.038835	0.000000	0.032463	0.196771	0.004475	-0.038868	-0.176306	-0.151068	-0.048208
57	0.000000	-0.288943	-0.040770	0.088049	-0.103768	0.094664	0.106840	-0.228663	0.276160	-0.122026	-0.007067	0.021599	-0.107485	0.113428	0.329483	0.067702	-0.027560	-0.208379	-0.092380	-0.000039
58	0.000000	-0.354514	-0.046635	0.078819	-0.150828	0.117142	0.114392	-0.238444	0.329704	-0.174521	-0.049234	0.031396	0.072345	0.129877	0.391661	0.084977	-0.000156	-0.183616	-0.154016	-0.037362
59	0.000000	-0.345428	-0.031973	0.098192	-0.145168	0.069398	0.071806	-0.149878	0.296446	-0.121718	-0.013394	0.002767	0.048401	0.096675	0.346824	0.031564	-0.026010	-0.131740	-0.178801	-0.025227
60	-0.196989	-0.638929	-0.038754	0.000000	-0.486412	-0.122400	-0.098366	-0.211689	0.137761	-0.199000	-0.183338	-0.086091	-0.088911	-0.004364	0.103298	-0.123414	-0.118937	-0.247864	-0.525331	-0.338543
61	-0.068927	-0.408594	0.009856	0.069374	-0.141707	0.048613	0.040563	-0.242638	0.157250	-0.138269	-0.072119	0.015832	0.000000	0.040818	0.165774	-0.004325	-0.076094	-0.234294	-0.223772	-0.072293
62	-0.261778	-0.451122	-0.120013	-0.036259	-0.259206	-0.164658	-0.103356	-0.269477	0.000000	-0.190932	-0.147897	-0.159609	-0.134839	-0.080632	0.021745	-0.158705	-0.184989	-0.352448	-0.347650	-0.218337
63	0.045277	-0.296338	0.044120	0.134127	0.076441	0.071201	0.084447	-0.022815	0.112671	0.000000	0.113801	0.002264	0.025527	0.070926	0.108213	-0.006906	0.009882	-0.040757	0.137192	0.144919
64	-0.025238	-0.415770	-0.087542	-0.042876	0.000000	-0.011175	0.203480	0.039172	0.137339	0.066795	0.091131	-0.028606	-0.129885	0.026994	0.169978	-0.059818	0.000913	-0.051218	0.202935	0.279985
65	-0.074161	-0.502322	0.143051	0.028216	-0.106602	0.000000	-0.003546	-0.196885	0.109632	-0.075460	-0.042571	0.010660	0.209816	0.004598	0.130898	-0.000552	0.051428	-0.162572	-0.128127	-0.001579
66	0.000949	-0.467738	0.177256	0.115503	-0.050888	0.000000	0.072234	-0.057221	0.173360	0.024652	0.048294	0.030693	0.263734	0.089020	0.206601	0.059951	0.145473	-0.068368	-0.029232	0.067138
67	-0.026863	-0.427463	-0.222411	-0.093915	0.000000	-0.028186	0.153200	0.023487	0.050780	0.027057	0.056242	-0.124237	-0.140524	-0.009842	0.084783	-0.136888	-0.067080	-0.035853	0.214293	0.269217
68	-0.038354	-0.329354	0.051319	0.029179	-0.003240	0.018221	0.127433	-0.086252	0.215025	-0.009856	0.006064	0.000000	0.100914	0.085723	0.247674	-0.006872	0.058597	-0.121065	0.001544	0.104661
69	0.073548	-0.185142	-0.033522	0.130363	0.189521	0.031495	0.156616	0.180208	0.223139	0.196144	0.180873	0.009428	0.162279	0.167688	0.213620	0.000000	0.099089	0.083670	0.253492	0.238483
70	0.054937	-0.180154	0.064314	0.161721	0.189340	0.094613	0.184192	0.123495	0.246716	0.197711	0.162777	0.068006	0.254726	0.176337	0.272974	0.000000	0.091188	0.008648	0.207694	0.239783
71	0.085764	-0.295130	0.000000	0.217176	0.068448	0.081003	0.219769	-0.032239	0.268375	0.063128	0.121939	0.151403	0.378752	0.215645	0.264830	0.110135	0.119873	-0.072805	0.136000	0.096068
72	-0.068143	-0.162968	-0.076558	0.084934	0.082377	-0.065667	0.074311	0.061394	0.196073	0.122971	0.132728	-0.043908	0.005350	0.099859	0.210664	-0.042782	0.000000	-0.011168	0.146996	0.145323
73	0.089894	-0.058642	0.064305	0.197021	0.175518	0.149039	0.183164	0.103820	0.178217	0.073151	0.088312	0.091207	0.009408	0.084719	0.240961	0.046981	0.130942	0.000000	0.297183	0.268807
74	-0.027064	-0.188566	-0.025400	0.124884	0.141581	0.078208	0.168592	0.035433	0.218296	0.071474	0.129916	0.016967	0.176895	0.130803	0.262311	-0.037458	0.000000	0.000186	0.196538	0.205230
75	0.104708	0.051930	0.230782	0.334222	0.204212	0.048317	0.070547	0.207277	0.165325	0.216423	0.229796	0.055832	0.052489	0.115438	0.117603	0.000000	0.019085	0.100280	0.288851	0.227892
76	0.006045	-0.266549	0.273014	0.291001	-0.093398	0.057816	0.172850	-0.016164	0.338235	-0.043634	0.010669	0.149499	0.000000	0.174356	0.316942	0.107065	0.149213	0.008624	-0.062639	-0.022849
77	-0.164798	-0.301529	-0.000673	0.108489	0.001608	-0.048164	0.116740	-0.008599	0.190730	0.059716	0.068061	-0.018552	0.100437	0.000000	0.201850	-0.068953	-0.011731	-0.080360	0.099349	0.092671
78	-0.190376	-0.231728	0.090417	0.161056	-0.006507	-0.092362	0.055671	-0.071775	0.059240	-0.106005	-0.086321	-0.035441	0.066536	-0.026992	0.000000	-0.081233	0.021424	-0.054083	-0.024005	0.037731
79	0.000000	-0.218957	-0.032822	0.044078	-0.034372	0.153799	0.076050	0.014406	0.263245	-0.014945	0.009088	0.022269	0.156196	0.019266	0.288808	0.049406	0.059938	0.029841	-0.031045	0.102030
80	-0.021386	-0.206546	0.069038	0.055044	0.133227	0.000000	0.191072	0.092318	0.354714	0.142848	0.174830	0.090974	0.045922	0.126084	0.399011	0.091446	0.144391	0.007996	0.141582	0.251001
81	-0.164626	-0.328961	0.051137	0.025222	0.083879	-0.153511	0.151738	0.073244	0.184923	0.085057	0.062177	0.047635	0.000000	0.028270	0.205955	-0.018159	0.039954	-0.042935	0.132846	0.157463
82	-0.017735	-0.364628	-0.163936	-0.056014	0.033570	-0.022475	0.081319	0.095858	0.258732	0.000000	0.052465	-0.047180	-0.048831	0.028054	0.223489	-0.038872	-0.000847	-0.025140	0.022773	0.087563
83	0.000000	-0.206812	-0.086520	0.008790	0.175358	0.044875	0.181369	0.095549	0.290433	0.090636	0.156297	0.006661	-0.052046	0.088066	0.346467	0.061268	0.047426	0.021313	0.187227	0.272305
84	0.131774	-0.297659	0.107040	0.135430	0.144718	0.000000	0.198807	0.079057	0.425354	0.076419	0.175926	0.051803	0.477494	0.212096	0.441326	0.109821	0.089196	0.062656	0.060753	0.236315
85	-0.174067	-0.548437	-0.005660	-0.143694	-0.202711	0.000000	-0.026014	-0.304369	0.103453	-0.206794	-0.155196	-0.051054	0.332746	-0.086217	0.106741	-0.108273	-0.190503	-0.355536	-0.230876	-0.098551
86	0.107600	-0.172104	0.362112	0.235040	0.236266	0.346681	0.265429	0.142350	0.232010	0.126754	0.064491	0.275886	0.113354	0.122429	0.294164	0.201256	0.185866	0.000000	0.120819	0.261355
87	0.124478	-0.449179	0.472712	0.121215	0.036956	0.737341	0.218146	-0.183336	0.214723	-0.139522	-0.191122	0.314117	0.553787	-0.038537	0.166038	0.328999	0.000000	-0.169989	-0.079798	0.023443
88	0.893128	-0.143208	0.883595	0.068344	-0.231178	1.585166	0.410858	-0.799863	1.292984	-0.302685	-0.051669	1.014877	1.619125	0.609700	1.144382	0.866827	0.000000	-0.714187	-0.220144	-0.352160
89	1.652784	0.307182	4.115210	2.814543	0.000000	3.149158	1.543646	1.560952	2.866655	0.839474	0.795152	2.880477	4.128520	2.477979	2.489126	2.508979	2.575045	0.754772	-0.175091	-0.529494
90	2.413331	0.909117	3.763803	2.600734	1.747179	3.699683	2.554723	0.220550	2.110478	1.113401	1.321072	3.085707	4.031469	2.339493	2.013927	2.451222	1.205267	0.000000	1.849739	1.623066
91	0.000000	1.568268	3.775471	3.374898	3.360779	2.222167	3.735662	2.923680	3.677410	2.950743	2.904941	3.717129	3.383817	3.623104	3.709247	1.634898	2.407665	1.937805	3.432165	3.460758
92	2.455023	1.111809	4.108655	3.302919	2.294772	3.328594	2.728812	1.014981	0.987690	0.000000	0.956614	2.995315	3.557291	2.218047	1.050328	2.677210	2.174652	1.526398	2.323352	2.329691
93	2.651456	1.570378	3.641519	2.898026	0.712236	3.360821	1.763534	2.461811	2.536158	2.515742	2.156331	3.008778	3.760237	2.642198	2.173319	2.980977	2.804714	2.156425	0.954014	0.000000
94	1.537099	1.377593	0.000000	1.502571	2.522041	1.587862	1.876835	3.052741	2.392584	2.954029	2.509622	1.007459	1.225385	2.117071	2.512232	0.997061	1.511945	2.853020	2.225348	2.505853
95	2.824795	1.775660	3.530189	2.808810	0.613024	3.174680	1.542426	1.808633	2.995443	2.186671	2.203926	2.662685	3.473048	2.740181	2.623955	2.878879	2.835904	1.546878	0.607966	0.000000
96	0.764875	0.208083	0.645838	0.000000	0.546475	1.512801	0.602284	0.235532	0.809708	0.582583	0.569765	0.788954	2.005037	0.564979	0.875517	0.621811	0.392313	0.139641	0.603952	0.406311
97	-0.839403	0.612956	2.276912	1.162092	1.747452	0.339859	1.290448	1.462604	-0.048319	1.601028	0.770570	1.563280	0.787908	0.457964	0.147732	0.000000	0.960331	1.129451	1.776038	1.892285
98	-0.176865	-0.369773	1.417799	0.864221	1.244735	0.725272	0.839983	-0.268889	0.076811	0.621526	0.353477	0.534008	1.090307	0.159038	0.000000	-0.141589	-0.510498	-1.107319	1.363918	1.291055
99	0.011554	-0.371224	0.656590	0.890636	-0.261221	0.085968	0.214883	1.103567	0.579164	0.366051	0.110272	0.302546	2.185250	0.403327	0.418112	0.023503	0.000000	1.066488	-0.009588	0.212805
100	-0.069632	0.119044	0.092398	0.000000	0.827734	0.438856	0.559214	0.544258	0.395145	0.543622	0.552634	0.373887	-0.043837	0.359198	0.659361	0.139955	0.411261	0.370417	0.772539	0.834367
101	0.280533	-0.207135	0.184482	0.361945	-0.257812	0.025887	0.041742	0.477927	0.300194	0.280208	0.063287	0.214377	2.409057	0.229492	0.288109	0.278178	0.000000	0.514342	-0.212470	-0.288283
102	0.294883	-0.147397	0.000000	-1.467548	0.613177	0.083701	0.417288	0.871979	1.006872	0.298692	-0.115509	0.706032	1.517642	-0.678114	1.009057	0.102746	0.070096	0.767099	0.609404	0.832579
103	3.102905	1.995783	3.607516	3.501323	1.841884	3.295917	3.368295	1.377140	3.319071	0.000000	1.222359	3.515252	3.524237	3.251650	3.359793	3.402200	3.133384	1.844620	2.730560	2.678653
104	0.974326	1.459346	2.248086	1.912912	2.456801	1.151548	2.036748	2.245011	1.706743	2.426831	1.829480	1.879401	1.457030	1.643289	1.835282	0.000000	0.774063	1.951755	2.375622	2.582307
105	3.111851	2.229364	4.034539	3.881497	0.000000	3.525420	3.854208	1.580376	3.660711	1.551578	1.456319	3.791502	3.508662	3.778805	3.625148	3.544724	3.380188	1.979031	3.527321	3.221796
106	1.149978	0.836708	2.580967	2.001678	1.277640	2.127607	1.117228	1.065019	0.000000	0.980584	0.950675	1.454960	3.660672	0.982704	0.320530	1.090831	0.984393	0.740905	1.630098	1.367626
107	1.039423	1.382272	3.658463	1.960616	2.095797	2.608686	1.992037	1.275453	0.000000	1.571952	1.088629	2.614180	3.149824	0.888727	0.514843	1.612104	1.543189	1.050058	2.276436	2.077677
108	2.405658	1.176676	2.383179	3.113182	1.858978	0.000000	1.770607	3.641454	2.543157	2.728515	2.366975	1.691001	3.785584	2.589567	2.549487	2.246927	2.662861	3.516320	1.935406	1.865214
109	2.477376	1.996918	0.437380	0.000000	2.689605	2.863116	2.467024	3.288365	3.941223	3.310711	2.134089	2.390698	3.746368	1.429708	3.784593	2.268021	2.345407	2.926384	1.996145	2.772020
110	1.191954	0.285102	2.471004	1.087765	0.512540	2.425514	0.617171	-0.172890	0.106541	-0.716066	0.036462	1.368193	1.601059	0.609423	0.000000	1.295943	1.003110	0.181715	0.675614	0.420312
111	3.592352	2.506119	3.886607	3.642401	1.217636	3.470331	3.684893	0.914305	3.803314	0.000000	1.205423	3.910719	3.638137	3.738509	3.895561	3.965761	3.777670	1.660847	3.197221	2.927223
112	0.704753	0.368344	1.881434	0.427715	0.580727	1.997328	0.878967	-0.144851	0.344110	0.003443	-0.053796	1.426889	3.626146	0.000000	0.286551	1.011405	0.597357	-0.135108	0.581696	0.567232
113	2.400367	1.523170	3.335434	2.989893	2.532094	3.619104	3.286937	0.000000	2.877383	0.372863	1.508428	3.099228	2.615545	3.053241	2.981419	3.175282	2.603548	0.434544	2.909687	2.808179
114	1.746047	0.451647	2.029642	1.559106	0.720519	2.574427	1.535252	-0.597704	1.541414	-0.739432	0.101813	1.859860	3.057726	1.515819	1.585959	1.996773	1.334088	0.000000	0.911796	0.876462
115	1.148791	0.383526	-0.663247	0.686836	1.247915	1.334852	1.223508	1.265994	1.288850	1.219856	1.053641	0.000000	2.741009	1.087912	1.349478	0.557552	1.169271	1.243497	1.147901	1.346552
116	-0.016955	-0.076811	-0.145158	0.347338	0.570353	0.584013	0.361342	0.645713	0.261444	0.608966	0.082174	0.000000	1.447782	0.036084	0.373188	0.020756	0.252660	0.562230	0.401962	0.605189
117	0.337881	0.299382	0.336390	0.361396	0.987981	0.763643	0.729947	0.742409	0.523774	0.514989	0.493726	0.441784	2.792645	0.346728	0.677884	0.040171	0.000000	0.776100	1.007596	1.017333
118	0.274513	0.126089	-0.478723	0.000000	0.295839	0.156094	-0.187447	0.411028	0.358433	0.425946	0.256304	-0.179791	1.324177	-0.122469	0.436937	0.111484	0.302663	0.462667	0.222101	0.122044
119	-0.231805	0.134228	0.062512	0.022877	0.703841	0.000000	0.117578	0.374025	-0.320526	0.376720	0.240139	0.051846	-0.626385	-0.207745	-0.119453	-0.178488	0.045285	0.237239	0.851553	0.809192
120	0.554057	-0.043100	0.000000	0.399074	-0.029912	0.897030	0.182359	0.630556	0.716879	0.619330	0.587999	-0.106538	1.558860	0.564717	0.761633	0.452958	0.534581	0.510285	0.027476	-0.267783
121	3.118021	2.581271	3.632395	3.107957	1.692207	3.451029	2.773703	2.460443	3.205435	2.732198	2.511070	3.117783	3.419329	2.939838	2.891439	2.952396	2.773736	2.531583	0.000000	1.423607
122	2.134096	2.055268	4.107099	3.753720	1.125200	3.823383	2.540009	1.305456	2.663765	1.471598	1.607122	3.655318	3.816473	2.919523	2.852997	2.755314	2.772157	1.631179	0.000000	1.035753
123	2.687000	0.874910	3.384055	1.535870	0.410659	3.674128	1.814362	0.915373	2.220979	0.000000	0.791867	2.966935	4.099074	1.868326	2.261291	2.799376	2.345402	1.217439	0.267453	0.229215
124	0.000000	0.644660	4.019719	3.710661	2.611101	1.668653	3.473535	1.842256	3.645408	2.246896	2.308151	3.869864	4.032532	3.534014	3.444121	2.303997	2.663012	0.680714	2.820111	2.522747
125	0.702672	-0.146651	2.304410	0.637253	-0.162921	1.980167	0.000000	-0.502531	-0.127189	-0.219899	-0.283328	1.234568	3.712255	0.117910	-0.528399	0.752244	0.159319	-0.527858	0.095192	-0.262727
126	1.846299	1.411824	2.590021	3.192111	2.893360	2.449527	1.760147	1.993048	1.241386	1.702043	2.197001	0.857358	3.662695	2.112170	1.616530	0.000000	1.959738	2.278836	3.142913	2.748188
127	1.883060	0.923454	2.053172	1.332779	1.182730	2.630155	1.808571	0.918006	2.247655	0.000000	0.662413	2.236668	3.185095	1.594442	2.256740	2.196397	1.664617	1.205708	1.490968	1.387141
128	-0.062221	0.167248	0.683045	0.208798	0.379433	1.074377	0.331842	-0.098006	-0.173193	-0.346120	-0.070188	0.468283	2.906059	0.037282	0.034851	0.000000	-0.074642	-0.038810	0.654546	0.481135
129	2.815128	2.240591	2.525728	3.230774	3.011012	2.443445	2.378112	2.984659	2.491536	2.747423	2.783881	1.584661	3.645384	2.748670	2.420501	0.980148	0.000000	2.911893	3.150202	2.940756
130	1.691212	0.725513	1.563365	1.697550	1.634626	0.000000	1.037874	3.002530	1.317016	1.434484	1.280486	1.044638	3.639030	1.240449	1.671421	1.564372	2.407815	3.153803	1.965042	1.753938
131	0.159166	0.305620	0.879095	0.510686	0.964226	1.012484	0.582401	0.879375	-0.215516	0.211860	0.097149	0.504825	3.959947	0.000000	-0.265498	0.598094	0.893428	0.831392	1.233340	1.001250
132	0.792903	0.217054	1.443641	0.561653	0.459527	1.624352	0.601290	0.279735	0.526290	0.715057	0.368515	1.123854	2.925989	0.320135	0.382718	0.267554	0.000000	0.282998	0.441430	0.383780
133	2.968697	2.520408	4.121361	3.889694	2.166259	0.000000	3.299413	2.960613	3.544572	2.703944	2.702281	3.700673	3.982079	3.594012	3.578996	3.501387	3.554971	2.987472	2.501538	2.516747
134	2.722158	1.762829	3.222559	2.864750	0.460872	3.309058	2.086497	1.951792	2.681811	1.915468	1.767602	2.738965	3.597307	2.607111	2.258189	2.693459	2.561476	2.108663	-0.744772	0.000000
135	3.012804	2.508583	3.472912	3.621283	2.202209	3.719738	3.486940	0.000000	3.547423	1.630070	2.472434	3.604074	3.322213	3.673213	3.511144	3.673643	3.171942	0.220128	3.175219	3.088821
136	2.264966	1.752860	2.786314	2.828340	2.298427	2.985033	2.522558	2.532529	2.557613	2.520053	2.486337	2.536608	0.000000	2.617085	2.642795	2.544156	3.080888	2.700664	2.383977	2.351668
137	-0.194292	0.760361	2.616652	2.027118	1.434900	0.999176	1.193347	1.796814	0.750477	2.424192	1.454529	1.357552	1.287236	1.281388	0.404551	0.000000	1.098403	1.141212	1.353769	1.388454
138	0.505919	0.450770	1.278120	1.472986	1.382405	0.777510	0.703761	0.855045	0.368160	0.760813	0.772518	0.000000	2.192675	0.592503	0.436102	0.301685	0.903227	1.052384	1.397516	1.405015
139	1.485322	1.734966	3.473515	3.943191	0.437897	2.909659	1.878500	1.839854	3.143832	0.631815	1.091244	2.733937	3.997715	3.057065	2.822517	2.369734	2.621948	2.134136	1.708207	0.000000
140	2.516629	1.625664	3.976839	3.815114	1.796546	3.704366	3.740784	0.594750	3.773365	1.280236	1.879958	3.991987	3.843201	3.678682	3.823554	3.440442	2.725234	0.000000	3.354690	3.214343
141	0.000000	1.585011	2.773575	1.591179	2.151436	2.265040	2.111800	2.064863	1.914723	2.141470	1.561012	2.437015	3.730008	1.381602	1.813921	1.254521	1.987136	1.756855	2.375471	2.162140
142	0.479109	0.804389	1.194521	0.443499	0.861443	1.373562	0.678836	0.781681	0.363616	0.536066	0.704781	1.119073	0.000000	0.438365	0.518624	1.076679	1.225275	0.818690	1.114403	0.869861
143	-0.630565	-0.102328	0.491919	-0.392465	0.191570	0.547712	0.517739	-0.165229	0.745727	0.129739	-0.028387	0.862520	1.173684	0.203268	0.888178	0.000000	0.142883	-0.563458	0.045662	-0.018082
144	0.832597	0.443326	0.000000	0.591041	0.998597	0.091131	0.740223	1.306913	0.899161	0.989330	0.939175	0.337351	1.804504	0.719139	1.059224	0.587498	0.712519	1.265723	0.974243	1.026130
145	0.871730	1.074239	1.149321	1.341472	1.534134	0.679456	1.288235	1.816961	1.588758	1.498653	1.329064	1.360050	2.795192	1.395022	1.619792	0.000000	0.627310	1.794824	1.229674	1.528171
146	0.507221	0.626322	0.673453	0.911446	0.366495	1.274979	0.744914	0.000000	1.182908	-0.145124	0.270006	0.726238	0.444360	0.905302	1.384573	0.951349	0.930912	0.427412	0.437035	0.450853
147	-0.383817	0.236937	0.120116	-0.346224	0.348813	0.505226	0.288024	0.571193	0.438457	0.083487	0.138158	0.530347	1.307023	0.000000	0.387090	0.301259	0.448445	0.608122	0.481632	0.035347
148	0.000000	0.970411	2.324299	2.017744	1.756260	1.365211	1.800804	1.473414	1.454523	1.656508	1.351329	1.430255	2.428981	1.541946	1.531292	0.349859	0.994975	1.109219	1.843767	1.715069
149	0.358683	0.256557	1.214195	0.000000	0.162248	1.322600	0.261565	1.122105	0.680961	0.208937	0.306626	0.568979	2.544558	0.084652	0.954520	0.861457	1.670912	1.285536	-0.000602	-0.013047
150	0.148034	0.370022	0.138266	0.000000	0.848024	0.740481	0.559919	0.389258	0.377308	0.431430	0.581377	0.386382	-1.138637	0.321369	0.675196	0.114438	0.419270	0.463602	0.906427	0.898794
151	2.379879	1.812387	3.176754	3.053048	1.033348	3.037929	2.136169	2.513229	2.910389	2.819685	2.547768	2.600483	2.208633	2.943834	2.728522	2.611637	2.614189	2.372001	0.000000	0.887048
152	3.534331	2.669837	3.899821	3.892256	0.737699	3.905527	2.367732	3.383854	3.586220	3.402935	3.226971	3.045866	3.645533	3.726588	3.117368	3.536554	3.741216	3.421613	0.928384	0.000000
153	0.852311	0.731436	2.832901	2.522192	0.000000	1.056597	0.886501	1.916712	1.616242	0.731837	0.786641	2.078786	3.107777	1.536337	1.844166	1.372236	2.020481	1.978652	0.527393	0.492987
154	1.706499	1.556039	1.929476	2.066593	1.738491	0.000000	1.818978	2.516996	1.985847	2.013935	1.894254	1.854444	2.467907	1.849054	2.085626	1.813134	2.089603	2.655429	1.905077	1.917653
155	0.481168	0.671447	1.312053	1.321592	0.918931	0.763071	0.594310	0.999576	0.000000	0.773907	0.668723	0.544995	0.732539	0.566227	0.149544	0.240529	0.332513	0.961414	1.070920	1.000447
156	1.221665	0.837221	2.644794	2.230205	1.089120	2.417512	1.720871	0.000000	1.378256	0.017838	0.208481	2.095843	2.768555	1.403097	1.349900	1.643569	1.159611	0.529180	1.074718	1.270014
157	1.169835	1.351984	1.359003	1.534239	2.271280	0.797135	1.558071	2.272614	1.028527	1.578793	1.556951	1.139811	1.338955	1.171859	0.902716	0.084142	0.000000	2.109501	2.353590	2.413887
158	1.624251	1.491129	3.008987	2.416859	0.882022	1.945247	1.280078	1.652733	0.656394	1.266222	1.336247	2.142780	1.619713	1.481056	0.000000	1.897387	1.881552	1.840823	0.976327	0.942468
159	0.748444	1.056727	2.169632	1.821387	0.749312	1.373848	0.744902	0.943486	0.335464	0.737283	0.911988	1.358788	1.640484	1.087437	0.000000	1.017327	1.193356	0.996330	0.314267	0.500636
160	0.386606	0.530355	0.284728	0.000000	1.244778	1.105213	1.034039	1.041239	0.901455	0.912305	0.631698	1.037627	2.464333	0.375284	0.979163	0.895819	0.777324	0.878468	0.998884	1.160267
161	-0.614212	-0.106785	1.878111	1.611267	1.589996	0.810747	2.207348	0.822755	2.412258	1.080187	0.960623	2.082716	2.791651	1.972866	2.357655	0.000000	-0.026131	0.249003	1.774308	1.869162
162	1.084186	0.777428	0.285872	0.000000	1.738968	1.733227	1.346760	0.695488	1.357465	1.021840	0.983031	0.983743	2.904264	0.731450	1.348553	1.137105	0.925327	0.721341	1.698153	1.717833
163	1.145913	1.293204	2.168338	1.963759	1.391260	1.745247	1.434789	1.146467	0.672593	0.974766	0.927531	1.447544	3.153480	1.183815	0.000000	1.310123	1.372740	1.263554	1.603670	1.499445
164	1.303350	1.093839	2.734512	1.957401	1.252705	2.431637	1.730316	0.936909	1.451725	0.000000	0.583556	2.115849	3.195330	1.574583	1.422619	1.955123	2.092768	1.471442	1.447226	1.217195
165	2.802520	2.196331	3.068686	3.052664	2.365802	2.778527	3.059647	1.499552	2.660761	0.000000	1.574528	3.091706	3.045788	2.818784	2.810039	3.007534	2.849391	2.077051	2.965835	3.030107
166	1.402577	0.967921	2.497811	2.027608	1.632855	1.524231	1.674375	0.870777	0.972580	0.000000	0.461928	1.543306	3.095765	1.220102	0.853672	1.192587	1.030795	1.143351	1.841379	1.778933
167	0.215339	0.514723	0.852432	1.139552	1.048134	0.652589	0.213189	0.676412	-0.357385	0.220172	0.476550	0.000000	2.566753	0.326661	-0.514527	0.299398	0.870704	0.635683	1.294841	1.132143
168	0.000000	0.148765	0.293139	0.114907	0.435113	0.417673	0.157667	0.214574	0.006909	0.258020	0.301298	0.243204	-0.855541	0.108496	0.192046	0.102163	0.294237	0.158156	0.518520	0.532755
169	-0.149159	0.089100	0.074603	0.000000	0.532762	-0.148809	0.219686	0.613889	-0.146185	0.263355	0.214852	-0.011482	1.620549	-0.071843	0.062168	0.008099	0.233450	0.524984	0.620149	0.583455
170	0.745312	0.493432	2.371691	1.447228	0.941255	1.489753	0.833645	0.851962	0.901159	0.422167	0.390398	0.000000	2.715744	0.512531	0.736013	0.548801	0.607186	0.657817	1.186967	1.078509
171	0.364999	0.526654	0.667610	0.387695	1.105247	0.715597	0.763501	0.354814	0.363232	0.590610	0.630273	0.580963	0.000000	0.408772	0.593028	0.396779	0.529317	0.197529	1.407010	1.200449
172	0.165959	-0.011847	0.759188	0.331036	0.519539	0.882275	0.412848	-0.265165	-0.153709	-0.268294	0.022056	0.391220	-0.308130	0.106373	0.000000	0.419920	0.352261	-0.287519	0.749685	0.632760
173	2.868138	2.126219	2.836356	2.984624	2.252007	0.000000	2.735829	2.955063	2.929305	2.722137	2.653122	2.673014	2.655848	2.936430	3.032497	2.784621	2.845119	3.050081	2.392426	2.535486
174	1.069412	1.551756	2.821124	2.729308	2.273247	2.230887	2.460698	2.130953	2.528222	2.089420	1.878401	2.048964	2.986968	2.233508	2.354502	1.012221	0.000000	1.885023	2.484344	2.407530
175	3.019998	2.397875	3.605569	3.503059	0.000000	3.471501	3.205659	2.525672	3.682792	2.592076	2.484117	3.608187	3.113995	3.596676	3.634250	3.522689	3.558491	2.607344	2.075329	1.375658
176	0.631756	0.139091	2.216183	2.004620	0.709631	0.650995	2.043956	0.367883	2.306562	0.000000	0.579585	1.973006	2.275844	1.918919	2.377106	1.435419	1.377262	0.121804	1.621847	1.236368
177	1.996712	1.580966	3.130019	3.175868	1.926703	2.985799	3.234827	0.009101	3.148127	0.650574	1.462457	3.284731	3.122102	3.144277	3.175836	2.987141	2.392976	0.000000	2.689129	2.653569
178	1.770632	2.056219	3.218403	2.249100	2.336086	1.955264	1.743792	2.088477	1.112827	2.041731	1.637313	2.572726	2.569034	1.337791	0.000000	1.875230	1.712236	2.122167	2.521484	2.396932
179	1.053759	0.867323	0.583010	0.000000	1.303031	1.743964	1.238665	1.053470	1.598354	1.000098	1.079953	1.363707	2.202858	1.039259	1.644435	1.383266	1.390644	0.940252	1.416677	1.152725
180	0.389276	0.181757	-1.314487	0.343037	1.238000	0.672296	0.815974	1.273804	1.144364	0.865867	0.730404	0.201414	1.271484	0.870975	1.299186	0.000000	0.786069	1.174176	1.469092	1.383699
181	0.521588	0.681651	0.357682	0.000000	1.053142	0.725006	0.742021	1.006948	1.048098	0.818030	0.736362	0.903557	0.415541	0.576393	1.159735	0.653122	0.781095	0.872327	0.965553	0.957904
182	0.403345	0.113243	-0.372589	-0.081594	0.092858	0.448087	0.030987	0.759297	0.708170	0.294447	0.253922	-0.036168	1.721267	0.302819	0.728325	0.119981	0.000000	0.740349	0.134546	-0.023005
183	-0.185845	-0.520236	-0.417586	-0.628442	-0.410169	0.327103	-0.169394	0.093914	0.534618	0.208753	-0.026879	-0.009518	1.333398	0.012692	0.566374	-0.228326	0.000000	-0.051476	-0.242115	-0.345604
184	-0.003970	0.274011	0.237222	0.136051	0.575203	0.471492	0.314978	0.332807	0.000000	0.362629	0.397076	0.315598	-0.256054	0.180529	0.273203	0.136271	0.350630	0.261951	0.724318	0.611232
185	1.568598	0.837427	0.652820	1.022640	1.198683	0.000000	0.990228	2.311759	1.633755	1.896009	1.645752	0.696655	2.083097	1.414974	1.753745	1.257463	1.464686	2.368566	1.379168	1.220034
186	0.000000	-0.205301	-0.865723	-0.778646	0.478440	0.252755	0.140731	1.167525	0.973481	0.846915	0.290945	-0.219662	1.702819	-0.123090	1.041688	-0.108761	0.404194	1.109026	-0.170508	0.409409
187	2.815194	1.866697	3.858330	3.551315	0.374586	3.277070	2.017958	2.229441	2.774142	1.312043	1.673480	2.956783	2.920630	2.852354	2.584100	3.100258	3.156383	2.502406	0.641081	0.000000
188	0.705248	0.000000	1.090789	-0.224676	1.168061	1.891623	1.639130	-0.372196	1.972831	0.502679	0.537577	1.674714	1.862761	0.962087	1.803408	0.835443	-0.046671	-1.073997	1.502612	1.389528
189	3.124793	2.392490	3.149830	3.210364	2.089846	3.279961	3.481937	1.232543	3.196073	0.000000	1.552743	3.397794	3.257944	3.262676	3.355670	3.483311	3.444709	1.856096	3.308262	3.480095
190	0.192520	0.906388	0.982239	1.678324	2.303292	1.750686	2.071769	1.563908	2.425622	2.062233	1.834363	1.956778	2.432502	2.144883	2.362744	0.000000	0.815889	1.169622	2.257733	2.090427
191	2.470485	1.715561	3.006519	2.794384	2.019717	3.022134	2.951209	0.007261	2.975871	0.737150	1.350616	3.071280	2.630123	2.746362	3.004791	2.841618	2.110821	0.000000	2.618442	2.576506
192	-0.215901	0.287606	1.739163	1.190448	0.681249	0.682406	0.335499	-0.478452	-1.074701	-0.637718	-0.523462	0.650477	1.211777	-0.804716	-1.257271	0.000000	0.022126	-0.391439	0.847378	0.824668
193	1.167963	0.219325	0.000000	0.707651	0.694539	1.436008	1.002162	0.596751	2.104076	1.307350	1.062206	0.951836	2.380986	1.413797	2.194145	0.775304	0.514789	0.547297	0.361086	0.313458
194	1.491567	0.829849	1.617421	1.151714	0.000000	1.960301	0.891054	1.045066	1.406062	1.061681	1.044073	1.403345	2.537543	1.231605	1.265927	1.357316	1.469383	1.185282	-0.071419	0.051666
195	1.816111	0.970269	0.000000	0.833632	1.250414	1.642352	0.967443	1.703413	2.043746	1.763595	1.748697	0.730290	2.726035	1.476098	2.060318	1.015272	1.092066	1.687134	1.178097	1.167631
196	-0.399895	-0.123599	-0.217244	-0.430592	0.016369	0.057506	-0.031291	-0.157604	0.039589	-0.099276	-0.011814	0.000000	-0.595860	-0.040050	0.280176	-0.132829	0.000744	-0.298612	0.155443	0.062018
197	0.000000	-0.212990	-0.209076	-0.320297	0.037299	0.204554	-0.032320	-0.102232	-0.016004	-0.027121	0.002271	-0.086776	0.712766	-0.170344	0.107994	-0.056853	-0.177936	-0.230794	0.236677	0.067641
198	0.425840	0.000445	0.574591	0.332514	0.195098	0.484793	0.094229	0.139703	0.000000	0.143411	0.123762	0.076875	1.038855	0.091753	0.029696	-0.003690	-0.382402	0.035095	0.345835	0.079078
199	1.412232	1.166829	1.369753	1.488539	1.758050	0.000000	1.557227	2.010480	1.435979	1.649291	1.599836	1.408363	1.602443	1.509688	1.694609	1.401192	1.763124	1.997866	1.922049	1.810276
200	0.251212	-0.056778	1.182923	1.073373	0.047141	0.824945	0.262714	0.151722	-0.661225	0.000000	0.105510	0.506592	0.301132	0.251300	-0.620396	0.278765	0.182924	0.018240	0.042667	-0.070138
201	0.533997	0.067608	0.528198	0.631501	0.071374	0.383258	-0.000578	0.026138	0.315037	0.604997	0.224571	0.000000	1.893695	0.222297	0.049968	-0.029284	-0.295258	0.100910	0.379844	-0.140045
202	1.996369	1.143912	2.855300	2.717867	2.237154	2.810470	2.447862	0.678693	2.332112	1.613218	1.880462	2.511945	2.333999	2.175038	2.498509	1.954705	1.172470	0.000000	2.723770	2.480271
203	1.171021	0.523443	2.046129	1.247558	1.092558	1.927569	0.532218	0.346767	0.000000	0.703432	0.707526	1.226690	2.653486	0.638707	-0.055546	1.139377	0.645108	0.143266	1.054520	0.943809
204	2.040096	1.358766	1.528823	1.870589	0.634430	2.172413	0.000000	2.229024	2.263696	2.234097	2.028918	0.893314	2.263527	1.908617	1.501935	1.708207	1.813979	2.273298	0.393525	-0.034376
205	3.663355	3.054010	4.043620	4.055026	1.193898	4.030059	2.398591	2.741487	3.755692	3.058966	3.284628	3.548578	3.362107	3.868341	3.339024	3.664248	3.411342	2.973474	1.625162	0.000000
206	0.371318	0.085841	1.229911	0.169554	-0.223062	1.328179	0.151863	-0.425072	0.000000	-1.182293	-0.384433	0.794505	0.534383	0.163873	0.194606	0.857160	0.792802	-0.042021	0.187422	-0.163983
207	3.113634	2.508299	3.424858	3.499629	2.432322	3.470656	3.277292	0.000000	3.151428	1.499563	2.267716	3.309376	3.238316	3.396129	3.150750	3.420912	3.257200	1.041929	2.813222	3.012888
208	0.230555	-0.505316	0.889454	-0.090551	-0.620188	0.814875	-0.529052	-0.319683	0.279362	0.021229	-0.191171	-0.075470	1.999834	0.073376	0.000000	0.119626	-0.249794	-0.480730	-0.709039	-0.850895
209	1.168972	0.972401	2.404841	1.640186	1.012744	1.852415	1.048079	0.680470	0.000000	0.733685	0.793512	1.393144	1.025481	0.909381	0.117922	1.225527	1.226642	0.689893	1.247784	1.018940
210	0.523323	0.507213	0.006772	0.774724	1.185168	0.605568	0.535794	0.837614	0.519589	0.000000	0.621238	0.388444	2.398829	0.739892	0.608587	0.092835	0.002621	0.956670	1.505139	1.180319
211	-0.032295	0.341396	0.000000	0.036265	0.855182	0.316697	0.390891	0.719112	0.116676	0.500292	0.537314	0.338374	-0.026953	0.191401	0.343725	0.180927	0.513261	0.666128	0.866489	0.911052
212	0.700661	0.190622	-0.453657	0.472468	0.775601	-0.190248	0.410935	1.424493	0.656987	1.055767	0.949272	-0.578180	1.541101	0.691319	0.755583	0.000000	0.476607	1.363359	0.694883	0.700592
213	2.085085	1.506979	1.760602	1.991653	2.268744	0.000000	1.922805	2.468906	1.778571	2.030950	2.000986	1.537980	2.480958	1.924420	2.123415	1.829843	2.188093	2.520863	2.484604	2.350256
214	1.326478	1.095972	1.614375	1.503347	1.325688	0.000000	1.177221	1.761685	1.053986	1.249142	1.206065	1.360177	2.464679	1.122142	1.266796	1.314850	1.599003	1.853565	1.419911	1.303657
215	2.914333	1.720297	3.723684	3.615320	0.000000	3.350930	2.619272	1.596990	3.419343	1.219923	1.735600	3.281007	3.150344	3.405969	3.339351	3.314998	3.047528	1.557083	0.842597	0.308438
216	0.964015	0.555797	2.255347	0.593219	0.376146	1.832552	0.844695	0.553066	1.317000	0.802478	0.599331	1.713908	2.814153	0.520995	1.257272	1.000044	0.628803	0.513774	0.496167	0.000000
217	2.878400	2.262014	3.604181	3.421257	2.334430	3.633501	3.330817	0.000000	3.214620	1.033379	1.818595	3.531918	2.953743	3.243478	3.370107	3.276372	2.737641	1.014832	2.959779	3.061339
218	0.245183	0.461951	-0.318163	0.530214	1.508581	0.743911	0.501666	1.319024	0.906033	1.568670	1.370433	-0.136904	0.807745	0.713455	0.989345	-0.408943	0.000000	0.836415	1.710841	1.458970
219	0.203398	0.072478	0.095350	0.022205	0.525919	0.428516	0.154031	0.535128	0.163160	0.526271	0.474673	0.221677	-0.743973	0.272502	0.302881	0.000000	0.302041	0.547770	0.309630	0.434708
220	0.214076	0.008767	0.176903	0.187032	0.524627	0.350847	0.212356	0.365270	0.052045	0.192952	0.257217	0.140338	1.652182	0.095637	0.000000	0.118270	0.182786	0.497849	0.373560	0.405441
221	0.308301	-0.346617	1.039150	0.840077	-0.058454	1.018846	-0.388543	-0.629399	-0.477580	-0.479375	-0.284897	0.077588	1.718403	0.049461	-0.469425	0.290983	0.000000	-0.240452	0.042573	-0.202263
222	0.634810	0.080484	1.599379	0.477170	0.023420	1.175201	0.428700	-0.256477	0.180145	0.100487	0.048046	0.957578	1.132471	0.000000	0.103594	0.469674	0.158001	-0.315622	0.137341	0.069106
223	2.497341	1.526997	3.177357	3.009454	0.000000	2.777878	1.741322	2.857326	2.503297	2.261508	2.184580	2.943289	3.501672	2.761102	2.590644	2.756763	2.936775	2.801314	1.145314	1.015542
224	-0.117986	0.252174	-0.397979	-0.196498	0.550400	0.200054	0.327933	0.325906	0.121704	0.161329	0.238837	0.000000	-0.173512	0.073563	0.447063	-0.196097	0.114320	0.327171	0.598681	0.701132
225	1.566364	1.253402	0.820567	1.679893	1.905537	1.086650	1.477185	2.364688	1.805407	2.045854	1.864273	0.396884	2.884192	1.713580	1.755732	0.000000	0.296552	2.279232	1.923570	1.816602
226	2.668050	2.208756	3.150690	3.051977	2.044452	2.982098	3.182401	0.937572	2.886864	0.000000	1.533685	3.294798	2.537868	3.009047	3.196111	3.040585	2.988159	1.682126	2.676466	2.924168
227	0.070322	0.565060	0.801972	0.359287	0.595641	0.376051	0.345191	0.259897	-0.251808	0.340024	0.391300	0.721579	0.339223	0.000000	-0.256948	0.109121	0.337100	0.367634	0.410283	0.539164
228	-0.004901	0.662290	-0.035454	-0.361528	1.398568	0.705654	0.886846	1.082760	0.689530	0.672395	0.524094	0.973305	2.391912	0.000000	1.005296	0.501602	0.967852	1.118310	1.257480	1.391943
229	1.655759	1.727655	4.159107	4.104297	1.720377	2.949679	3.497469	1.176852	3.696650	0.000000	0.526724	3.958191	4.331205	3.388476	3.722974	3.352492	3.242985	1.945697	2.643326	2.521893
230	2.317172	1.765542	3.460335	3.278319	2.059213	3.376935	3.176255	-0.151366	2.749183	0.332402	1.419345	3.214799	3.407160	3.056637	2.760793	3.082935	2.182484	0.000000	2.322080	2.548669
231	0.000000	0.159829	0.187440	0.134227	0.547333	0.826358	0.257305	0.379765	0.056717	0.096847	0.096830	0.126429	3.197460	0.110734	0.013613	0.226344	0.449501	0.559139	0.485574	0.481524
232	2.341259	1.961931	3.399038	3.256032	0.812378	2.725914	0.730527	3.292509	2.385507	2.960038	2.700608	2.618355	4.001332	2.804984	2.022760	2.725523	3.152167	3.123403	0.759899	0.000000
233	1.541835	1.510822	4.162358	4.198887	0.404545	2.372792	1.842200	1.820245	3.295271	1.132813	1.688928	2.947356	3.325287	3.266245	3.209671	2.508635	2.623675	1.912501	0.866832	0.000000
234	0.136270	0.383087	2.341072	1.221583	0.736557	1.105423	0.733363	0.289851	-0.159491	0.255864	-0.271838	1.274232	2.942851	-0.000576	-0.298130	0.000000	0.409294	0.358029	0.913051	0.915526
235	0.390541	0.259177	0.845132	0.387247	0.659422	1.066775	0.542352	0.170359	0.000000	0.098337	0.117591	0.580226	2.828977	0.090706	0.160380	0.477667	0.349379	0.217882	0.805656	0.727288
236	1.267108	0.539010	1.813229	1.702577	0.577004	1.863477	0.000000	1.184043	1.075422	1.512527	1.371570	0.542961	2.359854	1.285426	0.747810	0.820511	0.644510	0.714995	0.662279	0.350837
237	0.000000	0.707519	0.525253	0.521529	1.047528	0.567862	0.688091	1.145971	0.548584	0.988754	0.813511	0.575107	0.271451	0.513425	0.679447	0.322621	0.735568	1.021356	1.085709	1.139329
238	-0.306400	-0.223654	0.000000	0.391507	0.191369	-0.116297	-0.281098	0.636248	0.314560	0.163123	0.107248	-0.410461	1.430628	0.098738	0.466454	0.202805	0.775081	0.670798	0.417338	0.160513
239	2.422963	1.933333	2.495219	2.660280	2.033296	0.000000	2.396857	2.354668	2.533096	2.316441	2.350258	2.364578	2.419101	2.559531	2.734180	2.422970	2.459459	2.423664	2.142606	2.262849
240	2.122277	1.619009	2.992988	2.882433	2.091012	2.501277	2.918908	1.342169	2.730517	0.000000	1.336974	2.857549	2.946436	2.659788	2.845183	2.571773	2.218078	1.594000	2.962023	2.873245
241	-0.102963	0.000000	0.630996	0.406504	0.581986	0.467637	0.457943	0.059332	0.353692	0.340421	0.377875	0.712658	-0.395168	0.471447	0.499612	0.048539	0.298740	-0.150522	0.747501	0.575521
242	-0.356334	-0.326311	0.568536	0.199257	0.383511	0.617835	0.000000	0.274811	1.020781	0.606680	0.234586	0.185360	1.396470	0.251803	0.848200	-0.405880	-0.441092	-0.203951	0.356641	0.200222
243	0.848329	1.211056	2.568523	1.621949	1.582111	1.711646	1.498066	0.608341	0.123950	1.076190	0.874722	1.807207	0.907818	0.854945	0.000000	1.176863	1.028492	0.438531	1.731662	1.650931
244	3.116381	2.433815	3.224728	3.254493	2.144914	3.059383	3.390856	1.216824	3.109381	0.000000	1.654708	3.236493	3.119053	3.272677	3.353970	3.325535	3.282852	2.133117	3.386515	3.275195
245	0.767577	0.692277	1.234268	0.727847	1.110121	1.381330	0.743683	0.454121	0.535339	0.476581	0.721863	0.717783	2.592705	0.624736	0.576572	0.336378	0.000000	0.681714	1.294833	0.947802
246	-0.173896	0.099504	0.640012	0.092249	0.488880	0.718012	0.077610	0.189409	-0.390601	0.179127	-0.027558	0.278180	2.410901	-0.253025	-0.405044	-0.014275	0.000000	0.151379	0.587959	0.346661
247	1.217256	1.379113	2.565746	2.487780	2.208939	2.071555	2.489372	0.721611	2.019745	1.586923	1.665592	2.203677	0.862175	2.038110	2.121969	1.664843	1.091406	0.000000	2.518492	2.521157
248	-0.210311	0.000000	2.139914	1.687238	1.523961	1.685112	2.052721	0.553807	1.723033	0.551370	0.746233	1.909639	1.810961	1.323978	1.906460	1.111243	0.799196	-0.154684	1.978679	1.621606
249	0.508207	0.616491	0.911755	0.803007	0.744700	0.809626	0.524224	0.689045	0.137006	0.933909	0.778497	0.669611	0.000000	0.476497	0.282391	0.543920	0.854961	0.706303	0.697862	0.669530
250	0.107161	0.121009	0.997958	0.838545	0.466719	0.596409	0.045112	-0.011752	-0.675712	0.370411	0.166725	0.406729	0.923902	0.076021	-0.789711	0.040746	0.000000	-0.086143	0.429771	0.320256
251	-0.144482	0.259911	0.417693	0.240780	0.369306	0.466039	0.100644	0.172572	-0.108430	0.150702	0.161962	0.193928	-0.480862	0.079260	0.017868	0.000000	0.319727	0.174336	0.578735	0.390093
252	0.235980	0.805817	1.452248	1.235734	1.373990	1.348515	0.810919	0.273848	0.000000	0.513631	0.659369	0.733714	0.170807	0.661836	0.381081	0.504142	0.380462	0.111491	1.652697	1.350554
253	2.063203	1.601214	2.396155	2.290583	2.119589	2.253188	2.113364	1.719433	1.934455	1.690594	1.847081	2.149503	0.000000	2.086507	2.088536	2.265635	2.387961	1.879445	2.264175	2.219215
254	-0.217064	0.219430	0.140780	0.096923	0.487671	0.463779	0.108881	-0.116761	0.189280	-0.394095	0.080676	-0.036764	-0.410679	0.000000	0.331523	-0.085424	0.006626	-0.040028	0.710132	0.579018
255	0.178930	0.543129	-0.327929	0.049684	1.526133	0.865426	0.832831	0.988639	1.375765	1.011418	1.097392	0.518681	-0.705051	0.855452	1.489299	0.219490	0.000000	0.688439	1.462808	1.485611
256	0.036546	-0.211625	0.306937	0.407912	-0.243520	0.496921	-0.176747	-0.301044	-0.216008	-0.167673	0.011181	-0.411318	-0.254940	0.000000	-0.266837	-0.002771	0.097900	-0.107174	0.106605	-0.123859
257	1.036691	0.762045	0.662074	1.106883	0.755388	0.000000	0.990471	1.342458	1.702856	1.081757	1.036984	0.935012	1.684464	1.170671	1.713917	0.755998	0.889929	1.510999	0.827837	0.939693
258	1.835959	1.293082	1.909944	2.056500	0.877935	2.050982	1.958357	0.994626	2.321971	0.000000	1.060138	2.043265	1.549938	2.075447	2.404611	2.140172	2.105204	1.553217	1.480173	1.472237
259	0.000000	0.401517	0.925584	0.915604	0.464469	0.496676	0.562271	1.113364	0.941839	1.391018	0.898957	0.757513	1.415171	0.685129	0.772773	-0.078446	0.224771	0.827116	0.512713	0.389168
260	1.157133	0.940351	2.212023	1.835469	0.629044	2.074012	0.744541	0.784877	0.000000	0.812303	0.696073	1.566209	0.390409	0.925638	-0.022711	1.534414	1.641468	0.909065	0.759060	0.480185
261	0.992366	0.128509	0.000000	0.790530	0.422835	-0.156070	0.645821	1.369585	1.391387	1.062538	0.982874	0.362939	1.568819	1.055075	1.483456	0.874129	1.038334	1.382705	0.369027	0.461488
262	0.000000	0.182633	0.187859	-0.019716	-0.023922	0.555323	0.064605	0.026862	1.007485	-0.086293	-0.264374	0.513761	1.649807	-0.280899	1.078929	0.447869	0.367437	0.119676	-0.018930	0.028120
263	2.664536	1.669120	2.523554	2.745805	0.887134	2.871142	2.354312	2.113863	3.037312	2.165407	2.188963	2.609498	2.620684	2.801617	2.889120	2.547744	2.326609	2.167238	0.000000	1.283861
264	0.633784	-0.198576	-0.147263	0.000000	0.150291	0.760589	0.262085	-0.546552	0.470597	-0.347245	-0.015338	0.047502	0.708234	0.378934	0.566502	0.492834	0.503083	-0.364922	0.403589	0.046062
265	1.363417	1.027514	2.941524	2.123359	1.461811	2.412570	2.241891	0.000000	2.353344	0.247426	0.675153	2.626569	3.051840	1.816909	2.386096	2.228393	1.901352	0.223239	1.888371	1.710262
266	0.502830	0.578663	0.863066	0.936093	1.285599	1.076335	0.920233	1.071883	0.695196	0.889031	1.089356	0.942044	0.000000	0.963428	0.908832	0.618529	0.973715	0.969871	1.384323	1.305685
267	1.190255	1.297507	3.144546	2.467072	1.329315	2.143682	1.610307	1.031699	0.488807	1.077647	1.155720	2.215423	0.674473	1.749718	0.000000	1.816757	1.754974	1.169333	1.432627	1.207315
268	0.100389	0.228551	0.050622	0.000000	0.867480	0.465459	0.590855	0.987664	0.976453	0.996388	0.822908	0.652220	1.522911	0.689466	1.171273	0.233488	0.578023	0.800663	0.689425	0.784619
269	-0.238768	0.097236	0.840512	0.374812	0.018870	0.555819	0.079568	0.726731	0.564716	0.335051	-0.179991	0.503361	2.772386	-0.081437	0.555714	0.000000	0.399815	0.559613	-0.039373	-0.003101
270	2.616590	1.738434	3.676890	3.642349	1.165147	3.341806	3.305846	-0.006881	3.614263	0.000000	0.985214	3.634219	3.774149	3.470028	3.556806	3.379002	2.822132	0.723438	2.392074	2.379112
271	0.796666	0.236681	1.354632	0.894218	0.462193	1.746217	0.605948	-0.215143	0.108172	0.229976	0.245952	0.887078	3.031243	0.433333	0.000000	0.654120	0.049071	-0.304633	0.760037	0.580473
272	1.678942	0.817843	3.109827	2.419250	0.953978	2.747143	2.024251	0.907357	1.594343	0.000000	0.625236	2.590876	2.083585	1.955000	1.832439	2.383911	2.122398	1.153265	1.535101	1.283242
273	0.699679	-0.132644	0.720497	0.000000	0.310546	1.199274	0.407991	-0.206088	0.906576	-0.092750	0.100127	0.936175	2.844008	0.420644	1.047902	0.749160	0.358670	0.043577	0.504382	0.265662
274	0.989993	0.195780	1.940234	0.803269	0.528482	1.597420	0.757834	0.233326	0.369611	0.477041	0.364645	1.354864	3.183779	0.541970	0.348298	1.008460	0.602167	0.000000	0.656758	0.505077
275	1.018156	0.249079	2.385584	1.359428	-0.129329	1.738529	0.913788	0.103655	0.000000	-0.756153	0.057059	1.497271	0.881122	0.784151	0.401041	1.363479	1.420647	0.341374	0.620132	0.248713
276	2.364377	1.463935	3.326598	2.758842	1.753469	2.998912	2.692881	0.603980	2.451608	0.000000	1.034374	3.117043	3.195719	2.551733	2.509162	2.839561	2.235051	1.194630	2.137271	2.061594
277	1.183403	1.181023	2.460376	2.342527	1.626844	0.000000	1.869303	2.584118	1.604631	1.892908	1.790624	1.978358	3.368179	1.913929	1.670503	1.495826	2.337244	2.594439	1.807540	1.779099
278	0.459110	-0.056744	0.863893	0.092052	0.539775	0.957542	0.338222	0.160752	0.307249	0.712636	0.436578	0.626913	2.147323	0.000000	0.371704	0.006650	-0.096235	-0.108988	0.815271	0.565949
279	1.958516	1.492385	2.161824	1.895236	1.670470	0.000000	1.864837	2.370726	2.275234	1.916290	1.957502	2.073378	2.552270	2.170259	2.288911	1.899452	1.938707	2.455858	1.871018	1.758240
280	-0.207546	0.000000	0.333903	0.148272	0.087288	0.500183	0.073680	0.705673	0.872780	0.833270	0.519541	0.487802	0.639044	0.531377	0.810924	0.209044	0.257548	0.238516	0.120043	-0.031390
281	1.522421	0.947351	1.972676	1.407084	0.000000	1.910925	1.121204	1.715896	2.385760	1.461941	1.486554	1.734016	2.491867	1.796593	2.203492	1.703622	1.663377	1.576207	0.350386	0.228670
282	2.689233	2.284461	3.453229	3.383087	2.258838	0.000000	2.920765	2.980507	3.211721	2.939182	2.795021	3.252026	3.457123	3.259027	3.387644	3.046860	3.198781	2.821893	2.417305	2.448887
283	1.604274	1.076631	0.647459	0.000000	1.979070	1.951857	1.681357	1.632557	2.486734	1.845450	1.778421	1.653162	2.810570	1.423875	2.607193	1.173676	1.103431	1.354738	1.685326	1.795557
284	1.511725	0.897266	1.893778	1.928609	1.721496	2.245937	2.091665	0.119891	1.693882	0.247469	1.054727	1.974955	2.380854	1.713192	1.901961	1.635998	1.087309	0.000000	1.741269	1.997383
285	3.436466	2.645194	4.583433	4.099725	1.341190	4.197465	2.788600	2.876847	3.807594	3.011828	2.874298	4.119415	4.634190	3.852757	3.434085	3.567065	3.419846	2.733468	0.000000	0.959527
286	0.032764	0.238141	1.576670	-0.019478	0.284866	1.202387	1.037364	0.293262	0.617868	-0.011218	0.000000	1.575984	2.594449	0.297604	0.562718	0.573792	1.275569	0.571098	0.256033	0.277305
287	1.788164	1.912158	3.439312	3.189993	2.058150	0.000000	2.895627	2.231236	2.952041	2.239781	2.327814	3.124530	3.345168	3.062632	3.038174	2.785126	2.856942	1.981840	2.158356	2.287049
288	1.168549	0.179516	1.761452	1.160926	-0.055655	1.881562	0.326105	0.125365	0.557024	0.134907	0.240380	1.008029	3.121508	0.757150	0.509015	0.604381	0.000000	0.259635	0.148002	-0.376421
289	0.432191	0.234971	2.173948	2.350946	0.031682	1.821586	1.307823	-0.344603	2.132100	-0.067274	0.492141	1.967144	2.058986	1.945757	2.038396	1.499283	1.167504	-0.495937	0.000000	0.289645
290	0.825010	-0.028024	1.303858	1.470685	-0.025882	0.555879	0.746703	1.795699	1.437188	1.015310	0.828906	0.000000	2.463953	1.173972	1.320448	0.957603	1.842964	1.687999	0.497593	0.226758
291	1.360462	0.861710	1.085245	1.318974	1.562844	0.000000	1.297767	2.233547	1.440318	1.435337	1.329033	0.753414	2.571614	1.303620	1.622367	1.392429	1.923685	2.374053	1.901786	1.719255
292	0.351927	-0.064875	1.441556	1.073539	0.267794	0.916969	0.154311	-0.248454	-0.584655	0.308248	0.123138	0.569513	1.377176	0.259989	-0.378893	0.266826	0.000000	-0.464847	0.535698	0.278957
293	0.358458	-0.273171	1.086578	0.465930	-0.490392	1.628535	0.366564	-0.761180	0.589954	-0.255527	-0.446706	1.158813	2.503646	0.269684	0.512159	0.785603	0.000000	-0.688076	-0.429273	-0.525731
294	1.106900	0.587191	2.111351	1.301122	0.968786	1.870164	0.998021	0.078961	0.168737	0.162488	0.365276	1.260291	0.514356	0.709646	0.000000	1.170909	0.640472	0.131732	1.056743	0.884866
295	2.496511	1.534029	4.241214	3.909931	2.759129	3.679918	3.845341	1.451739	3.932742	1.922147	2.393943	3.854242	4.110230	3.800710	3.715825	3.750053	3.168207	0.000000	3.115845	2.995680
296	0.000000	0.307601	3.133497	2.874208	1.295909	1.898780	2.319087	1.030169	2.401594	1.024970	1.135077	2.335745	3.366519	2.278059	2.229216	1.394679	1.383648	0.553161	1.813126	1.562343
297	2.162692	1.752425	4.125070	3.997482	1.954860	3.395667	3.820797	0.000000	3.714153	1.061641	1.765786	3.970340	3.799668	3.797916	3.641324	3.588304	2.999785	0.583323	2.834386	2.903265
298	1.411644	0.618909	3.513046	2.789456	0.216602	2.661879	1.620641	0.193443	0.000000	-0.045598	0.410021	2.351636	2.954953	1.654474	0.571765	1.781295	1.481542	0.556555	0.516187	0.481782
299	0.289270	0.139539	2.618857	1.537103	0.640641	1.066903	1.131012	-0.449359	0.305697	0.078987	-0.162147	1.779977	2.840498	0.585956	-0.058628	0.807700	0.000000	-0.892619	0.531811	0.426270
300	2.184639	1.405770	3.425581	3.120606	0.119848	2.783728	2.243990	0.787540	2.757162	0.000000	0.624528	2.793146	3.339906	2.582259	2.750477	2.562620	2.375192	1.476808	1.135303	1.071067
301	0.651198	0.278140	1.442911	1.329765	0.183910	1.560691	0.444465	0.356595	0.000000	-0.065693	0.256523	0.588506	2.648431	0.778776	0.053522	1.036335	1.051665	0.632070	0.533238	0.106325
302	0.616694	0.873063	1.241376	1.127718	1.169609	1.102134	1.180176	0.793286	0.763550	0.761188	0.984634	1.187558	0.000000	1.158407	1.102510	0.740150	0.897940	0.601852	1.313565	1.262978
303	1.532079	1.094013	1.401160	1.797256	1.426087	0.000000	1.152032	2.361850	1.499551	1.792268	1.640473	1.078506	2.795893	1.500435	1.685341	1.509985	1.695466	2.278405	1.641497	1.596252
304	0.128040	0.159693	1.448372	1.030972	0.823731	1.344576	1.274625	0.195397	1.288917	0.298616	0.371265	0.972192	1.568529	0.844756	1.437237	0.358199	0.000000	-0.165124	1.191925	1.093250
305	0.085856	-0.347384	1.344923	1.277761	0.641439	0.976522	1.036426	-0.339601	1.084322	0.412084	0.000000	0.937754	1.050550	0.856965	1.019125	0.439088	-0.216536	-0.930950	1.063933	0.886805
306	0.611951	0.705303	0.618980	1.074847	1.231614	0.900971	0.699711	1.095424	0.417879	0.737554	0.972534	0.630859	0.691934	0.831723	0.496836	0.000000	0.303591	0.988254	1.295395	1.324869
307	0.183959	-0.107017	1.632446	0.850580	0.092085	0.884822	0.287342	-0.494542	-0.881483	-0.356029	-0.391362	0.650879	0.000000	0.053446	-1.144297	0.332917	-0.097495	-0.577459	-0.086935	-0.024999
308	0.130800	0.137247	0.227103	0.000000	0.286177	0.586893	0.250738	0.226526	0.049156	0.172629	0.205372	0.515046	1.318497	0.115998	0.254177	0.446270	0.358044	0.139361	0.285984	0.235247
309	0.000000	0.256368	0.826294	0.753204	0.689904	1.115386	0.667525	0.250100	-0.172447	0.081744	0.286906	0.690436	1.878086	0.402748	-0.139483	0.601242	0.537650	0.169156	0.789183	0.803684
310	2.586581	2.003201	3.800335	3.754996	0.000000	3.337327	3.250519	1.818574	3.573120	1.127553	1.467720	3.767994	4.303392	3.560694	3.459402	3.494448	3.307850	2.283523	1.685753	1.849913
311	1.074635	0.614763	2.338079	1.852121	0.815613	1.895643	1.161500	0.401894	0.496354	0.000000	0.263255	1.531864	3.366999	1.047683	0.254204	1.341101	1.136963	0.690564	0.935468	0.897426
312	-0.235392	-0.103699	0.869447	0.304762	0.241566	0.659991	0.240497	-0.070585	-0.331291	-0.109816	-0.115013	0.459798	2.900332	0.000000	-0.492821	0.276056	0.272785	-0.047037	0.288030	0.259829
313	-0.430220	-0.197484	1.104020	0.000000	-0.841111	0.647611	-0.277612	-0.629182	0.324949	-1.043243	-0.753165	0.681004	1.836252	-0.057816	0.351835	0.368652	0.212176	-0.348945	-1.031750	-0.896362
314	0.000000	0.223853	2.652195	2.274408	0.816481	1.679188	2.145285	0.163011	2.270326	-0.184121	0.106637	2.352803	2.874708	1.895979	2.303449	1.257591	1.035856	0.089285	1.149791	1.204211
315	0.009151	-0.048828	0.849407	0.336486	0.035247	0.745492	0.104680	-0.071093	-0.102349	-0.169471	-0.198769	0.321349	2.635388	0.000000	-0.307272	0.382348	0.471159	0.190118	0.085339	0.004493
316	0.644289	0.511727	1.375318	0.900552	0.787233	1.361895	0.891268	-0.062716	0.434827	0.139954	0.332508	1.014955	2.586167	0.668373	0.401747	1.044459	0.873419	0.000000	0.903045	0.961238
317	1.044358	1.110822	2.289028	1.762850	1.012425	1.977819	1.716697	0.382465	0.963426	0.161493	0.000000	1.813707	2.567559	1.071238	0.869875	1.352012	1.394060	0.964962	1.020563	1.301544
318	0.394525	0.815060	2.362497	1.714634	0.577058	1.386646	0.599793	0.653582	0.000000	0.667868	0.602199	1.264074	3.001165	0.866161	-0.230794	0.818949	1.223211	0.723479	0.421920	0.247825
319	0.164865	0.354539	1.030838	0.664251	0.857045	0.360567	0.479577	0.567126	0.000000	0.303000	0.190786	0.454769	2.512195	0.101118	0.062995	0.281577	0.340024	0.564324	0.960246	0.827724
320	1.730930	1.227965	3.332572	3.277804	1.518937	2.700710	2.875738	1.200110	3.211760	0.000000	0.852020	3.053395	3.264238	2.930423	3.278138	2.865119	2.541276	1.403197	2.519564	2.248197
321	1.725501	1.259353	1.918959	2.199214	1.306960	2.091420	0.963287	1.356946	0.563414	1.510503	1.390159	1.062345	2.967090	1.280962	0.000000	1.384615	1.368193	1.510223	1.030769	1.070271
322	1.616458	1.301388	1.809249	2.369753	1.460711	1.531795	0.000000	2.472685	2.139365	1.984897	2.101549	1.448768	2.915147	2.056253	2.132999	1.326911	2.171021	2.421651	1.621677	1.291303
323	-0.191115	-0.107367	0.113984	0.000000	0.227542	0.428666	0.087049	0.119013	0.078587	0.229645	0.212973	0.284070	-1.054491	0.160060	0.269758	-0.149844	0.093686	0.091434	0.156257	0.161651
324	-0.431681	-0.837861	1.489520	0.960070	-1.535070	0.409433	-1.164049	0.112307	0.000000	-0.427128	-0.458479	-1.031965	1.364686	-0.002581	-0.362691	-0.170781	0.178956	-0.068740	-1.115226	-1.798725
325	2.468951	1.582867	3.524218	3.362793	1.653288	3.140782	3.117253	0.023136	3.254651	0.000000	1.012561	3.331170	3.397155	3.091591	3.256306	2.986994	2.424042	0.620456	2.614107	2.644250
326	2.187527	1.288198	2.932950	2.641653	2.055337	3.142429	2.921867	0.063170	2.435687	0.086059	0.916565	2.882238	2.895342	2.280543	2.403426	2.684872	1.731123	0.000000	2.456487	2.614508
327	0.308960	0.823324	1.094527	0.624116	1.103606	1.268533	0.810290	0.339789	0.222640	0.473292	0.455034	0.728096	1.148015	0.000000	-0.041831	0.673193	0.253207	0.328936	1.320698	1.184236
328	2.807916	1.468708	3.267294	3.065793	1.159094	3.317099	2.641607	0.409249	2.771597	0.000000	1.021122	3.059998	2.554030	2.769911	2.874852	3.083480	2.234314	0.731856	1.808182	1.924183
329	2.518343	1.720620	3.613806	3.322311	0.330076	3.665062	1.717746	1.329560	2.207721	0.410612	1.179783	2.933972	3.133142	2.633892	2.076169	2.980635	2.877401	2.037041	0.964557	0.000000
330	0.000000	0.978565	2.647514	2.714271	1.732290	0.894540	2.491526	2.005613	2.594979	1.862539	1.832537	2.393948	2.718759	2.461511	2.580647	1.358704	1.719317	1.680351	2.078618	1.981455
331	2.329932	1.459505	3.711439	3.272011	0.986534	3.281965	2.533850	-0.043960	3.060452	0.881060	1.157253	3.419531	3.400494	2.850442	2.984598	2.810511	1.934071	0.000000	0.931820	1.080502
332	2.094059	1.181778	2.942949	3.194998	1.679251	2.529577	1.525189	0.745497	2.411934	1.741656	2.086242	2.107000	2.625633	2.527267	2.389281	2.156456	1.667760	0.000000	2.459734	1.714168
333	0.078047	0.040276	1.816764	1.514004	-0.447064	0.757409	0.631940	-0.285598	0.467675	-0.278860	-0.207718	0.972062	0.667973	0.832209	0.509890	0.000000	-0.071968	-0.261591	-0.908463	-0.583144
334	0.269481	0.674875	0.439908	0.000000	1.302192	0.699459	0.696798	1.006288	0.378410	0.933266	0.668294	0.781778	1.812981	0.207070	0.610380	0.208719	0.374147	0.809120	1.371845	1.253977
335	0.565773	0.742232	0.300513	0.000000	0.748998	1.090659	0.874738	0.812101	1.188398	0.928798	0.795138	0.759471	0.653226	0.693327	1.373335	0.362806	0.566808	0.482432	0.673214	0.513230
336	2.320047	1.759490	2.813305	2.730535	1.955437	2.531912	2.215248	2.252554	2.655777	2.245854	2.205841	2.304624	0.000000	2.558020	2.699342	2.448611	2.598093	2.299055	2.171684	2.133617
337	1.304444	1.118219	2.741167	2.436871	0.921905	1.714665	1.394281	0.000000	1.194896	0.508148	0.021505	1.879467	1.793619	0.912088	1.348284	1.708735	1.545809	0.653396	1.305389	1.249284
338	0.560078	0.228813	2.374719	2.024647	0.055443	1.790991	1.102669	-0.021399	1.238081	-0.614717	-0.737845	1.988566	3.028781	0.897811	1.508326	1.545213	1.719377	0.267543	0.225712	0.000000
339	2.514863	1.737847	4.046912	3.447787	1.890723	3.517211	3.174676	0.000000	2.390645	0.674979	0.950323	3.547978	3.681598	2.692612	2.733854	3.015320	2.732121	0.908010	2.123170	2.289534
340	2.179412	1.802952	3.520234	3.526339	2.334773	2.927175	3.407803	-0.255370	3.087570	0.873281	1.767980	3.477204	3.242563	3.330959	3.038797	3.349403	2.783279	0.000000	2.915685	2.989470
341	0.564114	-0.106485	2.160282	0.698600	0.173462	1.318294	0.885157	0.186803	0.686105	0.185282	-0.314661	1.369966	2.746428	0.171892	0.796130	0.665377	0.000000	-0.154569	0.541242	0.252169
342	1.540284	1.429130	1.221803	0.000000	2.579834	1.997271	2.116681	1.810623	2.338549	1.882205	1.603213	2.258204	2.502934	1.020320	2.413857	1.666562	1.493448	1.596179	2.390781	2.511522
343	2.213055	1.317070	2.716452	2.722693	0.373745	2.906560	1.903435	1.095500	2.792799	0.631732	1.225572	2.673440	2.394981	2.714409	2.680061	2.511670	2.362087	1.548484	0.833570	0.000000
344	1.145102	0.661005	2.370950	1.992306	0.480943	2.102883	1.187200	0.377936	2.124546	-0.031055	0.000000	1.829127	1.991694	1.645918	2.063299	1.685501	1.765437	0.852934	1.273343	0.729512
345	-0.109824	0.008800	-0.046604	-0.689066	0.811036	0.108442	0.296508	0.459054	0.540906	0.475311	0.387554	0.384736	-0.639455	0.099837	0.695780	0.000000	0.198677	0.221151	0.745386	0.699149
346	-0.023821	-0.577114	0.998279	0.585091	-0.493095	-0.031619	-0.326380	0.582410	0.000000	-0.474843	-0.370025	-0.212528	1.619932	-0.015600	0.034672	0.179329	0.545720	0.631329	-0.304306	-0.419705
347	1.839151	1.663531	2.018763	2.157296	1.923828	0.000000	1.973615	2.825080	2.263118	2.218493	2.059133	1.964609	2.485218	2.116975	2.258543	1.872255	2.308478	2.927055	1.966693	2.086102
348	0.549293	0.641846	1.101654	1.067215	1.639914	0.751978	1.241643	1.317091	0.979810	1.256680	1.126822	0.670685	0.811987	0.728228	0.687137	0.000000	0.087313	0.953837	1.746568	1.815041
349	2.742628	1.948133	4.380023	4.312407	1.839422	3.790620	4.124210	1.588950	4.070604	0.000000	1.499172	4.354380	4.036297	4.133243	4.092368	4.115356	3.620075	1.825775	2.951973	2.989294
350	1.196376	0.504007	1.466729	1.257478	0.514502	1.522649	0.629015	0.507185	0.643260	0.000000	0.629184	1.234905	2.455187	0.824009	0.497153	1.145576	1.284174	1.093757	0.615730	0.448984
351	0.305412	0.096914	0.000000	0.265179	0.745184	0.556214	0.483334	0.731659	0.410581	0.566546	0.574004	0.279359	2.281690	0.378235	0.532539	0.477198	0.563372	0.699329	0.644675	0.690039
352	3.007637	1.955075	3.850036	3.667593	0.000000	3.674208	2.734087	2.035261	3.609295	1.313070	1.858325	3.680978	3.944299	3.555317	3.436653	3.656987	3.107114	2.176156	1.165605	0.655962
353	2.812959	1.898852	3.699698	3.462309	2.107929	3.371690	3.385365	1.418703	3.105601	0.000000	1.438555	3.482062	3.533477	3.226019	3.108032	3.256899	2.993161	1.827522	2.580319	2.737551
354	0.288030	0.743553	1.687376	0.878031	0.780752	0.856895	0.617527	0.576589	0.000000	0.525591	0.331182	0.880716	2.684271	0.264086	-0.055377	0.593787	0.892954	0.754371	1.025293	0.805364
355	0.560353	0.720299	0.369391	0.739615	1.716604	0.000000	1.141640	1.828083	1.199468	1.576041	1.307843	0.530513	2.375805	1.009999	1.249439	0.015675	1.008818	1.768364	1.580106	1.780049
356	0.283000	0.208876	0.347016	0.000000	0.653456	0.829657	0.483655	0.541228	0.403381	0.601090	0.665672	0.627148	0.251942	0.402334	0.545590	0.558551	0.603438	0.461396	0.584945	0.645652
357	-0.486966	-0.404240	-0.477998	-0.807566	-0.055125	-0.002255	-0.160823	0.294281	-0.134970	0.018365	-0.140597	-0.034054	0.250027	-0.457662	0.056956	-0.086718	0.000000	0.259822	-0.107513	-0.003673
358	2.434119	1.632091	2.729758	2.772161	1.481642	0.000000	2.328288	2.154513	2.618548	2.026100	2.081281	2.519813	2.635806	2.560611	2.719309	2.552551	2.481353	2.285347	1.576156	1.785198
359	0.189345	0.365140	0.691654	0.506058	0.590088	0.387459	0.508743	0.460095	0.000000	0.219914	0.295900	0.444700	1.773436	0.315845	0.285429	0.465545	0.632489	0.547268	0.704280	0.580936
360	0.137227	-0.018465	0.205318	0.075222	0.125648	0.092308	0.089473	0.367775	-0.043386	0.234561	0.129543	0.155421	1.579705	0.007643	0.058449	0.133370	0.097994	0.350759	0.258047	0.000000
361	1.745254	1.221899	3.280281	2.693990	1.474910	2.876898	2.523198	0.784221	2.577982	0.000000	0.666020	2.854522	2.997011	2.175246	2.855615	2.565213	2.255657	1.104165	2.248201	1.977307
362	0.049793	-0.011384	0.100420	0.079722	0.238890	-0.223027	0.159277	0.154014	-0.089899	-0.056608	-0.071214	0.024090	0.848461	-0.230665	0.000000	-0.058352	-0.268542	0.039339	0.542821	0.458275
363	1.992342	1.018293	2.196079	2.016295	0.511389	2.566894	1.638975	0.616616	2.238285	0.000000	0.770616	2.346004	2.213990	1.909587	2.268007	2.320798	1.549879	1.020988	0.782338	1.056885
364	0.121307	0.146982	0.248421	0.135960	0.165474	0.151316	0.002949	0.375641	-0.085171	0.352180	0.296959	0.359522	0.000000	0.018888	0.011533	0.079291	0.223637	0.397810	0.009271	0.164402
365	0.455978	0.422970	0.093129	-0.089094	0.786950	1.368384	0.598688	0.536855	1.240782	0.576577	0.403825	1.049757	2.449313	0.000000	1.409201	0.806349	0.378469	0.540256	0.644868	0.830530
366	1.924161	1.219545	3.164040	2.510588	1.464123	3.137557	2.409441	0.106196	1.558128	0.000000	0.707400	2.827075	3.434705	1.911632	1.520491	2.573360	2.026237	0.646706	1.627308	1.798750
367	1.857140	1.028516	3.350842	3.270305	1.391947	2.902515	2.720248	0.086207	2.587846	0.498787	0.813684	2.807241	3.519468	2.621838	2.571069	2.617011	1.893004	0.000000	1.570702	1.824851
368	0.554143	0.467678	0.000000	0.281648	0.293545	1.124187	0.454266	0.604480	1.010674	0.435687	0.471612	0.508776	2.797449	0.572884	0.807120	0.707371	0.785315	0.914244	-0.241267	-0.029467
369	1.898956	1.559107	3.759040	3.859136	1.127489	2.974275	2.866229	0.093678	3.271023	0.579702	0.000000	3.269398	3.656495	3.131907	3.335677	2.940228	2.717195	1.275889	1.824768	1.966518
370	0.000000	1.262938	3.693037	3.453025	1.616863	1.927417	2.922835	1.642582	3.123004	1.153706	1.438685	3.165750	3.774638	3.045283	3.067406	2.222105	2.750004	1.687727	1.794112	1.808269
371	0.000000	0.460159	1.821156	1.147944	-0.128516	1.022507	0.504283	0.139262	1.043561	0.175166	0.284279	0.881748	2.736724	0.720003	0.817609	0.185372	0.491174	0.187864	-0.256275	-0.419129
372	0.838865	1.116564	-0.003324	0.537687	1.677769	1.067437	1.179232	1.422904	1.381960	1.001842	0.681914	0.874176	2.472023	0.000000	1.516290	0.899865	1.075275	1.732184	1.493621	1.762919
373	1.812889	1.860893	3.304426	3.287122	2.198405	2.867803	3.172154	0.000000	3.192271	1.450244	1.805100	3.239962	3.521433	3.194954	3.048129	2.903781	2.442920	0.665754	2.430700	2.732381
374	0.000000	1.232405	3.125886	2.971362	2.678553	2.068835	2.939878	1.454434	2.746678	1.412075	1.766068	2.832093	3.024077	2.713013	2.709859	1.433555	1.452394	1.209497	2.936214	2.966596
375	-0.105777	0.947098	0.519528	0.452495	1.542428	0.808034	0.878228	1.225751	0.460072	1.087067	0.614903	1.052808	3.398741	0.320316	0.322638	0.000000	0.461664	1.337276	1.461412	1.511951
376	0.491118	1.692036	2.340399	2.389862	1.940961	0.000000	2.288084	1.746736	2.063711	1.615269	1.836841	2.224112	2.546952	2.230886	2.276577	1.695874	2.097602	1.872612	2.073831	2.235389
377	2.115260	0.788121	3.309697	3.165890	1.434147	3.041662	3.100077	1.445165	3.294241	-0.056422	0.000000	3.035705	3.285068	3.075928	3.343042	3.118459	2.958602	1.581034	2.407411	2.288522
378	0.000000	1.250894	2.076333	1.742733	1.426333	1.396142	1.370235	1.060092	1.053501	0.954250	0.925094	1.403853	3.490777	1.164222	1.047996	0.708168	1.324335	1.125459	1.345622	1.348657
379	1.752262	1.578208	2.507010	2.413638	0.320463	2.773371	1.409323	2.080035	2.404936	1.870935	1.771232	2.409395	3.435511	2.306685	2.256755	2.455409	2.459967	2.064372	0.752545	0.000000
380	1.242125	0.488896	2.671016	2.378798	0.140118	2.276148	2.165697	-0.855155	2.205019	-1.283527	-0.692842	2.513100	2.231062	2.066497	2.264588	2.248020	1.948221	0.000000	1.192443	1.261158
381	0.588966	1.507208	1.738225	0.000000	2.002428	1.610858	1.786554	1.809062	2.130402	2.001507	1.285424	2.172876	3.482503	0.675209	2.180857	1.136860	1.714735	1.488714	1.878544	1.982563
382	0.624003	0.998165	1.732880	1.381110	1.131521	1.156828	0.995172	1.242199	0.212480	1.007991	0.762856	1.142621	3.491044	0.706579	0.000000	0.579849	1.087660	1.346669	1.309701	1.240894
383	0.686325	0.312839	2.989650	1.042683	1.501167	1.850904	1.059744	1.191658	0.589985	0.700211	0.000000	1.285891	3.244334	0.315065	0.770399	1.155133	1.332822	0.873712	1.642207	1.452005
384	0.662841	0.154726	0.672919	0.942748	0.725240	-0.483616	0.361121	1.510293	0.244395	0.876793	0.603624	0.000000	2.356899	0.417113	0.465849	0.702327	1.437210	1.456082	1.209906	0.986178
385	0.756124	0.271134	2.639388	1.047376	0.091639	1.814672	0.885453	0.303549	1.145070	-0.120508	-0.072924	1.670818	2.512313	0.738338	0.942196	1.446610	1.437117	0.423372	0.422053	0.000000
386	1.812736	0.976944	2.738736	2.342838	1.491943	2.710396	2.234148	0.159250	2.260296	0.954890	1.230595	2.466805	2.526839	2.165829	2.295046	2.072368	1.420588	0.000000	1.947665	1.781041
387	1.645664	1.286033	2.036983	2.342000	1.501310	1.664119	0.000000	1.890284	2.190021	1.511830	1.861612	1.510594	2.272027	1.825320	2.128725	1.802108	1.954606	1.857819	1.518689	1.377414
388	0.103461	-0.032766	0.946214	0.453174	-0.318041	0.088356	0.211122	0.224417	0.434674	-0.322170	-0.521849	0.841071	1.646556	-0.007209	0.000000	0.600362	0.418944	0.394176	-0.029482	-0.244968
389	1.314650	0.774798	0.000000	1.218167	1.239260	1.354591	1.534054	1.394534	1.881068	1.489333	1.329229	1.072371	2.268012	1.551169	1.890120	1.422430	1.489707	1.392688	1.355273	1.409696
390	3.148431	1.958726	3.910135	3.657246	1.679742	3.801235	3.527688	1.184750	3.503570	0.000000	1.398026	3.730039	3.127193	3.584303	3.517642	3.643576	2.796514	1.550341	2.822429	2.867115
391	0.372613	0.678994	2.352427	1.604619	1.119298	1.008851	0.504026	1.268300	-0.357410	0.934496	0.620937	1.315340	2.214342	0.412837	0.000000	0.635447	0.968957	1.096089	1.191739	1.010788
392	0.000000	0.870004	1.708121	2.149815	2.158377	0.618672	2.177701	1.363626	2.167982	1.111300	1.483992	1.939434	0.589103	2.022495	2.322540	0.581640	1.116008	1.266333	2.117963	2.340009
393	0.000000	0.202382	-0.331599	-0.702381	0.628165	-0.570298	0.170791	0.916950	0.668994	0.873381	0.450559	0.235571	0.246555	-0.117929	0.635432	0.052544	0.294434	0.788315	0.571467	0.656785
394	1.219200	0.740703	1.847616	1.727287	1.288396	1.803435	1.239646	0.758622	1.435640	0.955860	1.138276	0.000000	2.053889	1.374816	1.144389	1.225417	1.479382	0.913984	1.360366	1.563373
395	2.711016	2.091845	3.628881	3.677216	2.572638	3.277337	3.480036	0.000000	3.392005	1.361842	2.068767	3.399203	3.396569	3.510425	3.355246	3.274469	2.486301	0.356180	3.318699	3.257395
396	2.509418	1.231835	3.420757	2.788879	1.103461	2.855931	2.346804	1.245093	2.201818	0.000000	0.911903	2.840623	3.433023	2.317243	2.255020	2.785933	2.566478	1.519396	1.568043	1.340520
397	3.001511	1.839376	3.803378	3.848217	3.069461	3.566734	3.870136	0.117100	3.539776	1.181934	1.925230	3.758072	3.537031	3.536817	3.640753	3.587162	2.824689	0.000000	3.637297	3.739917
398	1.471809	1.526574	0.753103	1.453476	1.852856	0.000000	1.577564	2.593647	2.062853	2.061780	1.720920	1.555328	3.479997	1.750743	2.130707	1.470616	1.844274	2.646206	1.845071	1.816473
399	0.873687	0.912582	0.246940	0.000000	1.316479	1.209856	1.015880	1.536516	1.239523	1.418467	1.214284	0.831230	1.286547	0.834452	1.399363	0.977410	1.262705	1.444811	1.249482	1.309525
400	1.259222	0.825000	0.770282	1.259611	1.132089	0.461636	0.873780	1.667669	1.057348	0.858393	0.956368	0.000000	2.149454	0.907908	1.046487	1.118067	1.546935	1.965708	1.326442	1.130376
401	1.630885	0.381180	1.315169	1.820975	0.160744	1.003037	0.993800	1.171993	1.965892	0.000000	0.244057	0.823440	2.618721	1.309833	1.981560	1.534452	1.681050	1.662629	0.338458	0.373564
402	0.801764	0.597526	0.027520	0.098255	1.186333	1.258127	0.860829	-0.098723	1.123600	-0.127651	0.397018	0.745957	2.282946	0.583379	1.314553	0.647817	0.417487	0.000000	0.942504	1.110603
403	0.810456	0.000000	3.579180	3.524932	1.646499	2.490332	3.264180	0.406235	2.961913	0.382055	0.902216	3.137136	2.032773	3.017537	3.105795	1.861621	0.883131	-0.295875	2.582436	2.593175
404	1.780929	1.451507	3.706701	2.736415	1.970888	2.922448	1.909217	0.954917	0.000000	1.181681	1.178742	2.459858	3.206611	1.342533	0.201549	1.977076	1.753272	0.735077	2.054049	1.821956
405	2.087840	1.500925	2.955983	2.833406	1.520257	2.646786	2.682324	-0.864003	2.635665	-0.009103	0.782927	3.053631	2.747003	2.609264	2.738529	2.989801	2.490625	0.000000	1.740908	2.072351
406	0.000000	0.978728	1.583534	1.749475	1.876088	0.949477	1.911960	1.060607	1.938311	1.493509	1.205292	1.708980	2.194445	1.470240	1.864744	0.358520	0.411122	0.982560	2.000109	1.927781
407	0.871054	0.384698	0.000000	1.186617	1.105945	0.891912	1.221584	0.949147	1.389054	1.188940	1.017405	0.901554	1.753379	1.170274	1.666464	0.871517	0.970574	0.805371	0.943128	1.324122
408	1.776273	1.280569	2.702161	2.580267	0.000000	2.173635	1.726028	0.753991	2.410585	0.716647	0.989988	2.348107	2.328398	2.332719	2.407369	2.165837	1.698887	1.241823	0.796089	0.674629
409	1.130317	1.260274	2.099123	2.011559	1.115752	0.000000	1.256064	2.082375	2.010493	1.215575	1.097332	1.609726	2.460707	1.601232	1.932647	1.584841	2.136274	2.349398	1.543106	1.362031
410	1.646152	1.145995	2.646430	1.709540	0.856534	1.938757	2.051685	0.234378	2.095519	0.000000	0.464506	2.390392	2.437590	1.548016	2.213142	1.847036	1.448766	0.806713	1.178966	1.501503
411	0.000000	0.287666	0.911337	0.717036	0.244460	0.009448	0.680930	0.727307	1.345081	0.267586	0.305942	0.881529	0.132963	0.698065	1.477439	0.501582	0.650894	0.724688	0.149644	0.528027
412	-0.422557	-0.178821	0.354328	0.177603	-0.228298	-0.278618	0.050348	-0.060484	0.000096	-0.169497	-0.178340	0.257591	1.579720	0.060148	0.000000	-0.203006	0.125647	0.136625	-0.146650	-0.102236
413	1.209714	0.498159	2.229673	1.842744	0.781041	1.552408	1.533427	0.846860	1.611433	0.000000	0.492518	1.595755	2.247917	1.391718	1.668712	1.646830	1.493147	0.870049	1.027701	0.938815
414	1.854076	1.005718	2.524564	2.592966	0.579703	2.386898	2.016088	0.000000	2.134067	0.537644	1.080363	1.990778	2.648783	2.181362	2.120284	2.063803	1.799280	0.428135	1.349191	1.267731
415	-0.258062	-0.393253	0.250946	0.000000	0.160103	0.039566	-0.069776	-0.167911	-0.490728	-0.240299	-0.305521	-0.330260	0.795720	-0.369117	-0.385482	-0.383757	-0.479902	-0.409991	0.282179	0.062005
416	0.753112	0.425084	0.000000	0.751162	0.706560	1.115594	0.565567	1.105467	1.418352	0.970988	1.038900	0.591065	1.903634	0.979141	1.520225	0.525360	0.987058	1.110721	0.661864	0.636864
417	-0.325767	-0.370022	0.012827	-0.298724	-0.293334	0.129301	-0.151262	-0.502569	-0.383685	-0.296339	-0.231618	0.000000	-0.817131	-0.177122	-0.195129	-0.161820	-0.132151	-0.541770	-0.280455	-0.306120
418	0.397942	0.342778	0.228120	0.000000	1.068072	0.451528	0.715362	1.168306	0.840740	0.719868	0.543132	0.243131	1.925202	0.215470	0.922096	0.280741	0.473810	1.094409	1.001132	0.986632
419	0.619646	0.464233	2.023555	1.655168	0.444164	1.470138	1.044118	1.027384	1.736501	1.044221	0.711992	1.149998	2.237164	1.279789	1.722552	0.818696	0.976198	0.909343	0.084060	0.000000
420	0.211372	-0.104784	-0.510571	-0.048149	0.468483	0.690142	-0.073796	-0.005083	0.176717	-0.029917	0.158179	-0.130734	1.319049	0.095940	0.342178	-0.116577	0.000000	0.048144	0.338291	0.371136
421	0.000000	0.612476	1.815161	1.643119	0.534283	0.953265	0.953774	0.812412	1.538184	1.041981	1.085616	1.407333	-0.036720	1.532862	1.560409	0.564510	0.890168	0.642339	0.395261	0.397262
422	-0.265139	-0.487372	-0.092783	-0.130379	-0.303101	-0.238225	-0.174226	-0.277269	-0.105734	-0.567427	-0.546253	0.026227	1.088378	-0.353664	0.000000	-0.234057	-0.215800	-0.133781	-0.391425	-0.233646
423	0.156666	-0.535487	0.377146	0.183778	0.035443	0.274464	-0.011251	-0.233771	0.095274	0.053535	0.059874	-0.040509	1.542043	0.000000	0.093225	-0.020422	-0.235847	-0.436673	0.232839	-0.005858
424	0.471280	0.243872	1.055420	1.184188	1.321384	0.000000	1.197095	0.765038	1.105692	0.905638	1.014419	0.905720	1.209167	1.075796	1.249587	0.037730	0.577820	0.749374	1.230962	1.443315
425	0.000000	0.012714	0.301095	0.152111	0.569182	0.241710	0.304285	0.176760	0.183592	0.360245	0.333541	0.377794	0.064880	0.258241	0.322641	0.092478	0.266820	0.099016	0.520432	0.512609
426	-0.007158	-0.226870	1.005396	0.625377	-0.306736	0.504786	-0.145317	-0.115753	0.000000	-0.136829	0.082058	0.143088	1.269243	0.148197	0.086479	0.254928	-0.027207	-0.151538	-0.351077	-0.413644
427	2.479538	1.620881	3.389777	3.132699	0.000000	3.230993	1.645804	1.644705	2.690831	1.827456	2.013207	2.786086	2.665117	2.942804	2.422436	2.782395	2.437443	1.527131	0.133313	0.152609
428	0.970102	0.688858	0.801915	0.988064	1.087485	1.252413	1.067387	1.042854	1.477346	1.024246	1.123396	1.015025	0.000000	1.106668	1.453384	1.063648	1.181266	1.197373	1.108554	1.044450
429	1.640547	1.060138	3.005823	2.403942	0.455643	2.601362	1.678319	0.000000	2.064412	0.585167	0.914489	2.339335	2.693856	2.086734	1.673757	1.947625	1.435695	0.573126	-0.042575	0.110787
430	0.572307	0.405268	2.109222	0.554959	0.211805	1.824889	0.423007	0.139613	0.000000	0.198078	0.278805	1.092356	1.638047	0.411408	-0.193159	1.176774	0.920131	0.369878	0.430751	0.037969
431	2.262393	1.397102	2.928834	2.178503	0.864688	2.761764	1.478556	1.324189	2.352394	1.834092	1.825644	2.328761	2.805366	2.242189	1.887511	2.233560	1.762992	1.269795	0.000000	0.337170
432	0.094595	0.228671	2.398673	1.942629	1.047647	1.856587	1.568374	0.067365	1.223181	-0.039368	0.060462	1.444700	2.503141	0.767504	1.299078	0.588350	0.000000	-0.126684	1.465521	1.288315
433	0.000000	0.900342	-0.157639	0.431108	1.817441	1.712208	1.669457	1.619755	2.195544	1.809271	1.618211	1.796474	0.694701	1.869862	2.137910	0.694482	1.435117	1.523982	1.850744	1.512574
434	1.797995	1.243058	2.589965	2.234823	1.193477	2.552227	2.112791	0.839302	2.298067	0.877227	1.493756	2.470062	0.000000	2.453426	2.306248	2.076454	1.755688	0.983567	1.141003	1.168027
435	1.178738	0.941886	0.258186	0.000000	1.544917	1.257704	0.936046	1.585887	2.250185	1.564284	1.668913	1.359384	1.262787	1.400719	2.287302	1.416635	1.555259	1.379586	0.623212	1.229809
436	0.000000	1.101878	1.123148	1.440446	2.658876	1.751917	2.245420	1.975967	2.626465	2.455172	2.107394	1.981508	2.203005	2.003240	2.594326	0.977961	1.217759	1.118228	2.533716	2.499138
437	0.000000	0.489964	2.429593	2.210841	1.390753	1.747261	1.767536	0.236046	1.640236	0.368618	0.699122	0.972546	2.953284	1.558127	1.213910	0.786414	0.778598	0.242649	1.320674	1.336754
438	0.641492	0.330307	1.751849	1.153479	0.823141	1.602325	0.670632	0.301328	-0.151544	0.000000	0.290615	0.586987	3.167531	0.601026	-0.583684	0.886613	0.641929	0.451866	0.888879	0.729104
439	1.023737	0.090602	0.996489	0.621523	0.298259	1.287331	0.426880	1.169560	0.788168	0.740548	0.650073	0.597309	2.851312	0.656356	0.741223	0.729890	0.586030	1.071713	0.429974	0.000000
440	1.362781	0.324459	0.657201	1.054384	1.095022	0.000000	1.019402	2.205909	1.673953	1.631913	1.231466	0.631423	2.627344	1.292916	1.693223	1.249424	1.917688	2.372053	1.093413	1.022655
441	0.500961	-0.027595	0.669528	0.559262	0.534995	1.302658	0.411210	0.053129	0.123903	0.157477	0.256874	0.349409	2.527217	0.393647	0.000000	0.691874	0.732381	0.312802	0.584940	0.492324
442	1.662071	0.924074	1.814687	1.663218	0.000000	2.032569	0.946918	1.370848	2.174564	1.408744	1.359706	1.738260	2.353067	1.857011	1.959435	1.830892	1.812694	1.432181	-0.107927	0.027311
443	1.629088	0.914601	0.094593	1.121316	2.358940	1.234869	1.691512	2.297328	2.125925	2.141690	1.901397	0.577568	2.574203	1.719104	1.981644	0.315531	0.000000	2.197382	2.313405	2.100936
444	0.080000	0.629243	1.144175	0.888706	1.093788	0.965954	0.545101	0.000000	0.663356	0.652406	0.583942	0.679542	-0.062695	0.334983	0.788774	0.113141	-0.108856	-0.104684	1.041441	0.885431
445	-0.541591	-0.145314	0.168112	-0.400190	-0.215333	0.259281	-0.750326	0.344832	0.000000	0.218818	-0.014732	-0.077005	0.939226	-0.440238	-0.006731	-0.023459	0.145813	0.037126	-0.026772	-0.591540
446	0.529667	1.030345	0.686462	1.522153	2.815690	1.161852	2.051943	2.152904	2.260581	2.307003	1.857447	1.509966	2.802801	1.731057	2.261689	0.000000	0.513527	1.748545	2.767412	2.745980
447	2.288677	1.704468	0.000000	2.370063	2.738582	2.659551	2.609360	2.173974	2.757161	2.511308	2.514278	1.585114	3.083610	2.769902	2.611762	2.046823	1.998509	2.062072	2.611287	2.787973
448	1.745246	1.692595	3.439845	3.409775	2.782468	3.179703	3.166044	0.233787	2.893198	1.493541	1.877035	2.898701	3.532108	2.959831	2.741547	2.510213	1.741525	0.000000	2.979447	3.034003
449	2.607803	2.246135	2.864404	2.378807	1.463454	2.994204	2.323819	2.512245	3.503426	2.611912	2.344642	2.978503	3.636066	2.756580	3.250371	2.376890	2.347877	2.493896	0.000000	1.073681
450	0.140262	1.413280	2.764701	2.093911	2.438815	1.004173	1.786388	1.966626	1.729545	2.070172	1.240390	1.501648	2.217707	0.738441	1.798183	0.000000	1.250282	1.906947	2.369357	2.639835
451	3.257631	2.407188	4.853370	4.437280	0.000000	4.300086	3.824188	2.126752	4.297739	1.605328	1.793631	4.510372	4.525649	4.183218	4.151756	4.195649	3.594536	2.511204	1.826664	1.446554
452	2.131944	2.510025	3.721430	3.652699	2.720152	0.000000	3.248225	2.760850	3.325266	2.951869	2.956448	3.502109	3.229392	3.538931	3.495290	2.838341	3.088629	2.732450	2.846872	2.980603
453	2.142475	1.314230	3.149231	2.110372	3.196615	3.124824	3.345176	0.000000	2.675238	1.495979	1.751326	2.987711	3.620059	2.401677	2.655801	2.476663	1.935732	0.122900	3.401596	3.439044
454	2.068510	1.170899	3.258767	3.004886	2.161443	3.503989	3.264941	0.407245	3.099082	0.000000	1.082177	3.004142	3.679131	2.767836	2.834208	2.554629	0.530271	0.125515	2.755486	2.805213
455	2.838373	1.737663	3.747160	3.618668	1.631445	3.362972	3.417309	0.750979	3.578669	0.000000	1.013180	3.518093	4.018997	3.419744	3.684479	3.344408	2.823759	1.424682	2.552451	2.810152
456	0.023476	-0.463629	0.614713	0.125622	-1.493859	0.450575	-0.703146	-0.884354	0.910561	-0.785547	-0.497172	0.309145	1.140715	0.360086	0.542847	0.235330	0.000000	-0.703102	-2.089519	-2.302176
457	0.782638	0.665806	0.620710	0.000000	1.544062	2.040331	1.590460	0.404671	2.584936	1.149140	1.091574	1.733934	2.207578	1.149747	2.369206	1.039880	0.353571	-0.265624	1.581584	1.291550
458	3.408479	2.452511	4.178715	4.198160	1.769251	3.938616	3.947577	0.312460	3.880397	0.000000	0.983031	4.067868	4.219128	3.960633	4.000313	3.908458	3.559252	1.544089	3.270517	3.473242
459	-0.369273	-0.629538	1.773295	1.190347	-1.915432	0.816966	-0.007795	-1.248761	1.138485	-0.845178	-0.979047	1.029819	1.688626	0.842600	0.879411	0.452043	0.000000	-1.146179	-1.904739	-1.796262
460	1.500631	0.932407	1.371922	1.377497	1.956796	1.487174	1.703556	1.730635	2.088116	1.059532	1.124078	1.207636	2.378240	1.272353	1.970286	0.786825	0.000000	1.808182	1.475569	2.088457
461	0.946895	0.589687	2.022376	2.073166	0.752578	0.842456	0.596103	1.472297	0.000000	0.543953	0.641397	0.790333	2.017051	0.794192	-0.335735	0.996690	1.416134	1.656127	1.150853	0.643097
462	1.085411	1.811143	2.467455	2.476157	2.651339	0.000000	2.465349	2.715271	2.457766	2.654039	2.451053	2.251860	2.799414	2.490389	2.629553	1.671965	2.320474	2.566715	2.639410	2.722237
463	-0.364809	0.276328	0.716938	0.136079	0.766952	0.222730	0.488523	0.527903	0.270211	0.607502	0.161378	0.726928	2.479223	0.037338	0.000000	0.396907	0.678244	0.382421	0.684086	0.602934
464	-0.007276	-0.335925	-0.336071	-0.472336	0.291436	0.576380	0.020791	0.054759	0.262979	-0.193077	-0.023735	0.129994	-0.009009	-0.002824	0.169548	0.085717	-0.076037	0.000000	0.384356	0.254560
465	1.385947	1.724458	2.830062	2.700809	2.639418	2.321606	2.643094	2.179410	2.485348	2.037632	2.397342	2.591792	0.000000	2.504665	2.646503	2.279054	2.832652	2.074463	2.848308	2.911164
466	2.200477	1.492738	2.736649	2.662231	-0.080857	2.355201	1.265260	2.341542	2.479593	2.130659	1.882134	2.052705	2.464234	2.244428	2.132736	2.254807	2.266523	2.318593	-0.502161	0.000000
467	0.531694	0.460994	0.608953	0.411260	1.036812	0.854595	0.816759	1.141040	1.000226	1.148599	1.041358	0.922283	0.000000	0.731340	1.077813	0.827566	1.086668	1.008241	1.094337	1.069227
468	1.306202	0.632094	0.802788	1.008602	1.084329	0.000000	0.841841	1.827100	1.214290	1.472821	1.374045	0.763300	1.955067	1.114487	1.328903	0.996185	0.984213	1.855496	1.164157	1.120264
469	2.450235	1.055194	3.342115	2.923486	0.732063	2.881592	2.062612	1.225487	1.970205	0.314151	0.000000	2.656787	2.615443	2.039720	2.196782	2.604405	2.493920	1.770893	0.537779	1.025218
470	-0.589165	-0.653450	-1.154226	-0.804669	0.169984	-0.795936	-0.437275	0.279353	-0.439792	-0.057754	-0.196029	-0.894322	0.103184	-0.586712	-0.406621	-0.992664	-0.919131	0.000000	0.398141	0.241997
471	-0.300232	-0.185836	-0.434430	0.158288	0.433442	0.251692	0.177220	0.507003	0.263403	0.330335	0.355757	0.000000	-0.574321	0.230390	0.506769	-0.032781	0.368872	0.553577	0.369387	0.461181
472	0.313217	0.449093	0.389062	0.490538	0.621171	0.313905	0.361768	0.882998	0.135401	0.735044	0.512906	0.355843	0.793897	0.192899	0.000000	0.406617	0.532528	0.789206	0.553952	0.561312
473	1.187659	0.902493	0.651935	0.000000	1.674932	1.879027	1.492500	1.463867	1.660425	1.378695	1.067538	1.631080	2.912728	0.652463	1.788638	1.381126	1.244799	1.399925	1.386051	1.688350
474	1.625306	1.251011	3.038787	2.721208	0.559812	2.845490	2.353149	-0.303670	2.908042	0.564971	1.001386	2.950239	2.755579	2.639451	2.765163	2.577113	1.840806	0.000000	1.002853	0.670580
475	1.658890	1.063041	2.813904	1.977637	1.081120	2.501289	2.150893	-0.164098	1.616852	0.000000	0.430190	2.466584	2.525649	1.680138	1.373243	2.172268	1.507496	0.231071	1.098114	1.206809
476	-0.150936	-0.289258	0.000000	-0.396086	0.187901	0.613971	0.320610	-0.191159	0.205573	-0.119500	-0.143699	0.419877	2.605555	0.055045	0.183582	0.212640	0.099229	-0.160250	0.151388	0.114057
477	-0.410557	-0.395300	1.433405	0.303412	0.178240	1.155293	0.206881	0.012148	0.007448	-0.648304	-0.515708	0.396650	2.856265	0.000000	-0.095818	0.404793	0.712465	0.164233	0.285829	0.064756
478	2.039268	0.992902	3.190469	2.576447	1.620164	2.931891	2.705432	-0.347380	2.295621	-0.188969	0.590879	2.730358	2.806167	2.257201	2.255498	2.554840	1.798663	0.000000	1.965793	2.206155
479	0.117815	-0.316416	1.038227	0.000000	0.592308	1.087626	0.656136	-0.799892	0.221373	-0.789230	-0.504683	0.498438	2.442807	0.107406	0.175380	0.596248	0.337714	-0.485042	0.163521	0.380010
480	0.114020	0.511064	1.208119	0.950383	1.352023	0.947637	0.789721	1.257821	0.098714	0.677674	0.448976	0.561629	3.311149	0.341478	0.000000	0.646749	1.166916	1.278545	1.502086	1.392013
481	2.366732	1.546997	1.575143	2.111404	2.465015	0.000000	2.230060	3.316593	2.924978	2.739959	2.451000	1.881748	2.925220	2.532673	3.098256	2.251959	2.644440	3.276406	2.569478	2.576827
482	1.598401	1.132858	1.980081	1.683134	-0.038163	2.358225	1.153088	1.554401	2.054725	1.032172	0.952679	2.037645	3.574598	1.721554	2.064689	2.073684	1.942053	1.718799	0.354308	0.000000
483	0.839159	0.260102	1.826772	1.275471	-0.181370	1.279472	0.384207	-0.447873	0.303483	-0.868827	-0.512629	0.988200	1.383785	0.366772	0.000000	0.829809	0.264090	-0.037224	0.113786	0.101408
484	0.764807	0.750913	1.086878	0.389429	0.537232	1.331447	0.946081	0.514022	1.496669	-0.197908	0.000000	1.178900	-0.605205	0.690929	1.754992	1.126318	1.279346	1.039070	0.897075	1.108738
485	0.545090	0.822029	0.653362	0.411555	1.395737	0.753706	0.934037	1.382374	0.751383	1.104081	1.099553	0.890960	0.000000	0.677635	0.990413	0.814667	1.119737	1.326408	1.464025	1.506191
486	-0.197436	0.000000	0.918210	0.713272	0.813144	0.444831	0.469892	-0.264860	-0.895941	-0.524044	-0.432382	0.143290	-0.291252	-0.241305	-1.018180	0.247587	0.283969	-0.297662	1.054459	1.039130
487	1.317796	1.334270	1.539336	1.262379	1.554816	1.973851	1.582930	1.847088	2.208073	1.096308	1.454465	1.770991	0.000000	1.527377	2.342085	1.920802	2.173568	1.969650	1.653505	1.561509
488	0.244472	0.284977	0.546421	0.320019	0.510014	0.712593	0.419521	0.563101	0.291563	0.519978	0.521833	0.630344	0.000000	0.400346	0.442243	0.551370	0.661701	0.522467	0.683510	0.581748
489	0.281695	-0.040038	-0.414852	0.000000	0.296133	-0.520817	0.020374	1.040338	0.633750	0.741298	0.596152	-0.439102	1.184540	0.246479	0.700398	0.027444	0.240811	1.086243	0.358036	0.366813
490	0.007705	0.000000	1.322857	1.206056	0.482086	1.150482	1.436521	0.875948	1.827895	0.614415	0.238136	1.341204	1.347590	1.112355	1.883681	0.591823	0.320463	0.464373	0.379355	1.063049
491	1.883844	1.557188	1.615378	1.852902	2.083552	2.160564	1.868163	2.046223	2.256825	1.759354	2.052254	2.006721	0.000000	2.086928	2.501314	1.856157	2.102165	2.145812	2.185556	2.302211
492	-0.005314	0.309109	0.325158	0.000000	0.413191	0.313405	0.090613	0.172838	-0.280072	-0.009294	0.032514	0.331389	0.092180	-0.297412	-0.073154	0.239257	0.313823	0.268039	0.427014	0.536692
493	-0.259177	0.097873	0.151672	-0.005255	0.439395	0.255480	0.079359	0.437540	-0.159205	0.351229	0.251209	0.208429	0.224735	-0.003254	0.022759	0.000000	0.193638	0.381696	-0.115355	0.424710
494	3.019757	1.815745	3.657960	3.469434	1.506105	3.537422	3.377388	0.821872	3.391583	0.000000	1.426559	3.673015	3.207959	3.408587	3.469585	3.531805	3.220484	1.439304	2.065554	2.486232
495	1.837849	1.344534	2.542038	2.347954	0.071380	2.264216	0.000000	1.922267	2.157257	1.736108	1.782888	1.925665	3.092164	2.160742	1.672241	1.824063	2.016701	1.880148	-0.530891	-0.981501
496	-0.267427	-0.376125	0.000000	-0.060498	-0.173468	0.499201	-0.100935	0.077677	-0.198619	-0.230980	-0.288063	-0.194242	2.409569	-0.266571	-0.147387	0.030276	0.170789	0.224378	-0.185001	-0.127312
497	2.564785	1.607344	3.438929	3.425303	1.817287	3.537756	3.224887	0.112137	2.910816	0.000000	1.094959	3.316275	3.226547	3.029968	3.108741	3.310805	2.522968	0.742078	2.658458	2.689483
498	1.338646	0.943195	2.375955	2.035537	1.080393	2.255106	1.775066	-0.137835	1.677502	0.798304	0.000000	1.916959	2.218572	1.232990	1.687081	1.849289	1.582082	0.367397	1.272784	1.483726
499	0.585878	0.000000	0.517861	-0.169378	0.621992	1.311224	0.556032	-0.360763	0.839296	-0.486783	-0.522205	0.108410	2.671947	-0.004451	0.750372	0.723022	0.520967	-0.086339	0.732486	0.617891
500	0.060003	-0.137020	0.612650	0.423382	-0.052114	0.831777	0.023085	0.165436	0.173488	-0.377535	-0.228215	0.306359	2.291555	0.000000	0.249677	0.209522	0.496092	0.501896	-0.229492	-0.032115
501	0.223498	0.000000	2.298255	2.345819	1.411527	1.494851	2.172204	0.903628	2.386980	0.288107	0.435500	1.917220	2.266505	2.040813	2.352365	0.810513	0.226081	0.679047	1.937643	1.880853
502	2.125959	1.307691	3.299402	2.625011	0.638006	2.331664	1.886079	2.103643	2.441836	1.375346	0.671749	2.417508	3.171696	1.228404	2.355173	2.149579	1.975399	2.157318	0.000000	1.520124
503	-0.133200	0.607240	1.452500	0.306772	1.352839	0.851733	0.428367	1.005991	0.076757	1.074079	0.448769	0.772189	2.644257	-0.063156	0.000000	0.436747	0.800454	0.555101	1.682454	1.333592
504	0.136104	0.445080	-0.474717	-0.086176	0.274540	0.586254	0.031237	0.444932	0.000000	0.471370	0.340670	0.048445	-0.548695	-0.035943	0.169672	0.069318	0.093377	0.521053	0.524406	0.224548
505	0.299647	0.160755	-0.356275	0.000000	0.806121	0.936495	0.350994	0.245449	0.415144	0.151906	0.470188	0.004647	1.498819	0.348140	0.583630	0.179452	0.297261	0.302042	0.954877	0.840361
506	0.692524	0.959597	0.898728	0.231276	1.385158	1.079341	1.349671	1.546979	1.940614	1.226462	1.239827	1.694745	0.000000	1.217968	2.054099	1.249367	1.681239	1.587955	1.132006	1.369509
507	0.630758	0.616802	0.243533	0.000000	1.023149	0.826704	0.763437	1.263677	1.183064	0.987260	0.924787	0.612564	1.865877	0.792980	1.359673	0.676101	0.974210	1.240308	0.851993	0.915636
508	0.138156	-0.177802	0.134167	0.000000	0.186880	0.909167	0.180841	0.493863	0.158539	-0.342493	-0.207524	0.366855	2.312865	-0.082710	0.398189	0.266587	0.328761	0.632092	0.329997	0.270817
509	1.438858	1.636030	3.295108	2.714684	2.224002	1.972739	1.892470	1.963583	1.111675	0.927677	1.301617	2.111944	2.736508	1.780958	0.000000	1.856216	2.182264	2.143147	2.426683	2.246754
510	2.253171	1.329094	3.147173	2.946988	1.448212	2.508967	2.263070	1.799384	2.539179	1.750077	1.842052	2.577823	0.000000	2.677281	2.603711	2.649414	2.771252	2.002520	1.586817	1.528578
511	1.010117	0.911434	0.731775	0.988399	1.293585	1.051681	1.079523	1.472594	1.231850	0.994968	1.010831	0.850862	1.868468	1.078531	1.167394	0.163350	0.000000	1.503812	1.231025	1.295771
512	2.822039	2.028916	4.122415	3.977395	0.000000	3.624502	3.182235	2.194758	3.483349	1.548537	1.629617	3.680067	3.105772	3.602221	3.435750	3.328007	3.276255	2.470207	1.312822	1.988972
513	-0.245029	0.247464	0.356294	0.000000	0.254768	0.288168	0.255230	0.277151	-0.019327	0.088644	0.082637	0.664273	1.204196	0.029885	0.078535	0.029374	0.388803	0.374995	0.304626	0.289922
514	0.697786	0.602165	0.853786	0.576736	0.103989	1.462313	0.616348	1.192505	0.636531	0.999068	0.554036	0.995052	3.306534	0.349000	0.774039	0.833809	0.894852	1.177982	-0.004278	0.000000
515	2.831141	2.005041	4.193794	4.113626	2.379234	3.861482	3.991088	0.156005	4.091217	0.000000	1.260581	4.108691	4.090231	3.883043	3.925998	3.966136	3.172906	0.878287	3.042310	3.026659
516	0.192141	0.206823	1.324405	0.427845	0.243888	1.277318	0.373327	0.158232	0.246392	0.025809	0.212181	0.555981	2.979527	0.000000	0.202620	0.290287	0.585960	0.187342	0.413137	0.140245
517	0.000000	0.053762	0.485013	0.418079	0.270237	0.370870	0.030257	0.213416	-0.486316	0.137799	-0.001535	-0.035253	2.784673	-0.205908	-0.515215	0.028589	0.148664	0.291988	0.251196	0.329369
518	0.694384	0.322942	2.087303	1.250373	0.000000	2.201506	0.966994	0.205185	0.488054	0.267069	0.272598	1.592849	3.450939	0.646963	0.558264	1.095573	0.844716	0.267978	-0.222798	0.306080
519	2.987034	2.032214	3.463434	3.410499	1.835863	3.402023	3.386135	1.744527	3.402063	0.000000	1.490857	3.448964	3.524612	3.319289	3.369585	3.346261	3.059180	2.169710	2.514065	2.645118
520	0.317037	0.289298	0.362426	0.000000	0.448884	0.501743	0.310416	0.096349	0.093288	-0.103932	-0.061662	0.069860	2.544243	0.035328	-0.316927	0.182960	0.006518	0.249329	0.429270	0.222902
521	-0.039215	-0.127641	0.000000	0.227490	0.322039	-0.147505	-0.021616	0.582435	-0.190006	0.278332	0.112707	-0.357907	2.023302	-0.098527	-0.107730	-0.272129	0.147143	0.665780	0.337879	0.371598
522	1.546338	1.385276	2.984612	2.495046	0.273472	2.805497	1.836191	1.284003	2.441229	0.980325	0.959435	2.548980	2.920229	2.043364	2.121109	2.383336	2.339858	1.444996	-0.068975	0.000000
523	1.187514	0.683877	1.173189	1.228018	0.000000	1.211393	1.136598	0.974700	1.589945	0.710812	0.776136	1.181534	1.758680	1.203610	1.556081	1.223183	1.259220	1.163151	0.663378	0.510204
524	-0.042096	0.104696	0.017909	0.107414	0.314253	0.060421	0.020809	0.159296	-0.147870	0.244058	0.169109	-0.041367	0.944900	-0.065247	-0.161381	-0.157017	0.000000	0.133371	0.374472	0.252601
525	0.080151	-0.041309	-0.095305	0.127836	0.262138	0.078029	0.182397	0.227921	0.241466	0.225741	0.276910	0.042567	0.494738	0.165471	0.269143	0.000000	0.086440	0.093077	0.296828	0.304213
526	0.011738	-0.282336	0.105411	0.180971	0.014211	0.050376	0.086312	-0.057650	0.296521	-0.096952	0.090116	0.015153	-0.112509	0.189231	0.305156	0.045831	0.000000	-0.126874	0.084612	0.071443
527	0.289583	0.230762	0.212091	0.000000	0.569481	0.418992	0.593884	0.378998	0.764614	0.370759	0.434710	0.526361	0.736088	0.361109	0.837778	0.330914	0.333136	0.303751	0.587405	0.602392
528	0.270246	0.302176	0.363559	0.384853	0.498691	0.510339	0.528641	0.397828	0.604332	0.363836	0.431638	0.495630	0.000000	0.418443	0.725538	0.378694	0.549262	0.449240	0.514212	0.570502
529	0.098219	0.269998	0.175951	0.107246	0.198705	0.626667	0.213642	0.050941	0.078804	-0.193202	0.045196	0.283661	0.016066	0.000000	0.201809	0.358313	0.387531	0.196397	0.426100	0.201313
530	1.529814	0.971536	1.080417	1.021525	0.244956	1.660281	0.955801	1.223199	1.985071	1.369393	1.268308	1.320017	1.532835	1.396027	1.910916	1.448324	1.331979	1.235777	0.816942	0.000000
531	-0.210210	0.094802	0.615638	-0.185121	-0.221595	0.805998	0.120679	-0.060045	0.473339	0.084407	-0.032375	0.625451	0.999051	0.000000	0.586908	0.453852	0.344141	-0.395285	0.132935	-0.255813
532	0.290396	0.405094	0.277995	0.372803	0.682839	0.568516	0.565638	0.564737	0.528979	0.445859	0.574191	0.397308	0.000000	0.479636	0.662267	0.260218	0.554131	0.580877	0.749604	0.733193
533	-0.370738	-0.097516	-0.272832	-0.453188	0.328632	0.000000	0.256663	0.082653	0.480994	0.224084	0.179937	0.144701	-0.621982	0.114595	0.649243	-0.223900	-0.020256	-0.053767	0.195404	0.353809
534	0.197981	0.158627	0.058746	0.000000	0.405417	0.323811	0.442503	0.347864	0.642751	0.342562	0.412237	0.354641	0.869560	0.362239	0.788149	0.178277	0.293117	0.378125	0.298021	0.420731
535	0.082354	-0.023669	0.136538	0.049928	0.055417	0.062778	0.157856	-0.082278	0.343522	0.047015	0.028206	0.000000	0.568060	0.106785	0.473695	0.047881	0.071040	-0.108631	0.050048	0.130602
536	0.725486	0.342193	1.138251	1.088451	0.281899	0.726657	0.842602	0.158823	1.024868	0.000000	0.175571	0.945909	0.985874	0.803366	1.053546	0.858969	0.778026	0.324640	0.640407	0.584577
