	A	C	D	E	F	G	H	I	K	L	M	N	P	Q	R	S	T	V	W	Y
1	0.215638	-0.233890	0.109776	0.174990	-0.105429	0.162432	-0.001290	-0.023318	0.175254	-0.037195	0.000000	0.014553	0.175155	0.183556	0.118480	0.180302	0.205720	0.155446	-0.322676	-0.090840
2	-0.078700	-0.378100	0.140701	0.112874	-0.348611	0.030157	-0.091207	-0.112154	0.144685	-0.133470	-0.083142	0.013855	0.231460	0.033506	0.000000	0.018895	0.003500	-0.089261	-0.483106	-0.332266
3	0.165716	-0.342627	0.275075	0.251196	-0.135329	0.276296	0.076465	0.015214	0.275482	-0.087701	-0.056734	0.197284	0.201315	0.123879	0.220676	0.178165	0.156547	0.000000	-0.271110	-0.073586
4	-0.146506	-0.417943	-0.017946	-0.070227	-0.289518	-0.015922	-0.128015	-0.260742	0.000000	-0.236285	-0.170040	-0.095109	0.042552	-0.113520	0.004571	-0.124738	-0.190408	-0.212553	-0.430080	-0.286521
5	-0.150213	-0.562369	0.047025	0.000000	-0.366195	-0.082338	-0.116661	-0.205873	0.128745	-0.219016	-0.216517	-0.029130	0.154351	-0.041340	0.071044	-0.085877	-0.083515	-0.180669	-0.497172	-0.318540
6	0.202868	-0.276908	0.270978	0.261542	-0.071593	0.295051	0.182596	0.000000	0.479547	-0.002770	0.079364	0.261251	0.399480	0.219641	0.428710	0.228794	0.245744	0.208555	-0.249145	-0.008022
7	-0.179696	-0.487035	0.144645	0.114269	-0.395329	-0.034527	-0.065695	-0.290402	0.157431	-0.308848	-0.269330	0.047714	0.112076	-0.016599	0.000000	-0.067994	-0.081087	-0.189207	-0.564265	-0.335864
8	-0.178971	-0.465388	-0.004012	-0.003734	-0.332272	-0.132517	-0.133889	-0.256598	0.000000	-0.206875	-0.193457	-0.079490	0.034938	-0.101245	0.004806	-0.141668	-0.195903	-0.254585	-0.417381	-0.297455
9	-0.124066	-0.424074	0.123698	0.024537	-0.395468	-0.139604	-0.085816	-0.354696	0.128929	-0.290205	-0.271916	0.000000	0.105036	-0.025697	0.116240	-0.050521	-0.035394	-0.286281	-0.519080	-0.332972
10	0.632688	0.111279	0.588243	0.661146	0.464044	0.677925	0.680403	0.576082	0.796345	0.496468	0.522436	0.698349	0.702368	0.681709	0.769184	0.655261	0.626274	0.630561	0.000000	0.597508
11	-0.068423	-0.450080	0.203137	0.187114	-0.397726	0.019852	-0.016318	-0.241443	0.205473	-0.170686	-0.154821	0.075748	0.308278	0.000000	0.152778	0.009894	-0.003821	-0.132092	-0.534838	-0.346715
12	0.024421	-0.272766	0.290169	0.286699	-0.146672	0.119535	0.000000	-0.099365	0.378079	-0.025123	-0.008908	0.269608	0.445507	0.198314	0.306486	0.111362	0.158703	-0.055575	-0.350815	-0.148806
13	0.378749	-0.143695	0.417613	0.380721	0.103352	0.415056	0.351342	0.089974	0.536788	0.000000	0.167419	0.390748	0.576031	0.349524	0.504377	0.369184	0.319092	0.164321	-0.020773	0.147220
14	-0.257701	-0.569038	0.089627	0.023887	-0.484914	-0.127274	-0.085293	-0.468710	0.166789	-0.424394	-0.387137	0.027032	0.237991	-0.060291	0.000000	-0.094517	-0.159101	-0.398592	-0.618364	-0.424833
15	-0.117511	-0.610447	0.194566	0.098590	-0.513296	0.000000	-0.131482	-0.471632	0.219673	-0.435438	-0.345935	0.055092	0.550656	0.014934	0.133602	0.016935	-0.052191	-0.313900	-0.787149	-0.423880
16	-0.219078	-0.758204	0.331180	0.107772	-0.719199	0.000000	-0.181886	-0.704657	0.117107	-0.684669	-0.568081	0.088999	0.372373	-0.054675	0.032448	-0.001524	-0.128356	-0.541940	-0.951067	-0.617910
17	0.413406	-0.134752	0.871060	0.608840	-0.010914	0.689921	0.506715	0.000000	0.713488	-0.019179	0.115415	0.740630	0.909044	0.532271	0.628806	0.659988	0.593767	0.239119	-0.168768	0.061006
18	0.431845	-0.033501	0.847616	0.605793	0.141751	0.670005	0.578390	0.043981	0.742718	0.000000	0.228006	0.772784	0.953628	0.577415	0.673523	0.618919	0.488983	0.138867	0.051795	0.209447
19	0.593305	0.127148	1.146130	0.871598	0.225171	0.923195	0.775653	0.039736	0.878308	0.000000	0.278887	1.025267	1.286628	0.775299	0.816271	0.808010	0.616814	0.184686	0.158753	0.326055
20	0.596816	0.132192	1.234716	0.966225	0.211314	1.032721	0.857051	0.073159	0.998432	0.000000	0.270219	1.100678	1.528986	0.866472	0.907754	0.834957	0.655343	0.217439	0.125798	0.309939
21	-0.478908	-0.906801	0.504966	0.103446	-0.893568	0.000000	-0.223640	-1.011294	0.035765	-0.987141	-0.850902	0.166475	0.854484	-0.140986	-0.107105	-0.088003	-0.269211	-0.809619	-1.041491	-0.770729
22	0.489916	0.018277	1.215505	0.970289	-0.048889	0.921842	0.709626	-0.093657	0.993585	-0.115544	0.000000	1.008110	1.396606	0.853788	0.867609	0.834237	0.643750	0.179197	-0.220417	0.055763
23	0.529967	0.130420	1.152235	0.891706	0.222317	0.844941	0.755757	0.119670	0.934747	0.000000	0.287844	0.990123	1.376829	0.788684	0.843668	0.747509	0.611122	0.271535	0.140359	0.309876
24	0.236953	-0.071131	0.794905	0.634784	0.017461	0.507505	0.382158	-0.085511	0.500709	-0.022286	0.000000	0.541453	1.002259	0.488633	0.343328	0.438428	0.349041	0.118433	-0.116331	0.055785
25	0.209617	-0.072756	0.783100	0.550207	0.038324	0.528719	0.431849	0.000000	0.541146	0.000052	0.143505	0.647814	1.281591	0.447591	0.455098	0.466230	0.456005	0.238095	0.005640	0.084720
26	0.204677	0.000000	0.951974	0.743202	0.169037	0.543803	0.700193	0.025339	0.835957	0.126828	0.173280	0.883602	1.406716	0.727289	0.806835	0.536950	0.488220	0.094067	0.096684	0.311863
27	-0.162672	-0.434635	0.275285	0.173189	-0.313921	0.126070	-0.044753	-0.265219	0.216847	-0.327763	-0.255704	0.109324	0.887260	0.105088	0.117025	0.000000	0.009456	-0.153249	-0.455351	-0.291153
28	0.000000	-0.266073	0.477430	0.323082	-0.221486	0.379127	0.128918	-0.074648	0.323994	-0.171826	-0.046109	0.269999	0.808012	0.221144	0.262503	0.219553	0.195997	0.084544	-0.352319	-0.159863
29	0.000000	-0.178035	0.217224	0.112355	-0.023134	0.216368	0.147153	-0.070611	0.319050	-0.116982	-0.015999	0.156828	0.597986	0.104422	0.315630	0.125551	0.157832	0.034407	-0.141962	0.055795
30	-0.258028	-0.325985	-0.335546	-0.270332	-0.139157	-0.300503	-0.161349	-0.188434	0.000000	-0.172701	-0.111604	-0.225918	-0.198854	-0.192967	0.034520	-0.258170	-0.264581	-0.212452	-0.215971	-0.094465
31	0.118059	-0.112879	0.020244	0.000000	0.249534	0.134505	0.302636	0.136757	0.580281	0.250137	0.277985	0.241848	0.258662	0.277951	0.599346	0.177244	0.185529	0.096220	0.183516	0.270453
32	-0.018278	-0.237886	-0.050471	-0.158884	-0.042279	0.102957	-0.055613	-0.222209	0.000000	0.024635	0.015413	0.003000	-0.052276	-0.133135	0.081995	-0.007719	-0.212505	-0.252209	-0.010035	-0.012399
33	0.176837	-0.602761	0.156061	0.508474	-0.632555	0.526343	-0.136569	-0.649391	0.612310	-0.883137	-0.472168	-0.127633	-0.023236	0.223276	0.489091	0.185774	0.000000	-0.419236	-1.184616	-0.935669
34	2.736696	1.984237	2.744520	2.697273	0.855488	2.791343	1.858630	2.258032	2.859501	2.552027	2.371110	2.499841	2.855988	2.726813	2.568374	2.430309	2.247379	2.364746	0.000000	0.411005
35	1.469430	0.845254	2.847670	2.689593	1.190993	2.623850	2.467744	-0.003803	2.695334	0.242026	0.750632	2.773068	2.790023	2.108715	2.849866	2.459711	1.908627	0.000000	1.078273	1.508641
36	1.474872	1.207792	2.521121	1.798522	1.926853	2.089974	1.875624	1.379094	2.015278	1.829668	1.450843	1.655293	2.773882	1.180677	1.839902	0.958886	0.000000	0.978634	1.842060	2.060364
37	2.425229	1.617996	3.161377	2.963068	1.283427	2.964832	2.847631	0.000000	3.073735	0.455524	1.253547	3.093915	3.167154	2.847336	3.128665	3.108765	2.588729	0.561472	1.930754	2.008920
38	1.819417	1.509230	3.027428	2.808339	0.276021	2.494003	1.484999	1.492387	2.305314	1.342790	1.417552	2.258097	2.574553	2.203085	2.176018	2.157234	1.952431	1.599062	0.760993	0.000000
39	1.834434	1.275199	2.354724	2.322864	0.413908	2.265423	1.454657	1.499897	1.903449	1.547591	1.565519	2.010494	2.327218	1.990914	1.661687	2.033409	2.022571	1.531927	0.401907	0.000000
40	1.062116	1.030965	1.893433	1.949848	1.116238	0.000000	1.745779	1.487036	1.974669	1.213773	1.376053	1.664807	1.918775	1.815160	2.192767	1.559469	1.671432	1.546453	1.213498	1.329977
41	-0.034636	0.282522	1.882487	1.524633	0.366687	0.911216	1.053986	0.539631	0.255627	0.410128	0.012324	0.972211	1.881987	0.443729	0.307261	0.619963	0.166951	0.000000	0.424577	0.668523
42	1.320823	1.150140	1.807753	1.626622	0.711398	1.879569	1.161706	1.348885	1.743268	1.188272	1.324053	1.569204	0.000000	1.484844	1.930157	1.664434	1.865148	1.486458	1.080062	0.756711
43	0.655251	0.202929	1.556044	1.497041	1.140732	1.032170	0.836071	-0.120416	-0.182837	-0.190125	0.213964	0.371674	1.706381	0.499452	-0.321160	0.260188	0.242583	0.000000	1.232721	1.178533
44	1.622987	0.838300	2.429249	2.430229	0.478429	2.158549	1.286080	0.595538	1.816915	1.067545	1.097849	1.973571	2.151555	1.983518	1.634458	1.614648	0.756564	0.390574	0.000000	0.156674
45	1.100300	0.686698	1.714787	1.339504	0.497150	1.441344	0.252065	0.513306	0.397290	0.977310	0.836763	1.046080	2.505040	0.829759	0.000000	0.759356	0.577361	0.556123	0.540366	0.188176
46	0.492568	0.479503	0.284717	0.000000	0.582871	1.144639	0.684006	0.267590	0.852409	0.295885	0.504238	0.599140	0.281918	0.562526	0.888283	0.513780	0.511152	0.280247	0.600455	0.241860
47	0.000000	0.586257	0.579547	0.227121	0.925699	1.383964	1.089851	0.723031	1.578617	1.052220	0.674742	1.320391	2.576996	0.841000	1.605282	0.595524	0.721737	0.635199	0.915073	0.852640
48	0.014246	-0.213511	-0.413937	-0.210454	-0.012542	0.563086	-0.008196	-0.106117	0.096050	0.264572	0.143552	-0.096548	0.109025	0.022001	0.232938	-0.075766	0.000000	-0.247555	-0.198025	-0.073722
49	0.266340	-0.146143	1.274442	0.768348	-0.081136	1.242911	0.947628	-0.204072	1.607990	0.120931	0.083155	1.315317	1.637852	0.994731	1.438241	0.813487	0.000000	-0.505413	0.323251	0.069956
50	-0.214212	-0.401800	0.021934	-0.185360	-0.493008	0.281912	-0.226516	-0.291876	0.169169	-0.491310	-0.339149	-0.140875	-0.401755	-0.103105	0.172077	-0.069423	0.000000	-0.092604	-0.542797	-0.521542
51	1.495696	0.572994	2.064807	1.989362	0.162733	1.801082	1.010540	0.795735	1.711895	0.000000	0.251185	1.615390	1.216527	1.335585	1.627166	1.487952	0.889425	0.821523	0.465411	0.253245
52	1.119746	0.549887	1.275703	1.151092	0.000000	1.395779	1.041725	0.382002	1.438099	0.760893	0.811965	1.211642	1.737195	1.223004	1.376392	0.953852	0.744123	0.641754	0.344504	0.309004
53	0.179508	0.000000	1.175384	1.094340	0.292038	0.026472	0.965160	0.324459	0.927368	0.371051	0.384495	1.015738	-0.554403	0.955184	0.906975	0.871205	0.856359	0.131629	0.355913	0.540990
54	0.000000	0.078561	1.729041	0.808662	0.831553	0.854123	0.719451	0.289360	-0.271082	0.303947	-0.178099	0.962968	1.795421	-0.210659	-0.384700	0.125896	0.164474	0.173493	0.960957	0.857278
55	0.851513	0.763063	1.547631	1.664238	1.058994	1.280711	0.957613	1.163946	1.770828	1.482262	1.355902	0.587523	1.903415	1.404004	1.638047	0.000000	0.064012	0.861907	0.919457	0.903058
56	0.327647	0.199318	0.000000	0.097602	0.324848	0.281563	0.174012	0.448740	0.663429	0.539767	0.469990	0.206448	0.085943	0.356612	0.676307	0.354476	0.362872	0.439755	0.269583	0.201428
57	0.000000	-0.049536	0.474639	0.356730	-0.070656	0.670336	0.322099	-0.424827	0.546707	-0.037884	-0.055626	0.439431	1.086835	0.219534	0.560435	0.303890	0.050639	-0.540218	0.067953	0.052356
58	-0.201017	-0.306807	-0.524769	-0.221934	-0.269276	-0.042252	-0.247359	-0.172115	0.000000	-0.244446	-0.049807	-0.339729	-0.186368	-0.086728	0.101139	-0.219938	-0.102558	-0.219992	-0.137336	-0.220986
59	0.000000	-0.112083	0.142481	0.066625	-0.303569	0.320480	0.030259	-0.190543	0.388646	-0.034214	-0.015224	0.196458	-0.123597	0.127738	0.402269	0.133110	0.151396	-0.079157	-0.528189	-0.273464
60	0.401132	-0.104127	-0.171577	0.114192	0.077198	0.066163	0.231888	0.382965	0.533404	0.213864	0.307995	0.008706	0.485690	0.257244	0.545591	0.088018	0.045024	0.493550	-0.043658	0.000000
61	0.294302	-0.023265	0.000000	0.260675	0.218095	0.484522	0.346368	0.270920	0.526866	0.150051	0.208768	0.275080	1.109157	0.296535	0.605222	0.059065	0.184050	0.352857	0.202194	0.302498
62	-0.059984	-0.244726	0.212565	0.107562	-0.145722	0.039115	-0.071756	-0.000482	0.009393	-0.118665	-0.111833	0.062270	-0.119861	-0.006479	0.053761	0.004949	0.000000	-0.007056	-0.106147	-0.121169
63	-0.186570	-0.149486	-0.307232	0.000000	0.303891	-0.289485	-0.139462	0.398238	0.090894	0.291131	0.298379	-0.250809	0.799116	0.053684	0.109793	-0.650726	-0.336230	0.385392	0.286668	0.234161
64	-0.143669	-0.203874	-0.102878	0.001425	0.022810	0.091178	-0.087280	0.103082	-0.061884	-0.049854	-0.013554	-0.016352	-0.540897	-0.058887	0.067969	-0.156040	0.016257	0.000000	0.042269	0.071146
65	0.043422	-0.065565	0.239762	0.437185	0.191474	-0.109969	0.000000	0.551013	0.386037	0.668361	0.444173	0.083051	0.898869	0.270682	0.236436	-0.069540	0.090203	0.431847	0.078427	0.086800
66	0.204655	0.041507	0.701024	0.597090	0.120242	0.347195	0.139695	0.318380	0.105743	0.230364	0.066810	0.000000	1.362093	0.132979	0.190123	-0.007013	0.203033	0.376732	-0.225038	0.040769
67	-0.041501	-0.313494	0.129166	0.059104	-0.277882	0.078001	-0.055989	-0.050060	0.114999	-0.071998	-0.103380	0.126840	0.287034	-0.038969	0.142902	-0.010401	0.097411	0.000000	-0.658711	-0.361972
68	1.810096	1.041335	2.110722	2.095771	0.882152	2.093103	1.621572	1.262292	1.849000	1.345986	1.316846	1.931352	1.700511	1.839291	1.652683	1.912754	1.751152	1.503235	0.000000	0.962823
69	0.000000	0.200099	0.767631	0.601931	0.202017	0.883756	0.614974	0.055432	0.880307	-0.105216	0.142710	0.762065	0.562056	0.571862	0.893404	0.514205	0.461630	0.171390	0.194241	0.141471
70	0.044536	-0.138426	0.591001	0.404053	-0.103315	0.555253	0.278354	-0.196224	0.070619	0.033536	-0.022703	0.342180	1.065393	0.151196	0.091205	0.098955	0.000000	-0.211188	-0.188510	-0.083731
71	-0.045102	-0.283017	0.697788	0.508616	0.014420	0.237566	0.000000	0.000250	-0.030024	-0.147342	-0.110974	0.167938	1.050117	0.109916	-0.162129	-0.127475	0.032698	0.155529	-0.169900	-0.024766
72	0.000000	-0.424456	0.876934	0.599054	-0.125706	0.432117	-0.002668	0.023315	0.337460	0.150983	0.027174	-0.188776	1.025769	0.204230	0.015260	-0.108622	-0.348236	-0.179051	-0.071060	-0.277741
73	0.292201	0.000000	1.018483	1.022323	0.376245	0.996415	1.117193	0.891728	1.676497	0.571034	0.435213	1.126043	1.488801	1.159356	1.644433	0.685929	0.688261	0.718046	0.944977	0.745621
74	0.182784	-0.027185	0.482617	0.367889	-0.078679	0.661839	0.488767	-0.281917	0.620406	-1.164310	-0.556872	0.416430	0.895440	0.101539	0.627771	0.454145	0.442262	0.000000	-0.074633	0.155771
75	-0.282166	-0.343217	0.041138	-0.269067	-0.522308	0.167167	-0.182797	-0.231325	-0.345440	-0.420840	-0.399937	-0.106871	0.000000	-0.390007	-0.332920	-0.171150	-0.019655	-0.098267	-0.350489	-0.437767
76	-0.181762	0.033139	0.651938	0.301849	0.307058	0.388201	0.085942	-0.103881	-0.146238	0.211171	0.069495	0.233728	0.348987	0.037682	-0.182115	-0.133967	0.000000	-0.145210	0.448812	0.208445
77	0.433869	0.311023	0.000000	0.358635	0.322681	0.708540	0.369048	0.441810	0.641745	0.467825	0.480404	0.239557	0.451502	0.419834	0.638938	0.333427	0.504241	0.469869	0.326648	0.350254
78	0.413108	0.497087	0.513192	0.459675	0.553591	0.589103	0.442591	0.552400	0.442574	0.466621	0.560811	0.509231	0.000000	0.455237	0.562005	0.395447	0.505702	0.517323	0.687423	0.629444
79	0.357669	0.279547	0.349321	0.427216	0.247711	0.477039	0.266992	0.543104	0.528714	0.511104	0.526602	0.000000	1.145103	0.411022	0.583300	0.323895	0.486664	0.532674	0.417149	0.333731
80	0.795915	0.789947	1.012148	0.974887	0.713987	0.824560	0.709520	0.962341	0.792238	0.985699	0.963394	0.832572	0.000000	0.816908	0.868777	0.787834	0.975645	0.989576	0.894600	0.873744
81	0.067876	-0.116130	0.227819	0.080537	-0.145927	0.345555	0.071385	-0.042610	0.291255	-0.039211	0.011898	0.205811	0.145260	0.000000	0.309842	0.181960	0.203279	0.012436	-0.151837	-0.094589
82	0.592885	0.452635	0.464327	0.000000	0.780526	0.913385	0.822662	0.627981	1.276539	0.987839	0.833598	0.739355	1.253335	0.642335	1.289987	0.283482	0.505706	0.541153	0.723757	0.615870
83	0.918147	0.321985	0.506494	0.529791	0.101960	1.002779	0.436189	0.113302	1.174087	0.701881	0.544338	0.430741	1.448488	0.546823	1.113847	0.561595	0.097875	0.000000	-0.190130	0.130711
84	-0.173503	-0.081048	-0.015982	-0.108257	-0.291541	0.224304	-0.286081	0.118318	-0.217758	0.001367	0.003438	-0.101906	-0.532208	-0.189437	-0.170646	-0.186392	-0.037726	0.000000	-0.138345	-0.316271
85	2.088825	1.237105	2.293788	2.313194	1.262944	2.173862	1.801775	0.612985	2.017994	0.000000	0.668688	1.993474	2.380818	1.744476	2.060359	2.210824	1.976735	1.107363	1.648957	1.768853
86	-0.465887	-0.754059	-0.173173	-0.503939	-0.845068	0.000000	-0.691782	-0.638718	-0.452244	-0.710464	-0.624270	-0.396194	-0.226649	-0.466213	-0.477499	-0.255451	-0.278546	-0.543394	-0.903341	-0.921937
87	0.858431	0.583179	0.717859	0.989306	0.643164	0.380783	0.578406	1.631142	0.895320	1.083362	1.003296	0.000000	2.062547	0.850595	0.883894	0.905282	1.428183	1.732187	0.795398	0.709643
88	1.380799	0.764867	1.927009	1.970259	0.565990	1.902970	1.463484	0.600435	1.703940	0.255360	0.717091	1.719687	2.020549	1.566999	1.544891	1.669355	1.223837	0.000000	0.797169	0.906854
89	0.971914	0.446493	1.628583	0.883791	0.577656	1.628080	0.880372	0.132012	0.843098	0.657484	0.580285	1.110891	2.188225	0.661541	0.883587	0.576413	0.000000	0.046234	0.531052	0.648377
90	-0.939385	-1.310742	0.437775	0.000000	-1.706181	0.039083	-0.666826	-2.179585	-0.119455	-1.915931	-1.620221	0.185210	0.803622	-0.242462	-0.071574	-0.124479	-0.556711	-1.952940	-1.583613	-1.789278
91	0.601652	-0.119723	0.153531	-0.185015	-0.285267	0.951410	-0.058571	0.029002	0.657931	0.284373	0.149091	0.000000	1.079959	0.235626	0.676099	0.283756	0.174629	0.063136	-0.367404	-0.468723
92	2.796919	1.927618	2.728182	2.989698	0.000000	2.575218	2.646427	2.158626	3.142512	1.818595	1.931865	2.745733	2.771730	2.934746	3.169266	2.884559	2.908162	2.563056	2.229592	1.860247
93	1.221990	0.567101	-0.128161	0.737481	0.979975	1.698171	0.939420	1.340199	1.561515	1.389869	1.249429	0.000000	2.327456	1.091211	1.603498	0.862218	1.378154	1.376374	0.825200	0.894375
94	0.260327	0.074599	0.435543	-0.345255	-0.355867	1.156077	0.826150	-0.065436	1.567703	0.057662	0.000000	1.004469	1.028672	0.628314	1.476214	0.650923	0.283381	-0.225982	-0.379802	-0.214210
95	2.505218	1.818757	2.076887	2.186729	1.195519	2.629593	2.145706	2.441683	3.076304	2.537379	2.296427	2.150846	3.318764	2.609624	2.836446	2.326740	2.399940	2.522450	0.000000	0.775989
96	0.129830	-0.270824	0.150187	0.197177	0.276758	0.427561	0.098468	0.413231	0.000000	0.333206	0.207175	-0.056861	2.046527	0.028499	0.108293	-0.138129	-0.276460	0.363466	0.239413	0.146220
97	1.614011	1.138849	1.400898	1.909221	1.466156	1.835878	1.480543	1.809912	2.074086	1.818041	1.720634	0.000000	2.157750	1.677840	1.933450	1.222555	1.862476	1.821577	1.575566	1.794688
98	0.172836	0.157485	0.037745	0.206869	-0.311360	0.298248	-0.278344	0.623335	0.223070	0.782201	0.508148	0.000000	0.012199	0.302937	0.323746	0.104284	0.131267	0.355982	-0.476228	-0.432459
99	1.630581	1.301431	2.534995	2.508298	0.680245	2.023958	2.132327	0.463216	2.664477	0.223166	0.000000	2.390388	2.500449	2.041716	2.724845	2.284630	2.001509	1.239263	1.013999	1.387472
100	0.958999	0.955690	1.467025	1.558558	0.714366	1.480242	1.338488	0.190907	1.588749	0.829321	1.002075	1.391940	1.720142	1.442595	1.660333	1.172888	1.009954	0.000000	0.832217	0.863692
101	0.531552	0.400580	0.000000	0.302316	0.596673	0.685118	0.636020	0.719583	0.619362	0.696192	0.591804	0.472644	1.169245	0.455273	0.663105	0.532100	0.554077	0.731318	0.432477	0.591807
102	0.723365	1.066194	1.085595	0.759777	0.582036	1.417017	0.929270	0.663237	0.941809	0.727152	0.512259	1.236731	2.217909	0.000000	1.070503	0.946553	0.930442	0.953304	0.597274	0.767806
103	0.320733	0.231438	1.587278	1.672061	0.207825	1.181056	1.284382	-0.008030	1.529847	0.254983	0.000000	1.489016	1.467295	1.325044	1.338995	1.072874	0.836468	0.112065	0.317448	0.662537
104	0.546189	0.142588	0.482439	0.606487	-0.086511	0.772633	0.000000	0.255487	1.137482	0.228361	0.290677	0.470658	1.782622	0.675593	0.916131	0.566754	0.564683	0.315831	-0.302620	-0.113752
105	0.054839	-0.098726	0.154047	0.000000	0.001310	0.382759	0.182282	0.344042	0.293387	0.140877	0.055368	0.123776	1.578970	0.033103	0.263784	0.220678	0.373704	0.383761	-0.073709	0.044461
106	0.491419	0.284859	0.000000	0.867469	-0.167784	0.913521	0.613273	0.336019	1.514136	0.227025	0.310788	0.623492	2.238627	0.955260	1.480471	0.516275	0.331533	0.708277	-0.270181	-0.141455
107	0.571348	0.003609	0.954061	0.613464	-0.113331	0.955572	0.353182	0.000000	1.187810	0.003413	-0.004440	0.706515	1.835270	0.494599	1.145663	0.684774	0.651862	0.426925	-0.422827	0.041628
108	-0.155405	-0.186293	0.138289	-0.039839	0.034144	0.139509	0.191496	0.000000	0.068718	-0.066958	-0.199544	0.177510	1.559242	-0.242328	0.059319	0.071783	0.197360	0.214704	-0.120634	0.073340
109	-0.101798	0.073905	0.212406	0.014995	0.056157	0.499473	0.077485	0.203521	0.280157	0.096635	0.043452	0.119154	1.894833	0.045824	0.253249	0.000000	0.246287	0.277772	-0.182605	-0.026694
110	0.188957	-0.228750	0.768304	0.467566	-0.581467	0.599187	0.142988	0.243515	0.609564	0.000000	-0.063770	0.476134	1.363652	0.241669	0.474111	0.276936	0.333717	0.375689	-1.002763	-0.436233
111	1.379032	0.515382	1.799100	1.723485	0.426345	1.796486	1.371096	0.524820	1.858461	0.564599	0.683813	1.685021	2.381572	1.527080	1.791649	1.585369	1.214983	0.767374	0.000000	0.755040
112	0.323797	-0.242009	0.000000	-0.130382	-0.205122	0.623578	0.246458	0.008605	0.648938	-0.189516	-0.175604	0.271304	1.678454	0.226884	0.608240	0.381411	0.296712	0.228557	-0.164316	-0.047550
113	-0.147552	-0.341212	0.190015	0.000000	-0.351510	0.261295	0.084198	-0.147506	0.463852	-0.217390	-0.207997	0.382892	1.219731	0.154596	0.450889	0.172600	0.282289	0.010137	-0.631431	-0.362127
114	-0.491523	-0.573518	0.706176	0.663609	-0.632183	0.206568	0.277151	-0.827775	0.541879	-0.922292	-0.762826	0.441146	1.085300	0.305354	0.525271	0.000000	-0.123725	-0.505385	-0.733128	-0.438182
115	0.898462	0.354361	1.075671	1.115840	0.089764	1.065333	0.983676	0.459312	1.351810	0.000000	0.337346	1.041641	1.374673	1.028685	1.367409	0.943930	0.880966	0.698283	0.440932	0.536283
116	-0.175991	-0.120909	0.217907	-0.028011	0.027077	0.364126	0.169588	0.067101	0.000000	-0.069049	-0.060657	0.249803	0.947930	0.029617	0.063040	0.153890	0.225619	0.164139	0.002581	0.040529
117	-0.121040	-0.477810	-0.398078	-0.299049	-0.221700	-0.298078	-0.311589	0.126584	-0.054569	-0.000064	-0.137320	-0.389757	0.000000	-0.207492	-0.019694	-0.188459	-0.086714	0.151323	-0.236390	-0.229072
118	0.092228	0.000000	0.701371	0.559762	0.419577	-0.195584	0.726940	0.960606	1.150890	0.817265	0.342873	0.439037	1.372282	0.575441	1.166522	0.033587	0.450597	0.757815	0.469423	0.590531
119	0.353845	0.271657	0.438193	0.503858	0.471907	1.008919	0.851534	0.413137	1.434684	0.430267	0.259947	0.440018	0.791587	0.567123	1.532977	0.535659	0.084838	0.000000	0.274141	0.574506
120	-0.137328	-0.415854	-0.947349	-0.664769	0.159629	0.156789	0.021725	-0.257500	0.000000	-0.195523	-0.107929	-0.452027	-0.266759	-0.198040	0.157993	-0.292019	-0.175558	-0.444967	0.245187	0.225638
121	1.638378	0.904066	2.135365	2.293447	0.938008	2.002542	1.936503	1.222754	2.261329	0.000000	0.671820	2.076028	2.377457	1.986638	2.353106	2.079650	2.057852	1.612910	1.315760	1.251643
122	-0.037211	-0.124216	0.088027	-0.200292	-0.063786	0.146337	0.148283	0.142289	0.280851	0.006903	0.004742	0.263967	1.076710	0.096877	0.290280	0.033285	0.000000	0.257970	-0.190744	-0.109070
123	-0.256231	-0.053947	0.067103	-0.107168	-0.133182	0.269573	0.236768	0.071422	0.382143	0.142119	0.115178	0.461308	0.000000	0.208061	0.565406	0.159795	0.354980	0.069111	0.036246	0.011891
124	1.669876	1.117985	2.467502	2.386255	0.741081	2.303936	2.094300	0.809153	2.276075	0.000000	0.622555	2.292398	2.835451	2.032024	2.487001	2.042400	1.940748	1.190890	1.050897	1.564222
125	0.471974	0.000000	0.586637	0.494057	0.632172	1.238295	1.076081	0.427980	1.312505	0.378220	0.266994	0.751742	1.956372	0.788318	1.356692	0.813305	0.921679	0.526619	0.878816	0.850503
126	0.760614	0.366096	1.070304	0.595547	0.827676	0.958769	0.807085	0.403440	0.676267	0.665302	0.533548	0.768468	1.685743	0.494332	0.650645	0.746828	0.620140	0.000000	1.094736	0.992630
127	0.232029	-0.056976	-0.173948	-0.405598	-0.140946	0.673937	0.258466	-0.187019	0.723511	-0.271793	-0.030734	0.209142	0.312354	0.220891	0.703964	0.208480	0.000000	-0.105124	-0.108995	-0.164085
128	1.930199	1.198549	3.353102	3.188580	0.488940	2.714939	2.129627	0.735385	2.626869	0.000000	0.299783	2.986171	3.161567	2.510955	2.732888	2.589041	2.328269	1.365722	0.843786	0.673407
129	0.657733	-0.013977	0.008088	-0.096160	-0.338443	0.915121	-0.118845	-0.116126	0.567179	0.096661	0.195905	0.000000	1.940555	0.266052	0.570667	0.221881	0.204126	0.225349	-0.447526	-0.393230
130	0.291587	0.000000	1.229819	1.196244	0.834544	0.978470	1.564330	0.706049	1.743143	0.655694	0.585122	1.443006	1.879591	1.399464	1.807713	0.973283	0.997543	0.498128	1.052167	1.207571
131	0.335815	-0.161105	0.591800	0.224657	-0.323894	0.737496	0.047954	-0.010905	0.242442	0.054526	0.011382	0.311022	1.674427	0.184301	0.206288	0.143921	0.000000	0.025636	-0.366350	-0.315544
132	0.346964	-0.027079	-0.312879	-0.114179	-0.237711	0.598321	0.209989	-0.039049	0.857880	0.015766	0.055080	0.000000	0.487892	0.375328	0.861107	0.187348	0.137839	-0.002496	-0.332334	-0.229446
133	1.094561	0.368126	1.322799	0.928610	0.043784	1.508324	0.830981	0.014170	1.297621	0.000000	0.278723	1.279075	1.527138	0.989730	1.143046	1.148478	0.791407	0.092480	0.092902	0.017046
134	0.200923	0.007407	-0.305610	-0.207470	0.088582	0.335036	0.024658	0.150744	0.304000	0.191747	0.236393	0.000000	0.239116	0.113900	0.337675	0.074968	0.194905	0.119438	0.027528	0.111955
135	0.140174	-0.126599	-0.160547	0.102637	-0.109377	0.194263	-0.116568	0.000000	0.269732	0.076698	0.068916	-0.062834	0.139982	-0.019633	0.231029	0.029103	0.142287	0.232007	-0.197962	-0.157665
136	0.002213	-0.343678	0.008273	0.034714	-0.324570	0.121798	-0.095056	0.091710	0.221534	-0.064247	-0.023571	-0.021172	0.256617	0.073840	0.161462	-0.093578	0.000000	0.128435	-0.418707	-0.305945
137	-0.284831	-0.594072	-0.409353	-0.197329	-0.564470	-0.345859	-0.395319	-0.227574	0.000000	-0.298475	-0.305350	-0.441051	-0.110156	-0.214787	-0.011681	-0.419986	-0.390954	-0.248409	-0.590277	-0.545524
138	0.366653	0.067947	-0.106341	0.217707	0.270857	0.146233	0.198096	0.541415	0.545917	0.546131	0.512585	0.000000	0.449123	0.351372	0.546165	0.062452	0.222554	0.501142	0.185343	0.372162
139	-0.027820	-0.262483	-0.241013	-0.040181	-0.040475	-0.067699	-0.081235	0.228124	0.398625	0.138844	0.119495	-0.160742	0.267639	0.064002	0.371452	-0.133484	0.000000	0.221587	-0.168978	-0.057087
140	-0.050381	-0.345627	-0.056523	0.031975	-0.255765	-0.001302	-0.069277	0.142579	0.254178	-0.010361	-0.002878	-0.094739	0.214749	0.049824	0.241970	-0.140043	0.000000	0.147632	-0.313094	-0.182670
141	0.265960	0.081477	-0.066868	0.110775	0.312226	0.163510	0.254921	0.496974	0.575314	0.488389	0.442182	0.000000	0.739275	0.296002	0.613263	0.091211	0.272417	0.408980	0.254662	0.378015
142	0.015236	-0.181002	-0.144176	-0.017595	0.042426	-0.047447	0.016658	0.155702	0.250210	0.174602	0.149336	-0.145251	0.000000	0.033864	0.254719	-0.145015	-0.056694	0.144360	0.061801	0.126975
143	-0.032407	-0.244719	-0.202466	-0.066197	-0.077337	-0.144724	-0.008763	0.244800	0.332801	0.125132	0.127780	-0.139980	0.150634	0.066244	0.350422	-0.152610	0.000000	0.225610	-0.137115	-0.020649
144	0.184680	-0.010615	0.065109	0.153044	0.163538	0.041223	0.139535	0.265063	0.378691	0.265173	0.267753	-0.000149	0.430481	0.219471	0.383237	0.000000	0.137747	0.217463	0.119861	0.207952
145	0.210002	-0.100801	-0.005090	0.115220	0.053202	0.020167	0.086511	0.199764	0.402122	0.269938	0.269539	0.005276	0.360920	0.244580	0.382009	0.000000	0.110266	0.154776	-0.011147	0.061292
146	0.156504	0.014436	0.004934	0.053960	0.121253	0.024990	0.051953	0.232381	0.288477	0.273616	0.234472	0.007555	0.147998	0.132994	0.300671	0.000000	0.149496	0.163504	0.083326	0.123596
147	0.392127	-0.014365	0.030205	0.212339	0.343817	0.241379	0.265356	0.443567	0.419646	0.458317	0.425960	0.168056	0.163598	0.320633	0.406522	0.224897	0.243189	0.382094	0.000000	0.416115
148	-0.136959	-0.405681	0.071812	-0.209440	-0.307447	0.000000	-0.356158	-0.468687	-0.245629	-0.281076	-0.261119	-0.112382	-0.088561	-0.286625	-0.266557	-0.172264	-0.233443	-0.430607	-0.416498	-0.328407
149	0.161727	-0.074410	-0.024381	-0.108923	-0.194754	0.338745	-0.120748	0.052469	0.249822	0.188510	0.000000	0.122480	-0.056965	0.002573	0.225471	0.046886	-0.006892	0.100453	-0.338756	-0.277804
150	0.726651	0.503167	1.301492	1.180663	0.231888	1.487848	0.811227	0.110635	1.337239	-0.008917	0.000000	1.205831	1.255997	0.953311	1.350308	1.110719	1.067406	0.412068	-0.120757	0.177382
151	0.426907	0.370783	0.248131	0.000000	0.530410	0.778230	0.524911	0.645358	0.722656	0.593853	0.616341	0.585481	0.679544	0.464051	0.790231	0.518217	0.624631	0.566912	0.529700	0.555964
152	-0.250985	-0.067608	-0.323813	-0.363782	-0.173226	0.144893	-0.144200	-0.084935	0.000000	0.013307	0.036090	-0.105748	-0.433179	-0.146525	0.153858	-0.237029	-0.128056	-0.183502	-0.127293	-0.154341
153	1.416962	0.573649	0.449775	0.931469	1.021112	0.000000	1.080020	1.588168	1.688307	1.469499	1.354857	0.641081	2.028145	1.378746	1.688383	1.156047	1.282982	1.725356	0.916585	1.043445
154	1.007298	0.893641	0.440154	0.000000	0.881676	1.526059	1.245816	1.326598	2.086109	1.537948	1.158656	1.313086	2.348861	0.909243	2.060766	0.977517	1.290354	1.428253	0.496868	0.802189
155	1.460234	0.620984	1.603763	1.276926	0.056882	1.689466	1.022398	0.000000	1.578105	0.265105	0.385905	1.463617	1.755195	1.013664	1.431857	1.453801	1.124569	0.611522	-0.352580	0.098794
156	0.558518	-0.125380	1.806475	1.274695	-0.938027	1.228479	0.203209	-0.358416	0.000000	-1.041241	-0.663346	0.930901	1.594710	0.285386	0.174542	0.810833	0.824690	-0.101292	-1.064407	-1.036297
157	-0.045620	-0.604742	0.401745	-0.368381	-0.753073	0.543226	-0.280604	-0.486611	-0.538885	-0.756286	-0.597772	0.000000	1.801535	-0.456151	-0.622967	-0.054982	0.189373	-0.272435	-0.722056	-0.699700
158	0.360970	0.000000	1.758517	1.630159	0.633684	1.189462	1.677014	0.654583	2.057864	0.800981	0.783473	1.771751	2.005390	1.770582	1.976107	1.286747	1.230552	0.423795	1.056050	1.038226
159	0.500766	-0.236307	0.595692	0.086439	-0.807116	0.930768	-0.257690	0.026629	0.490542	0.175626	0.059658	0.238718	1.989166	0.202194	0.358720	0.000000	-0.054281	0.171278	-0.993446	-0.935171
160	1.808181	1.190588	2.255580	2.256788	0.000000	1.738539	2.076313	1.517658	2.509699	1.370182	1.391854	2.294846	2.258410	2.273948	2.500665	2.185817	1.961101	1.603240	1.018897	0.844438
161	0.741742	0.185145	0.587774	0.383402	0.128031	1.109734	0.475908	0.343477	0.616145	0.184773	0.276464	0.500471	1.316584	0.407419	0.580970	0.595291	0.492966	0.503476	0.136725	0.000000
162	1.161224	1.036641	2.593526	2.384583	0.512160	2.019164	1.229146	0.000000	1.846322	0.459471	0.914220	1.941708	2.413391	1.912597	1.617597	1.467992	1.215522	0.282334	0.896150	0.383384
163	0.140353	-0.072436	0.584079	0.334354	-0.285161	0.294807	-0.052181	0.192778	0.067664	-0.025469	-0.035990	-0.058646	-0.012048	-0.020255	-0.062387	-0.028688	0.000000	0.274611	-0.227383	-0.285349
164	0.960492	0.454083	0.870490	0.838106	0.637793	0.803674	0.922659	0.931916	1.231621	0.543340	0.541127	0.958210	1.782991	0.854226	1.022538	0.486923	0.000000	1.064830	0.318401	0.521552
165	0.014906	-0.118376	0.037610	0.050583	-0.074618	0.286703	0.039149	0.015303	0.302903	0.174585	0.138739	0.104957	0.486926	0.262619	0.304920	0.000000	0.114607	-0.018367	-0.220574	-0.146465
166	0.070894	-0.398906	-0.206831	0.015060	-0.162214	0.145221	-0.087407	0.000000	0.248878	-0.064212	-0.028743	-0.080235	0.737751	-0.011288	0.223458	-0.078065	0.052549	0.188844	-0.243147	-0.086205
167	-0.234923	-0.240076	0.031122	0.056794	-0.144035	-0.116291	-0.077965	0.006684	0.092061	-0.039869	-0.064802	-0.029373	-0.078175	0.013810	0.000000	-0.122582	0.018771	0.005736	-0.192106	-0.118402
168	0.331999	-0.229380	0.165195	0.323637	-0.127887	-0.101983	0.100117	0.364979	0.586610	0.295667	0.241722	0.000000	0.842703	0.413763	0.493654	0.115391	0.177093	0.356809	-0.258280	-0.083100
169	-0.107999	-0.467862	-0.049245	-0.102824	-0.297944	0.053464	-0.196863	-0.241200	0.000000	-0.248579	-0.281654	-0.142897	0.709575	-0.198159	-0.033345	-0.101003	-0.133834	-0.222021	-0.314426	-0.233172
170	0.495886	-0.265477	0.663597	0.419520	-0.429897	0.677515	-0.063557	-0.010116	0.141064	-0.321916	-0.287592	0.404488	0.613434	0.050027	0.088485	0.256800	0.137396	0.000000	-0.571808	-0.455891
171	0.210825	0.079172	0.941911	0.501048	-0.063850	0.888485	0.168856	-0.438955	0.000000	0.058342	-0.003478	0.566091	1.593573	0.197552	-0.129382	0.286151	0.074018	-0.344896	-0.019627	-0.148608
172	0.394020	-0.157014	0.946653	0.108171	-0.326668	0.937910	0.010674	0.058220	0.000000	-0.259117	-0.099271	0.402765	0.974845	0.007055	0.037822	0.451601	0.399380	0.090116	-0.447985	-0.366927
173	0.604780	0.313608	1.114542	0.000000	0.642171	1.324878	0.755044	0.851910	1.230225	1.072771	0.663274	1.197072	2.176942	0.578424	1.084028	0.914558	0.948061	0.428573	0.705277	0.494589
174	0.926833	0.230226	0.926462	0.599126	0.062838	1.070050	0.447860	0.569833	0.722915	0.725283	0.577554	0.700897	1.933233	0.478587	0.689549	0.378118	0.247991	0.614751	0.009013	0.000000
175	0.000000	0.635468	1.999736	1.763877	0.476415	0.629494	1.690576	0.903699	1.933921	0.864547	0.701398	1.899053	2.371686	1.459344	1.983706	1.126358	1.240117	0.848403	0.368384	0.980556
176	1.381528	0.630033	1.614245	1.302872	0.308903	2.005867	1.141689	0.059923	1.780858	0.000000	0.484110	1.379218	2.344775	1.100914	1.787784	1.412897	1.191142	0.432466	0.369920	0.530544
177	1.828184	0.962321	2.818020	2.077493	0.000000	2.542002	2.089136	1.041056	2.657078	0.359579	0.707229	2.654330	2.851764	2.319279	2.649648	2.458988	2.135455	1.057834	1.125695	0.945206
178	0.775819	0.400359	0.696528	1.044777	0.126347	0.711781	0.227170	0.931012	1.188565	0.895677	0.816438	0.000000	0.887727	1.044932	0.965756	0.179753	0.237390	0.861751	-0.102146	-0.244824
179	-0.263083	-0.056504	-0.065214	-0.150120	0.068472	0.239587	0.074812	-0.105147	0.041142	0.285291	0.119882	0.063846	0.682437	0.051257	0.000000	-0.373178	0.097357	0.131643	-0.129533	-0.030655
180	0.320671	-0.031737	-0.027494	-0.000270	-0.149807	0.414653	0.248173	0.403036	0.925025	0.000000	0.009167	0.247291	1.572909	0.225625	0.930686	0.142831	0.392203	0.628009	-0.291468	-0.241927
181	2.050438	1.624021	0.000000	1.644691	2.315934	2.345532	2.344034	2.644543	2.806902	2.764963	2.293504	1.372046	3.498592	2.398214	2.848675	1.761410	2.361487	2.620823	2.109538	2.386240
182	1.663706	0.820662	2.702640	2.654954	1.303201	2.368865	2.406367	0.256263	2.432116	-0.210839	0.532832	2.422906	2.721301	2.171031	2.541812	2.018546	1.204005	0.000000	1.826576	1.900698
183	0.528643	0.299940	0.921343	0.091450	0.408521	0.986323	0.751095	0.033179	0.659246	0.401642	0.234709	1.004283	2.147047	0.322196	0.677112	0.642197	0.461675	0.000000	0.609321	0.501495
184	0.317353	0.623730	1.197108	0.469207	0.612781	0.734297	0.518430	0.490423	0.214119	0.316216	0.363661	0.667362	0.000000	0.216800	0.374343	0.306549	0.547325	0.564616	0.768747	0.655126
185	0.897786	0.411772	0.533229	0.036709	0.585932	1.217870	0.827464	0.000000	1.331355	0.032351	0.298950	0.982200	1.705844	0.559328	1.291287	0.906884	0.623069	0.256300	0.563555	0.632855
186	0.659777	0.088376	-0.357122	0.000000	0.230324	0.714135	0.298150	0.203573	0.764619	0.269849	0.440056	0.138276	1.061026	0.436761	0.837569	0.223061	0.383490	0.336615	0.169802	0.216633
187	-0.239271	-0.066513	-0.056513	-0.179978	-0.114789	0.000500	-0.103056	-0.077450	0.118074	-0.075965	-0.002953	0.000000	-0.105921	0.021950	0.229925	-0.191453	-0.009418	-0.104990	-0.149151	-0.069217
188	0.179554	-0.206233	-0.102861	0.119220	0.012597	-0.322587	-0.028189	0.406086	0.421723	0.198984	0.293805	-0.290832	0.547130	0.242192	0.449703	-0.111291	0.000000	0.426783	-0.036835	0.002416
189	0.904795	0.476549	-0.028090	0.608410	0.672422	1.103319	0.481057	0.798621	0.760487	0.743060	0.747721	0.000000	2.044097	0.641506	0.796403	0.594499	0.953943	0.906381	0.772259	0.714884
190	-0.031192	0.058785	0.084705	-0.017841	0.162719	0.062112	0.042674	0.141288	0.288026	0.128353	0.135231	0.000000	0.013483	0.155233	0.378302	-0.025441	0.147861	0.093057	0.170300	0.161798
191	0.341566	-0.092476	0.300300	0.220684	-0.261724	0.288132	-0.078461	0.407379	0.325357	0.133064	0.175413	0.110106	1.430053	0.165758	0.308136	0.086035	0.000000	0.481287	-0.145077	-0.245151
192	0.162129	-0.031358	0.466839	0.218973	-0.086439	0.893899	0.119651	-0.111763	0.000000	-0.478327	-0.171980	0.260819	2.110345	-0.059307	0.170616	0.237489	0.292249	0.055646	-0.101512	-0.014962
193	1.631826	1.026851	2.651566	2.197913	0.238636	2.351442	1.294667	1.349792	2.616255	0.975503	1.023880	2.297765	2.996227	1.902593	2.524690	1.994927	1.898763	1.122056	-0.138497	0.000000
194	0.396997	0.116050	1.297831	0.522592	0.002146	1.119268	0.449655	-0.244116	0.171030	-0.016911	-0.147196	0.883104	2.357652	0.166326	0.000000	0.431044	0.247193	-0.050997	-0.006426	-0.055308
195	2.324959	1.684128	3.065382	2.873049	0.791135	2.675427	2.430971	0.458033	2.799206	0.000000	0.967657	2.782261	1.979976	2.641047	2.831950	2.691898	2.339935	1.140703	1.710514	1.723011
196	-0.182344	-0.114075	0.872746	0.342339	-0.015805	0.350032	0.187043	0.000000	-0.050232	0.019613	0.065834	0.400227	1.376232	0.163924	-0.091621	0.116682	0.215749	0.159232	0.080396	-0.039572
197	-0.466871	-0.031399	0.937049	0.744424	-0.080958	0.269317	0.248374	0.392445	0.684041	0.386132	0.181386	0.506544	0.276489	0.380250	0.861222	0.000000	0.435113	0.313485	-0.045618	0.136006
198	0.499456	0.000000	1.086902	1.045564	0.683073	1.174135	1.308092	0.812719	1.586061	0.961228	0.772419	1.182209	1.433599	1.272803	1.671322	0.729559	0.774606	0.659527	0.712483	0.856107
199	0.208032	0.026443	-0.022547	0.127332	-0.087581	0.237508	0.167810	0.521628	0.373070	0.359014	0.253882	0.000000	1.349684	0.300213	0.439324	0.186585	0.478777	0.630099	0.030130	0.060148
200	0.506966	-0.058950	0.464330	0.435423	-0.243884	0.515016	-0.024882	0.366784	0.409557	0.497696	0.400425	0.169414	1.895354	0.401669	0.395603	0.050035	0.000000	0.340906	-0.263163	-0.347944
201	-0.108782	0.397011	1.281693	0.837252	0.615587	0.831145	0.428088	0.886938	0.260398	0.683103	0.294241	0.753125	2.128609	0.313682	0.274479	0.000000	0.759077	0.888190	0.702922	0.568476
202	0.608354	0.148075	0.027629	-0.234413	0.422994	0.892777	0.566011	0.117278	0.895341	0.272959	0.249614	0.605318	1.215466	0.274247	1.002551	0.389707	0.179415	0.000000	0.269809	0.480116
203	1.544767	1.041960	1.940938	2.050079	0.993211	1.842203	1.742701	0.000000	2.037174	0.477691	0.789304	1.845592	1.194070	1.801947	2.024928	1.768250	1.166041	0.369471	1.353410	1.417483
204	0.745870	0.130314	1.240317	0.633443	-0.703173	1.165681	0.131599	-0.097064	1.109242	0.169119	0.140447	1.031045	1.649019	0.780131	0.773320	0.550862	0.000000	-0.001684	-1.095719	-1.131362
205	0.972117	1.265608	2.515586	0.936845	1.219504	1.585225	1.613669	1.268079	1.948268	0.784409	0.121122	2.171103	2.613441	0.000000	2.126846	1.452960	1.890845	1.498567	1.268099	1.571758
206	0.000000	0.245881	1.559853	1.135805	0.310290	1.063242	0.532143	0.125813	0.274323	0.077980	-0.026844	1.058868	1.499528	0.319224	0.342302	0.509753	0.523175	0.210434	-0.270795	0.316831
207	0.387940	0.000000	-0.396621	0.519473	0.318316	0.434496	0.231459	0.689972	1.110090	0.515034	0.638283	0.142234	-0.233217	0.881789	1.185697	0.051342	0.697060	0.663077	0.262039	0.418134
208	0.417144	-0.012600	0.106363	0.128434	0.333308	0.546796	0.284966	0.002720	0.581737	0.271524	0.178148	0.387893	0.000000	0.305147	0.526163	0.326379	-0.028162	-0.045677	0.327868	0.348633
209	-0.292338	-0.697504	-0.414024	-0.358581	-0.534505	-0.317872	-0.388748	-0.073305	0.000000	-0.219410	-0.276740	-0.362909	0.730185	-0.279156	0.029006	-0.210685	-0.258828	-0.052223	-0.734867	-0.577534
210	0.515563	-0.121322	0.648760	0.712684	-0.036214	0.872141	0.184157	-0.158053	0.678245	-0.016274	0.088435	0.445548	1.215003	0.393372	0.596656	0.521998	0.386148	0.000000	-0.291646	-0.046276
211	0.525450	0.215167	0.109157	0.669516	0.754464	0.578376	0.581531	0.822076	0.849243	0.879168	0.838944	0.359989	1.408185	0.754719	0.854298	0.000000	0.514092	0.795258	0.560552	0.689050
212	1.331634	0.552174	1.303466	1.453265	0.000000	1.438346	0.978708	1.019764	1.767751	0.803186	0.859750	1.124819	1.283090	1.365055	1.606324	1.185720	1.018990	1.235674	-0.224814	0.173748
213	0.191187	-0.155076	0.174321	-0.109837	-0.336480	0.719161	-0.086880	0.209380	0.213683	0.275127	0.159331	0.268162	1.644834	0.000000	0.153581	0.196020	0.170322	0.355083	-0.350454	-0.400925
214	0.225022	0.479236	0.944037	0.713711	0.498489	0.940142	0.793165	0.752484	1.189302	0.847330	0.796726	1.007252	0.000000	0.942422	1.183268	0.614592	0.907702	0.732372	0.367615	0.496523
215	0.456725	-0.004559	0.539096	0.338120	-0.246793	0.529635	0.103231	0.000000	0.402624	-0.083958	-0.027538	0.520235	0.506970	0.190731	0.345390	0.613167	0.600678	0.410008	-0.349398	-0.236241
216	0.173656	0.087234	0.372216	-0.060726	0.386404	0.693747	0.173756	0.238531	0.172101	0.365819	0.324257	0.313834	0.000000	0.096244	0.232369	0.297004	0.263665	0.200859	0.429220	0.282968
217	1.640236	0.740652	2.053494	1.943830	0.359022	1.873030	1.490583	0.000000	1.828940	0.436023	0.670200	1.745090	1.969110	1.661204	1.673595	1.799037	1.244228	0.442603	0.395570	0.699817
218	1.226123	0.829878	2.320402	1.418486	0.414173	1.873841	0.000000	1.071239	0.517901	1.286794	0.864164	1.043877	2.302293	0.513262	-0.001127	1.056496	1.342855	1.129283	0.446631	-0.073759
219	2.190276	1.823910	3.194457	3.070744	0.746576	2.665169	2.071424	1.633157	2.663178	1.268993	1.539353	2.581918	2.658343	2.531850	2.398681	2.577501	2.588641	1.976582	0.242412	0.000000
220	0.573822	0.000000	1.834861	1.279297	0.163488	0.927302	0.475948	0.961271	1.323480	1.048168	0.600627	0.828505	2.326205	0.849795	1.096785	0.794870	1.112097	0.650023	0.300903	0.097500
221	0.654196	0.853090	1.930753	1.659773	1.429497	1.584071	1.721803	1.088851	1.783628	1.124403	1.074440	1.642132	1.719194	1.406705	1.756154	1.126803	0.861560	0.000000	1.504130	1.431497
222	0.836074	0.950849	1.263533	0.842871	1.060273	1.085204	1.143021	1.318761	1.533668	1.275799	1.117768	1.105841	0.000000	1.021260	1.474391	1.124163	1.295990	1.253241	1.188394	1.129100
223	0.000000	-0.174764	0.167846	0.190432	-0.510560	0.601084	0.093653	-0.167141	0.746749	-0.040615	-0.036687	0.316979	-0.170985	0.379453	0.755644	0.337708	0.220692	-0.102899	-0.636413	-0.352492
224	0.747006	0.143495	0.812332	0.900162	-0.077621	0.000000	0.454294	0.804403	1.352520	0.549860	0.356879	0.458970	1.916587	0.803100	1.192055	0.794102	0.961110	0.965829	0.083042	-0.214018
225	1.373815	0.726880	1.108691	1.193287	0.000000	1.712066	0.844488	1.511413	2.070066	1.192585	1.004798	1.128821	2.187080	1.386898	1.899438	1.166711	1.128498	1.603081	0.808385	0.256832
226	0.000000	0.323707	1.967506	1.785566	0.671396	1.440691	1.533936	0.248871	1.709491	0.503986	0.517625	1.802098	2.291028	1.352442	1.777855	1.091773	1.164188	0.247886	0.913049	0.914212
227	2.200520	1.138804	2.745511	2.811389	1.206771	2.607140	2.712998	-0.008585	2.735819	-0.323782	0.000000	2.680744	2.859919	2.469211	2.941323	2.722221	2.527615	0.828783	2.022810	2.297305
228	2.047598	1.010845	2.324087	2.380714	-0.078745	2.157876	1.872402	1.181152	2.052416	0.000000	0.816358	2.300285	2.573381	2.061763	2.326675	2.122167	2.151414	1.661364	1.090515	1.437664
229	1.081694	0.663042	2.671680	1.625395	0.733323	1.999885	1.132493	0.664894	0.000000	0.534786	0.407617	1.824424	2.976773	0.732206	0.226398	1.480035	1.506661	0.377161	0.934557	0.781731
230	0.989842	0.000000	0.125193	1.311616	2.127111	1.931854	2.063345	1.534996	2.629031	2.026421	1.748253	0.799650	1.867284	1.992321	2.798511	0.516387	1.448223	0.972999	2.092849	2.302447
231	0.776896	0.000654	1.126272	1.005773	0.213879	0.896994	-0.249001	0.958793	0.474433	0.068727	0.200514	0.000000	2.445475	0.505596	0.211508	0.804421	0.770724	1.192341	0.043738	-0.035219
232	0.811110	0.251555	-0.460738	-0.070438	0.723553	1.106968	0.619052	0.862598	0.928544	0.739873	0.580081	0.000000	2.494795	0.393949	1.068022	0.567403	0.641142	0.768496	0.780021	0.803957
233	0.000889	0.402433	0.828490	0.658203	0.546774	0.561346	0.328323	0.345059	0.000000	0.256938	0.388062	0.493736	-0.194871	0.452396	0.290793	0.237897	0.417441	0.189029	0.571749	0.501602
234	-0.063253	-0.169745	0.041374	0.151298	-0.199097	-0.090703	-0.196223	0.438464	0.075377	0.045571	-0.120642	-0.208829	1.019952	-0.058953	0.091367	-0.243188	0.000000	0.548365	-0.208817	-0.243574
235	1.302437	0.484005	0.723524	1.640684	0.000000	1.658675	1.087180	1.991504	2.190336	1.848152	1.674661	1.264680	2.031379	1.909978	2.277464	1.159595	1.705327	2.200504	0.562313	0.557821
236	0.163182	0.172904	-0.327324	-0.347832	0.583879	0.201784	0.134340	0.574719	0.380033	0.374689	0.306893	0.000000	0.221837	-0.021247	0.619726	-0.084763	-0.027833	0.411195	0.629853	0.575421
237	1.149684	1.338828	2.314523	2.158242	1.134062	0.000000	1.982477	2.083995	2.660516	1.977476	1.600854	2.270633	2.538620	2.176078	2.600264	1.732440	1.848118	2.053219	1.194669	1.282462
238	0.425853	0.034358	0.513554	0.208709	-0.091144	0.895736	0.281117	0.088917	0.528859	0.368254	0.153527	0.481133	1.793988	0.214310	0.568794	0.000000	0.015564	-0.066545	-0.048949	-0.067299
239	1.956225	1.383005	1.941377	1.969892	1.447335	0.000000	1.926428	1.720056	2.066633	1.685786	1.755876	1.922601	2.200773	2.059104	2.150588	2.081927	2.058128	1.874367	1.398972	1.606035
240	0.141168	0.194052	0.155844	0.169576	0.286151	0.830280	0.412140	0.016186	0.313476	0.109450	0.264641	0.187449	0.000000	0.274630	0.558353	0.117575	0.133912	-0.133836	0.513974	0.360704
241	0.107808	0.000000	0.453839	0.352794	1.676517	0.990539	1.507877	1.303622	1.832726	1.681846	1.033828	1.009755	1.244620	0.972497	1.842301	0.110794	0.942652	0.664291	1.620040	1.729076
242	0.065018	-0.128397	0.265456	0.249495	-0.160250	0.281987	-0.209379	0.244454	0.128096	0.215868	0.192422	-0.075605	0.541797	0.121248	0.205173	-0.084502	0.000000	0.201844	-0.103333	-0.249201
243	0.725919	0.341325	-0.100043	0.420101	0.612694	0.906449	0.350718	0.913179	0.572812	0.740861	0.651631	0.000000	1.945447	0.426089	0.714713	0.569343	0.829095	1.046074	0.496818	0.619470
244	2.211347	1.486497	2.667880	2.715306	2.158191	2.616073	2.577433	0.595992	2.459356	1.314962	1.700139	2.313356	2.517903	2.365385	2.649585	2.125804	1.597085	0.000000	2.436444	2.526042
245	0.483123	0.485887	2.162324	0.615889	0.015725	1.340022	0.661755	0.332234	1.174577	0.428148	0.243750	1.564909	2.966707	0.502346	1.157133	0.000000	0.486978	0.311255	-0.041250	-0.199056
246	-0.218768	-0.248505	1.496574	1.138432	0.012798	0.937787	0.680425	-0.577082	0.618555	-0.173127	0.004425	0.848809	1.621859	0.620311	0.515153	0.130048	0.000000	-0.851379	-0.187764	-0.034515
247	1.002941	0.763137	1.846010	1.698141	1.007778	1.429929	1.346401	0.602056	1.279506	0.842431	0.624242	1.697840	1.719864	1.196912	1.024112	1.260249	0.708785	0.000000	1.190227	1.158404
248	0.279336	0.394528	0.745123	0.465335	0.036171	0.910681	0.285176	0.423398	0.204325	0.345932	0.293227	0.350025	0.825655	0.000000	0.087475	0.306952	0.426673	0.636269	-0.046316	0.024874
249	0.026417	0.000000	1.301334	0.461566	0.964454	0.563877	0.953059	1.056318	0.880196	1.202157	0.358653	1.096778	1.701956	0.234495	0.853951	0.154689	0.603911	0.610484	1.078285	1.042202
250	1.721302	1.129693	2.312440	2.377804	1.043237	1.681636	1.753859	2.058252	2.166368	1.242276	1.425501	1.550458	2.293188	1.886469	2.084875	0.543238	0.000000	1.977539	1.167343	1.444453
251	0.362625	0.065847	-0.412386	-0.146809	0.618730	0.484521	0.000000	0.367486	0.462581	0.616180	0.461260	-0.020821	0.068549	0.166450	0.384230	0.217346	0.270326	0.402067	0.478403	0.520109
252	0.048171	0.683121	1.186850	1.035008	0.876763	0.000000	0.926034	1.108366	0.863702	1.158635	0.985151	0.988695	0.186342	0.985793	1.070127	0.700710	1.286584	1.141598	0.846527	0.918010
253	1.174859	0.509791	1.540096	1.561415	-0.067981	1.336218	0.771017	0.000000	1.364715	0.266337	0.416752	1.204444	1.723694	1.169103	1.377810	1.239361	1.063520	0.536776	0.065718	0.159510
254	0.356731	0.071289	0.932326	0.690303	0.150148	0.759531	0.217092	0.258834	0.274203	0.068514	0.230360	0.424904	0.449010	0.405727	0.000000	0.591753	0.556192	0.346349	0.200539	0.054980
255	0.231630	-0.064982	0.698362	0.657889	-0.239702	0.547999	0.238899	0.028110	0.866811	-0.048456	0.070558	0.243987	0.000000	0.410798	0.773607	0.329592	0.193349	0.195488	-0.347883	0.034033
256	0.119587	-0.309682	-0.201651	-0.038269	-0.205907	0.090133	-0.037731	0.136399	0.535371	0.287322	0.109288	-0.236728	0.365690	0.106402	0.427163	-0.101812	-0.115602	0.000000	-0.384698	-0.289411
257	0.306037	-0.225080	0.385236	0.336628	-0.426091	0.414207	0.008831	-0.184065	0.708937	-0.198855	-0.134351	0.257633	0.317984	0.245438	0.609308	0.310042	0.213176	0.000000	-0.630187	-0.396302
258	0.508907	0.314275	0.920405	0.735257	0.669983	0.696451	0.711692	0.825626	1.365636	1.122098	0.792325	0.387691	1.606899	0.575240	1.350540	0.000000	0.014375	0.378131	0.589365	0.633328
259	0.582245	0.048222	1.584622	0.924434	-0.065254	0.859753	0.323013	0.439292	0.757253	0.407132	0.274832	0.091132	1.789627	0.316933	0.580474	0.078103	0.000000	0.383995	-0.134602	0.171468
260	0.248793	0.116808	1.454890	1.319093	0.273753	0.595710	0.167608	-0.851879	0.320621	-0.303182	0.000249	0.355174	1.042963	0.000000	0.400199	0.330866	0.021298	-0.634624	0.707918	0.494053
261	1.086216	0.686523	2.062175	1.897760	0.452204	1.648027	1.569617	0.405388	1.928073	0.000000	0.309925	1.859198	2.075040	1.526165	1.969146	1.442500	1.255697	0.746834	0.704651	0.823141
262	1.501282	0.959712	1.965639	1.998747	0.737496	1.731261	1.258734	0.274866	1.467785	0.000000	0.646155	1.550076	2.062135	1.427304	1.523968	1.455284	1.371953	0.954501	0.942950	0.950675
263	1.379751	0.484294	1.834470	1.460009	0.417897	1.659328	1.025109	0.180124	1.193150	0.000000	0.419943	1.375371	1.535236	1.061245	1.051293	1.252105	0.831540	0.342430	0.873908	0.607043
264	1.583055	0.644752	-0.281374	0.943251	1.500339	1.463730	1.413462	1.722282	1.884387	1.639360	1.508111	0.000000	2.495874	1.434359	1.905279	1.180667	1.766767	1.868852	1.396371	1.540937
265	0.954648	0.713633	1.832717	1.621232	0.619580	0.000000	0.576295	1.174052	0.909673	0.267426	0.609030	1.097860	1.937257	0.864776	1.025873	0.882254	1.150817	1.534918	0.529298	0.725943
266	0.408159	-0.116602	0.299018	0.137698	-0.509700	0.525963	0.099832	0.314545	0.450302	0.228231	0.070266	0.180729	0.898456	0.239172	0.409902	0.000000	0.228462	0.389096	-0.382305	-0.368073
267	0.764553	0.436896	1.210261	1.117202	0.822853	0.962337	0.966954	0.486820	0.759802	0.000000	0.532001	0.563868	0.966830	0.650045	0.781919	0.554593	0.285945	0.312665	1.278906	0.959949
268	0.000000	0.711973	1.060182	0.470895	0.931043	0.638752	0.540506	1.014722	0.548207	0.554070	0.297361	0.426169	1.173431	0.040526	0.574321	0.111797	0.128745	0.852992	0.978942	1.007141
269	0.012398	0.273568	0.283941	0.000000	0.346314	0.289308	0.396767	0.497278	0.370395	0.279088	0.261251	0.553394	0.169167	0.177440	0.565974	0.205653	0.411308	0.443215	0.407336	0.384361
270	-0.010545	-0.195284	0.030715	0.000000	-0.106157	-0.224229	0.093192	0.147827	0.291801	0.208912	0.117104	0.092099	0.999805	0.079754	0.377575	-0.138404	-0.152390	0.096125	0.056141	-0.119138
271	0.538509	0.261548	0.000000	0.032505	0.751120	0.288984	0.592851	0.648421	0.618212	0.920853	0.614162	0.510778	1.332349	0.311581	0.726787	0.301168	0.403465	0.534520	0.632006	0.748793
272	0.646662	0.436371	1.465991	1.674074	0.107548	1.661667	1.121582	0.000000	1.855563	0.572250	0.598488	1.373915	0.720212	1.523229	2.029232	1.138391	0.553133	-0.041760	0.295501	0.215745
273	1.207450	0.674907	1.197796	0.983996	0.908793	1.351281	1.238715	-0.161481	1.232527	0.286005	0.585449	1.005316	1.352197	0.946795	1.297426	1.044061	0.745352	0.000000	1.085573	1.228141
274	1.165575	0.506235	1.688672	1.674022	0.410546	1.817027	1.460028	0.000000	2.046265	0.057216	0.504713	1.824286	1.617143	1.665508	2.033686	1.630264	1.245080	0.433105	0.739462	0.725872
275	0.464369	-0.433093	1.423011	1.065402	-1.203396	0.754469	-0.357373	-0.331613	0.284108	-0.886360	-1.186097	0.565239	1.069488	-0.008439	0.000000	0.502344	0.238757	0.106729	-1.037359	-1.148624
276	0.542620	0.456291	0.897216	1.206148	0.806451	0.615437	1.199204	1.399555	1.973179	1.549043	1.195108	1.055185	1.880946	1.548761	1.931558	0.000000	0.095991	1.046368	0.795994	0.744287
277	0.731919	0.522786	1.033958	0.000000	0.399137	1.356293	0.972208	1.288668	1.494805	0.835811	0.743589	1.314363	1.918245	0.739084	1.560093	1.272776	1.723485	1.421704	0.503844	0.300118
278	0.962114	0.500636	-0.452052	0.595499	0.959684	1.259134	0.851705	1.192329	1.111741	1.131285	1.036458	0.000000	2.167883	0.900257	1.274331	0.514803	1.174080	1.197342	1.060874	1.073773
279	0.626328	0.490420	0.393855	0.579489	0.000000	0.889187	0.501808	0.546496	1.324501	0.638111	0.611550	0.851512	0.342975	0.966416	1.400424	0.665833	0.801779	0.763020	-0.198778	0.119456
280	0.109861	-0.260633	0.013825	-0.028738	-0.385229	0.426278	-0.012033	0.380244	0.398487	-0.083398	-0.176067	-0.050152	1.616865	0.106386	0.468596	-0.045406	0.000000	0.560973	-0.612241	-0.415893
281	0.924003	0.263779	0.000000	0.825498	0.732905	1.198308	0.830748	0.942681	1.227525	0.787149	0.801841	0.379285	2.106574	0.978219	1.315490	0.758376	1.165453	0.986351	0.742954	0.851612
282	-0.263890	-0.124091	0.116215	0.446666	-0.083046	0.198886	0.025433	0.351258	0.356888	0.685257	0.404299	0.000000	-0.492476	0.432559	0.451755	-0.358309	-0.047263	0.034212	-0.179016	-0.112617
283	0.000000	-0.191025	0.115408	0.055814	0.194417	0.036424	0.058496	0.332075	0.105363	0.038434	0.026522	-0.137957	1.486837	-0.065281	0.121483	-0.356477	-0.371895	0.371240	0.177410	0.194286
284	-0.004502	-0.454456	0.603532	0.178402	-0.268565	0.777556	-0.124158	0.254970	0.000000	0.418134	-0.026835	0.185144	2.068478	-0.111494	0.073350	-0.300476	-0.108223	0.036706	-0.097174	-0.271349
285	0.097715	-0.059840	1.156453	0.975679	-0.315027	0.901787	-0.017212	0.026197	0.204171	-0.077905	0.041587	0.209792	0.073164	0.454202	0.147154	0.174049	0.000000	-0.010552	-0.043014	-0.399196
286	1.690999	1.161737	2.605755	2.616853	0.888268	2.220297	2.076037	0.000000	2.515446	0.560923	0.973397	2.403096	2.583245	2.294023	2.582175	2.122854	1.920693	0.768288	1.239084	1.286079
287	1.465308	1.049976	2.434753	1.905327	0.499545	2.040898	1.491460	0.000000	2.078651	0.137698	0.511113	1.820650	2.316587	1.345285	2.089121	1.477969	1.223381	0.601769	0.609906	0.757826
288	1.597195	1.255490	2.690342	2.695519	1.323146	2.397984	2.535520	0.274133	2.822427	0.933932	1.462988	2.806874	3.008001	2.655546	2.823380	2.572217	2.195198	0.000000	1.768650	1.837501
289	0.679345	0.123656	1.460690	1.138732	0.159868	1.129442	0.404055	-0.800626	0.241985	-0.593013	-0.119232	0.540085	1.930212	0.000000	0.241098	0.591704	-0.006955	-0.301437	0.544970	0.563731
290	1.975695	1.242980	2.696712	2.794068	0.311597	2.315348	2.308017	1.459162	2.861810	0.000000	1.006088	2.318212	2.975437	2.495687	2.889627	2.258165	2.222260	1.923511	1.256320	1.395500
291	0.061239	0.380451	0.551084	0.615636	0.190561	0.523562	0.064038	0.750578	0.090341	0.774302	0.517189	0.000000	0.097904	0.270307	0.114570	-0.076731	0.231437	0.567243	0.408010	0.302616
292	0.177724	-0.139100	0.329508	0.000000	-0.161022	0.388038	0.035988	0.158654	0.162817	0.259372	0.050008	0.122651	1.693209	-0.022926	0.207725	0.036051	-0.017544	0.051991	-0.004930	-0.058804
293	-0.129656	0.170973	1.226438	0.568868	-0.088313	0.574392	0.330735	0.145603	0.189795	0.178828	0.095120	0.695995	0.037277	0.397162	0.234976	0.000000	0.326831	0.030885	-0.031261	-0.084257
294	1.570116	0.897556	1.772023	1.936769	0.941339	1.954465	1.732915	-0.130541	2.003623	0.150279	0.727787	1.802579	2.182878	1.769853	2.024541	1.880983	1.408586	0.000000	1.028533	1.279437
295	-0.006866	-0.118515	0.023168	-0.422216	-0.177528	0.210863	-0.118517	0.087748	0.043019	-0.213325	-0.136487	-0.057035	-0.267843	-0.234925	0.089016	-0.023918	-0.040985	0.000000	-0.261221	-0.199156
296	1.449381	0.771327	2.695607	2.464303	-0.159725	2.218156	1.805484	0.000000	2.511035	0.038633	0.045764	2.469191	2.580603	2.054845	2.528751	2.120820	2.026417	0.755437	-0.275968	0.239879
297	0.676422	0.069681	-0.075212	-0.176140	-0.089679	0.892369	0.043002	-0.053928	0.680269	0.070454	0.235819	0.000000	1.996122	0.237487	0.658302	0.247091	0.112779	0.081245	-0.195477	-0.143412
298	0.583790	0.000000	2.001464	1.964007	-0.455143	1.269866	1.287759	0.146479	2.392707	0.622274	0.428685	1.851325	2.168090	1.845557	2.274139	1.066896	0.713517	-0.065649	0.345834	0.011673
299	0.531785	0.026451	0.809109	0.117058	-0.300012	1.118168	0.148231	-0.177048	0.654078	0.063361	0.074481	0.544607	1.987853	0.260089	0.579949	0.325816	0.000000	-0.129547	-0.376403	-0.360274
300	0.598314	0.056862	0.325966	1.100294	-0.158090	1.010129	0.108605	-0.023969	0.194000	-0.372004	0.150079	-0.060120	1.671523	0.289666	0.000000	0.311507	0.948102	0.411634	-0.243274	-0.176618
301	0.564448	0.417408	0.407793	0.335415	0.144061	0.776257	0.331037	0.449282	0.986363	0.409433	0.483655	0.445122	0.000000	0.615204	0.881903	0.581020	0.585965	0.542566	0.084449	-0.038706
302	0.800813	0.527713	0.350408	0.203277	0.688036	0.951952	0.892652	0.646998	1.651237	0.913257	0.621845	0.000000	1.275848	0.516444	1.607142	0.747980	0.887373	0.524426	0.842685	0.923522
303	0.689342	0.247293	-0.055798	0.389495	0.382341	0.727821	0.332957	0.183464	0.670102	0.506455	0.592875	0.000000	0.975281	0.522497	0.733972	0.393480	0.516092	0.236608	0.414377	0.483920
304	-0.143946	-0.456927	-0.269166	-0.235081	-0.665459	0.089301	0.117460	-0.292451	0.778812	0.022720	-0.223462	0.000000	0.500724	0.170721	0.684001	-0.319479	-0.257218	-0.308056	-1.559045	-0.610832
305	0.192547	-0.440533	0.153061	-0.216988	-0.308262	0.570581	-0.043001	-0.414516	0.327720	-0.333325	-0.213134	0.234528	1.281047	-0.016576	0.364556	0.107249	0.000000	-0.280155	-0.267338	-0.217408
306	-0.386199	-0.691641	0.486774	-0.068858	-0.792013	0.200801	0.014504	-0.586336	0.249464	-0.782624	-0.690001	0.204761	-0.112845	-0.062300	0.000000	-0.178647	-0.334159	-0.810439	-0.725473	-0.775098
307	-0.198287	-0.801735	0.507613	-0.087004	-1.028643	0.375524	-0.187572	-0.864299	0.120965	-0.344727	-0.507668	0.490048	1.472065	-0.042655	0.000000	0.058211	-0.116760	-0.922585	-0.816797	-0.882184
308	-0.170694	-0.481297	0.725381	-0.159799	-0.323006	0.435453	0.103401	-0.266631	-0.024374	-0.470096	-0.432003	0.474622	0.553831	-0.177194	0.000000	0.138987	0.156134	-0.326107	-0.273861	-0.228158
309	1.405392	0.578787	1.693486	1.608776	0.077128	1.845209	1.020034	-0.100434	1.676153	0.000000	0.427760	1.802791	2.129470	1.533413	1.770642	1.596778	1.177862	0.389571	0.597231	0.249498
310	0.022749	-0.321772	0.138044	-0.039402	-0.081938	0.337710	-0.009642	-0.045042	-0.043413	-0.196998	-0.198222	0.044381	0.519945	-0.100393	-0.047239	0.000000	-0.002838	-0.128139	-0.175399	-0.051608
311	1.093523	0.510500	1.607735	1.785790	0.039663	1.288799	1.191183	0.000000	1.987394	0.061504	0.365999	1.497797	1.822468	1.603330	1.928116	1.326439	1.077610	0.608081	0.218215	0.045142
312	0.373517	0.638468	1.088715	0.852191	0.755575	0.000000	1.105832	1.518067	1.301144	1.138247	1.016304	1.184268	1.849544	1.045500	1.365715	0.947435	1.439038	1.579988	0.530675	0.837060
313	0.199445	0.094775	0.460133	0.275656	0.391056	0.623380	0.339125	0.383289	0.297660	0.384300	0.414351	0.469055	0.000000	0.298829	0.426254	0.371541	0.476661	0.290107	0.514689	0.506192
314	0.476905	-0.165633	0.293220	0.467997	0.265332	0.000000	0.285603	0.607704	0.490683	0.491293	0.475693	0.196603	1.151881	0.444409	0.481116	0.417921	0.492216	0.659470	0.242629	0.386208
315	-0.257232	-0.691871	0.061417	-0.250045	-0.258222	0.266452	-0.080286	-0.350091	-0.017508	-0.470373	-0.640310	-0.056283	1.062929	-0.477481	0.000000	-0.114223	-0.078101	-0.243653	-0.611526	-0.184797
316	0.000000	-0.801100	-0.269699	-0.337108	-0.686417	0.316906	-0.410059	-0.415926	0.162885	-0.166988	-0.253482	-0.169441	0.760644	-0.170814	0.151429	-0.195912	-0.326278	-0.417277	-0.776267	-0.795894
317	1.570300	0.715068	2.010395	2.034437	0.000000	2.086563	2.030871	-0.178888	2.242471	0.232853	0.579890	2.120141	2.110888	2.000645	2.279387	2.256043	1.930121	0.353524	0.768991	1.175180
318	1.083469	0.273507	0.566400	0.585201	0.238169	1.344541	0.857589	0.394673	1.667922	0.419094	0.552316	0.971044	1.572668	0.919374	1.675430	0.801728	0.569248	0.688100	-0.281827	0.000000
319	0.000000	-0.491569	1.103506	1.074774	-0.531650	0.839171	0.640283	-0.583637	0.846553	-0.321943	-0.004269	0.998346	1.161886	0.862562	0.962087	0.393032	0.124000	-0.876825	0.284826	0.220844
320	-0.324919	-0.671113	0.941126	0.660897	-0.477168	0.784626	0.543215	-0.840415	0.329726	-0.879631	-0.728586	0.442556	0.184255	0.058316	0.000000	0.247890	-0.354491	-0.918301	-0.411010	-0.124180
321	-0.431876	-0.712445	-0.092117	-0.181120	-0.945997	0.185467	-0.381568	-0.862536	0.097922	-0.647489	-0.565802	-0.017995	1.133600	-0.137611	0.000000	-0.329278	-0.366491	-0.687086	-0.919641	-0.975371
322	0.002469	-0.297742	-0.177850	-0.331314	0.224795	0.429287	0.111030	0.334239	0.196099	0.596790	0.324447	0.000000	1.700289	0.009033	0.204087	-0.067430	0.245960	0.219253	-0.075926	0.104744
323	1.101536	0.523339	1.199193	1.215719	0.333291	1.335141	0.934726	0.000000	1.514697	0.449062	0.564014	1.247333	1.380664	1.065185	1.522429	1.081422	0.777764	0.448872	0.209647	0.364062
324	0.306858	-0.338268	0.286164	-0.003981	-0.173485	0.549230	0.066782	0.000000	0.377801	0.030752	0.067000	0.287579	1.279761	0.080918	0.338947	0.175460	0.177431	0.209320	-0.205865	-0.105275
325	0.872028	0.195908	0.667266	0.786378	0.601403	0.000000	0.748784	0.978878	1.024096	0.876747	0.825598	0.535203	1.555492	0.840212	0.997497	0.811568	0.902314	1.010773	0.553707	0.696775
326	-0.016291	-0.224466	0.000000	0.008101	0.041805	0.472759	0.235292	0.087995	0.409027	0.046910	0.042429	0.261313	0.164057	0.142802	0.445249	0.187784	0.189293	0.030110	0.040324	0.082387
327	0.748428	0.046069	0.766253	0.979318	-0.098655	1.065242	0.543272	0.000000	1.065226	-0.172236	0.072848	0.667350	0.641634	0.768229	0.895613	1.098248	1.034138	0.437285	-0.123190	-0.126499
328	0.602037	-0.007163	1.401202	0.800086	-0.369838	1.135162	0.183027	0.087421	0.345464	-0.216769	-0.028758	0.648980	1.730465	0.434661	0.000000	0.634472	0.560862	0.238124	-0.449771	-0.587475
329	0.301424	-0.003607	0.810945	0.115479	0.069802	0.667711	0.273867	0.072178	0.144381	0.130673	-0.020825	0.472927	0.997841	0.000000	-0.071967	0.466036	0.425168	0.071535	-0.138904	-0.078752
330	0.000000	0.246268	0.679479	1.107419	0.621421	0.829965	0.804766	0.553306	1.331722	0.937086	0.864473	0.492096	-0.031947	1.113215	1.342048	0.163920	0.741909	0.485535	0.039904	0.386513
331	0.274750	-0.276419	1.036023	0.196403	-0.238317	0.827420	0.000000	-0.178761	0.472656	-0.017004	-0.123673	0.566629	1.746484	0.049100	0.282041	0.051838	-0.314234	-0.371573	-0.236616	-0.311648
332	0.222907	0.000000	1.954749	1.928054	1.031062	1.102949	2.103599	0.470067	2.294183	0.764978	0.678559	2.059756	2.303815	1.881845	2.431867	1.242642	1.378170	0.109649	1.267113	1.322114
333	0.534183	0.090272	-0.190129	-0.205272	0.224159	0.853120	0.077307	0.478586	0.643918	0.439296	0.372200	0.000000	2.051358	0.067063	0.652348	0.134970	0.065447	0.395123	0.092711	0.222073
334	1.366284	1.033449	2.635070	2.510509	0.883459	2.152457	2.184924	0.000000	2.537403	0.424221	0.781163	2.498423	2.600791	2.277213	2.486037	2.098326	1.458309	0.098957	1.509095	1.527134
335	0.405870	0.057141	-0.349781	0.115693	0.093596	0.723143	0.174735	0.330909	0.673922	0.006690	0.261126	0.004567	0.669289	0.433362	0.746700	0.000000	0.549989	0.485997	-0.126433	0.083150
336	0.549238	0.733752	1.944035	1.490624	0.497257	1.352034	0.856782	0.647211	0.310377	0.169330	0.320434	1.084083	2.167909	0.735237	0.000000	0.889113	1.129510	0.873068	-0.151358	0.304076
337	0.000000	-0.023827	0.362542	0.115253	-0.049351	0.374673	0.190696	-0.068820	0.068584	-0.080523	0.005852	0.355410	0.739118	0.069581	0.134470	0.132991	0.137212	0.002767	-0.197426	-0.008880
338	-0.291480	0.053160	0.266852	0.158735	0.365170	0.578223	0.366288	0.011268	0.000000	-0.113241	-0.002720	0.439964	1.330418	0.024893	0.275313	0.196211	0.304172	-0.006373	0.256186	0.462428
339	3.009408	2.314484	3.716141	3.604705	1.627479	3.391579	3.120020	2.426098	3.450612	2.179158	2.288983	3.512148	3.798023	3.281339	3.408756	3.230299	3.034951	2.574451	0.000000	1.909928
340	0.036477	-0.240190	-0.097567	-0.146691	-0.306131	0.627956	0.086349	-0.181756	0.191125	-0.324910	-0.380616	0.000000	1.957019	-0.063082	0.094744	0.167822	0.228446	0.034547	-0.562531	-0.312544
341	-0.295528	-0.117287	0.218844	-0.062512	-0.090766	0.315825	-0.104237	-0.074884	-0.270134	-0.166984	-0.141783	0.000000	1.861199	-0.154460	-0.287414	-0.045370	0.140100	0.051397	-0.169552	-0.078834
342	-0.046119	-0.005150	1.708123	1.435975	-0.128840	1.544303	0.930754	-0.493307	0.764120	-0.638833	-0.465106	1.369980	2.415584	0.655428	0.870575	0.710675	0.000000	-0.398974	0.086908	0.189822
343	1.888864	1.127516	3.427809	2.810427	0.845276	2.888373	2.318490	0.420977	1.734545	0.000000	0.149972	2.737380	3.635697	1.581812	2.099795	2.293255	1.943022	1.081678	1.398686	1.842536
344	-0.017331	-0.126527	0.898301	0.357423	-0.269083	0.454538	0.118523	0.132378	-0.091333	-0.084729	-0.103105	0.378256	2.468547	0.000000	-0.214445	0.212615	0.464766	0.427436	-0.321281	-0.234345
345	-0.106401	0.026335	0.487049	0.411507	0.294263	0.187378	0.349108	0.425866	-0.145262	0.088156	0.119953	0.273570	2.301003	0.000000	0.013250	0.217967	0.530274	0.573297	0.256982	0.414007
346	1.989319	1.346213	3.088686	2.785950	1.143050	2.830313	2.671837	0.000000	2.751472	-0.076352	0.815906	2.907940	3.492370	2.565010	2.745075	2.750263	1.881001	0.431565	1.541664	1.848087
347	1.158773	0.738324	2.291858	1.762224	1.497781	2.243804	1.991091	0.225048	1.953115	0.571639	0.842170	1.886245	2.923599	1.717645	1.857187	1.716115	1.253445	0.000000	1.461549	1.611955
348	-0.022051	-0.110082	0.072623	-0.113304	0.042341	0.357264	0.105538	0.000000	0.007569	-0.150946	-0.095186	0.024124	1.966164	-0.090184	0.025223	0.162018	0.270149	0.267292	0.043106	0.061208
349	-0.010883	0.331743	1.875718	0.900287	0.640658	1.266565	0.848012	0.454352	0.000000	0.479371	0.229739	1.337538	2.610296	0.410724	0.252541	0.677221	0.737025	0.087230	0.791826	0.686756
350	1.763542	0.990341	2.231200	2.353977	0.684563	2.092303	2.224005	0.960449	2.518080	0.000000	0.811290	2.347415	2.673820	2.304952	2.559337	2.220976	2.093189	1.464914	1.347063	1.549637
351	1.280879	1.065673	2.849398	2.196129	1.292301	1.920509	1.608937	1.261476	0.664227	1.161766	0.667311	1.733548	2.962264	0.682394	0.000000	1.496024	1.568021	1.374808	1.335041	1.557400
352	0.203807	-0.037218	0.420850	0.000000	0.425034	0.597823	0.537573	0.310292	0.502666	0.177682	0.184328	0.508002	2.138454	0.291664	0.527351	0.337806	0.370420	0.380070	0.438015	0.485100
353	-0.169734	-0.687116	0.784929	0.193077	-0.716355	0.559099	-0.303555	-1.025425	0.000000	-0.739429	-0.665731	0.370487	1.179554	-0.057175	0.085548	0.343221	0.077951	-0.782800	-0.787199	-0.746801
354	1.469418	0.401970	1.986627	2.031022	0.000000	1.913574	1.584603	0.891798	2.386477	0.530246	0.884225	1.507795	2.186846	1.987921	2.380276	1.471699	1.371141	1.181929	0.355467	0.139677
355	-0.290585	-0.754111	-0.077819	0.165737	-0.277703	-0.551766	-0.251221	0.451623	-0.005868	-0.104018	-0.185508	-0.578707	1.068549	-0.184531	0.000000	-0.096464	0.370774	0.506822	-0.115377	-0.154279
356	1.066703	0.165676	0.380336	0.863621	0.699045	0.411607	0.625822	1.535423	1.071451	1.094332	0.789178	0.000000	2.796567	0.822422	1.116719	0.903358	1.284677	1.594271	0.652437	0.695615
357	0.605012	0.460211	2.203676	1.855673	1.035880	1.491073	1.065393	0.915892	0.000000	0.571335	0.447743	1.366335	2.296843	0.840470	0.285065	1.018590	1.390968	0.841365	1.153916	1.102046
358	0.769427	0.131432	0.952098	0.941971	0.146660	1.326268	0.620180	0.126463	0.767207	0.357391	0.386887	0.550135	1.550484	0.600253	0.553064	0.576343	0.000000	0.223655	0.080251	0.285971
359	1.864705	1.222780	2.095907	2.043185	1.124723	2.110950	1.866129	0.000000	2.097770	0.748027	1.266639	2.096735	2.111998	2.001259	2.177575	2.193881	1.880365	0.468148	1.540216	1.525129
360	0.000000	-0.295834	0.797774	0.104001	-0.121686	0.628981	-0.068581	-0.608650	-0.262858	-0.123320	-0.258036	0.276496	1.443279	-0.341554	-0.315343	-0.195565	-0.461160	-0.562143	0.063640	-0.021181
361	2.388033	1.447320	2.314122	2.612780	0.000000	2.243428	2.512604	1.775350	2.712239	1.388922	1.659171	2.459565	2.452395	2.535535	2.868670	2.483742	2.466343	2.107371	1.815627	2.232325
362	-0.214596	-0.133658	0.483889	0.118849	-0.065539	0.360841	-0.199156	0.005000	-0.617393	-0.036399	-0.254727	0.000000	1.931888	-0.282991	-0.720558	-0.137104	0.033935	-0.152705	-0.010961	-0.087380
363	-0.303933	0.103730	0.269218	0.035940	-0.072591	0.184522	0.121864	0.166686	0.192632	0.030969	0.032818	0.129165	-0.297730	0.000000	0.376290	0.023160	0.213590	0.032831	0.078409	-0.088365
364	0.522473	0.558007	1.304444	1.115849	0.431360	1.096247	0.742809	0.763032	0.915956	0.849636	0.811221	0.925377	0.000000	0.910071	0.866546	0.659308	0.748382	0.534275	0.661850	0.506729
365	0.012730	0.151879	0.194554	0.126714	0.157672	0.130049	-0.016570	0.288599	-0.050576	0.266321	0.194142	0.079565	0.103838	0.001577	-0.017380	0.000000	0.111011	0.117142	0.161544	0.093487
366	0.569628	0.316061	0.428970	0.555504	0.672243	0.000000	0.607370	1.040185	0.910323	1.014591	0.867892	0.510937	1.207626	0.672818	0.969506	0.456695	0.736714	0.967592	0.601106	0.733837
367	0.641053	0.311272	0.541299	0.686932	0.584332	0.000000	0.668382	0.930892	0.892071	0.784354	0.737430	0.553139	1.096985	0.734257	0.943330	0.585653	0.869398	0.921884	0.593945	0.675546
368	0.040040	-0.022051	0.000000	0.203234	0.089393	0.191688	0.044792	0.324406	0.353574	0.077826	0.216025	0.137282	0.073214	0.217707	0.396427	-0.015096	0.061669	0.365735	0.064067	0.138429
369	0.239389	-0.104013	-0.556370	-0.482802	0.040711	0.581670	0.253209	-0.121926	0.811937	-0.095250	0.062935	0.199513	0.000000	0.266445	0.821950	0.354489	0.244146	0.061267	-0.251204	-0.019996
370	0.082736	0.130537	0.439545	0.000000	0.144404	0.319023	0.261347	0.537422	0.592903	0.490435	0.238024	0.440369	1.199057	0.135710	0.422113	0.310430	0.433028	0.557478	-0.232497	0.061546
371	0.476995	-0.059321	0.329802	0.050278	0.079824	0.620235	0.121423	0.000000	0.348125	0.029982	0.174708	0.225687	1.367052	0.038712	0.365128	0.371355	0.243042	0.202732	-0.038051	0.055513
372	0.223768	-0.180880	0.216456	-0.297254	0.182263	0.596679	0.454538	0.036911	0.363509	-0.123380	-0.147856	0.273469	1.196524	-0.050709	0.374339	-0.014404	-0.187371	0.000000	0.080340	0.227254
373	-0.164968	-1.091398	-0.069042	-0.652382	-1.198301	0.160588	-0.741310	-0.512290	0.225765	-0.972297	-1.041968	-0.559587	1.154998	-0.676928	0.000000	-0.303639	-0.365003	-0.330050	-1.380581	-1.347328
374	-0.864164	-0.880440	1.042439	1.043975	-1.528908	0.250950	0.000000	-1.510921	0.892528	-1.246407	-1.098099	0.658661	0.363273	0.537673	0.950672	0.017856	-0.089983	-1.063758	-1.160717	-0.807841
375	0.076463	-0.142035	1.417904	1.058913	-0.396326	0.585557	0.467819	0.179233	0.871618	0.173931	-0.018447	0.756820	1.408798	0.563065	0.761833	0.000000	-0.115311	-0.091923	-0.273787	-0.242456
376	1.472496	0.557153	1.719377	1.670138	0.000000	1.731909	1.523386	0.838866	1.739942	0.985908	1.006247	1.683167	1.781877	1.667570	1.848452	1.466432	1.255094	0.898011	0.888858	0.917965
377	0.404325	-0.350783	0.476921	0.009782	-0.136895	0.710483	0.192379	-0.299328	0.651812	-0.347081	-0.103178	0.000000	0.897301	0.228284	0.708133	0.248232	0.285470	-0.254917	-0.044470	-0.141615
378	0.481811	0.000000	1.361388	1.416140	0.803286	1.295953	1.708899	0.446227	2.041168	0.770619	0.642007	1.638470	1.763367	1.604175	2.135369	0.964283	1.188597	0.195852	1.194963	1.062138
379	-0.017074	-0.540790	0.115305	-0.142910	-0.041330	0.000000	0.093969	0.482140	0.367848	-0.021792	-0.204803	-0.042630	1.900957	-0.073157	0.445346	0.398716	0.754242	0.590938	0.072978	0.027971
380	1.280728	0.278380	0.439340	0.996427	0.974486	0.000000	1.029021	1.296164	1.246968	1.238242	1.109394	0.049779	2.066782	1.098826	1.240464	0.837514	1.086539	1.407168	0.928607	1.101779
381	1.352012	0.973637	1.275655	0.000000	1.227110	1.954037	1.534923	0.861790	2.217321	0.984905	0.835431	1.893216	2.700987	0.840485	2.112018	1.348645	1.074205	0.933307	0.716031	1.121281
382	1.213628	0.643226	1.686560	1.313495	0.000000	1.861089	1.005114	0.435929	1.220464	0.863616	0.734629	1.252132	1.481293	1.056416	1.153364	1.158990	0.882851	0.464909	-0.659545	0.135582
383	1.780237	1.207662	2.772391	2.488232	0.000000	2.230528	1.792781	1.161296	2.589164	1.191551	1.281055	2.306167	2.558608	2.375408	2.451412	2.331773	2.228517	1.454623	0.990163	0.425121
384	1.307438	0.540427	1.457832	0.408364	-0.112313	1.491585	0.832678	0.595460	1.745008	-0.043604	0.125041	1.359666	2.147146	0.512007	1.752954	1.247523	1.292335	1.000696	0.462489	0.000000
385	0.090522	0.000000	1.490908	1.366087	0.663567	1.177105	1.825373	0.399261	1.969648	0.574622	0.520288	1.733225	1.825522	1.598805	2.034373	0.759887	0.886142	0.184942	1.173137	1.180560
386	0.941149	0.166945	-0.499775	0.226797	0.592747	1.411672	0.775980	0.639344	1.048994	0.706951	0.695656	0.000000	1.824025	0.734969	1.125489	0.745305	1.077071	0.760998	0.404236	0.615264
387	0.440770	0.392519	1.891858	1.830765	0.441018	0.996616	1.064595	-0.084659	1.456361	-0.151085	0.348226	0.885271	0.330950	1.322493	1.521447	0.333818	0.000000	-0.050725	0.610841	0.434344
388	0.000000	0.061747	0.277260	0.032707	-0.084471	0.249658	0.246115	0.112033	0.355726	0.026691	0.098089	0.343217	1.989848	0.248830	0.362812	0.011352	-0.005772	0.204368	-0.233557	-0.157409
389	-0.110910	0.030932	0.240658	0.024012	-0.062338	0.290168	0.175453	-0.047524	0.147243	-0.282447	-0.097339	0.327186	0.186189	0.000000	0.394288	0.097737	0.356017	0.045229	0.107483	0.022153
390	2.358863	1.663106	3.107319	2.959893	1.630903	2.950646	2.906960	0.397329	3.198014	0.000000	0.953086	3.108281	3.142452	2.715548	3.294894	2.804144	2.497508	0.854115	1.131019	2.115958
391	1.877020	1.306099	2.368827	2.374615	0.000000	2.155194	2.109611	1.790578	2.560539	1.544860	1.470287	2.241528	2.465471	2.345150	2.582832	2.027391	2.089561	1.975120	0.561362	0.952076
392	0.437793	0.286980	0.223548	0.386619	0.602205	0.532357	0.396839	0.726193	0.517065	0.770305	0.579938	0.000000	2.117127	0.314599	0.612150	0.147398	0.502953	0.717311	0.513373	0.620206
393	0.132584	-0.016340	0.676424	0.312103	-0.318654	0.323080	-0.332353	0.059642	0.323295	0.011761	-0.111675	0.092830	1.537958	-0.132548	0.254184	0.000000	0.146887	0.091366	-0.462868	-0.406923
394	0.394219	-0.181454	1.095536	0.305774	-0.411529	1.076000	0.283101	-0.444980	0.429889	-0.263163	-0.137974	0.758302	1.642650	0.207559	0.370263	0.346896	0.000000	-0.392107	-0.431135	-0.336274
395	2.180907	1.291171	2.371119	2.166517	0.416871	2.379750	1.590701	1.027175	2.383965	1.491541	1.514596	2.340488	2.508880	2.105954	2.278429	2.147823	1.857582	1.222439	0.000000	0.463898
396	0.342447	0.141900	-0.419767	-0.036972	0.339994	0.445512	0.182389	0.382499	0.574705	0.346742	0.393086	0.000000	0.987169	0.331375	0.656977	0.101489	0.226672	0.362788	0.247368	0.309596
397	-0.068448	0.025935	0.100475	0.076495	0.014912	0.085203	0.065724	0.130698	0.068229	0.127499	0.029255	0.080021	-0.191134	-0.004302	0.105430	-0.003083	0.170867	0.000000	0.036805	0.065982
398	-0.114009	-0.495428	-0.279254	-0.256798	-0.490113	-0.044767	-0.221744	0.202699	0.168609	-0.228146	-0.186312	-0.290359	0.916673	-0.068043	0.196592	-0.134752	0.000000	0.292706	-0.613303	-0.484220
399	0.676628	0.025166	0.380302	0.531709	0.355884	0.000000	0.579516	0.544036	0.940445	0.489661	0.446950	0.384976	1.502418	0.631417	0.981243	0.610707	0.626359	0.588212	0.293344	0.419854
400	-0.126004	-0.681548	-0.110839	-0.198257	-0.457583	0.000000	-0.265551	-0.446944	0.044490	-0.389316	-0.324826	-0.215334	0.508169	-0.179479	0.052299	-0.239256	-0.348780	-0.394290	-0.509098	-0.382301
401	0.271178	-0.177311	0.294908	0.401697	-0.145548	0.260963	0.074922	0.145818	0.536988	0.223486	0.187116	0.155941	0.429082	0.303207	0.528453	-0.039037	0.000000	0.134590	-0.432977	-0.189776
402	0.397628	0.267000	-0.194351	0.114137	0.549920	0.252640	0.354166	0.595456	0.686598	0.595862	0.575121	0.000000	0.577461	0.365601	0.760400	0.181425	0.324748	0.501984	0.468173	0.592533
403	-0.278929	-0.568862	-0.341475	-0.393857	-0.408567	0.000000	-0.274833	-0.567650	0.057145	-0.449877	-0.437922	-0.295934	0.530650	-0.317440	0.050774	-0.340638	-0.386565	-0.531213	-0.668433	-0.361359
404	-0.005372	-0.154442	0.057496	0.062489	-0.219761	0.238048	0.065407	0.089213	0.280039	-0.006041	0.025295	0.085095	0.315798	0.128304	0.300780	-0.050274	0.000000	0.057589	-0.322140	-0.193015
405	0.092522	-0.060268	-0.007408	0.000000	0.232412	0.161146	0.275370	0.238992	0.476756	0.244922	0.222881	0.064101	0.319998	0.156132	0.513778	0.050946	0.140087	0.142178	0.224002	0.292805
406	0.071391	-0.283300	0.026697	0.177945	-0.025894	0.000000	0.134467	0.095141	0.397463	0.130173	0.208684	0.006107	0.441914	0.225710	0.401416	-0.109821	-0.069707	0.048949	-0.053938	0.135293
407	0.157230	0.051553	-0.024498	0.011866	0.140362	0.210641	0.190764	0.272302	0.514834	0.289508	0.260481	0.000000	0.413758	0.211784	0.569035	0.062289	0.173917	0.176054	0.050160	0.160741
408	0.036695	-0.241860	0.000000	-0.075868	-0.065742	0.186023	0.158973	0.013245	0.373335	0.148329	0.061494	0.274612	1.062405	0.107939	0.376829	0.133129	0.107224	-0.010170	-0.194192	-0.086299
409	0.712836	0.289313	0.641758	0.454672	0.082607	1.339409	0.563550	0.000000	0.796363	0.032639	0.254516	0.621968	1.252370	0.509373	0.884767	0.605281	0.513281	0.202981	-0.036589	0.070445
410	1.835778	1.034491	2.309049	2.105866	0.431123	2.299382	1.591434	0.000000	2.086236	0.567960	0.863795	2.152615	2.511554	1.920442	2.072027	2.128341	1.609011	0.651040	0.725237	0.644685
411	0.418750	0.081790	0.706462	0.291292	-0.012875	0.994682	0.228427	0.003744	0.219817	0.120601	0.197975	0.394842	1.129604	0.233001	0.088908	0.147925	0.000000	0.041145	-0.187878	-0.132240
412	2.144218	1.286996	3.125466	2.912409	1.277886	2.654216	2.549291	1.025936	2.978904	0.000000	0.605001	2.677389	2.683654	2.409511	3.035699	2.631160	2.389511	1.461331	1.673691	1.946047
413	0.202938	-0.142280	0.571298	0.165778	-0.291574	0.667580	0.025223	-0.160240	0.183509	-0.195029	-0.043995	0.225161	-0.002105	0.000000	0.138324	0.186500	0.169645	-0.018990	-0.390557	-0.337993
414	0.333558	0.000000	1.391012	1.352796	0.999914	1.341969	1.700700	0.583290	1.853288	0.542470	0.656313	1.489498	2.039272	1.510402	1.881006	0.959865	0.952661	0.473483	1.173068	1.352002
415	-0.077570	-0.624541	-0.515440	-0.755864	-0.493553	0.432644	-0.294925	-0.629196	0.153951	-0.493628	-0.451007	-0.210821	1.209012	-0.488055	0.000000	-0.386546	-0.491345	-0.456932	-0.775021	-0.668379
416	1.720039	0.842286	2.365295	1.524457	0.552539	2.145907	1.318236	0.000000	1.813531	0.543184	0.803007	1.899700	2.079344	1.351078	1.749486	1.536093	1.109316	0.363896	0.366466	0.550344
417	0.316952	0.337963	1.509012	1.153936	0.598427	0.870496	0.793977	0.459531	0.000000	0.559692	0.220903	0.944803	1.916120	0.213156	-0.114484	0.447015	0.567458	0.346383	0.509834	0.744612
418	0.299631	0.566765	0.952743	1.030057	0.226935	0.459411	0.597405	0.902034	0.611308	0.676541	0.436818	0.640854	1.351381	0.000000	0.265711	0.294643	0.167079	0.873325	0.485957	0.338120
419	1.821862	0.991211	2.418058	2.537369	0.729979	2.220946	2.104017	0.000000	2.441142	0.389798	0.841041	1.958193	2.554194	2.123211	2.564790	1.855009	1.475030	0.639940	1.403116	1.725681
420	0.891590	0.131614	1.127570	1.080331	0.319308	1.009920	0.737293	0.000000	0.716816	0.435320	0.308650	0.879590	1.697408	0.693532	0.517841	0.830715	0.510468	0.085004	0.407945	0.494520
421	0.065814	0.072761	0.097698	0.226086	0.122019	0.399055	0.137954	0.373748	0.092400	0.320983	0.199180	0.000000	0.173332	0.029360	0.191821	-0.047675	0.163876	0.327624	-0.031235	0.180899
422	0.523136	-0.408493	-0.592907	0.348783	-0.217759	0.775320	0.186007	0.215041	0.933139	0.057015	0.000000	-0.138421	1.080829	0.518051	0.825167	0.281980	0.552855	0.402180	-0.370345	-0.078297
423	1.104271	0.437331	1.579979	1.521397	0.499936	1.271511	1.064654	0.986180	1.246767	0.778680	0.725530	1.296527	0.838578	1.219553	1.052012	1.184447	1.207831	1.076969	0.000000	0.702580
424	-0.388543	-0.971696	-0.205197	0.058891	-1.599072	-0.555545	-0.384333	-0.374523	0.538439	-0.506952	-0.559467	-0.073855	0.430111	0.000000	0.367302	-0.111838	-0.215026	-0.333841	-1.828677	-1.487422
425	0.085213	-0.394520	-0.033452	0.057961	-0.167572	0.295175	-0.248338	0.110856	0.000000	0.325649	0.072875	-0.260597	1.506331	-0.109177	-0.039122	-0.207028	-0.099313	0.049098	-0.094952	-0.233251
426	-0.183938	-0.325242	-0.092613	-0.123425	-0.023141	0.056827	-0.154443	0.107212	-0.151816	-0.047033	-0.086722	0.002311	-0.419287	-0.162565	-0.070372	-0.113652	0.089065	0.000000	-0.096782	0.036961
427	0.721302	-0.145238	0.245838	0.448511	0.141143	0.000000	0.164567	0.713893	0.659684	0.646816	0.556766	0.149871	1.636735	0.542076	0.612597	0.465256	0.396459	0.810950	-0.002313	0.180363
428	0.260332	-0.269476	0.675368	0.301700	-0.362243	0.625821	-0.125900	-0.407960	0.000000	-0.530060	-0.351047	0.317438	1.276510	-0.127916	-0.004596	0.266616	-0.093075	-0.468906	-0.488282	-0.407179
429	0.000000	0.148605	0.728041	0.849052	0.233680	0.760685	0.313266	0.490248	0.824938	0.679923	0.498653	0.575663	1.631943	0.466038	0.794084	-0.330126	-0.041528	0.464043	0.033626	0.247116
430	0.995282	0.130129	1.637262	1.377061	-0.034728	1.488794	1.156261	-0.238397	1.515277	0.032025	0.000000	1.400839	1.477213	1.199996	1.351499	1.440489	0.995747	-0.071363	-0.131292	0.132163
431	1.602085	1.016672	2.611929	2.435525	0.374579	2.414417	1.510204	1.377368	1.620277	0.492269	0.568591	2.160100	2.508530	1.630632	1.746284	2.115083	2.327343	1.632959	0.537013	0.000000
432	0.000000	-0.209859	1.282869	1.139626	-0.466398	0.600325	-0.042390	0.082677	0.173873	-0.217696	-0.169277	0.173946	0.989597	0.420775	-0.348509	0.122585	0.219469	0.226197	-0.266735	-0.428739
433	0.932144	0.872856	1.395470	1.020627	1.382511	1.447402	1.450643	0.721866	1.637951	0.791638	1.056976	1.304848	0.000000	1.153846	1.734516	1.015921	0.926512	0.573949	1.511045	1.516119
434	0.896768	0.811519	1.224559	1.024426	0.959593	1.396509	1.392670	0.833517	1.674386	1.189748	1.056798	1.362605	0.000000	1.292362	1.686869	1.012340	0.806386	0.657079	1.105015	1.040190
435	-0.105721	-0.248602	0.082168	-0.340217	0.336290	0.024761	-0.042144	0.000000	-0.199328	-0.054532	-0.166948	-0.149147	-0.086790	-0.472994	-0.210081	-0.146809	-0.031154	-0.030051	0.391114	0.373365
436	-0.117073	-0.042916	-0.237525	-0.294304	0.392279	0.140767	0.225818	0.329949	0.345512	0.384735	0.274712	-0.046178	0.030915	0.035337	0.347735	-0.126920	0.000000	0.243539	0.262455	0.376872
437	0.875826	0.286232	0.603080	0.653055	0.677597	0.000000	0.807418	0.775136	1.116723	0.855906	0.851732	0.697861	1.261311	0.905505	1.138398	0.816792	0.887921	0.831021	0.618303	0.732252
438	0.478971	0.178959	0.814236	0.228127	0.351907	0.865524	0.322934	-0.153121	0.295044	0.418971	0.260016	0.383080	0.250733	0.000000	0.357949	0.364647	0.143995	-0.317260	0.545055	0.446834
439	1.664885	0.736371	1.541198	1.597837	0.773534	1.869370	1.386851	0.000000	1.642249	0.244514	0.757262	1.511915	1.704075	1.378721	1.713407	1.581924	1.008942	0.399876	0.740909	0.993905
440	0.240934	-0.137524	0.503365	-0.033081	-0.150352	0.634158	-0.098863	-0.190305	0.134325	0.076220	0.092183	0.049478	1.204264	-0.065984	0.000000	-0.031476	-0.073962	-0.135828	-0.170086	-0.181924
441	0.886264	0.000000	1.266000	0.860612	0.612697	1.395925	0.908816	0.366644	1.149004	0.459245	0.369485	1.326662	2.048088	0.708078	1.322295	0.987166	1.062251	0.388728	0.636714	0.606254
442	0.327861	-0.158804	0.250134	-0.026007	-0.102648	0.663002	-0.036045	-0.171927	0.181288	-0.073969	-0.022523	0.102227	0.967597	-0.024595	0.161967	0.000000	-0.067083	-0.146404	-0.087470	-0.064960
443	-0.281664	-0.886076	0.687086	0.218016	-1.460129	0.218906	-0.547621	-0.682694	0.115077	-1.030940	-1.048522	0.158458	1.110817	-0.009093	0.046553	0.000000	-0.094224	-0.723505	-0.831521	-1.403160
444	0.578099	0.043017	0.237920	0.250705	0.145503	0.988157	0.283108	0.090511	0.353010	0.007895	0.280407	0.000000	1.521180	0.281829	0.397414	0.333390	0.363366	0.153352	0.146147	0.122094
445	1.484171	0.914543	2.438658	2.390222	0.821765	2.341476	2.130569	0.000000	2.454493	0.185478	0.819285	2.234148	2.347782	2.141025	2.365796	2.278450	1.721815	0.238275	0.811366	1.275086
446	1.294596	0.902750	1.405106	1.658327	1.356085	1.603233	1.449792	1.405660	1.591424	1.738926	1.566448	0.994687	2.067768	1.379599	1.586651	0.630266	0.000000	0.763170	1.461370	1.427243
447	1.834044	1.262972	2.196031	2.175737	1.181483	0.000000	1.947706	1.472528	2.157276	1.316959	1.550671	2.030287	2.350280	2.053617	2.235406	2.167905	2.078275	1.736645	1.169669	1.446589
448	1.555870	1.067255	2.906344	2.751035	0.422486	2.413204	2.401984	0.526101	2.719765	0.000000	0.213976	2.693810	2.821112	2.353656	2.869136	2.449347	2.412949	1.207668	1.256978	1.419383
449	0.952458	0.547515	2.072683	1.573430	0.723448	1.742367	1.049701	0.105194	0.479630	0.000000	0.487765	1.272425	2.270019	0.772863	0.809842	1.054020	0.882019	0.315605	0.978063	0.967698
450	1.777149	0.967648	1.800031	1.889817	0.650275	1.818094	1.864314	1.032659	2.062212	0.000000	0.815375	1.904909	2.062419	1.787874	2.163926	1.882098	1.810313	1.350005	1.389860	1.491631
451	0.307988	-0.515014	0.636298	-0.014053	-0.816557	0.480030	-0.646598	-0.112604	-0.201109	-0.192365	-0.186354	-0.094745	1.291485	-0.413910	-0.310121	0.145739	0.000000	-0.067659	-0.812779	-0.981477
452	0.743966	0.934816	2.200000	1.841322	0.936544	1.248055	1.040778	0.643538	-0.082669	0.328629	0.392380	1.385646	1.285678	0.508748	0.000000	0.910751	1.249077	1.002678	1.035781	1.139173
453	0.188512	0.054362	0.000000	0.006062	0.295666	0.735355	0.405421	0.092342	0.433422	0.068147	0.156187	0.408377	1.284548	0.165666	0.495032	0.397877	0.326251	0.034850	0.280647	0.336549
454	-0.230678	-0.443979	-0.056058	-0.128203	-0.486535	0.000000	-0.288099	-0.322953	-0.031638	-0.298082	-0.215495	-0.105939	-0.181317	-0.125750	0.000117	-0.195752	-0.120684	-0.241569	-0.466437	-0.468466
455	0.060263	-0.465105	-0.247052	0.052708	-0.251967	0.000000	-0.142972	-0.139945	0.156999	-0.038331	-0.041587	-0.241609	0.434278	-0.030682	0.145431	-0.385860	-0.377720	-0.096453	-0.162244	-0.095499
456	0.261042	-0.007935	-0.054621	0.170344	0.242129	0.114653	0.262190	0.350183	0.489745	0.337444	0.386824	0.000000	0.278740	0.332312	0.563098	0.081261	0.198358	0.289207	0.212287	0.334462
457	0.125712	-0.187846	-0.215086	0.021839	0.064032	0.025153	0.068014	0.195714	0.387288	0.128500	0.142954	-0.163234	0.349284	0.158606	0.390658	0.000000	0.156123	0.229411	-0.037877	0.077413
458	0.036490	-0.231400	-0.034997	-0.008157	-0.127987	0.178554	0.025262	0.046554	0.249242	-0.026734	0.028471	-0.033308	0.277067	0.114009	0.288685	-0.071522	0.000000	0.105753	-0.203454	-0.101615
459	0.098416	-0.227977	-0.032677	0.000000	0.155320	-0.028240	0.203430	0.197850	0.371592	0.134541	0.176784	-0.042977	0.327643	0.112296	0.443452	-0.040377	0.049586	0.221765	0.106655	0.222851
460	0.112856	-0.129158	-0.219855	0.032935	0.065944	0.256960	0.159286	0.121978	0.309989	0.206491	0.196022	-0.076749	0.355762	0.123243	0.370354	-0.099784	0.000000	0.143569	-0.010576	0.095623
461	0.116272	-0.092610	-0.179985	0.000000	0.268193	-0.047988	0.214953	0.278597	0.364943	0.273930	0.236288	0.004345	-0.038512	0.134989	0.450754	0.062373	0.110001	0.254386	0.262487	0.308542
462	0.528525	0.032333	0.867143	0.571368	-0.103446	0.908669	0.468736	-0.076642	0.601220	0.119084	0.170592	0.594085	1.129150	0.421954	0.594672	0.500441	0.000000	-0.109987	-0.110590	-0.053535
463	0.137416	-0.362082	0.262902	0.000000	-0.102982	0.672568	0.305697	-0.813459	0.769325	-0.356729	-0.197538	0.407718	1.051138	0.177687	0.932325	0.297796	-0.034957	-0.729051	-0.062629	-0.013576
464	0.833254	0.216892	1.240463	1.040596	0.070462	1.064925	0.307908	0.000000	0.454645	0.521819	0.591365	0.397101	1.373875	0.594585	0.431933	0.474409	0.176719	0.132577	-0.078361	-0.019815
465	2.292406	1.560292	2.022998	2.224732	0.000000	2.044141	1.961551	1.593171	2.467041	1.372538	1.702687	2.147996	2.025745	2.302264	2.505876	2.456597	2.502933	2.085285	1.446232	1.229259
466	1.037248	0.871723	1.858090	1.242399	0.579215	1.091036	0.622882	1.056704	0.556799	1.157053	0.868680	1.119390	1.508398	0.665723	0.000000	0.738398	0.700330	1.037324	0.578387	0.475913
467	0.480834	0.902161	1.749548	1.572340	1.273340	1.096354	1.738631	1.109691	1.673674	1.089867	1.204974	1.467073	0.000000	1.430750	1.797023	0.987458	1.464524	0.962798	1.592318	1.463707
468	-0.223812	-0.175780	-0.084219	0.329604	0.418026	0.000000	0.034554	0.540975	0.228311	0.551902	0.382599	-0.056323	0.534291	0.168371	0.130968	-0.249769	0.138968	0.572692	0.161977	0.173037
469	0.207972	0.276448	0.857319	0.921631	0.929648	0.000000	0.931588	1.084090	0.925401	1.102625	0.916655	0.612021	1.013044	0.788661	0.951331	0.353276	0.762767	0.932902	0.971816	1.030712
470	0.448314	0.001846	0.572833	0.586714	0.324883	0.000000	0.375371	0.575893	0.493464	0.597437	0.548720	0.445101	0.909389	0.429718	0.524949	0.491697	0.645678	0.588127	0.332445	0.464973
471	1.033048	0.566700	0.000000	0.793925	1.112896	1.093103	0.966645	1.250799	1.243679	1.273491	1.195857	0.410112	1.161215	0.991224	1.310329	0.870805	1.079115	1.227557	1.089005	1.145579
472	0.261092	-0.111237	0.114589	0.382426	-0.056373	0.208567	0.047946	0.160106	0.664613	-0.000965	0.000000	0.160112	-0.187429	0.259244	0.586026	0.277967	0.279619	0.402004	-0.212752	-0.013605
473	0.912470	1.163579	1.866095	1.619288	1.454381	1.280560	1.271715	1.255394	0.331527	1.143810	1.078292	1.347593	1.725907	0.898444	0.000000	1.126131	1.111494	1.296522	1.449085	1.467246
474	0.291646	0.002344	0.000000	0.043802	0.536346	1.088646	0.607029	-0.079130	1.033774	0.125112	0.308976	0.454472	1.853793	0.418765	1.168432	0.623188	0.529733	-0.017766	0.297459	0.497848
475	-0.018805	0.164029	1.016954	0.685281	0.121555	0.319232	0.585146	0.140378	0.582238	0.039292	0.163243	0.000000	0.861325	0.322577	0.452079	0.373605	0.678661	0.230788	0.240950	0.151928
476	1.282566	0.718310	1.583707	1.607586	0.436780	1.722634	1.362440	0.517316	1.646095	0.402679	0.668437	1.628369	1.622235	1.474016	1.556844	1.638102	1.345789	1.032500	0.000000	0.768102
477	0.174601	0.132151	1.692241	1.377918	-0.004125	1.306071	0.815406	-0.571272	0.291917	-0.246946	-0.372651	1.105317	1.922678	0.643375	0.000000	0.985760	0.752662	-0.067040	0.068889	0.042377
478	-0.618250	0.266235	0.986443	0.719197	-0.352605	0.280198	-0.227989	0.184987	0.618072	-0.060065	-0.107313	0.279024	1.456046	0.255188	0.569373	0.000000	0.707523	0.462165	-0.518887	-0.420872
479	0.975917	0.719062	1.043059	0.000000	1.194982	1.544698	1.362626	1.160847	1.741343	1.276731	1.081536	1.283049	1.802288	0.780611	1.805869	1.372547	1.647560	0.863878	1.302575	1.198131
480	1.943326	1.146066	2.097589	2.184904	1.007287	2.133787	2.063833	1.259223	2.223771	0.000000	0.967471	2.123294	2.343974	2.008117	2.372629	2.153007	1.985546	1.668695	1.548725	1.729872
481	0.294022	0.537375	1.505082	1.413167	0.417318	1.037526	0.673348	0.692939	1.253574	0.634783	0.676732	1.072292	1.077904	1.018116	1.336727	0.675475	1.137172	0.700992	0.620244	0.000000
482	-0.500712	-0.249043	0.127485	0.111433	0.959524	-0.022596	0.421199	0.415787	0.000000	0.557785	0.261882	-0.260001	-0.673758	-0.237662	0.007764	-0.089445	0.435594	0.248468	0.895535	0.997103
483	2.681863	1.779234	3.080759	2.965029	0.833084	2.972503	1.931338	1.677319	3.176098	1.639508	2.019363	2.581592	3.000220	2.863448	2.855589	2.922811	2.646868	1.991048	1.269092	0.000000
484	0.984362	1.049108	2.833107	2.121886	1.412921	1.878628	1.141371	1.597585	0.000000	1.499231	1.000613	1.846170	3.397956	0.792142	0.026234	1.106029	1.299458	1.635660	1.478672	1.605211
485	1.340492	0.908244	2.354234	2.001114	1.677222	2.113313	1.993793	0.332788	1.861742	0.488814	0.852303	1.891671	1.616701	1.300585	1.902983	1.345114	0.533134	0.000000	1.870794	2.010683
486	1.528227	0.782450	2.773942	2.686152	0.934921	2.218338	1.780712	0.751494	1.810610	0.979927	1.055232	2.399826	2.799429	2.227266	1.507195	2.355964	1.958110	0.000000	1.255029	0.814326
487	-0.279805	-0.193749	0.936122	-0.515810	0.037081	0.593686	0.274188	0.092837	0.085609	-0.218229	-0.125320	0.787399	1.791152	-0.347413	0.000000	0.319234	0.779434	0.255654	0.063923	0.002650
488	1.883117	0.968310	2.323436	2.213630	0.406857	2.220885	1.578633	0.000000	2.394494	0.299936	0.758801	2.106336	2.144069	1.882958	2.292344	2.024964	1.672854	0.719633	-0.516843	0.526981
489	0.356803	-0.464625	0.231063	0.000000	-0.060260	0.673921	-0.035653	-0.595713	0.010597	-0.363079	-0.137873	-0.112399	1.312960	-0.075664	0.019027	0.407470	0.200601	-0.346969	0.193346	-0.089507
490	1.165789	1.257198	2.248070	2.231536	1.536523	1.811134	1.777849	1.708839	1.893331	1.342372	1.499105	1.510093	0.000000	1.836180	1.880059	1.625862	1.906455	1.750010	1.515613	1.508027
491	1.768777	0.892921	2.023140	2.098440	0.552928	1.766880	1.343977	0.000000	1.304682	0.449628	0.805423	1.698295	1.908947	1.545779	1.081610	1.839937	1.280043	0.713644	0.946956	0.984080
492	0.004629	-0.056487	1.643206	1.381078	0.378130	0.000000	1.005136	-0.128618	0.483644	-0.347290	-0.050197	1.100203	1.591861	0.659479	0.400007	0.597862	0.587810	-0.158062	0.857896	1.065287
493	1.476997	0.754380	1.859462	1.878916	0.504685	1.880506	1.581437	-0.551122	1.717748	-0.343542	0.140594	1.804929	1.643667	1.559341	1.874294	1.912953	1.550670	0.000000	0.990808	1.106149
494	0.000000	0.680428	1.820024	1.719319	0.675961	1.180480	1.637187	0.161103	2.010052	0.520591	0.845336	1.861989	1.371901	1.745004	1.902335	1.086821	0.800956	0.044299	1.264619	1.047896
495	1.864176	1.616894	2.438034	2.342039	1.729022	2.344471	2.086657	1.919762	2.132809	1.873351	1.842977	2.135475	0.000000	2.055270	2.203513	2.322068	2.595311	1.984868	1.945922	1.891781
496	1.067236	0.642495	0.380645	0.935405	1.711639	0.931423	1.072493	1.464611	1.658270	1.542311	1.419856	0.462140	1.788426	1.136493	1.543794	0.132197	0.000000	1.204469	1.708019	1.652319
497	0.071507	-0.246363	0.320907	0.429518	-0.380877	0.126659	-0.223736	0.104733	0.196937	-0.342650	-0.175860	-0.168059	-0.003847	0.143755	0.000000	0.077428	-0.024832	0.187862	-0.163319	-0.418054
498	0.000000	-0.379022	-0.120286	-0.305710	-0.238547	0.367999	-0.153096	-0.096447	0.113991	-0.126071	-0.171191	-0.049568	1.254014	-0.241444	0.156555	0.066054	-0.010286	-0.013360	-0.181985	-0.169697
499	0.260056	0.437108	0.953101	0.261189	0.703054	0.777988	0.447525	0.809014	0.000000	0.645464	0.295535	0.647101	0.286757	-0.101031	0.137000	0.524384	0.856913	0.750468	0.884375	0.779242
500	-0.338234	-0.157936	0.179233	-0.049611	0.149892	0.288270	0.202750	0.142192	0.076936	-0.137014	-0.213797	0.299708	0.746164	-0.117580	0.000000	0.033901	0.400370	0.249901	0.309187	0.255900
501	-0.052107	-0.265060	-0.224564	-0.036982	0.005266	0.082131	-0.061511	0.028728	0.067993	-0.096582	-0.026862	-0.161545	0.074968	-0.058831	0.000000	-0.120219	-0.047821	0.017329	0.027629	0.073371
502	-0.024788	-0.280698	-0.138140	-0.107276	-0.174952	0.219597	-0.127757	0.045844	0.160575	-0.081887	-0.071196	-0.120765	0.001198	-0.041175	0.154036	-0.030221	0.000000	0.145574	-0.212045	-0.151995
503	-0.298925	-0.689262	-0.481903	-0.398150	-0.409707	-0.595255	-0.483694	-0.044766	-0.174385	-0.404453	-0.404181	-0.569419	-0.127446	-0.459929	-0.254580	-0.450066	-0.318710	0.000000	-0.506759	-0.358576
504	0.003908	-0.340394	-0.164291	-0.054488	0.113638	-0.033283	0.096862	0.135899	0.354862	0.141715	0.188984	-0.066423	0.163161	0.000000	0.374098	-0.080941	0.023352	0.153419	0.099998	0.210305
505	0.113757	-0.384311	0.002552	0.188326	-0.350404	0.036715	-0.170334	-0.139937	0.189102	-0.172952	-0.052963	-0.087806	0.134795	0.105014	0.000000	-0.004529	0.000964	0.024018	-0.485806	-0.324785
506	-0.009375	-0.398033	-0.079453	0.000000	-0.205238	0.033250	-0.092238	0.058194	0.263012	0.053166	0.016073	-0.000327	0.157589	0.059886	0.219977	-0.114847	-0.134732	0.046747	-0.276642	-0.159246
507	-0.221253	-0.417611	-0.202404	-0.092355	-0.348844	-0.085350	-0.170950	-0.179551	0.000000	-0.242795	-0.199428	-0.149604	-0.284298	-0.080187	0.051819	-0.241636	-0.301525	-0.167320	-0.386707	-0.268543
508	0.021012	-0.175605	-0.173035	-0.038369	-0.123035	0.005764	-0.056379	-0.242303	0.090529	-0.316174	-0.114677	0.002207	-0.202565	0.081368	0.000000	-0.040796	-0.084907	-0.027384	-0.105762	-0.014578
509	0.000000	-0.032626	0.195482	0.145693	0.195778	0.129253	0.159095	0.294084	0.270872	0.153385	0.078357	0.135678	0.420716	0.072334	0.270745	0.093907	0.208523	0.259345	0.181992	0.281352
510	-0.033502	-0.290146	-0.035485	0.043240	-0.091678	-0.132327	0.040719	0.018469	0.107596	-0.193375	-0.123710	-0.039356	-0.111023	-0.014614	0.136874	-0.101458	0.030005	0.000000	-0.066296	0.089413
511	0.271321	-0.033845	0.211007	0.217530	0.121352	0.000000	0.221686	0.183440	0.521509	0.189185	0.228281	0.225873	-0.026943	0.306514	0.551842	0.197196	0.309090	0.299143	0.049556	0.305422
512	0.126296	-0.242038	0.186569	0.234733	-0.040091	0.111363	0.207976	0.000000	0.476381	-0.019457	0.091446	0.219205	0.212219	0.247412	0.474922	0.147640	0.255299	0.142569	-0.075522	0.118645
513	0.264817	-0.136435	0.429278	0.393875	0.118484	0.000000	0.346021	0.199192	0.626855	0.170996	0.225170	0.356429	0.583520	0.433500	0.628707	0.296057	0.324990	0.254863	0.059438	0.289917
514	0.000000	-0.328587	0.314517	0.214738	-0.109804	0.133904	0.174381	-0.052926	0.380642	-0.108590	-0.035076	0.219337	0.387913	0.199039	0.368706	0.126798	0.089373	-0.031695	-0.148586	0.024784
515	0.073322	-0.237625	0.279025	0.273596	-0.035500	0.090156	0.247212	0.112524	0.399245	0.020710	0.037666	0.259637	0.399170	0.202864	0.418904	0.111513	0.145983	0.000000	-0.026895	0.107918
516	0.274166	-0.094736	0.450842	0.339527	0.000000	0.455682	0.592520	-0.122162	0.684633	-0.065867	0.109633	0.570207	0.277873	0.492195	0.694854	0.358640	0.246259	-0.092096	0.210065	0.349886
517	0.454839	0.022298	0.810490	0.635876	0.230041	0.722664	0.515832	0.136534	0.676979	0.000000	0.154223	0.706493	0.789802	0.497109	0.635407	0.472339	0.347242	0.154769	0.303723	0.317790
518	0.364407	0.154573	0.825417	0.705437	0.221930	0.000000	0.480351	0.594865	0.779156	0.430957	0.348300	0.674634	0.829520	0.568993	0.799354	0.582899	0.763501	0.598708	0.195645	0.338268
519	1.469550	0.996925	2.031570	1.947597	0.000000	2.097684	1.764207	1.149050	2.282564	1.072155	1.226713	2.061547	1.434082	2.059896	2.267736	1.887203	1.819343	1.355010	-0.015856	0.617174
520	2.024469	1.008840	2.759948	2.743722	0.529537	2.447300	2.205782	1.589408	2.868314	0.000000	0.472240	2.345060	2.948575	2.338467	2.994336	2.525298	2.566946	1.999026	1.194400	1.373958
521	0.205083	0.713515	1.329105	0.870489	1.108797	0.000000	1.124268	1.146693	1.079502	1.116573	0.794285	1.114149	1.791699	0.723662	1.153958	0.498755	1.088171	1.136008	1.000606	1.237065
522	0.000000	0.728372	1.104694	0.669531	0.644513	1.098601	1.031886	1.120696	1.607578	1.255322	0.849991	1.065603	1.670782	1.034431	1.562842	0.491435	0.770663	0.949988	0.617794	0.410366
523	0.000000	0.783202	2.392350	1.925831	0.962029	1.557217	1.496122	0.165074	1.004998	0.624552	0.341322	1.853914	2.523860	1.078917	0.782398	0.898689	0.454027	0.376436	0.759965	0.968812
524	1.702817	1.351990	2.256946	2.308713	1.482686	0.000000	1.972719	1.866188	2.133611	1.629355	1.714401	1.879425	2.521608	2.118867	2.230866	1.911654	2.097007	1.939259	1.501386	1.690169
525	-0.293127	-0.877937	0.316587	-0.263528	-0.493782	0.297561	-0.277916	0.052468	-0.029634	-0.793448	-1.092590	0.046419	1.507420	-0.423038	0.039457	0.000000	0.251199	0.062894	-0.432374	-0.600072
526	0.354032	0.718724	1.210430	1.282470	0.855150	0.895818	0.731650	0.712226	0.498897	0.789591	0.723299	0.423663	0.572009	0.736062	0.428658	0.061911	0.000000	0.502451	0.926559	0.904393
527	1.605412	1.027630	2.841249	2.720992	0.910159	2.346651	2.172729	0.303177	1.893030	-0.315116	0.000000	2.300148	2.606132	2.223453	1.877935	2.518836	2.527773	1.254726	1.550959	1.746220
528	-0.584214	-0.633203	0.378145	0.003676	-0.405744	0.000000	-0.184199	-0.353617	-0.377801	-0.479580	-0.502249	-0.026801	1.615047	-0.276246	-0.522365	-0.239947	0.035282	-0.114996	-0.524189	-0.340897
529	0.000000	-0.113530	0.423071	0.286594	-0.205271	0.651428	0.259714	-0.176196	0.439823	-0.074838	-0.080483	0.468355	1.547361	0.243007	0.386609	0.364801	0.188621	-0.133772	-0.224365	-0.122290
530	0.000000	1.278506	2.300727	1.800973	1.372352	1.160451	1.893677	1.350133	1.998745	1.300519	1.184819	2.070680	2.585144	1.697914	1.940637	0.963615	1.446545	1.431811	1.212429	1.431599
531	-0.224078	0.221134	1.955608	1.331829	0.474805	0.809370	0.723106	0.034066	0.297206	-0.178266	-0.236962	1.012444	2.717610	0.485480	0.172430	0.000000	0.563099	0.341070	0.561246	0.646353
532	-0.079027	-0.236279	0.733897	0.335725	-0.151407	0.335859	0.306491	0.092245	0.353736	-0.193927	-0.213873	0.547927	1.342451	0.157219	0.283758	0.232183	0.322964	0.000000	-0.091956	-0.000955
533	-0.369127	-0.136214	0.297350	-0.368102	-0.534944	0.095692	-0.179236	0.104045	0.476738	-0.236063	-0.457116	-0.067759	1.216946	-0.863178	0.375755	-0.030028	0.000000	0.043018	-0.677287	-0.491754
534	1.519208	1.180853	2.390814	2.139716	0.878370	2.059432	1.628136	1.057172	1.989431	0.000000	0.817371	1.630859	2.639357	1.728250	1.888864	1.762864	1.560858	1.192071	1.417845	1.284450
535	-0.650187	-0.500366	0.082558	-0.166086	-0.564059	-0.397642	-0.307349	-0.072604	-0.061531	-0.258450	-0.323083	0.025648	-0.019019	-0.183717	-0.060342	-0.300906	0.000000	-0.093539	-0.688057	-0.507852
536	0.259544	-0.035696	0.623528	0.296382	-0.029690	0.460381	0.322228	0.023720	0.678856	0.122867	0.095773	0.548791	1.543422	0.370335	0.548881	0.452054	0.338860	0.000000	-0.034853	0.017502
537	0.222401	-0.009774	1.286763	0.492188	-0.304403	0.885885	0.298815	-0.130976	0.815281	-0.167071	-0.239636	0.291889	1.309539	0.000000	0.736380	0.490611	0.537006	0.115515	-0.277954	-0.106668
538	0.000000	0.173514	0.903822	0.742034	0.400817	1.049860	0.340274	0.365646	0.559432	0.631144	0.445793	0.657302	2.063280	0.478980	0.460461	0.387676	0.558339	0.192513	0.249701	0.241629
539	-0.269730	-0.626509	0.558194	0.397887	-0.569709	0.044004	0.024238	-0.217392	0.279963	-0.486741	-0.324483	0.310780	1.724680	0.169987	0.000000	0.125666	0.117488	-0.145484	-0.829435	-0.594576
540	0.264377	0.124631	0.849558	0.586873	0.248611	0.815178	0.470643	0.508807	0.572287	0.000000	0.063640	0.563630	2.499097	0.315220	0.484500	0.543025	0.698684	0.689050	-0.071955	0.253672
541	1.126987	0.911083	1.508144	0.851268	1.058872	1.676032	1.274365	0.428337	1.644973	0.000000	0.500557	1.429388	2.350441	1.015112	1.529477	1.386684	1.274293	0.908827	0.872514	1.088780
542	0.322736	0.150633	0.699079	0.294598	0.281795	0.715562	0.488883	-0.033281	0.541493	0.000000	0.223654	0.950472	1.799296	0.400412	0.518492	0.570597	0.452597	0.007627	0.145941	0.204208
543	-0.074638	-0.218462	-0.001462	-0.084340	0.068401	0.269741	0.088742	0.182322	0.024175	-0.071457	-0.130510	-0.015995	1.894372	-0.127404	-0.063086	0.000000	0.109618	0.263144	-0.137532	0.058095
544	-0.747442	-0.660357	0.176160	-0.099184	-0.633104	0.000000	-0.623051	-0.810524	-0.915466	-1.001500	-0.917305	-0.356946	1.331525	-0.725555	-0.791656	-0.688408	-0.492650	-0.454231	-0.966175	-0.593764
545	0.900139	0.421430	1.661471	1.228928	-0.030857	1.499051	1.060422	0.000000	1.560940	-0.017539	0.346948	1.635138	1.926011	1.235437	1.527998	1.403809	1.278093	0.521560	0.116881	0.394923
546	0.090162	-0.062453	0.647552	0.308883	0.066466	0.426414	0.198655	-0.021794	0.104097	-0.121241	-0.088404	0.451566	1.600636	0.086062	0.025747	0.231882	0.229878	0.000000	-0.040128	0.127169
547	0.059070	0.272979	0.502961	0.330703	0.268984	0.634413	0.207799	0.287700	-0.018209	0.245225	0.255046	0.309816	2.129702	0.000000	-0.014975	0.202602	0.338273	0.388990	0.175938	0.290756
548	0.072064	0.065100	0.088944	0.050344	-0.519636	0.586177	0.078014	0.141528	0.804544	0.054399	-0.063866	0.425354	1.987076	0.000000	0.661000	0.232502	0.220537	0.396497	-0.933515	-0.443870
549	-0.502319	-0.644411	0.217372	0.180627	-0.905631	0.047445	-0.222107	-0.843518	0.452020	-0.946282	-0.616063	0.198399	1.219637	0.000000	0.431660	-0.015883	-0.117655	-0.572886	-1.108082	-0.870572
550	-0.119327	-0.350817	0.184072	0.025229	-0.390399	0.116610	-0.209759	-0.406996	-0.182958	-0.436129	-0.297362	0.000000	1.487002	-0.067092	-0.231247	0.008047	-0.022170	-0.265021	-0.413211	-0.302511
551	-0.310632	0.088777	0.390797	0.166317	-0.032196	0.219751	-0.076588	-0.378671	-0.555577	-0.198107	-0.193600	0.000000	1.047026	-0.140238	-0.659188	-0.178466	-0.146649	-0.264439	-0.012769	-0.058216
552	0.627823	0.189677	1.194848	0.762510	0.089613	1.272023	0.910881	0.073258	1.230889	0.000000	0.197155	1.107604	2.153049	0.782990	1.115221	0.821019	0.669051	0.247093	-0.467656	0.111881
553	0.326703	0.077259	0.793871	0.606641	0.168226	0.693801	0.419121	0.154862	0.292209	0.000000	0.199985	0.590806	1.787245	0.424412	0.171705	0.416875	0.419308	0.281656	0.051961	0.216452
554	0.205615	0.243725	0.652115	0.524635	0.219783	0.453142	0.342048	0.075482	0.102183	0.044834	0.144162	0.428367	1.600990	0.297375	0.000000	0.279377	0.286150	0.194206	0.250018	0.281499
555	0.000000	-0.211431	1.103373	0.599391	-0.625458	0.660629	-0.141690	-0.172344	0.024300	-0.285215	-0.167325	0.566525	1.365984	0.139094	-0.030532	0.355958	0.312765	-0.121382	-1.195520	-0.588363
556	0.718149	0.314918	1.332436	1.121913	0.356382	1.338269	0.945701	0.000000	0.939647	-0.054631	0.323138	1.075732	2.281140	0.862669	0.874399	1.076899	0.978003	0.363022	0.181127	0.407939
557	-0.339180	-0.391230	0.323585	0.000000	-0.318875	0.033233	-0.116411	-0.404081	-0.175156	-0.601559	-0.434594	0.100606	1.592845	-0.149809	-0.186105	-0.106230	-0.021115	-0.199410	-0.445258	-0.275904
558	0.000000	-0.158209	0.445379	0.207467	-0.241218	0.467553	-0.065772	-0.231341	0.060975	-0.313326	-0.223959	0.095209	1.389703	0.006984	-0.048980	0.103681	0.057703	-0.047937	-0.298947	-0.229898
559	0.021530	-0.331086	0.585666	0.399937	-0.146374	0.583747	0.179304	-0.548673	0.066258	-0.490649	-0.247282	0.040921	0.812718	0.000000	-0.145336	0.115890	-0.002819	-0.343979	-0.298021	-0.102540
560	-0.010887	-0.110093	0.520745	0.372316	-0.035442	0.143437	0.004828	0.081556	0.006408	-0.041435	-0.058289	0.204834	1.158169	0.000000	-0.121160	0.041116	0.175660	0.174432	-0.175512	-0.021462
561	0.016451	-0.147599	0.329881	0.328227	-0.023313	-0.001778	0.000000	0.074780	0.183709	-0.005869	-0.009632	0.222248	0.738883	0.162334	0.072178	0.052020	0.089257	0.036362	-0.100810	0.014043
562	0.196689	-0.145722	0.469448	0.358378	0.182370	0.283213	0.150611	-0.009645	0.150470	0.062527	0.000000	0.229639	0.659023	0.162481	0.037681	0.225163	0.234331	0.068505	0.108340	0.189886
563	0.134309	0.050106	0.157871	0.215207	0.101029	0.159090	0.090595	0.175260	0.273789	0.000000	0.115392	0.113611	0.417160	0.089626	0.211725	0.040138	0.125785	0.222384	-0.074908	0.153724
564	0.032030	-0.086531	0.154953	0.086697	0.006887	0.129949	0.074048	-0.015330	0.119477	0.017282	0.043528	0.077192	0.531241	0.000000	0.083557	0.005642	0.094609	0.070472	-0.057785	0.039345
565	0.529547	0.088272	0.894204	0.787392	0.118275	0.846560	0.576446	0.189602	0.722621	0.000000	0.190679	0.682795	0.981588	0.620967	0.675718	0.597136	0.554622	0.337811	-0.056297	0.217704
566	0.237938	-0.129866	0.740558	0.582305	-0.087642	0.545688	0.208097	-0.081653	0.548684	-0.080386	0.096701	0.270085	0.793719	0.446285	0.385601	0.103458	0.000000	0.043981	-0.344434	-0.121813
567	-0.069821	-0.106016	0.446945	0.273881	-0.088235	0.165354	-0.086976	0.045004	0.066152	-0.094518	-0.123476	0.186796	0.326922	0.078255	-0.104785	0.040502	0.133522	0.000000	-0.262035	-0.158571
568	0.464379	0.302855	1.093241	0.849704	0.137236	0.780830	0.539152	0.592996	0.588215	0.320212	0.272197	0.653969	0.939785	0.563223	0.271570	0.633186	0.607666	0.653428	0.000000	0.399845
569	-0.191118	-0.450197	0.570765	0.398739	-0.392348	0.000000	-0.387422	-0.270495	-0.057101	-0.360904	-0.323106	0.137178	1.005623	-0.109215	-0.190303	0.091208	0.089062	-0.159760	-0.972885	-0.388154
570	0.594580	0.220245	0.990739	0.645492	0.249438	1.118459	0.663120	0.000000	0.838007	0.029625	0.308123	0.979585	1.771836	0.631634	0.757203	0.845659	0.759388	0.330974	-0.066038	0.214818
571	0.490245	0.529537	1.183006	0.971213	0.750775	0.951695	0.671598	0.508167	0.000000	0.249291	0.404839	0.655772	2.125986	0.507715	-0.040890	0.653270	0.680548	0.681381	0.655891	0.701505
572	-0.173123	-0.239703	0.897403	0.580337	-0.495944	0.436202	0.196669	-0.386171	0.263617	-0.501516	-0.530541	0.488538	1.812083	0.000000	0.022404	0.240598	0.136777	-0.001423	-0.521027	-0.386396
573	0.571409	0.222022	1.150601	0.993441	0.398444	1.225544	0.831696	0.145921	1.139380	0.000000	0.359498	1.185411	2.074512	0.920680	0.990085	0.948297	0.826914	0.426114	0.245003	0.417080
574	-0.206666	-0.276566	0.558945	0.129219	-0.281405	0.192440	0.055493	-0.520955	0.189265	-0.466031	-0.274665	0.354653	1.788120	0.000000	0.113916	0.263600	0.269142	-0.356469	-0.408994	-0.326232
575	0.000000	0.848338	1.383785	1.099688	0.966804	0.768579	1.192182	0.874422	1.324930	0.569273	0.616620	0.940258	2.116873	0.919538	1.300131	0.482768	0.888366	1.011221	0.921094	1.143022
576	0.087814	-0.201866	0.587687	0.503462	-0.484902	0.628181	0.021682	-0.510882	0.396502	-0.531877	-0.334881	0.323758	1.607156	0.230642	0.000000	0.350885	0.170505	-0.137630	-0.691454	-0.509241
577	0.217305	-0.072610	0.732887	0.557812	0.035703	0.746714	0.446969	-0.064674	0.567337	-0.231167	-0.076361	0.631543	1.784412	0.367012	0.447510	0.534103	0.453270	0.000000	-0.123223	0.081421
578	0.112640	0.043395	-0.115414	-0.182838	0.175860	0.628826	0.336225	0.092625	0.451656	0.000000	0.002092	0.291274	1.936950	0.175000	0.398958	0.171667	0.298441	0.272217	0.101420	0.230751
579	0.000000	0.703675	1.513135	0.988981	0.314449	1.120344	1.146171	0.641526	1.527490	0.644689	0.443975	1.354306	2.480635	0.996944	1.393238	0.598841	0.796381	0.748978	-0.087835	0.289507
580	1.147623	0.452072	1.286006	0.932613	0.598176	1.685544	1.093912	0.098087	1.367363	0.000000	0.401777	1.325545	2.232051	1.075984	1.220877	1.352331	1.079828	0.482718	0.265915	0.536269
581	-0.030110	-0.334657	0.365913	0.000000	-0.088838	0.347559	0.156269	-0.220325	0.188111	-0.310614	-0.182171	0.310118	1.559565	0.063348	0.142665	0.217301	0.246335	-0.066385	-0.259479	-0.112847
582	0.059142	0.344817	0.370323	0.352957	0.356697	0.349331	0.371343	0.324220	0.068073	0.138489	-0.000380	0.393065	2.201141	0.003708	0.000000	0.195787	0.384002	0.569027	0.122588	0.259850
583	1.056107	0.691982	1.736023	1.547133	0.153431	1.802618	0.973502	0.553522	1.571671	0.290093	0.527880	1.721247	2.623144	1.283928	1.389193	1.590680	1.511899	0.982688	-0.018130	0.000000
584	0.582524	0.118961	0.775157	0.593496	0.278379	1.072558	0.557575	0.398384	0.674689	0.000000	0.267911	0.681356	2.261706	0.532937	0.645808	0.781342	0.827088	0.637208	0.288680	0.425986
585	0.306586	0.391704	0.721390	0.480823	0.536403	0.639464	0.365580	0.612390	0.188534	0.393461	0.336891	0.552480	2.445916	0.237052	0.000000	0.452510	0.670185	0.800499	0.450991	0.498808
586	0.831934	0.394771	0.000000	0.439956	0.709794	1.442208	0.642818	-0.024473	1.306070	0.268648	0.476466	0.519739	2.772033	0.795693	1.301610	0.819722	0.633918	0.198915	0.347356	0.506303
587	0.465911	0.139321	1.375937	0.421644	0.422547	1.219737	0.607166	0.187504	0.441481	-0.365488	-0.132299	0.799676	2.105168	0.000000	0.407902	0.867400	0.981951	0.436518	0.397309	0.515737
588	-0.160327	-0.297738	0.389704	0.198424	-0.362844	-0.071368	-0.136506	0.020973	0.124582	-0.167139	-0.083051	0.251085	1.499400	0.000000	0.047121	0.175563	0.307991	0.154186	-0.519194	-0.404337
589	0.370341	0.493502	1.220984	0.991414	0.608941	1.084425	0.382882	0.239195	-0.397745	0.000000	0.038942	0.572445	2.280055	0.066604	-0.748634	0.531142	0.515408	0.430164	0.558591	0.640735
590	1.240846	0.923890	2.251988	1.986110	0.744812	1.749600	1.589408	0.837359	0.825203	-0.513762	0.000000	1.813238	2.438756	1.305927	0.877796	1.527874	1.596569	1.444267	1.139869	1.300234
591	-0.071192	-0.202978	-0.187260	-0.247786	0.027459	0.000000	-0.098301	0.163967	-0.138725	0.064941	-0.029449	-0.150897	1.827411	-0.220101	-0.148170	-0.101688	0.077072	0.293532	0.090090	0.158743
592	0.576600	0.441919	0.957246	0.762365	0.598864	1.090212	0.604484	0.000000	0.096734	0.138688	0.343390	0.583064	2.150636	0.407371	0.067473	0.553878	0.576123	0.409215	0.680868	0.724686
593	2.531309	2.063569	3.400535	3.178987	1.236202	3.169602	2.683113	2.037055	3.101616	1.659188	1.736942	2.846034	3.397034	2.837442	2.908918	2.823770	2.674484	2.371260	0.000000	1.546534
594	0.982191	0.702368	1.150207	1.359930	1.198031	0.000000	0.814402	1.529913	0.727787	1.034839	0.988636	0.613084	2.194937	0.867864	0.735767	1.032308	1.602394	1.697557	1.475282	1.374664
595	-0.159692	0.000000	1.741302	1.407905	1.017190	0.701485	1.679331	1.123294	1.984518	0.898958	0.619973	1.658594	1.781420	1.431902	2.142790	0.920804	1.371190	0.941634	1.296771	1.409241
596	-0.041093	0.023058	0.152467	0.079825	0.000045	0.237415	-0.038860	0.222888	0.034568	0.118489	0.078317	0.126063	0.880445	0.042783	0.056315	0.000000	0.207935	0.365871	-0.055782	0.031463
597	0.653031	-0.153626	0.499131	0.624166	-0.005560	0.000000	0.255125	0.597098	0.608082	0.348489	0.381196	0.259409	1.235363	0.558058	0.577805	0.473410	0.504539	0.764388	0.010590	0.174020
598	0.183549	-0.106600	0.374626	-0.020527	0.190979	0.518295	0.223884	0.194910	0.000000	-0.069698	-0.024001	0.329770	1.148847	-0.084254	0.128401	0.223573	0.403782	0.323130	0.276688	0.305572
599	0.918534	0.609438	1.087194	0.802642	0.698657	1.285252	0.851150	0.433167	0.897548	0.000000	0.414385	0.935392	1.070893	0.684294	0.847493	0.938882	0.822250	0.689491	0.757140	0.736643
600	1.073879	0.495822	2.104506	1.200879	0.730535	1.892353	1.073739	0.000000	0.719034	0.601201	0.566870	1.595013	2.347735	0.782173	0.671343	1.073169	0.740096	0.097141	0.704002	0.735591
601	0.647979	0.000000	1.738144	1.283578	0.271341	1.139003	1.209597	0.497648	1.481632	0.629398	0.619177	1.479654	1.827623	1.340118	1.647398	1.149043	1.119199	0.445126	0.176637	0.349580
602	-0.366080	-0.485285	-0.247813	-0.420196	-0.386400	0.465579	-0.384670	-0.075490	0.013269	-0.522024	-0.276620	-0.421014	-0.381886	-0.134495	0.013600	-0.186938	0.000000	0.050752	-0.199256	-0.389511
603	2.169089	1.629441	2.441763	2.604802	1.959267	2.248275	2.087907	2.033986	2.513606	1.791899	1.904266	1.976817	2.831721	2.309773	2.380974	0.937480	0.000000	2.048540	1.907424	2.120043
604	0.514670	0.238729	-0.164107	0.492074	0.459307	0.702034	0.415494	0.581820	0.917019	0.570642	0.623179	-0.118290	1.153006	0.717344	0.867582	0.000000	0.104144	0.764639	0.271101	0.295279
605	1.907685	0.981080	2.502543	1.901121	0.941789	2.742720	1.953994	0.101634	2.245124	0.034998	0.637640	2.427878	2.655899	1.830957	2.269838	2.376084	1.667964	0.000000	1.158700	1.216759
606	0.362169	0.501684	0.663556	-0.097827	0.595027	0.864069	0.504609	0.418500	0.456282	0.363737	0.379696	0.735043	0.000000	0.207926	0.542529	0.535720	0.622769	0.431044	0.720377	0.543500
607	3.297551	2.651886	3.611120	3.544528	1.838710	3.627563	3.063851	2.799528	3.664845	2.951718	2.788727	3.536440	3.521495	3.493353	3.473522	3.319339	3.161151	2.721239	0.000000	1.818580
608	0.807911	0.297513	-0.199856	0.434676	0.639766	0.982057	0.324335	0.831844	0.609604	0.698968	0.759484	0.000000	-0.290482	0.547454	0.812483	0.410233	0.947272	0.923109	0.552268	0.776561
609	-0.176816	-0.124640	-0.152345	-0.287464	-0.005187	0.237283	-0.161866	0.115274	-0.182419	-0.072882	-0.069469	-0.048619	-0.480056	-0.134570	-0.026738	-0.189666	-0.014710	0.000000	-0.048995	-0.118654
610	0.120268	0.051996	0.182564	-0.069222	0.066087	0.481196	0.148246	0.372053	0.066250	0.201996	0.132727	0.219384	2.034134	0.080150	0.220954	0.000000	0.316925	0.529077	-0.052328	0.099871
611	2.875461	2.493246	3.356254	3.284104	1.882960	3.462004	2.876148	1.899589	3.565256	2.584810	2.424959	3.133448	3.248470	3.116022	3.474109	3.020924	2.822158	2.076363	0.000000	1.911619
612	1.576571	0.989523	2.414493	2.423683	1.346194	1.666061	1.598234	1.460672	2.321308	1.263770	1.480848	1.434606	2.812013	1.991192	2.338357	0.000000	0.526749	1.699215	1.302039	1.399684
613	0.335952	0.223657	0.076008	0.326389	0.442228	0.228401	0.138414	0.662690	0.193725	0.560539	0.427884	0.000000	0.542699	0.220507	0.304951	0.143766	0.334659	0.593225	0.387971	0.429169
614	0.973678	0.796143	1.591233	1.356269	0.871742	1.372039	0.469458	1.119851	0.000000	0.629612	0.726730	0.898899	2.299329	0.689800	-0.303433	1.119785	1.130632	1.172091	0.902611	0.676046
615	0.698890	0.733475	0.528231	0.718021	0.964945	0.808361	0.776485	1.187999	0.673688	0.941350	0.928138	0.564210	1.075625	0.758566	0.620372	0.000000	0.092263	1.070807	0.919133	1.015078
616	0.976027	0.460402	0.882141	0.799950	-0.043331	1.475212	0.972409	-0.261894	1.491400	-0.788648	-0.027521	1.076754	1.092177	1.037705	1.515765	1.239243	0.825460	0.000000	-0.027906	0.166288
617	0.278614	0.374622	0.000000	0.050424	0.365201	0.605316	0.346987	0.529400	0.409177	0.459874	0.424557	0.324455	1.212903	0.262669	0.528634	0.300802	0.368944	0.505109	0.256170	0.277260
618	0.495403	0.133437	0.000000	0.004554	-0.540274	0.832147	-0.046616	0.507589	0.806735	0.616107	0.417073	0.498484	2.172213	0.378557	0.838675	0.349665	0.300350	0.515206	-0.960271	-0.872912
619	1.542998	1.320253	2.486961	2.162145	0.943770	2.463219	1.719220	0.000000	1.878785	0.649082	0.858595	1.936744	3.068033	1.614661	1.806335	2.074671	1.723818	0.649827	0.567959	0.939739
620	1.654631	1.160419	1.964188	1.562737	1.198073	2.412425	1.609192	0.941398	1.503360	0.804026	0.688570	1.612648	3.227555	1.317560	1.486549	1.761365	1.582654	1.350907	0.000000	1.181795
621	0.694834	0.341342	0.831674	0.711436	0.380808	0.631153	0.419494	0.894965	0.461810	0.646908	0.547121	0.000000	2.797306	0.520929	0.470533	0.361325	0.496780	0.880294	0.399964	0.353510
622	0.742699	0.205312	0.496927	0.488262	0.778041	0.832941	0.382785	0.548088	0.150964	0.592158	0.524171	0.000000	2.700002	0.308390	0.258664	0.164342	0.091453	0.426928	0.781472	0.762484
623	0.924164	0.559400	1.061056	0.759868	0.737310	1.379911	0.686023	0.347171	0.345744	0.269948	0.000000	1.077241	1.727520	0.242255	0.268815	0.682423	0.418381	0.517299	0.345392	0.414216
624	1.838652	1.510220	1.940885	2.386743	1.806456	1.850780	1.528788	2.017223	1.285442	2.006338	1.830306	1.079342	2.364062	1.719971	0.941035	0.751926	0.000000	1.834849	2.034658	1.799562
625	2.605606	2.486560	3.149420	3.114764	1.700589	3.021678	2.740153	2.708985	3.154716	2.875804	2.549925	3.087287	2.723635	3.027747	2.992900	2.853272	2.875739	2.673160	0.000000	1.845901
626	0.397109	0.725509	1.190459	1.021954	0.701072	0.609121	0.540995	0.215621	-0.303199	0.064429	0.000000	0.713909	0.944401	-0.007844	-0.124945	0.453630	0.537946	0.744780	0.702893	0.858493
627	0.511970	0.674479	0.509616	0.000000	1.130247	0.953925	0.906718	0.646284	0.641204	0.617260	0.499393	0.940601	2.441470	0.142691	0.825444	0.731692	0.667879	0.790857	0.906430	1.111095
628	3.093942	2.579895	3.634148	3.454463	1.625880	3.630873	2.850405	2.297555	3.474620	2.216823	2.449580	3.469510	3.516299	3.296734	3.277097	3.295974	3.057827	2.504777	0.000000	1.562775
629	-0.596178	-0.313421	0.249968	0.000000	-0.311194	0.290308	-0.384200	-0.581540	-1.241338	-0.191693	-0.626044	-0.117591	1.655774	-0.810639	-1.264817	-0.589630	-0.398812	-0.463217	-0.706179	-0.448906
630	0.373746	0.594858	0.884102	0.681701	0.763940	0.676236	0.586275	0.515962	0.051656	0.372396	0.352541	0.562921	2.021757	0.342456	0.000000	0.550254	0.627130	0.619345	0.772001	0.759962
631	0.532294	0.115060	0.603490	0.000000	0.254728	0.971309	0.406825	-0.314509	0.549815	-0.029167	-0.060563	0.689074	2.290706	0.164443	0.537276	0.563349	0.384842	-0.164498	-0.086473	0.135007
632	1.773137	1.173846	2.697476	2.267203	1.019352	2.459900	2.024483	0.000000	1.748489	0.286435	0.467319	2.284336	3.057333	1.711967	1.429524	2.107549	1.126886	0.545979	1.146478	1.332512
633	-0.478092	-0.125899	0.000000	-0.395219	-0.065095	0.102080	-0.194959	-0.196443	-0.472277	-0.276575	-0.368245	0.087936	1.845483	-0.346009	-0.501277	-0.160246	0.040682	-0.061430	-0.377793	-0.284229
634	-0.121887	0.209225	0.122041	0.132714	0.432424	0.284302	0.105606	0.087329	-0.563257	0.107477	0.056418	0.000000	0.013399	-0.057028	-0.342901	0.019977	0.160122	0.091886	0.454440	0.465575
635	1.829702	1.154900	2.238557	1.987452	0.557743	2.660119	0.962521	1.362367	1.509959	1.358467	1.417006	1.932618	3.256013	1.659653	1.549306	1.849894	1.825189	1.381545	0.539463	0.000000
636	0.074684	-0.001570	1.466202	0.958808	-0.295232	0.895267	0.089995	-0.352936	-0.977127	-0.604137	-0.702586	0.592844	2.116925	-0.030243	-1.294592	0.229915	0.000000	0.018896	-0.568978	-0.354081
637	-0.137191	0.122016	0.000000	0.129512	0.261531	0.048487	0.056189	0.252750	-0.332683	0.113830	0.000919	0.003681	0.878884	-0.295306	-0.167519	-0.126853	0.122616	0.265821	0.276712	0.284843
638	0.520293	0.295884	0.557525	0.135262	0.323255	1.148672	0.312151	0.242916	0.375395	0.461148	0.359732	0.748509	2.301300	0.184123	0.420043	0.648653	0.383933	0.397086	0.125583	0.000000
639	2.513335	1.998367	3.088440	2.957112	1.621094	3.169602	3.002593	0.000000	3.098045	0.403058	1.337489	3.165720	3.463330	2.863378	3.087883	3.245770	2.779494	0.836186	2.167912	2.384076
640	1.332835	1.034003	1.746975	1.630557	-0.045244	1.991854	0.819585	1.089275	0.901720	0.990106	0.681619	0.912111	3.997077	0.902088	0.621359	1.001588	1.115772	1.483072	-0.047425	0.000000
641	0.019369	-0.053044	0.000000	0.059344	-0.051176	0.166174	-0.037379	0.213584	-0.149998	0.051384	-0.047619	-0.002047	2.446908	-0.118644	-0.144971	-0.064687	0.101144	0.325616	-0.180114	-0.075954
642	0.667173	0.581165	1.520779	0.508844	1.176661	1.925903	1.184003	0.479896	0.710547	0.000000	0.176778	1.225973	3.529025	0.347574	0.835644	1.036349	1.008488	0.627110	1.053994	1.183092
643	1.967482	1.543585	2.768553	2.567053	1.584975	2.675702	2.636607	0.116384	2.744343	0.000000	0.741790	2.771755	3.235949	2.500042	2.669529	2.675550	2.316752	0.790133	1.769835	2.040436
644	-0.428513	0.012459	0.864603	0.000000	-0.006130	0.405872	0.072196	-0.438340	-0.495761	-0.065826	-0.234605	0.449923	2.645710	-0.270853	-0.551894	-0.147260	0.090761	-0.244604	0.096563	0.079816
645	0.209420	0.335896	0.670448	0.379570	0.458357	0.858113	0.355859	0.377967	0.000000	0.246187	0.228856	0.472796	2.584259	0.103029	0.037148	0.417684	0.533312	0.606488	0.310786	0.397671
646	0.169461	0.237433	-0.231635	-0.182445	0.168126	0.835037	0.337962	0.446459	1.125233	0.539845	0.370390	0.253772	2.493253	0.550810	1.055773	0.000000	0.597521	0.636195	-0.437519	-0.138269
647	0.486381	0.878040	1.889898	0.440957	0.811457	1.434330	0.863844	0.875583	0.569792	1.131936	0.343905	1.002143	2.713891	0.000000	0.377199	0.815799	1.097032	0.661888	0.712474	0.697392
648	-0.360408	-0.146371	0.111373	-0.214285	-0.179433	0.327020	-0.217083	-0.383919	-0.438203	-0.420357	-0.398738	-0.035331	1.596870	-0.398302	-0.513739	-0.120001	0.000000	-0.169216	-0.246984	-0.186650
649	0.163213	0.208935	0.360413	0.014207	0.467106	0.855052	0.420551	0.179303	0.303090	0.120498	0.130101	0.437574	2.058940	0.000000	0.324052	0.433481	0.534977	0.441938	0.311294	0.455385
650	-0.032497	0.325753	0.240535	0.077627	0.299465	0.571736	0.236151	0.253622	0.233074	0.180093	0.205643	0.206950	1.631893	0.000000	-0.028677	0.307139	0.569884	0.532369	0.159401	0.238312
651	0.016850	0.061340	0.051985	0.000000	0.320259	0.297632	0.143233	0.034240	-0.052100	0.012745	0.025593	0.028588	1.334252	-0.049971	-0.119120	0.093006	0.197381	0.198684	0.275854	0.314221
652	-0.081883	0.078232	0.207978	0.051416	0.206752	0.300713	0.137461	0.113757	0.000000	-0.017777	0.025297	0.113437	1.086794	-0.057699	0.001522	0.129154	0.269991	0.245914	0.202687	0.220488
653	-0.092229	-0.111704	0.027249	-0.117632	-0.041119	0.157664	0.010967	-0.232391	0.044314	-0.148663	-0.122145	0.000000	1.078611	-0.086138	0.023217	0.023138	0.063786	-0.063151	-0.197261	-0.059421
654	0.134851	-0.040327	0.220968	0.000000	0.067778	0.345456	0.106736	-0.174166	0.093489	-0.191269	-0.110060	0.149238	0.926739	-0.029439	0.015505	0.170123	0.141554	0.050663	-0.047344	0.051077
655	0.047505	0.148586	0.333498	0.221692	0.265972	0.256123	0.186835	0.212582	0.000000	0.109215	0.130999	0.157635	0.897741	0.017443	-0.022208	0.159725	0.293243	0.298953	0.203521	0.278084
656	0.028782	-0.121628	0.187027	0.000000	0.110676	0.240758	0.150852	-0.093161	0.145742	-0.043586	0.024192	0.149497	0.843077	0.038655	0.120460	0.096723	0.139580	0.033599	0.009255	0.106952
657	0.323502	0.077003	0.364735	0.276103	0.310927	0.434863	0.264900	0.098180	0.251809	0.000000	0.172738	0.289677	0.883017	0.164415	0.156223	0.283622	0.314852	0.241090	0.231823	0.274001
658	0.118984	-0.002319	0.126316	0.066137	0.294661	0.217543	0.116922	0.042466	0.038225	0.000000	0.126395	0.032874	0.624245	-0.030033	-0.018599	0.036990	0.107392	0.120024	0.258135	0.289010
659	-0.031690	-0.134547	0.114183	0.000000	0.126632	0.070843	0.162208	0.122535	0.225832	0.079253	0.071873	0.067924	0.646259	0.001932	0.195785	-0.008875	0.120255	0.143098	0.024371	0.162886
660	0.328051	0.028239	0.386652	0.354531	0.243213	0.485006	0.316772	0.085994	0.377203	0.000000	0.164467	0.339999	0.769990	0.252254	0.313762	0.285512	0.328849	0.216826	0.133753	0.264879
661	-0.030696	-0.329237	0.000000	0.081546	-0.242320	0.082048	0.060434	-0.177560	0.237351	-0.249279	-0.143482	0.094977	0.460538	0.025432	0.219144	0.075325	0.140588	-0.040413	-0.352352	-0.171341
662	-0.221374	-0.352571	-0.111749	-0.058546	-0.331756	-0.299704	-0.134813	-0.239431	0.000000	-0.246356	-0.220436	-0.166113	0.103169	-0.169900	-0.005791	-0.203372	-0.142471	-0.189923	-0.446342	-0.290304
663	0.485827	0.105259	0.291760	0.420926	0.460628	0.567798	0.571606	0.344863	0.664726	0.282317	0.376040	0.443584	0.597870	0.463204	0.666176	0.448169	0.464085	0.472357	0.000000	0.622665
664	0.000000	-0.182703	0.054876	0.023404	-0.062044	0.181402	0.061059	-0.139673	0.214125	-0.156663	-0.105075	-0.003451	0.403545	-0.051995	0.188972	0.050036	0.051258	0.025932	-0.216568	-0.017072
665	0.001027	-0.173472	-0.076193	-0.063115	-0.080114	-0.003492	0.003465	0.024480	0.230143	0.036819	-0.026563	-0.005688	0.578650	-0.000378	0.183573	0.000000	0.136516	0.086027	-0.234615	-0.073234
666	0.258469	-0.028862	0.316511	0.193377	0.094548	0.330922	0.324167	0.050603	0.529954	0.000000	0.149801	0.369566	0.553576	0.241636	0.477512	0.304966	0.363941	0.143031	0.047835	0.177203
667	0.506132	0.084951	0.492031	0.502599	0.477543	0.640180	0.602411	0.377499	0.676008	0.291540	0.357253	0.528377	0.611534	0.459138	0.649548	0.550490	0.532106	0.541835	0.000000	0.610867
668	-0.085783	-0.143536	0.065826	0.014078	-0.111963	-0.157491	0.008206	0.042233	0.145736	0.086582	-0.006248	0.000000	0.629029	-0.020126	0.137473	-0.047294	0.101271	0.050803	-0.223826	-0.090141
669	0.671790	0.316386	0.691656	0.685926	0.478780	0.705335	0.733746	0.677343	0.880479	0.495255	0.515031	0.762769	0.911543	0.686929	0.838485	0.729396	0.835532	0.815108	0.000000	0.621333
670	0.355526	-0.077707	0.236092	0.314530	0.000000	0.417746	0.429119	0.113550	0.633727	-0.030689	0.189044	0.320265	0.441107	0.412377	0.624532	0.369823	0.446561	0.343632	-0.041707	0.276935
671	0.226215	-0.016085	0.000000	0.244532	0.209667	0.267490	0.272267	0.235279	0.401213	0.312253	0.298582	0.157242	0.728256	0.222671	0.387535	0.157515	0.219346	0.272724	0.081742	0.199514
672	0.280488	-0.105005	0.403228	0.310807	0.044330	0.332929	0.314559	0.000000	0.587424	0.042183	0.157481	0.402384	0.144629	0.303513	0.561388	0.349203	0.416994	0.237521	-0.179383	0.128258
673	-0.105744	-0.233513	0.257503	0.212405	-0.236997	-0.004497	-0.020782	0.006223	0.149597	-0.076821	-0.064078	0.060836	0.320501	0.031430	0.070665	-0.044598	0.000000	0.094727	-0.412175	-0.194034
674	-0.067329	-0.301274	0.236281	0.139072	-0.306422	-0.097182	-0.046273	-0.137610	0.010672	-0.155480	-0.087786	0.000000	0.427889	0.022114	-0.018320	0.003507	0.070469	-0.029659	-0.407084	-0.234044
675	0.885912	0.421079	1.093138	1.072470	0.555326	1.025518	0.981266	0.676754	1.131781	0.605215	0.730477	1.145568	1.055789	1.021694	1.076889	1.048938	1.001005	0.840550	0.000000	0.732560
676	0.293695	0.041399	0.735790	0.459227	0.171585	0.532077	0.537504	0.169308	0.676747	0.000000	0.241878	0.648558	0.625720	0.432239	0.616739	0.493435	0.521570	0.322075	0.000640	0.224476
677	0.420842	0.120616	0.530252	0.503567	0.359459	0.452218	0.496763	0.522532	0.435612	0.446276	0.444069	0.519628	0.846627	0.451363	0.387869	0.517659	0.575641	0.646610	0.000000	0.478829
678	0.367596	0.054768	0.648860	0.602826	0.035280	0.578739	0.437044	0.193053	0.567108	0.097880	0.252663	0.553430	0.574498	0.418922	0.495886	0.558228	0.535565	0.438426	-0.078413	0.000000
679	0.351879	-0.052894	1.020700	0.705143	0.008774	0.754145	0.714349	0.000000	1.000049	-0.044276	0.166900	0.900215	1.171622	0.621016	0.921319	0.716839	0.653157	0.267292	-0.159275	0.157169
680	-0.387774	-0.537995	0.508694	0.237216	-0.667923	-0.059399	-0.048596	-0.672692	0.180968	-0.736904	-0.495712	0.185903	0.543095	0.014922	0.000000	0.025703	-0.049695	-0.383671	-0.824602	-0.593418
681	0.506676	0.102759	1.103954	0.850468	0.246036	0.922284	0.752796	0.003546	0.898624	0.000000	0.337964	0.926568	1.287679	0.738176	0.831729	0.804674	0.622316	0.223013	0.090923	0.330202
682	0.356336	0.092417	1.149035	0.913636	0.000000	0.711221	0.931893	0.003745	1.063475	-0.081611	0.189034	1.079603	1.140795	0.844095	1.043165	0.796928	0.674689	0.196208	0.076254	0.388527
683	0.189336	0.005501	0.966984	0.622901	-0.038387	0.495884	0.572959	0.000000	0.900538	-0.125632	0.079754	0.789716	1.160174	0.525482	0.852983	0.605802	0.630584	0.358191	-0.167741	0.092832
684	0.125385	-0.047369	0.732395	0.525059	-0.001896	0.389543	0.401946	-0.055886	0.667319	-0.079378	0.000000	0.585332	0.891679	0.472986	0.592982	0.473463	0.529257	0.270971	-0.195335	0.085162
685	0.597133	0.275813	1.347806	1.021384	0.215606	0.856942	0.886934	0.000000	1.100011	0.063102	0.400106	1.147958	1.451232	0.909213	1.065243	0.994299	0.912907	0.453087	0.177670	0.381373
686	0.332136	0.030198	1.214886	0.841338	0.023647	0.730901	0.744755	-0.127141	0.928379	-0.273858	-0.005729	1.011585	1.277297	0.690493	0.877453	0.730863	0.560894	0.000000	-0.038597	0.233320
687	-0.233325	-0.371447	0.687934	0.398737	-0.310670	0.000000	0.203975	-0.501159	0.527429	-0.627614	-0.368224	0.349871	0.907995	0.218739	0.478806	0.141934	0.086587	-0.209173	-0.456425	-0.135272
688	-0.087827	-0.371757	0.833727	0.535986	-0.489412	0.000000	0.204602	-0.422694	0.569542	-0.553760	-0.289951	0.482198	0.977827	0.325963	0.527873	0.304146	0.241399	-0.111106	-0.529688	-0.219906
689	0.719436	0.353906	1.568795	1.184308	0.261815	1.125241	0.997951	0.136972	1.308150	0.000000	0.433555	1.360086	1.447774	1.103353	1.245640	1.114771	0.968447	0.437711	0.133290	0.377611
690	0.615508	0.263950	1.351024	1.050119	0.282875	1.105210	0.928769	0.000000	1.215991	0.088874	0.431363	1.213153	1.603222	1.001896	1.126796	1.029338	0.921541	0.393288	0.203637	0.434583
691	-0.151605	-0.235368	0.841799	0.570453	-0.290426	0.000000	0.306139	-0.270178	0.715929	-0.381826	-0.156271	0.615402	1.315932	0.409656	0.649037	0.336583	0.232470	-0.093062	-0.310451	-0.063290
692	0.566167	0.288322	1.360671	1.101629	0.317207	0.799610	1.047946	0.301355	1.263329	0.000000	0.438914	1.244725	1.516988	1.027884	1.212350	0.933489	0.791353	0.525708	0.233627	0.478873
693	-0.820601	-0.913683	0.416350	0.129549	-1.277912	-0.458834	-0.352801	-1.129512	0.176310	-1.294467	-0.928264	0.001149	0.254040	-0.135785	0.000000	-0.274989	-0.389121	-0.833854	-1.278303	-1.093229
694	0.477493	0.165258	1.431107	1.222301	0.085164	0.897952	0.867145	0.000000	1.276898	0.015748	0.351211	1.201295	1.681384	1.048389	1.198753	0.978132	0.812412	0.365572	0.042059	0.254963
695	0.148533	-0.042621	1.307182	0.987549	-0.264057	0.385646	0.751205	-0.106132	1.068488	-0.317678	-0.027656	1.135223	1.449521	0.826681	1.000023	0.705507	0.532050	0.000000	-0.305551	-0.099391
696	0.250576	-0.002216	0.857999	0.584779	0.000000	0.545655	0.631849	0.163349	0.755227	-0.041601	0.202404	0.720248	1.178687	0.583058	0.716549	0.577954	0.571603	0.416262	0.000933	0.248827
697	0.000000	-0.064482	0.747089	0.498561	-0.131881	0.546113	0.316949	-0.197528	0.652506	-0.280709	-0.012400	0.574142	1.259712	0.399300	0.618793	0.408457	0.259088	0.092626	-0.242577	-0.062215
698	0.361529	0.135596	1.601688	1.427218	-0.146353	0.804799	0.966462	-0.173835	1.495176	-0.326512	0.058887	1.371553	1.738469	1.210410	1.425239	0.964462	0.652959	0.000000	-0.169164	0.015030
699	0.530028	0.293244	1.479203	1.239405	0.073224	0.921571	0.871538	0.129749	1.298820	0.000000	0.387476	1.264146	1.700649	1.089950	1.193784	0.969169	0.771081	0.391553	-0.058815	0.108761
700	-0.269102	-0.345198	0.372881	0.138860	-0.400624	0.020903	-0.044643	-0.151104	0.229408	-0.329622	-0.231767	0.078736	0.987532	0.070257	0.154399	0.000000	0.122814	-0.026945	-0.528249	-0.377773
701	0.226538	-0.086204	1.013773	0.858313	-0.172624	0.615599	0.513822	0.000000	0.921366	-0.165982	0.140271	0.894911	1.511431	0.757038	0.849126	0.643512	0.645041	0.328520	-0.319204	-0.124804
702	0.180059	-0.101009	1.176200	0.873790	-0.437902	0.751551	0.518153	-0.205858	1.036361	-0.444132	-0.112205	1.012897	1.257053	0.787944	0.934320	0.698301	0.601769	0.000000	-0.713324	-0.387945
703	-0.246530	-0.468383	0.360934	0.125610	-0.614116	0.050429	-0.240600	-0.359398	0.053504	-0.524598	-0.335063	0.000000	1.190170	0.008372	-0.006041	-0.058939	0.001271	-0.148077	-0.826143	-0.610091
704	-0.109477	-0.333944	0.225623	0.137183	-0.204495	0.166974	-0.018051	-0.099660	0.152259	-0.279437	-0.156980	0.071330	0.940890	0.008387	0.000000	0.000219	0.085981	0.088738	-0.353717	-0.172442
705	0.110598	-0.368531	0.616929	0.470706	-0.289942	0.486583	0.278580	-0.213618	0.633192	-0.527738	-0.239743	0.497616	0.769036	0.402811	0.573687	0.324577	0.372913	0.000000	-0.559306	-0.216954
706	-0.122972	-0.375544	0.464618	0.277232	-0.396614	0.180165	-0.009181	-0.274388	0.180455	-0.345330	-0.217588	0.138337	0.564377	0.110722	0.000000	-0.006268	0.019964	-0.140352	-0.513425	-0.328273
707	0.018762	-0.195349	0.163236	0.152083	-0.018339	0.049905	0.021885	0.213098	0.242424	0.225570	0.184574	-0.019267	0.710195	0.000000	0.187435	-0.012125	0.120885	0.212192	-0.076857	0.019459
708	0.168979	-0.280104	0.149434	0.260323	-0.035967	0.000000	0.100288	0.087090	0.406628	0.060811	0.130494	0.112209	0.186269	0.216489	0.410533	0.124391	0.222865	0.216087	-0.169655	0.120189
709	0.330904	-0.050307	0.224511	0.398439	0.033277	0.240203	0.310871	0.247151	0.530551	0.183841	0.259432	0.341105	0.279392	0.365033	0.481434	0.357150	0.393711	0.285644	-0.084737	0.000000
710	-0.009843	-0.250862	0.084481	0.136958	-0.063458	-0.108811	0.040792	-0.007678	0.290308	-0.048807	0.011953	-0.010079	0.261852	0.138193	0.258630	0.000000	0.148851	0.014208	-0.136723	-0.003431
711	0.036712	-0.288282	0.076761	0.003570	-0.058344	0.093109	0.121676	-0.115700	0.341172	-0.086579	0.007443	0.083066	0.000000	0.092035	0.325649	0.075357	0.111122	-0.041256	-0.173206	0.016577
712	0.150092	-0.242563	0.112978	0.209456	0.083002	0.158666	0.218443	0.017195	0.405566	0.000000	0.199334	0.142347	0.056202	0.253225	0.365676	0.103226	0.121299	0.020029	-0.021151	0.148724
713	0.067769	-0.215138	0.023709	0.092702	-0.041498	0.037255	0.030820	0.047770	0.259923	0.119067	0.128533	-0.021256	0.198195	0.110981	0.224017	0.000000	0.113817	0.060624	-0.130676	-0.006640
714	0.259870	-0.236429	-0.031536	0.109989	0.000000	0.170090	0.289000	0.141168	0.429478	0.139895	0.288082	0.116331	0.103847	0.282794	0.433927	0.199146	0.251589	0.198399	0.002516	0.219738
715	-0.047635	-0.417592	-0.043920	0.046776	-0.312726	-0.060136	-0.034990	-0.198111	0.212423	-0.135305	-0.046109	-0.057488	-0.133367	0.000000	0.153020	-0.017055	0.012247	-0.136746	-0.397821	-0.263730
716	-0.171500	-0.487431	-0.020179	0.001149	-0.289349	-0.119437	-0.105111	-0.147583	0.154116	-0.205346	-0.141802	-0.104071	0.207441	-0.040531	0.105079	-0.055727	0.000000	-0.092291	-0.420866	-0.256820
717	0.164263	-0.251468	-0.034419	0.072278	0.007320	-0.016598	0.046012	0.049677	0.267053	0.000000	0.183261	-0.002373	0.128917	0.139508	0.204064	0.079413	0.072791	0.072587	-0.073545	0.017050
718	0.151354	-0.235340	-0.023699	0.131711	-0.029249	0.037312	0.128526	0.018098	0.375096	0.000000	0.170866	0.083215	0.108788	0.202001	0.345626	0.133108	0.139153	0.031105	-0.130362	0.012105
719	-0.059432	-0.358816	0.059972	0.026492	-0.195751	-0.022104	-0.007980	-0.190946	0.064062	-0.154134	-0.085849	0.007608	0.000000	-0.016853	-0.012107	0.004943	-0.046838	-0.121250	-0.206604	-0.115819
720	0.000000	-0.272217	0.050064	0.157000	-0.175205	-0.011620	-0.033879	-0.063710	0.167094	-0.085043	0.011897	-0.010957	-0.154911	0.068999	0.132185	0.068750	0.050506	0.008341	-0.198307	-0.090099
721	0.045029	-0.202424	-0.008505	0.076752	-0.070699	-0.003423	-0.005846	0.022116	0.177664	0.002131	0.046277	-0.021185	-0.172309	0.079846	0.168529	0.000000	0.102475	0.067884	-0.089681	0.007880
722	-0.175586	-0.363311	-0.183603	0.023537	-0.288187	-0.345399	-0.135588	-0.102029	0.094025	-0.155552	-0.089831	-0.195667	-0.289948	-0.043450	0.000000	-0.172122	-0.094656	-0.079998	-0.291242	-0.190234
723	0.002919	-0.390266	-0.100871	0.062254	-0.077201	0.000000	0.001736	-0.061434	0.249638	-0.073453	0.074871	-0.103062	-0.104835	0.107816	0.232409	-0.001625	0.054588	0.015084	-0.186630	0.055752
724	0.123059	-0.260497	-0.117383	-0.000842	0.093028	-0.046518	0.198931	0.232367	0.290728	-0.215633	0.099287	0.031922	0.000000	0.128795	0.391790	0.064673	0.163177	0.241507	0.141941	0.259962
725	0.207010	0.007564	0.000000	0.245381	0.203130	0.115239	0.280540	0.292746	0.459247	0.235482	0.336838	0.195321	0.218521	0.270762	0.495030	0.217160	0.275618	0.264533	0.139064	0.294391
726	-0.197332	-0.456456	-0.301409	-0.070117	-0.345169	-0.289376	-0.111873	-0.220517	0.088518	-0.219165	-0.134465	-0.228764	-0.227513	-0.063253	0.000000	-0.185318	-0.142215	-0.184509	-0.375121	-0.226602
727	0.000938	-0.295929	-0.150171	-0.097035	-0.091190	-0.007465	0.013400	-0.036034	0.135663	-0.002305	0.014401	-0.070340	0.000000	-0.034958	0.128809	-0.034356	-0.022935	-0.030732	-0.145800	-0.030799
728	0.000045	-0.260323	-0.093653	0.000000	0.028475	-0.211545	0.151709	0.067187	0.287648	0.046058	0.136210	-0.003130	-0.038894	0.127471	0.297563	-0.004388	0.017758	0.016753	0.012888	0.101920
729	0.180079	-0.214333	0.022260	0.183762	0.074288	0.000000	0.185814	0.041042	0.370317	0.119237	0.210279	0.073834	0.346053	0.238371	0.388070	0.141524	0.154683	0.133586	0.014974	0.216835
730	-0.066196	-0.307945	-0.072416	-0.009591	-0.203363	-0.108692	-0.024949	0.027193	0.174635	0.003673	0.016253	-0.042042	-0.059583	0.035410	0.172138	-0.018756	0.000000	0.003823	-0.266787	-0.155904
731	0.074941	-0.118050	-0.036392	0.000000	0.216295	-0.068737	0.197112	0.145963	0.298737	0.159853	0.210579	0.053878	0.046168	0.106800	0.325704	0.036091	0.034159	0.091599	0.156935	0.269276
732	0.139638	-0.159316	0.001831	0.000000	0.177815	-0.106129	0.235515	0.122304	0.296584	0.085113	0.172830	0.097923	0.160159	0.146353	0.328886	0.101589	0.084146	0.119324	0.136322	0.233081
733	0.070517	-0.166644	-0.065403	0.000000	0.176521	-0.127004	0.224088	0.179883	0.363447	0.169552	0.218191	0.047019	0.050907	0.139137	0.387348	0.026719	0.034042	0.097437	0.162981	0.255079
734	0.113071	-0.187339	-0.035496	0.088604	0.179529	0.000000	0.162207	0.174084	0.411193	0.213743	0.248227	0.011096	0.302091	0.169494	0.411637	0.067283	0.132872	0.208096	0.091318	0.295129
735	0.055829	-0.265919	-0.004709	0.029914	0.018742	0.000000	0.082216	0.038557	0.300050	0.093051	0.154922	0.009670	0.133474	0.123103	0.306434	0.029949	0.065700	0.060697	-0.109513	0.097362
736	-0.006324	-0.299006	-0.085619	0.000000	0.092596	-0.076737	0.146438	0.193260	0.324728	0.111908	0.170310	-0.023772	0.083092	0.080147	0.335586	-0.000555	0.067747	0.135917	0.001513	0.171345
737	-0.195535	-0.338199	-0.333729	-0.117352	-0.210085	-0.309706	-0.157029	-0.074661	0.068460	-0.113569	-0.083488	-0.309063	-0.168809	-0.138514	0.000000	-0.266039	-0.200993	-0.057068	-0.322533	-0.136707
738	0.123653	-0.156261	0.000000	0.188826	0.185182	0.071846	0.219167	0.239101	0.353516	0.188549	0.248694	0.146724	0.258413	0.166964	0.374850	0.161409	0.232763	0.215746	0.085816	0.262200
739	-0.226746	-0.435933	-0.455923	-0.143476	-0.237060	-0.334343	-0.179133	-0.181883	0.060372	-0.195989	-0.115317	-0.336413	-0.201364	-0.144172	0.000000	-0.312236	-0.221684	-0.179637	-0.360854	-0.176133
740	0.094870	-0.176565	0.000000	0.171451	0.114337	0.068975	0.208379	0.155707	0.381634	0.095696	0.176313	0.129071	0.304905	0.155067	0.408074	0.138814	0.228254	0.156310	0.029506	0.217826
741	-0.248565	-0.401904	-0.205049	-0.046377	-0.186215	-0.223917	-0.080750	-0.181931	0.064162	-0.171018	-0.096557	-0.231545	-0.176654	-0.123715	0.000000	-0.241760	-0.162742	-0.148680	-0.265501	-0.073550
742	0.052225	-0.126283	0.125562	0.201432	0.094816	0.008690	0.118322	0.119996	0.265609	0.090303	0.103090	0.040043	0.276100	0.141494	0.251912	0.000000	0.148917	0.080092	0.043400	0.173445
743	-0.044880	-0.486397	-0.007697	-0.016205	-0.132143	0.000000	0.000628	-0.235942	0.191725	-0.199768	-0.049015	-0.072892	0.148964	0.028129	0.215897	-0.007786	0.031572	-0.146494	-0.295964	-0.040223
744	-0.173026	-0.395593	-0.237422	-0.158131	-0.111037	-0.112600	-0.070718	-0.025098	0.047038	-0.045957	-0.049725	-0.218848	0.000000	-0.151315	0.067553	-0.215451	-0.135653	-0.036741	-0.201474	-0.027462
745	0.016063	-0.299242	-0.258244	-0.103857	0.165835	-0.078124	0.027312	0.026069	0.180292	0.000000	0.164239	-0.202601	-0.214647	-0.028421	0.187448	-0.127145	-0.082282	-0.007676	0.145337	0.220315
746	-0.037538	-0.398559	-0.069231	-0.034823	-0.051295	-0.192505	0.005689	-0.007810	0.095885	-0.185635	-0.072240	-0.149246	-0.002530	-0.106003	0.125613	-0.080209	0.036674	0.000000	-0.107036	0.044716
747	-0.037207	-0.372284	0.090631	0.063496	-0.274304	0.013548	0.027638	-0.161772	0.236823	-0.166771	-0.107393	0.000000	0.298375	0.079404	0.206759	-0.009441	0.040436	-0.098954	-0.516815	-0.194467
748	-0.039139	-0.507119	-0.007069	0.101979	-0.250631	0.000000	-0.115752	-0.105966	0.155640	-0.154492	-0.101248	-0.095309	0.463698	0.030357	0.105855	-0.112578	-0.029012	0.033900	-0.585995	-0.176133
749	0.424001	-0.110188	0.766973	0.738444	0.000000	0.511537	0.581241	-0.001360	0.504011	-0.038110	0.270262	0.679001	0.020848	0.648689	0.549137	0.501664	0.466854	0.219058	-0.079380	0.334248
750	0.356304	-0.062992	0.608463	0.466642	0.190116	0.506485	0.427887	0.117462	0.513211	0.000000	0.246340	0.470722	0.642749	0.391531	0.508160	0.399161	0.371573	0.272031	-0.064521	0.202121
751	0.000000	-0.392007	0.226808	0.095542	-0.224888	0.201004	-0.002194	-0.015216	0.228326	-0.120648	-0.059191	0.080988	0.870922	0.042635	0.195169	0.087315	0.082047	0.093966	-0.393868	-0.221658
752	0.098294	-0.185601	0.444629	0.355882	-0.041388	0.206172	0.190797	0.147215	0.216068	0.000000	0.086134	0.265800	0.541967	0.141346	0.156377	0.133797	0.231148	0.230736	-0.190530	0.043369
753	0.323855	-0.069838	0.853475	0.665339	0.000000	0.537343	0.827828	-0.219616	0.752691	-0.204464	0.155638	0.834251	0.519648	0.705458	0.776797	0.608384	0.520340	0.011945	0.083625	0.417028
754	0.815490	0.320218	1.311477	1.152063	0.508216	1.063797	1.059304	0.608898	1.114768	0.425846	0.615329	1.175653	1.467490	1.043881	1.048483	1.042222	0.954871	0.756639	0.000000	0.651643
755	-0.182008	-0.428795	0.101231	-0.022746	-0.297968	0.110949	-0.075646	-0.026758	0.038933	-0.267721	-0.252670	-0.011590	0.738491	-0.167698	-0.034324	-0.066514	0.041419	0.000000	-0.418964	-0.223591
756	-0.778425	-0.928581	0.000000	-0.082358	-1.113216	-0.519730	-0.324377	-1.065784	-0.041267	-1.119514	-0.877137	-0.103795	0.263912	-0.261521	-0.055830	-0.403242	-0.482380	-0.824333	-1.147891	-0.893307
757	0.596342	0.208953	1.298194	1.066362	0.261150	0.906809	1.065181	0.156767	1.334290	0.000000	0.391421	1.250702	1.403773	1.074940	1.296563	0.931063	0.770712	0.351876	0.168317	0.457877
758	-0.251913	-0.570726	0.508490	0.176022	-0.615512	0.154624	0.040183	-0.704566	0.194692	-0.718390	-0.481968	0.228809	0.893017	0.043943	0.000000	0.067238	-0.028989	-0.480800	-0.761019	-0.582413
759	-0.193480	-0.495971	0.232443	0.241111	-0.372574	0.000813	-0.006935	-0.217500	0.147355	-0.377319	-0.241618	0.000000	0.841529	0.069464	0.045199	0.024422	0.076399	-0.028754	-0.546921	-0.254366
760	0.588724	0.245977	1.360562	1.169732	0.145135	0.926437	1.018623	0.138653	1.249189	0.000000	0.355239	1.219035	1.530991	1.051888	1.153417	0.891634	0.730448	0.334574	0.122238	0.432448
761	0.199416	0.000000	1.208937	0.943633	-0.147492	0.471216	0.780185	0.065693	1.121932	-0.071683	0.035910	1.093271	1.434200	0.810703	1.048265	0.610034	0.582120	0.177683	-0.188459	0.128601
762	0.358833	-0.068744	0.456490	0.257696	0.132751	0.662678	0.396807	0.095573	0.482750	0.000000	0.195039	0.402120	1.262154	0.311128	0.382975	0.388328	0.363660	0.238314	-0.039548	0.112494
763	0.432538	-0.007637	0.830280	0.662537	0.000000	0.648952	0.592709	0.328422	0.582163	0.137471	0.306915	0.719537	1.409406	0.589551	0.514550	0.628520	0.673492	0.573946	0.037306	0.278811
764	0.774373	0.349064	1.904192	1.611935	0.286059	1.245951	1.394228	0.068940	1.728682	0.000000	0.433849	1.722938	1.858176	1.463364	1.655550	1.255289	0.948130	0.309965	0.275706	0.558206
765	0.538092	0.235252	1.321691	0.998699	-0.026064	0.846316	0.869282	0.348849	1.033915	0.060915	0.287293	1.170984	1.569642	0.824412	0.943419	0.918252	0.893078	0.560792	-0.095236	0.000000
766	-0.079747	-0.327349	0.383285	0.333691	-0.054281	0.256159	0.000000	-0.014495	0.234663	-0.141100	-0.060619	0.206407	1.087315	0.133161	0.061517	0.097704	0.191050	0.097915	-0.277854	-0.029741
767	0.466236	0.071600	1.339185	1.024216	0.226601	0.997003	0.832793	0.154391	0.925195	0.000000	0.288452	1.098151	1.776176	0.798666	0.840541	0.791414	0.678769	0.280754	0.197173	0.388181
768	0.697448	0.284710	1.827337	1.570428	0.211060	1.126464	1.221132	0.137919	1.535857	0.000000	0.377095	1.607617	1.887328	1.331634	1.412910	1.140084	0.867737	0.324379	0.218318	0.446093
769	0.047712	-0.308490	0.891076	0.493705	-0.386169	0.506259	0.252288	-0.389837	0.240789	-0.452676	-0.249643	0.507371	1.410696	0.245566	0.000000	0.319476	0.198463	-0.202294	-0.522216	-0.365738
770	-0.289742	-0.581165	0.243304	0.097053	-0.556909	-0.057408	-0.179847	-0.333803	0.060155	-0.511306	-0.416347	0.000000	0.932061	-0.081852	-0.053744	-0.050394	-0.059854	-0.165943	-0.785138	-0.507336
771	0.552778	0.275077	1.640336	1.403513	0.139409	0.993069	1.040504	0.169806	1.433268	0.000000	0.339915	1.460024	1.750907	1.186021	1.329798	1.031155	0.836263	0.351243	0.124242	0.348125
772	0.355621	0.085899	1.215307	0.870712	0.041516	0.678411	0.709217	0.118093	0.945691	0.000000	0.232871	1.048838	1.405215	0.712792	0.848031	0.695625	0.617440	0.239388	-0.077276	0.129760
773	0.105458	-0.097262	0.280835	0.104684	0.141035	0.320853	0.271512	0.112243	0.237449	0.000000	0.135618	0.262816	1.047827	0.134385	0.190520	0.180470	0.246493	0.186683	0.020919	0.126458
774	0.121139	-0.156377	0.747299	0.492658	-0.108734	0.495403	0.302703	0.000000	0.450467	-0.102313	-0.008716	0.517858	1.362051	0.269475	0.367334	0.381144	0.425571	0.355151	-0.228790	-0.016742
775	0.286660	0.034072	1.609320	1.327853	-0.146404	0.717734	0.887963	-0.184619	1.234338	-0.329403	-0.043313	1.306087	1.372993	0.984416	1.167099	0.894811	0.697317	0.000000	-0.154433	0.115443
776	-0.442498	-0.511562	0.783708	0.366263	-0.750864	0.058930	-0.044266	-0.671387	0.105661	-0.777267	-0.567376	0.309335	0.855570	0.002301	0.013553	0.058509	0.000000	-0.444153	-0.895128	-0.692498
777	-0.104441	-0.352706	0.574572	0.380834	-0.333869	0.182851	0.057696	-0.308253	0.220383	-0.358336	-0.206760	0.270066	1.041908	0.151521	0.000000	0.209212	0.135502	-0.084589	-0.579424	-0.362299
778	0.468073	0.100314	1.456013	1.282679	0.046537	0.906251	0.996865	0.000000	1.279920	-0.073560	0.206179	1.262216	1.825482	1.047429	1.215742	0.948210	0.790876	0.395235	-0.004317	0.266577
779	0.061560	-0.112613	1.133149	0.910450	-0.233286	0.332800	0.613510	-0.137277	0.938929	-0.406738	-0.152812	0.929961	1.255121	0.662058	0.896158	0.564604	0.488286	0.000000	-0.339001	-0.066864
780	-0.201137	-0.315161	0.483915	0.000000	-0.293418	0.156875	0.153605	-0.371119	0.267642	-0.391695	-0.269728	0.361647	1.021180	0.062228	0.222975	0.066060	0.099772	-0.216612	-0.438118	-0.281473
781	0.243655	-0.125431	0.549903	0.336156	-0.028641	0.673100	0.332579	0.188230	0.554286	0.000000	0.099147	0.541652	1.294613	0.345748	0.457671	0.391693	0.444063	0.349831	-0.289729	-0.003712
782	0.570687	0.180177	1.367004	1.205939	0.065728	1.098270	1.015969	0.102708	1.447645	0.000000	0.336645	1.331377	1.575593	1.152239	1.372048	0.996997	0.825369	0.298161	0.007366	0.265965
783	-0.246954	-0.463832	0.617557	0.273642	-0.379045	0.000000	0.050768	-0.326853	0.193082	-0.463377	-0.336386	0.288308	1.085126	0.058479	0.053344	0.032411	0.149016	-0.139509	-0.560446	-0.265230
784	0.086988	-0.114988	0.309421	0.135272	0.090114	0.256560	0.164511	-0.050285	0.135352	-0.032218	0.052362	0.215482	0.678008	0.077788	0.000000	0.121512	0.153753	0.050162	-0.031427	0.083475
785	-0.148182	-0.526344	0.183565	0.070368	-0.572672	0.112248	-0.132105	-0.487733	0.146063	-0.509696	-0.387195	0.103738	0.568320	-0.016968	0.000000	0.012589	0.011039	-0.265408	-0.886664	-0.565530
786	-0.135108	-0.509228	0.608022	0.398013	-0.345432	0.000000	0.272397	-0.397906	0.510726	-0.482188	-0.380637	0.403467	1.022633	0.249011	0.491129	0.156889	0.158908	-0.268614	-0.598507	-0.167019
787	0.797616	0.349321	1.163543	0.953191	0.424258	1.078630	0.949653	0.567651	0.875230	0.403960	0.515195	1.137807	1.380793	0.891767	0.830937	0.969958	0.918689	0.652652	0.000000	0.546258
788	-0.147475	-0.301106	0.055466	0.000000	0.060021	-0.015901	0.078122	0.001855	0.110143	-0.120467	-0.075856	-0.009413	0.421725	-0.028906	0.095791	0.028834	0.116441	0.018192	-0.103288	0.067049
789	0.000000	-0.255830	0.571647	0.390116	-0.307201	0.450594	0.256428	-0.223611	0.371645	-0.342191	-0.189030	0.449519	0.982126	0.247476	0.355667	0.338752	0.229799	-0.028376	-0.539641	-0.144536
790	0.599146	0.301627	1.424061	1.241345	0.338678	0.994187	1.181785	0.194032	1.273643	0.000000	0.394242	1.362458	1.684239	1.125986	1.245072	0.948832	0.815491	0.344697	0.307225	0.578844
791	0.001120	-0.074725	0.595921	0.134263	0.017444	0.620168	0.217966	-0.198960	0.000000	-0.258619	-0.128211	0.336467	1.266984	-0.025676	-0.070880	0.261735	0.225160	-0.050651	-0.164983	-0.056746
792	0.358009	0.122704	0.568201	0.497654	0.121815	0.598950	0.409597	0.495132	0.411822	0.391986	0.370591	0.552431	1.433047	0.390980	0.314234	0.560771	0.598426	0.640357	0.009196	0.000000
793	0.812826	0.398329	1.932451	1.774438	0.373149	1.321174	1.416279	0.378389	1.580602	0.201870	0.522533	1.785532	2.070095	1.506628	1.517226	1.411816	1.148859	0.564549	0.000000	0.668877
794	1.058338	0.561597	1.955711	1.598419	0.447890	1.490205	1.361202	0.773048	1.427214	0.348352	0.603345	1.680675	2.377350	1.341691	1.326825	1.508632	1.386523	1.018223	0.000000	0.612414
795	0.051734	-0.021744	0.079724	-0.089053	0.076952	0.219594	0.134093	0.216031	0.235842	0.078719	0.064996	0.000000	1.478523	-0.027610	0.161125	0.088003	0.206072	0.320492	-0.169656	-0.014477
796	0.262288	0.111861	0.967582	0.523963	0.213793	0.967618	0.598337	0.310420	0.503619	0.000000	0.125136	0.666944	1.895915	0.293576	0.429579	0.561244	0.569318	0.436318	0.012675	0.225188
797	0.457160	0.373543	1.493362	1.015206	0.231962	1.053178	0.976140	0.272990	1.209359	0.000000	0.287048	1.260460	1.817900	0.880531	1.112190	0.968760	0.880922	0.403046	0.159556	0.338585
798	0.008651	0.016762	0.635281	0.202961	0.024760	0.563169	0.224598	0.017136	0.182273	-0.035943	0.101304	0.301356	1.467507	0.000000	0.115491	0.272178	0.319845	0.184419	-0.111167	-0.058925
799	-0.113406	0.030573	0.146959	-0.020084	0.129581	0.164490	0.024022	0.284044	-0.219356	0.053929	0.035711	0.010316	1.436642	-0.260626	-0.307985	0.089916	0.243163	0.416913	0.147106	0.000000
800	0.832410	0.384330	1.675785	1.503793	0.421024	1.374704	1.047180	0.220294	1.100587	0.083242	0.456570	1.409232	2.072240	1.160850	1.021890	1.303998	1.078706	0.569819	0.000000	0.589341
801	-0.534914	-0.552717	0.640451	0.230194	-1.039682	-0.194049	-0.211975	-0.716829	0.255083	-1.046833	-0.782581	0.283737	1.084291	-0.011603	0.155079	0.000000	-0.072403	-0.447491	-1.260313	-1.006884
802	0.188959	0.174253	0.380630	0.176418	0.357471	0.521246	0.326486	0.246536	0.215682	0.230953	0.285839	0.233628	1.679211	0.000000	0.192515	0.275832	0.325082	0.396643	0.221867	0.311580
803	-0.170798	-0.259487	0.493174	0.000000	-0.043109	0.449688	0.097204	-0.047250	0.034041	-0.246244	-0.208387	0.218664	1.353434	-0.167334	-0.028157	0.173672	0.238946	0.066559	-0.252972	-0.109056
804	0.252556	0.130802	0.865536	0.641327	0.241748	0.661953	0.649992	0.145800	0.735976	0.000000	0.229204	0.771555	1.455395	0.552979	0.663676	0.527608	0.497557	0.235028	0.173036	0.346674
805	-0.235005	-0.309960	0.487152	0.127500	-0.607811	0.194928	-0.064622	-0.376473	0.000000	-0.487107	-0.362232	0.246570	1.126886	-0.042917	-0.079363	0.090718	0.079953	-0.167867	-0.712114	-0.633257
806	0.005280	0.036128	0.093412	0.092686	0.250112	0.305387	0.175308	0.179320	0.181657	0.144840	0.188712	0.000000	1.377816	0.122198	0.084833	0.124131	0.252316	0.290360	0.108942	0.230121
807	-0.175994	-0.259453	0.336255	0.134844	-0.310642	0.243942	-0.169287	-0.217753	-0.152471	-0.286301	-0.233206	0.011528	1.276299	-0.080402	-0.324212	0.000000	0.107429	0.027434	-0.575300	-0.379205
808	0.000000	-0.217462	1.098771	0.836815	-0.367171	0.570929	0.547770	-0.468298	0.785859	-0.595343	-0.298083	0.840917	1.475567	0.583408	0.717387	0.509539	0.247638	-0.185854	-0.434422	-0.160201
809	-0.154859	-0.349123	0.112111	-0.110932	-0.140287	0.216495	0.016155	-0.108435	-0.028783	-0.336081	-0.286781	0.004433	0.979873	-0.209776	-0.106212	-0.058906	-0.049427	0.000000	-0.389709	-0.171590
810	-0.139046	0.034286	0.072031	0.010441	0.215462	0.171307	0.061713	0.282273	-0.001061	0.157147	0.086298	0.026836	1.436312	-0.017600	-0.070595	0.000000	0.230179	0.337415	0.109494	0.165088
811	0.063289	-0.089573	0.667367	0.457967	0.021378	0.484864	0.390206	0.092052	0.484739	0.000000	0.130827	0.601953	1.507598	0.382475	0.367809	0.302911	0.329185	0.146283	-0.033402	0.064837
812	0.258265	-0.002992	1.086030	0.894947	0.031151	0.634936	0.662274	0.242054	0.812649	0.000000	0.203250	0.938194	1.515870	0.698672	0.702431	0.602906	0.587832	0.345971	-0.022152	0.122023
813	-0.183731	-0.315938	0.279705	-0.002125	-0.118482	0.264032	-0.023983	-0.271171	-0.082943	-0.283325	-0.222200	0.000000	1.212475	-0.111125	-0.191389	0.023858	-0.000222	-0.157200	-0.318012	-0.185192
814	0.000000	-0.054635	0.345599	0.196750	0.156248	0.576441	0.195512	0.076476	0.101536	-0.007450	0.021525	0.206828	1.335432	0.041907	0.023697	0.177940	0.195033	0.280023	0.038999	0.161499
815	-0.308674	-0.434248	0.672348	0.369504	-0.552002	0.143299	0.164350	-0.624892	0.337623	-0.635502	-0.479533	0.449137	0.987902	0.184782	0.272472	0.115692	0.000000	-0.409449	-0.635702	-0.411879
816	0.000000	-0.184676	0.734352	0.468773	-0.037721	0.425076	0.260290	-0.105809	0.214628	-0.206998	-0.117301	0.383229	1.427170	0.152744	0.141289	0.276672	0.236709	0.097158	-0.153953	-0.002037
817	-0.295763	-0.260666	-0.139260	-0.207637	-0.000701	-0.076025	-0.146815	0.000000	-0.351064	-0.037633	-0.098434	-0.262806	0.914867	-0.374625	-0.371732	-0.245515	-0.087755	0.119588	0.075235	0.056801
818	0.000000	0.025891	0.489503	0.254038	0.207175	0.511524	0.300443	0.134940	0.167681	0.100077	0.099846	0.362294	1.428257	0.104528	0.151061	0.223021	0.282564	0.288433	0.087795	0.226694
819	0.038998	-0.143620	0.530296	0.363576	0.080524	0.188635	0.479531	-0.025952	0.488597	-0.149214	0.005761	0.469662	1.064883	0.306766	0.487713	0.281367	0.285246	0.000000	0.057451	0.222663
820	0.000000	-0.057001	0.423287	0.180340	0.137919	0.359239	0.187152	0.027519	0.050639	-0.037614	-0.001765	0.205448	1.355185	0.003574	0.013045	0.158727	0.165743	0.136840	0.113170	0.161031
821	-0.003160	-0.040195	0.122594	0.000000	0.271339	0.288647	0.256067	0.069458	0.224434	0.152639	0.187230	0.143129	1.065946	0.128161	0.188406	0.110305	0.171998	0.130251	0.223388	0.279808
822	-0.171743	-0.343268	0.408110	0.262943	-0.178679	0.000000	0.131734	-0.011430	0.355116	-0.159681	-0.126542	0.256243	1.350162	0.162487	0.267710	0.140268	0.234519	0.099556	-0.281392	-0.042373
823	-0.282713	-0.467122	0.645568	0.374409	-0.583235	0.093139	0.105180	-0.367100	0.262140	-0.482969	-0.400840	0.324064	1.035379	0.142355	0.158507	0.062320	0.000000	-0.270477	-0.713356	-0.483819
824	-0.222062	-0.265713	0.000000	-0.034652	-0.136944	0.116487	-0.002611	-0.163266	-0.020454	-0.149620	-0.099281	0.049782	0.949127	-0.067413	-0.062510	-0.062179	-0.042390	-0.122999	-0.182706	-0.126123
825	0.040780	-0.068028	0.502856	0.309595	-0.082010	0.488504	0.181987	-0.042548	0.199035	-0.023721	0.036410	0.309053	1.226596	0.193527	0.000000	0.238598	0.214740	0.111860	-0.228063	-0.098390
826	0.040987	-0.200050	0.965882	0.928236	-0.109524	0.344352	0.644156	-0.068396	0.891224	-0.379623	-0.107282	0.810260	1.508767	0.683517	0.819413	0.524732	0.386623	0.000000	-0.084749	0.091932
827	0.095677	-0.097640	0.804474	0.479983	-0.022151	0.450839	0.361233	0.000000	0.325309	-0.083960	0.038044	0.495633	1.517911	0.251453	0.221555	0.346461	0.335759	0.286517	-0.164170	-0.003408
828	-0.153118	-0.023972	0.164484	0.000327	0.129924	0.096252	0.127962	0.190598	0.000000	0.183549	0.131238	0.119004	1.216499	-0.006174	-0.022435	0.035476	0.129663	0.177578	0.048019	0.096363
829	-0.054073	-0.189934	0.608360	0.299053	-0.079222	0.457301	0.284519	0.000000	0.390230	-0.045128	-0.038849	0.484401	1.508427	0.219396	0.277832	0.307598	0.377007	0.273164	-0.212683	-0.035026
830	0.153095	-0.254152	1.232669	1.025054	-0.297397	0.578912	0.650807	-0.111040	0.940172	-0.315686	-0.132711	0.962388	1.437389	0.718184	0.844207	0.660037	0.506316	0.000000	-0.408147	-0.134216
831	-0.091138	-0.195224	0.381505	0.090093	-0.098790	0.356423	0.178823	-0.140957	0.209962	-0.160571	-0.086937	0.217055	1.469671	0.000000	0.092574	0.134653	0.135449	0.034999	-0.285371	-0.107126
832	-0.117456	-0.146159	0.180451	0.032395	0.043024	0.306989	0.134861	0.002292	0.162295	-0.033570	-0.021656	0.150145	1.292518	0.040652	0.000000	0.126798	0.175826	0.165124	-0.127319	0.022194
833	0.000000	-0.285838	1.114734	0.862882	-0.313849	0.598647	0.526906	-0.527178	0.741068	-0.519076	-0.255287	0.876914	1.524985	0.612147	0.655394	0.608497	0.317125	-0.281683	-0.326765	-0.120696
834	0.128185	0.000000	1.065723	0.762881	-0.162587	0.576074	0.593417	0.133581	0.957315	0.011100	-0.009824	0.948716	1.903677	0.648873	0.852129	0.616532	0.627817	0.210103	-0.308024	-0.048188
835	-0.121398	-0.116158	0.049166	-0.099182	0.114790	0.179217	0.148597	0.034877	0.128340	-0.033360	-0.007108	0.043532	1.192481	-0.033307	0.000000	0.048788	0.121830	0.128224	0.036001	0.126477
836	0.000000	-0.298863	0.364479	0.079106	-0.140112	0.495966	0.009773	-0.111354	0.083854	-0.099985	-0.090335	0.222591	1.199816	0.011812	-0.010725	0.212399	0.132798	0.080406	-0.304189	-0.163729
837	0.321463	0.056719	0.910597	0.674699	0.107942	0.697700	0.653197	0.000000	0.864343	-0.006570	0.182138	0.847576	1.234481	0.620535	0.793763	0.654231	0.668183	0.293424	-0.035492	0.218867
838	-0.079486	-0.198830	0.424346	0.174547	-0.074275	0.203011	0.143795	-0.037417	0.181142	-0.139973	-0.113724	0.208454	1.110958	0.064192	0.000000	0.114679	0.204982	0.088245	-0.230281	-0.085863
839	0.046010	-0.119413	0.113355	0.082056	0.169503	0.171420	0.190584	0.213954	0.248516	0.167566	0.128652	0.000000	1.042341	0.124365	0.198136	0.085344	0.190218	0.226050	0.084742	0.209791
840	0.300136	-0.106550	0.786758	0.592403	0.034977	0.775497	0.532046	0.000000	0.631202	0.017403	0.095539	0.693814	1.181126	0.474199	0.519875	0.485366	0.446952	0.246277	-0.112181	0.151591
841	-0.366702	-0.701970	0.098424	-0.023668	-0.716466	-0.177498	-0.237583	-0.459062	-0.034219	-0.541103	-0.519519	-0.032241	0.000000	-0.192959	-0.112126	-0.202622	-0.187009	-0.362743	-0.800809	-0.594421
842	-0.071667	-0.270381	0.080071	0.063862	-0.025258	0.043439	0.022261	0.008306	0.081231	-0.022261	-0.000115	-0.033073	0.276478	-0.002556	0.056570	-0.021985	0.000000	0.001871	-0.111246	-0.018603
843	-0.090967	-0.375472	0.103085	0.080194	-0.218531	0.136601	-0.011703	-0.204185	0.175891	-0.248522	-0.174412	0.026638	0.523085	0.025117	0.000000	0.033787	0.000925	-0.099731	-0.403974	-0.214432
844	0.261211	-0.211103	0.548398	0.412767	-0.001977	0.416840	0.452072	0.000000	0.692369	0.001906	0.125980	0.550298	0.673053	0.439491	0.629003	0.407263	0.381691	0.168373	-0.078056	0.114885
845	0.002456	-0.474633	0.463622	0.324231	-0.506755	0.257435	0.036131	-0.403640	0.195634	-0.455982	-0.341640	0.245856	0.627302	0.116651	0.000000	0.125088	0.018293	-0.268390	-0.681242	-0.482574
846	-0.084277	-0.317482	0.030500	0.041552	-0.134482	0.085183	0.045505	-0.029909	0.208160	-0.004479	-0.012222	0.006471	0.588603	0.000000	0.159155	0.011686	0.064997	-0.010236	-0.308372	-0.122666
847	-0.259027	-0.679742	-0.042567	-0.139946	-0.483634	0.000000	-0.313439	-0.359510	-0.002728	-0.403682	-0.391368	-0.166294	0.403100	-0.225858	-0.051618	-0.165084	-0.109302	-0.218855	-0.760372	-0.439622
848	0.398687	-0.037164	0.628718	0.552801	0.049532	0.649638	0.515404	0.106874	0.782564	0.000000	0.181075	0.636461	0.783741	0.550045	0.744511	0.462396	0.382343	0.162859	-0.042169	0.143225
849	-0.048931	-0.365305	0.157531	0.000000	-0.179583	0.160012	0.003468	-0.243308	0.082130	-0.272613	-0.217795	0.026354	0.399404	-0.043174	0.049553	-0.019588	-0.067459	-0.151358	-0.340327	-0.194050
850	-0.069309	-0.211829	-0.008916	0.095113	-0.032445	0.039526	-0.010503	0.054352	0.108408	0.050338	0.050637	-0.068194	0.372493	0.005043	0.000000	-0.010035	0.048760	0.092884	-0.142041	-0.024723
851	0.000000	-0.380873	0.287415	0.123514	-0.249805	0.335294	0.044272	-0.273284	0.191348	-0.326306	-0.229425	0.166373	0.576893	0.021547	0.150320	0.134373	0.065215	-0.095996	-0.434555	-0.167846
852	0.342391	-0.079578	0.557477	0.434258	0.006677	0.428868	0.275295	0.082525	0.438737	0.000000	0.143230	0.392933	0.608145	0.302394	0.352151	0.318044	0.221015	0.137797	-0.013207	0.066469
853	0.209832	-0.069280	0.229206	0.177832	0.199371	0.210775	0.290763	0.114370	0.358519	0.000000	0.156382	0.204148	0.373952	0.160141	0.357659	0.174503	0.216673	0.157027	0.148202	0.273301
